date,source,generation,hour_0,hour_1,hour_2,hour_3,hour_4,hour_5,hour_6,hour_7,hour_8,hour_9,hour_10,hour_11,hour_12,hour_13,hour_14,hour_15,hour_16,hour_17,hour_18,hour_19,hour_20,hour_21,hour_22,hour_23
20210101,Solar,219.9548739631707,10.612775784753858,18.919570990915744,16.477537910587294,8.827337037409597,11.02700386300955,7.32003634316232,10.068342287704573,4.565273378416361,15.820567618557849,10.769226608389921,10.588878487296954,10.528562597666975,4.243074609356077,12.165429450827142,13.88764331391514,11.554141326317621,6.316948554478392,1.0525652238643457,11.417600099425277,15.073001076405227,10.228989920302247,13.390003010435862,2.489640217717036,9.963013290533526
20210101,Wind,181.0414972644933,7.421829829598364,5.520150163816479,13.688933781449585,19.83683055545747,13.963825718221878,9.462576411721862,4.057822044703773,16.606855528332876,10.164097564649005,11.60739167653794,13.397422669966637,9.169042466194556,4.990592203689124,24.006103625451942,7.451766303980207,8.677990700396471,10.594264385638937,13.060985074424565,13.64818853587448,4.026716784777107,7.523877306092614,19.683184317273625,10.749591694075487,0.6379822419661552
20210102,Solar,119.1101863259486,16.843117113492553,7.082532032651181,17.834894236849966,5.903762436356656,7.06882212800135,7.476683129175959,1.7463943322131403,4.873352246159745,8.153298543006573,15.813614598271888,18.05386746132693,15.113207887669573,10.395862415251539,19.2187051508331,12.921521619692992,11.551499648009328,21.28389262993762,6.781419995451413,12.665406000353787,12.035176058791063,11.30737537658933,17.278912178617183,6.939721324135703,2.5683799916884142
20210102,Wind,125.1432988065032,6.52748419307595,4.081911684018021,25.683430241611365,15.869641236774047,10.594932106975032,23.009170939190803,5.2650736026519285,3.74264718819303,3.159175927715289,1.5941832094833819,0.2173001270588626,11.686824995738995,12.206695425720838,14.23196883766576,12.606121348410435,6.423787561230854,17.11771332284177,7.361706080209876,1.396032604131171,12.943102196958021,8.819982754593243,10.153434480084607,14.098081841526142,14.236364223248112
20210103,Solar,113.62675967728603,11.144246040479537,13.060809631976769,17.157265103939277,17.9236982152256,9.272692053650385,12.561376707888648,12.05510527446168,9.16737993648487,6.527027965043563,8.372703985486561,0.0,0.0,5.535987721316843,6.962547825549911,9.896769342849058,8.531589424804649,12.683250044932336,11.80980186556621,9.818224656816525,2.075185191473725,17.261561018980245,12.466698170291133,16.477670650119578,15.787612218404858
20210103,Wind,210.87740109753577,16.759786526992293,16.01598679071188,14.628334739539307,10.227332631165968,18.311833348052424,20.005113694296682,12.020578554932598,3.6035125110520783,16.039727848761473,12.749239178399966,18.150397160467577,14.968361722309812,5.255345084494461,9.160335106418184,6.513319979673512,9.723642832241545,8.97912621120626,15.527032858008763,12.587861070728096,15.960349520116797,7.863051875213838,11.237145449559863,14.208102577784578,0.0
20210104,Solar,129.74745235272235,5.818307501676862,15.901589195888125,3.4375182418749106,6.600760326732745,14.257740676322623,17.46325589417002,10.483269583437199,17.80970268095688,10.989782433495902,18.755917565060642,10.285683802917138,3.3154786839584394,10.690560550205728,15.580231931005704,11.99430805323073,7.371555506537698,11.897223211532351,1.6931197533635634,14.743282050741044,11.045799612677326,24.29854649969418,14.547282031745288,19.530154453146103,11.668646223462787
20210104,Wind,110.07636016001838,14.14611792818556,3.7599470555316996,4.068888692444785,12.564097818291128,13.045798058741957,6.80376933274807,14.958068302704387,8.846483651584725,9.501060932865117,9.805861363827775,10.547543814274274,9.941398331936025,10.55574949592398,13.747531346205182,5.82044341884961,17.793600549594945,10.946223446152052,10.287863104378774,12.140838637557305,15.612872361726417,18.198385692528433,18.71050008695396,13.765229092309795,11.344916479543214
20210105,Solar,165.988902056341,12.602803979219349,12.4989586524848,11.800950921826107,10.97495146049748,1.4165313301728255,10.187802337099058,14.427916171067173,0.0,16.478118912962778,7.02827145995259,12.50647894319226,7.7925679259232306,6.498806310480651,10.414586948755984,15.252869501763234,7.924085432284698,10.914540699068848,19.958732762159258,12.443288981670648,8.472324754012872,4.336976684057557,7.152056040744767,14.994485741673655,5.98727154475923
20210105,Wind,145.14164468137483,9.802417288842195,17.168750171071178,1.5096192604021774,5.704480099048458,10.864186633837916,7.8258768946271156,11.021906710351388,10.99974259062521,15.448012336729924,20.134943781000246,9.065701590914673,6.796707119313316,19.143601613037468,10.709562044267509,6.391753117022547,20.4125990709437,5.6229636879105245,4.505095264839713,8.809345215113131,12.421103429874258,16.25830412067214,7.33799206940912,6.029790828688743,6.039074873557754
20210106,Solar,164.7284256287582,5.032832004334421,12.548315538550616,13.077196256456096,6.705985868141119,9.22493285537715,9.190886203568342,10.331909250128524,12.767529934270202,6.321272231859951,14.012803359273931,19.875782944897576,10.234687756274033,10.92195587541206,15.278504101981605,10.113717498807626,10.336335755894012,5.529030011071471,8.997958682712426,11.359340977205186,12.659549368603917,9.372586091661079,8.564327538051078,9.875607485977527,4.717670587837861
20210106,Wind,244.49069519469217,6.377801199483621,12.392048416718882,0.0,12.267899260726656,9.181714447150636,5.117831654056347,10.647733526100486,7.892838758048911,16.00498166813167,16.868166359225903,12.4591435881164,14.468137687477984,9.149174613229869,16.516901360717746,6.271035872504263,8.8283519939494,11.64403537170912,6.920041091728489,22.923024673307502,10.94293881779967,12.827727083280628,9.835750873117927,13.449599515024591,0.3944220463870496
20210107,Solar,195.653540296443,11.447255364253293,7.641787106824207,15.761166927823076,14.667202040842739,2.1829326362918,7.792323354148886,9.26177410031459,3.2205348711939563,1.7070948466043134,3.9522963615018747,7.761998912996123,10.15660556505535,8.069547685689075,2.49631059140611,10.793681664699186,7.477860534646534,4.201746625822689,13.516624799888033,16.034643307750844,12.456916491146155,17.88341797286533,13.641633141122066,11.44278482917107,4.730382745735334
20210107,Wind,151.35052771509532,2.883316025593067,11.100549118968319,8.391498440332008,8.386048993423062,4.561156888512153,11.797594407666192,0.0,9.48346491666751,12.297724709502114,12.605645520598054,8.209086974809617,17.04947380026815,15.044159770072879,11.135148598917457,4.841196891640179,12.112046530110558,6.874445515912525,3.747612840807691,11.823701660945263,9.314460384774126,6.124935767509145,9.663958409201856,5.432212745015482,13.481690940349417
20210108,Solar,79.57883078969957,10.653719295091248,16.181590898532026,10.632984727350944,9.654332175559734,9.659912560471087,11.66561028471102,15.677424224099097,7.591472663865778,11.706541986969336,4.5833736954348,9.282344827565632,17.670004390903788,12.725221978163873,12.89086614656616,5.954279974964701,14.470964662187342,10.148221940592101,2.147586887530922,13.643610451884971,4.084807866832416,7.683033647559572,5.732898892967083,5.3824402379686545,8.247224508332852
20210108,Wind,125.00187513956821,12.705254920308317,11.64104484214382,6.258138517897588,13.3431928525554,15.571778890952306,11.267018326081335,11.987614159468384,5.122140400704819,15.748909563192278,3.4747799842854143,6.1144709412624625,17.62435485629727,1.311777649735132,7.339218886510266,21.4726475431512,0.0,11.653970593995508,14.16018251306941,10.37930448915139,0.0,13.767122986921304,5.7989221530437485,0.9476425943871059,13.669619348913377
20210109,Solar,185.55230512726516,,,,,,,,,,,,,,,,,,,,,,,,
20210109,Wind,91.44794801690918,3.0082146276988873,7.7197916285701424,16.17347639597131,8.503365133520578,8.000306364478663,14.3037121261847,17.139083096362185,10.781178744686922,8.777199005984949,13.259236994591744,10.619792030772901,7.608910655304488,7.766068957556242,8.557396319883763,11.847247137356774,0.059522270706183766,3.7347510327088482,4.069025952666178,14.752169416174354,13.954067916054719,0.0,9.464847602246104,4.8478257864180865,12.198111392199783
20210110,Solar,257.0485148165177,16.581236485806368,16.04639769444497,16.67850697477357,6.223295901363871,18.90545997643104,8.714784869607309,7.050100658936146,14.515109001948279,9.172186294749595,7.589940409370159,4.147496998856788,9.831512378976488,9.94024424446103,16.533950411659816,12.570584826900829,14.90912843590601,3.749997935590411,9.657638050314887,7.005256052713031,4.805784547826226,14.818491995899002,15.169002923218759,13.358319952314037,13.887649975930529
20210110,Wind,150.72082813177744,18.476817470899675,11.623716601755476,8.24256117398151,6.136576883129845,8.515888054160818,16.957761698808078,9.46115498670689,12.307719189985486,23.466244933716432,17.160186142787527,12.02601032115374,15.6266108622283,13.13567455677735,8.158288245582517,11.528203276395326,14.998431171974252,16.5315740651456,3.590835934950168,9.35269294734544,15.30402602442723,11.847031728393855,12.101685547925117,13.620614546859127,0.0
20210111,Solar,152.44241966047426,,,,,,,,,,,,,,,,,,,,,,,,
20210111,Wind,116.6677403521011,4.809757092876698,7.2299223337665,8.04554289894798,9.018991699604591,9.423776089741294,13.28405511987878,11.100696791947945,13.077390022779912,12.985378459737769,8.650094930479295,15.304081868611643,0.0,9.602962599458275,11.186308913818456,13.783600917840953,11.04197183540254,4.7795728879268475,11.391433976668289,13.881305085193238,12.363591948165896,10.625694573333131,4.578955646901177,11.974615283716108,11.719622721583272
20210112,Solar,174.83688783878594,8.359453558198794,15.942995902672175,11.442449221331232,16.82529160756112,3.2724742679774477,12.441855561236785,16.676879209579496,13.862370060135245,0.0,9.81980612502819,6.200947572459452,11.529246369791842,18.496332919290946,18.31313350395493,5.865076519465548,2.851172241805049,5.773882434617625,6.426693383809464,15.34801689093523,9.170220198353997,21.191564045175813,4.1360260426756215,15.092710355175367,16.515231935107767
20210112,Wind,92.09990967388839,9.762013774407464,18.312062989111286,13.795695994600548,18.419966687595355,12.858990617075575,6.62716721374225,8.239492504786051,16.968483754238832,5.863215509226594,8.785286116738474,4.454643519306911,0.0,10.14530201148971,13.704985167147196,17.97767658013966,7.263569182626216,12.727805825434698,7.099228840266834,13.015403935327589,15.123541254433785,15.063317500909463,10.891868464616783,15.750286353369644,3.105157000534625
20210113,Solar,258.24462945507287,11.352317543652784,16.315945615090165,12.775424622869366,9.082088552534204,6.735619407078306,8.223844865723615,18.45586605640168,5.2505612195405265,12.593840223155624,16.386310636753073,17.13661142589018,9.90465870616335,6.52852284896132,7.7117734958156765,10.601675004766886,6.939099689011554,10.243617226809594,7.704031227294995,8.828571167764897,15.785090729378403,5.6951765193589825,16.231622374144017,0.0,16.93617158172969
20210113,Wind,215.86756523260055,10.109907763218013,17.212958107226864,16.704848067046726,11.842149042173844,9.849646914801308,12.323954695545185,6.110985500837389,9.716986803176862,1.9273873823930454,4.7914833225797295,1.8784482109587775,7.354981597356873,3.328941022906399,8.638726933278264,14.008526344596264,7.754975332561081,10.282562592462707,4.624953182469957,9.779199660782238,8.874464796391267,10.615342972144292,14.2241870593628,13.526085045732556,12.193253274505288
20210114,Solar,199.2148222598523,11.405825714473085,8.206468796169167,12.594403378526676,10.51239241016516,12.221864822088987,14.579676235743747,16.58811164654809,12.83762125151916,12.746994168336256,6.228284046182661,11.854587796263663,5.815400857471904,7.565489372807348,8.619153799299475,17.86691287830552,14.360870668522294,6.096824898424893,16.699924127200436,10.734527902950267,10.424063345821848,15.92983154135157,6.632170394946765,12.435129482340136,4.986263373159176
20210114,Wind,80.47854971050953,,,,,,,,,,,,,,,,,,,,,,,,
20210115,Solar,160.27066352288753,11.325535472561215,9.218274132504071,6.19290516061289,2.2401349387591885,3.4111497772687835,13.141230338271276,4.49903974332925,12.75954925173314,4.830743450222621,19.41758536497658,16.56821522934985,6.763569532980414,8.026999614658802,5.277244555608662,5.9475586738245525,13.052871202013135,8.814185853491677,7.993684982806105,15.18223238001643,11.431003183041675,2.4877489769093843,0.0,12.36518507459428,21.513970919597252
20210115,Wind,210.4543199007002,7.697382894193431,10.192866209881268,7.607473098380396,10.244242334521365,14.32491092533112,7.711744072212218,11.489830692446596,9.879868368910461,6.355818731858866,8.377403398303054,4.726328861011196,9.95247675910801,12.71091819138806,9.593342155057803,16.097720956880767,8.382967470750701,8.649749482156444,8.427456388926695,2.8264411194970496,0.0,7.493597561993219,10.145068682060192,8.422487211597302,8.32272900298991
20210116,Solar,179.65526996788697,8.309066415087658,17.155098900626278,14.050256983625081,7.875432306957019,14.34361628086984,15.626448871492766,7.9977728692844625,5.767725916722268,17.637694290721807,6.157417165101161,6.01765530114421,5.338160739869433,10.18479511824344,16.840373676891886,18.48095305434556,6.2691831416657,4.343806826436753,4.385350121605466,5.608846601691265,8.537318823767459,4.33026727923513,10.513631194843446,0.0,7.909922669978769
20210116,Wind,99.89454476831125,7.119874147616661,15.829433697342083,2.4908674054294067,19.45790169196795,6.808926136103634,0.8036239309191129,9.626256900487185,6.193788806547269,11.667089607451393,8.563461560668344,13.085142484347525,10.36860945342462,7.59992375288889,16.618250321874342,0.26738918529009337,10.45262039805287,13.956708494480017,9.196910725244026,12.17225259246084,5.733869593067581,13.198324194122849,8.954309929555698,6.972008919217541,5.2398812263085155
20210117,Solar,117.49531223456724,19.58629767252036,12.692346936272472,15.529036517063982,8.817135306526907,12.997519240259908,22.226494825606036,10.208254600803556,16.24644678137428,5.447818111245374,14.245280506212035,13.977579321384022,14.798652064591334,1.046585370893095,2.1757468120618952,9.490630134455566,11.482611241079503,8.193173481074707,12.446228791794068,3.3075435364081294,9.559584553329321,5.464456892116863,12.628317134998701,0.8593862570622479,19.191520366880802
20210117,Wind,127.40319309970047,17.319503930871612,2.8440661707655623,8.594281369927334,19.754644985340622,18.21718075645946,5.569300334929513,4.0454869593647285,5.017906688016641,13.876699261540537,13.318827359914593,16.797984002523158,5.6106165625961255,14.15997503449363,1.3840238470445676,11.457191320465759,8.895087978243975,9.774241925582238,15.905965294494726,14.59318362267889,6.0239752802353586,17.773365544779494,8.988627706947467,1.7408376359686628,6.352412783855389
20210118,Solar,119.82810827556962,12.776470950068079,1.5598907770156234,5.9069704779605505,7.618043019322279,6.17514395393779,17.14980593394839,4.420351925637165,4.159998579151932,14.14869172045936,7.124105225011772,12.36463568384808,13.199682569161272,8.237589767057747,7.034342220802133,8.679725358934595,6.704669960010236,15.94898383385657,5.5193483044701095,8.623195522659119,0.43460996530552354,16.476546774405204,2.523131984030862,15.347982249198996,5.155680216919825
20210118,Wind,226.43894178551537,16.626544986338693,11.202313724008516,4.506379116092663,19.561002103044668,11.207348985675774,9.654076901335834,11.160610244042104,11.721894323659047,8.093459495986796,8.002069133044866,11.747423038063362,10.282431221044469,10.539933553194654,1.104476609541839,3.770288986520084,13.07627746169919,4.765795235326658,1.5762958853697617,13.535920818108368,6.7305474397420095,8.765952596075257,9.557247985468164,7.276639173042804,6.879354170643043
20210119,Solar,53.949343058837194,13.992306694889413,14.401316028003583,13.371838928241935,12.53212248473673,12.024006819698926,5.906666313999346,6.668335240891101,9.847136078287528,14.79586812547662,2.7226477445390938,15.24558069646942,10.236598690220026,5.441321605944091,3.683062306625222,5.584732221054795,13.567621444371598,9.566614373132417,4.964260372889635,10.171048895451843,7.6216361847193665,3.6759441445953733,10.822951713368507,11.344093095931479,6.938227810870872
20210119,Wind,182.79595698294182,,,,,,,,,,,,,,,,,,,,,,,,
20210120,Solar,85.38483125357745,2.4721432949015822,19.574522524892025,17.9438261161491,7.4411802163317535,13.846458803580063,15.145627224781844,9.040264222836075,7.402899129552377,14.256659836733661,16.41158717977545,5.601743008195243,13.867036063543072,7.100423052691449,9.810584859331605,14.775543403995195,8.081320711514826,7.381793909964793,9.782454286536703,4.564733063956131,6.7946335568674066,12.255360565002945,17.087782007016383,16.6941494453177,6.05575163208694
20210120,Wind,101.93742562744661,8.6891803993743,4.587794781097822,3.684621747370395,12.884585902018443,10.831524141260871,2.2364759962761873,13.593756215534153,5.916092608697233,6.631239833804714,7.091114189957484,3.5660172530779235,13.354589047189618,3.3304059486433033,1.3953079949049862,16.867784493760695,13.88950846473589,16.44109121908419,14.961915168896796,7.262755474483602,5.762376619076933,14.260934412409469,5.722560722640543,10.373547627005205,6.420089220844173
20210121,Solar,49.513331656564134,8.32481053990824,3.958240252522005,7.109181884690685,18.463567165406253,12.567180931740012,13.507944246435047,12.214258346535537,6.791662268765486,4.104740536120891,13.179065152032463,0.0,9.332825818905286,5.460177389890172,15.850164840068603,16.798141363757253,14.942906065888836,2.2929978359783587,10.20794246397293,9.42352183573904,4.04053836544736,9.807730244057135,18.360975547217418,7.012260238668936,10.716258642415255
20210121,Wind,122.54727844205671,4.334624134539215,6.6785951276283955,9.538894209362933,9.275862529699312,5.442631749381384,9.939107506714551,6.994194714136569,22.62485198403323,1.535663378995188,7.089435027593498,14.210788687756244,11.013391448904443,9.926463258646034,7.890195055151785,9.852149822626185,10.322834057228661,11.178405733848898,18.07853034969214,9.257652586454755,15.712746906523819,0.0,7.859449182351198,17.404503613234795,16.748684118113744
20210122,Solar,225.53658257696068,2.5691886269669197,6.488513934043821,6.24071628015033,8.30301592316691,10.820017468197788,12.88522041283167,0.09835606523813878,8.487100476629855,6.72242680426226,4.521754755378118,17.148425576987485,13.714880806105448,11.492862593411552,7.408610998229318,11.359584536597646,11.826671577696116,18.017708667223552,2.0717063085322582,13.621185693663632,8.884917525767168,13.400225878011529,7.447499398527037,7.5061933195584585,5.040187833200651
20210122,Wind,163.2412121232389,12.463596732835125,12.631429343409897,10.030593320709015,8.766187305699559,7.618293671597429,10.0548767866949,15.924706838105235,5.593745279139259,8.160945208151826,13.401399013972366,12.779974821884378,12.707596084438181,6.580331717348519,15.082779080983927,15.349615995821136,11.262690713373372,12.743765578317221,0.0,6.786344348839575,11.361637672647543,0.0,7.945089060549606,12.086184993746981,3.4859619780952498
20210123,Solar,90.08192265004516,11.622521611854065,7.891440740782486,11.597503832077596,18.100558025032186,3.850855474229562,7.1406558062267305,5.105454616514286,20.108937453998248,8.567819569411643,21.73824693794076,11.900370702498263,8.466816629731262,3.986503965027266,12.054396405856282,8.835570006108782,14.771542980206283,7.0809832972813975,16.766112467818232,9.851954201607613,2.281071357930873,0.0,0.24358769684683423,12.488521713772231,11.63159648499324
20210123,Wind,200.85738371896562,4.16301509966194,2.260797693606693,12.422421195648703,14.276756035005432,7.454277252815498,4.434383743140606,7.981209722606278,14.441273990961978,9.763982396242302,12.717118046438118,10.424812192046776,15.828539205512232,8.217809765572232,9.787896240870335,5.253591687769608,4.453950897396836,4.441337352379865,6.021065921909955,17.5223467861067,1.2257890231388047,14.991414025046987,7.887431028134131,3.790015936304638,12.664764615068295
20210124,Solar,211.56521317843428,6.270607467819054,14.457892283475584,17.530835654422305,17.238399952355593,11.34728196099029,13.363225560235126,9.24578779216713,13.624127802927047,18.66494274605049,7.930719065700283,10.27571922985406,14.320689093229241,13.898146108168811,7.527060062336206,7.1464157489314415,11.338027438320529,0.35194236396261624,10.687954025838481,14.107776446147486,5.490621366053522,4.070133497223148,16.555030069557773,14.602351295751076,17.704729266131235
20210124,Wind,155.2023240519543,15.806111365770816,1.2002403696393515,3.482637856092098,11.568113552421348,12.178986381850965,13.336359960994175,9.744942159481596,5.834528528493166,8.302114133842132,8.2531702005844,18.47611715888621,20.55619509400275,5.30423715698836,12.848103928915508,10.877739349958986,5.5557072535122645,17.81163471472793,10.671950362997922,10.524269364450817,18.11611827356938,11.25304545535552,12.38676530259657,16.769793794243448,17.04410409495131
20210125,Solar,251.7374579076295,,,,,,,,,,,,,,,,,,,,,,,,
20210125,Wind,191.07820623123072,,,,,,,,,,,,,,,,,,,,,,,,
20210126,Solar,184.1326253646294,9.051108502160094,11.035606385354368,12.150066900117924,15.350792672062699,13.623281398466105,14.72349435919735,9.363229548703346,10.735447909190073,21.139857322690204,6.170419896900197,15.544011713251324,15.760447751250481,15.642552454475169,4.117521372070197,3.2244824251485147,12.042444849827495,4.894175133036355,5.240667746554156,13.186920769801558,10.064562791144104,11.030633080462644,16.30723566354628,16.69938912751768,12.827270134285772
20210126,Wind,109.8310646416855,12.531817355310315,10.93023856075606,12.156660931765234,8.764408787060676,12.540740463079317,17.03034639884821,15.092279782725065,1.4184843856387652,3.420462996524444,9.68887468313459,16.147137347661474,15.025835557964285,7.4669710468716906,15.712801671359843,8.786733943212399,5.58249640375376,4.609518478154935,4.840641995885874,13.699020245089365,6.874212372736363,7.248323738771773,5.610049914571288,1.8731989707729924,12.692833722552026
20210127,Solar,181.36992428106703,5.719461736717848,19.582271605081765,5.065403083838343,16.843384966783933,14.435513310231764,0.6179107629674097,13.003261859433925,9.90039998761086,6.465726477553217,11.075702314307744,13.251966648728185,8.736434715593745,13.310030492871137,17.762978739498777,12.027748356481355,13.76212059168807,7.5244297868254275,13.018318916643512,0.27480834253220454,12.39231950162241,10.237819694609225,14.519393018937006,13.14282567670844,17.40922014482947
20210127,Wind,160.83956388022466,10.450417387700535,14.569133280727751,5.494238286829562,11.829152785329384,16.839152135882802,0.0,6.322147770096727,18.649653570826892,13.478610234350827,12.346068507996712,11.937903563914432,3.1842170109231227,15.075342483346857,11.05946610712579,10.662558487193314,12.196444801649312,21.94177808259339,13.85749330047624,13.498938175387023,5.844609255097637,8.06900747983527,10.332612507897721,3.754070696309444,11.962908397327865
20210128,Solar,175.99145013355133,10.843612886729387,17.208230916711003,12.558215317347875,0.0,12.689435547952993,18.589736799398224,4.264223112605835,11.101914098710203,11.230962191090873,17.56019407047016,11.766364767441186,17.698273054170823,17.707403207033312,7.569258458094547,6.324392436190472,11.19831611897791,14.614698965807841,8.749550818081335,7.189423871104959,4.494941369967941,7.49272034618402,6.08067995753735,8.402487412950832,7.185831597811941
20210128,Wind,115.77071904293346,11.1509040311461,11.443048256492466,10.117022553720652,14.417467135525973,7.9259618641456395,3.2947674270740546,5.881501124000403,8.117667364590686,18.21593135149535,16.37949247047856,2.589928192154547,7.5912794480920445,3.2334393029068407,14.677248718102483,13.675238674107842,19.804676863342376,12.42153540407503,7.016003552313771,7.97317335085367,23.589131886345843,6.701784015332901,12.318236558707692,8.944426996432941,15.197155032950633
20210129,Solar,156.40494421794932,10.395369289813065,5.115340894547183,8.901890796341979,3.638474933690088,10.574247290409584,4.568783566051902,9.753901249058927,8.857713284556652,13.600068278637538,10.991193882400085,2.146583271796816,8.522775570089665,3.0094484028017296,12.943254629681265,11.312446251231833,6.487359709838088,15.987357745052371,12.843354655033487,14.444512701441209,5.316197415392069,5.507749670485655,10.419117511534418,4.109326299956874,4.777314539951699
20210129,Wind,109.15692498925209,11.723046602970548,10.640538009967482,13.289934148874869,14.295863803369937,18.299485504636912,8.561928440625378,3.7697311241478895,9.203738465930916,9.593579743810698,9.79252393787058,13.916456939051798,20.332743972422307,15.826097314770466,7.781152184710756,0.0,14.630353731854878,19.169307942080522,2.5918878266251832,13.66181704912075,13.975809996693066,14.262551794509763,5.966349017822924,5.446501999671744,20.034366035309418
20210130,Solar,42.6433950016984,20.958851660254055,12.962105036936535,13.658592379310658,14.507589991190832,23.822244988926936,1.730142106434488,10.453765235812341,6.001928931115306,15.220419344221792,11.97992871384381,4.498103582858524,3.634428998873874,15.007419860533405,15.755716860303549,12.27658845653806,15.860062674310324,12.640652138735039,19.74849053438085,9.506424545715063,5.28881212926374,7.7354301590221874,4.652323716199299,9.636646700160052,11.361910585912957
20210130,Wind,199.91522842891916,22.80648888385553,13.519036911257874,7.351849436491486,11.649462986906041,12.315481828711796,8.092066513461813,9.354008451048292,9.793775853185924,15.806539729341862,6.958832538458253,3.053573168206598,14.09443980142604,6.915362687902124,7.87771571997303,7.889012363402512,14.631787546989038,17.205987278144327,12.261878779437497,13.441074954220811,2.295264834205526,4.3420841335388625,7.825536908404453,16.883946544716693,6.313350012073672
20210131,Solar,74.88055091552414,6.803919296066391,7.637939279458289,5.7397343117875,12.718404494383469,12.677770694056532,5.259473279386675,0.0,17.213672647727748,6.699206193089312,14.900046718222573,0.0,6.231061725144774,0.0,3.569363301903239,7.375175734801135,6.6132559314242165,6.7961885981187296,9.202624715913213,8.182429675544903,9.548705196087178,7.955102780975241,7.444948260182352,12.404901201104522,5.567443517351828
20210131,Wind,155.3593232391208,0.0,12.443932368911996,3.69040511581179,15.494353939219934,13.628541834987082,8.833295651514963,2.9691240686635254,16.647274394554895,14.815146930821198,8.982641007013562,7.621464691339676,6.121335883230183,10.404435596048936,9.671040459263299,5.850371903679216,8.827010957173346,5.686343311674717,14.14950688814992,6.050906495840826,3.295476152871326,7.3608701240787795,16.104809264568175,1.8042166318370134,10.975781779771925
20210201,Solar,166.650106472452,12.977476503609868,5.3348601457936775,10.167270601007425,7.521861630946363,10.118964229096814,11.39920652453551,0.0,6.228320448379678,8.88869418650795,12.454506545585366,11.871680883562648,10.838263643621849,2.4125112123478,15.421720151641082,4.984862913099988,6.970181424145121,4.842009391892322,13.153318403850477,16.299733404489633,8.034273142508585,8.029635736757436,8.928751166900906,12.32854253745395,9.601009766593997
20210201,Wind,166.32815079315273,10.931262299506331,4.783612029446415,2.8841986142571763,13.967148298512392,15.819269511713118,8.282308872852177,8.280484694778453,16.379486922753472,9.482610462072486,18.566267851780015,12.27460406656947,13.38187399464128,5.861502613517682,10.513841850742205,11.032916136298162,8.513499297613514,11.469742171047162,11.175272199593469,16.628849720032765,6.020772362349708,13.56712851396972,8.134545695089095,10.205034457220911,9.316034486701772
20210202,Solar,135.84604632008748,15.305209295917901,4.421076443072575,10.49714229114517,15.815116514785181,15.040226463664254,8.029763573014264,15.370068226730002,13.805706563263753,10.714666415144528,12.764032352634432,14.25297553779551,14.751003526125466,10.90596223853286,4.13682660533624,12.730130735824662,5.794149511850938,0.0,0.5487230140931665,6.782200513249916,16.259256102239476,6.86114090739491,15.644025683580265,6.834670217457423,3.4488811439643383
20210202,Wind,163.56057376399866,11.424429498576586,10.123129942783985,16.084183957122196,18.800412987692393,11.771882235744082,11.289978983958232,0.5467102228599785,13.166692688058312,8.096095638296235,11.153515830128413,8.042506634033534,15.40736585265132,11.578216538661826,7.984377990374335,10.765861729698326,8.1837854398041,16.623515476553433,12.05475048062979,7.3311605415786545,2.2903058048522693,8.102207785414524,16.748307545108315,7.8137635016146225,9.191085991370413
20210203,Solar,173.54835348925812,10.293019697628596,4.110818224618482,8.232701148568578,4.471098569701484,8.409900469971921,15.22145898974974,3.388565901033178,12.15955940820067,7.827044260869938,7.413062714225751,10.536395564592299,6.467062003895867,17.90657357971892,15.981575076521677,14.747267433448872,17.338135006978778,7.531660973779512,17.279428990101216,14.456613596741901,13.379431212057877,13.215742144074184,5.842642651263484,12.487771132435617,14.133739513802848
20210203,Wind,186.74824078759923,15.644532979386112,7.876278050644961,7.318978597299182,12.042580324938841,2.396518063114316,18.01482173460833,9.181310663634093,5.3481181061027225,14.92360424124346,9.609629712422596,14.22909027611659,4.282365297489459,8.136317207126192,11.369122504509075,12.907022992849342,8.403811201856692,14.131443439988466,7.223906053556944,6.53264218056416,11.425530544992576,12.219652937638534,3.7811365853627708,2.1400026636289917,6.225797735028825
20210204,Solar,236.67206696921315,16.34390294206921,14.51458275706979,19.989223868135724,5.192554004692677,13.66206773807125,8.907308729988923,4.681234855732862,7.972109075214422,2.355305473249585,4.319747010501619,12.319890149131279,8.286780513363855,5.118487035996287,9.905601336732827,0.0,10.529184459955745,3.0409583759114387,14.793245027473576,14.004062897871055,8.854578578873857,6.56456281667579,12.576130235346291,6.765285732496072,11.281132845667068
20210204,Wind,161.70970757491025,3.0671997060950074,4.854351609608475,17.54850909593823,4.9803899114925105,11.06429157613052,19.124445759616183,4.656636164666041,14.16459201560663,4.691865272704062,12.666000733782775,7.075654469958633,11.737393290242146,14.586459895360909,9.34793441321371,5.417400414968021,6.372842037755571,15.556237062734109,14.245177160597065,4.877758743677893,6.209222490118727,14.830142722510589,8.963075017506018,4.272735650252105,15.594462772925542
20210205,Solar,153.2024422508851,5.916969064302082,7.478439832478416,6.177010647222929,11.795138862029901,6.311161346729494,14.38353417380623,12.707970530865797,3.9656482806252624,13.373669915552458,0.0,11.498224883283571,8.97180928844479,11.88535281428709,15.39938595181571,15.942096107344788,9.925037875972107,16.914260350729098,11.470370680729213,8.566797069303968,10.861384254710618,14.547084382898838,7.273910207738861,6.004186380578101,13.150526177424807
20210205,Wind,104.66355173249529,9.472035203556608,10.358156383880848,10.695065905294875,10.387279073980693,4.350398675026863,3.839957730134118,7.5255227771353965,4.79612447302062,9.635502704204223,14.842032827603466,0.07884295836365629,0.0,8.184340332627208,15.073338448728746,3.653082151475232,14.133354058902148,10.514554272855472,10.85082421918292,14.892932219149383,11.126433598125486,14.195839872041276,15.191531629298778,11.646739896601833,3.9499641608385083
20210206,Solar,171.79731619496684,10.492188119622917,11.234434507661334,11.643391211740413,15.725007392609925,13.307164246916258,3.693958721931625,2.5663755630100926,11.53098712382953,14.957563260113917,13.658417796581322,10.000615274354672,0.8641008775691139,10.15880247136707,2.9941080653494954,0.0,12.44724515800813,12.638885063240966,12.799227448859224,5.154687124689242,11.968739292254693,11.51281666074267,8.69708071796473,10.243816649180426,11.606719268655448
20210206,Wind,183.36915515702842,8.870083983238759,7.503547045972195,11.018302113630892,8.269117752028954,1.9938183919151753,7.113560746986651,0.0,6.052336696704484,11.789661390617287,10.490909627566003,6.9079899463250625,8.797634476848103,8.109831645175174,14.699640778198408,19.157250155317364,17.091465170525662,4.86882825279363,12.07915965926552,7.060374277424137,8.654328263218169,9.131711501895573,19.59098557454394,13.355944982746385,17.324562176302493
20210207,Solar,140.38484078591864,12.17103588930943,13.934300343675785,19.07336723856394,9.329742819014946,11.498205937219025,17.22301991679863,21.042038850318654,14.119471768503834,3.331476704781738,7.334915528930857,17.59288356492029,14.276004264597798,13.460180973419284,12.582114021083143,11.48306265266289,3.950960827603539,10.227744275589975,19.454301990533143,11.881257130757515,4.2748853832031575,4.62909700067729,10.238429640264542,0.0,12.486268815816441
20210207,Wind,177.23062520920186,14.980523946585501,12.952261503923623,10.436149462097102,11.057521311690923,14.217752045844469,7.493163422172317,15.641545272813355,6.228910218717274,10.31417209638793,9.918700388248617,5.113879424463331,5.476766460402389,18.43969744751653,17.964929163380123,6.584715998043813,6.218160914746436,14.861434875459937,14.833776111155455,1.009054976518623,14.392321113673848,3.0819999718137367,10.820636063901938,8.650454280400577,15.901096423119869
20210208,Solar,135.3741903225329,18.61354855360364,15.699283021808515,11.186174378155084,5.690855742817719,12.749464432083117,0.5382158774686341,7.741833269689917,11.221900724315734,12.672739005446084,1.1298498662980527,10.583392927059212,13.665355724825329,6.3725494226922335,9.654342517275273,5.7580044672967405,7.935496083621535,8.48496798330994,13.535561943871576,10.364290958121526,9.982786730369973,9.576039856105758,21.198820252605323,9.465392960248524,14.900698529599065
20210208,Wind,183.5496326044462,12.894565118864497,9.5919903782647,13.443311475732079,6.384650774920345,8.046301128207798,8.855578955561446,10.439290058319687,11.640357823253657,11.170198292666603,14.119003016322255,7.855836241810554,2.519481687622264,12.10445665744569,15.676163588947631,13.147030791880228,17.624589193210184,17.63189239514476,15.285967183751996,15.806189425843653,6.935590688401597,10.071010516512112,11.5482358242497,1.8087148004817277,4.308553845203771
20210209,Solar,195.63011570148717,5.738331607734451,7.435905952718284,15.949598580238337,15.580493328862765,3.7531275776254294,0.09714016219796617,7.55734468951506,7.589526610512616,7.658629131862752,9.180877303697871,7.208874602561188,11.277842606463707,2.351217360157168,12.344664883390092,12.389989402510976,11.493926558195643,1.0840013916057567,13.538989235928382,14.323997451573778,4.992007790573264,8.694037606499881,6.468762054091585,6.558096385148213,18.901137475700192
20210209,Wind,194.93139333652428,9.263118874010908,6.586839889939391,14.68449597152053,7.255224793594456,12.93509619897595,4.72507176531564,12.552283653956254,8.801766851727033,8.630298399398992,17.57615587482512,11.886659377607446,11.31426021336708,4.637200842640933,4.43051175827468,11.636011699740575,2.9146959796084038,8.356742059400965,0.0,9.751852135222249,14.6123371087164,9.44499426583188,4.897658717331655,9.893553913633014,16.26887338413848
20210210,Solar,155.89221630706504,9.623238793702216,11.535137589646814,12.690423931558197,15.912382832248428,16.002615459767103,7.06485796853707,5.728928161410597,6.599942599800225,7.199574221196222,11.959951425622723,7.908983368475587,12.343694741733298,12.812787762347964,15.102988303154321,9.05625234346709,15.461183419399706,0.39410086676185063,9.416230574021197,10.103138051902649,16.92179070823896,16.81806675898319,7.69037233941028,11.603590210223715,8.584753942230408
20210210,Wind,98.00159241914743,12.573201199905796,8.114221085943635,2.2065009730304586,13.036562903341473,7.136333226284796,10.748344554623458,7.2841339176158835,9.906976471738817,3.374014591994098,11.15716885164784,19.259952523259656,4.958592624527167,9.647995739692599,14.047106378698258,3.5970846382704167,10.54796329407754,11.580813063785214,6.902153252759166,17.459052166022786,12.876693205477196,18.136825525324287,11.18008645194168,11.73669485433735,16.47922421049408
20210211,Solar,119.40434736790897,11.94084016716971,7.154151111596054,7.55931137970787,2.262344872555323,12.534541001464296,15.120811633034391,12.277004200972483,5.191563799560367,2.6863021757613215,12.004740690540348,0.12703545307010122,2.2618347110025097,4.454167715425786,6.750367923466056,9.820175962303935,14.451600808247385,8.934883656819732,11.639847552369002,16.85290106493853,13.212245254330304,4.470269818249463,14.55502793278849,0.14405615851136755,9.361083688447062
20210211,Wind,179.7578661942364,20.251983255557548,7.758563678773389,14.097106036026354,12.65189345918894,17.907575593659047,13.470679716858822,17.269295522232035,8.882461242514706,11.950104780471843,5.122447068497408,13.155853960810562,13.63025962358406,10.043807678871357,11.447559532827574,15.325725149759046,17.917755118190154,9.120640875603135,7.21644506097509,9.527049653565562,15.861919595486897,11.442572214069255,2.479440902777049,6.848792996309958,9.553392617963896
20210212,Solar,272.4406152870114,7.692434323725457,6.5815475743787415,11.251993486396527,12.612399115470636,11.69423548220805,4.103376007762573,13.707075473310525,13.742455038976079,5.6427081723554835,7.745030664766406,9.576026201719511,2.369206441258952,14.394565072196471,20.53877045445575,7.2902450389983855,5.1120046959674355,13.700011124195028,12.955590991286321,6.8518298123524,8.19070853299139,10.259844328871324,10.015798783174542,2.3518715074619703,5.530766463780426
20210212,Wind,132.96396142339592,11.923752668834018,10.99510556381366,14.130643169114759,12.114643042556427,8.015599275611063,8.141438689171737,16.16956938795464,4.316244604696645,12.877992137260295,10.664744668053334,9.74842077202132,6.145451527547014,2.7653659121607688,7.584805661192627,13.00534391398277,17.91616698020083,8.581225448455726,7.894408888050521,14.286469846083964,20.670505136161296,13.374824113170655,16.393738852618778,9.970678208138253,4.8260735899818465
20210213,Solar,172.79188391940698,21.773556988720458,2.9370840872796955,19.43583030835624,9.290616368084946,15.20426770031579,10.381877943512833,8.437913312444104,7.5646529401105305,7.024662562742349,8.487178666400451,11.510612539648728,16.958413125799858,18.732682483557095,13.630842902771468,7.97684370466959,9.628995144450109,24.033499790801773,18.488416182993483,15.652810163091171,4.702153035802588,18.667719516164613,11.310910557619682,7.84486402483999,10.746393588154971
20210213,Wind,122.19737212602985,7.073965515481993,11.515081462374814,4.115183974703378,5.299662723040741,6.312195129210939,8.688964377767503,6.884947963115283,12.591312049924746,3.434257066425257,7.117437640218042,14.988763752437983,10.849444741083147,12.865140255588184,4.5256001486270945,14.00622070256424,7.930400583160296,14.042637576257667,18.250350399263766,16.893669554455006,8.7831788806815,20.939999838880965,16.77935016637391,6.873442812356191,8.733599757050982
20210214,Solar,101.30164778754497,10.725743480851776,13.382743802014753,15.68955087402292,16.7310638305631,3.5090399247348847,8.653523870658528,0.30809430459038056,0.0,7.96028182387726,8.588018398510398,11.32536525366141,11.843769959082403,12.964817089575606,7.148455723777685,5.1002685160185806,10.77331637589182,10.150228407740437,2.7663147118013622,12.9180331117016,6.142212717908638,13.59810113399502,2.4601976422742498,25.835883093631196,2.5640962263343567
20210214,Wind,116.18420682113188,5.275597494379923,7.095604309113511,8.348182687531844,9.492102056385821,14.061605955729897,1.3862833767286409,10.36099178670642,19.277920181996684,20.471874862090267,10.220649576964343,15.006649848540096,13.12367869618338,9.993273725633236,14.052816957167218,10.068438107302738,4.037496602068308,6.626450631087955,11.614357428822885,8.219412255372013,10.317941257300243,10.20035394413713,8.867124264664984,4.740829522399716,11.750777485681875
20210215,Solar,45.87640116486642,10.410434498137157,19.610184698032736,14.67674909637366,5.58296919832316,7.969188682582184,4.236329244301798,11.895235156782203,15.226289570154666,9.521946104084847,21.593711335359515,10.232010152258395,12.945598291056687,18.735641160889422,11.28340600145081,12.282368815025455,9.90035831969218,5.446401054611492,7.690602597510957,1.6503808945193277,18.654561753076493,8.187179779533407,10.602335494927873,9.917422348686339,12.552610812260532
20210215,Wind,217.67175314538753,6.098914259311792,10.088106554884266,9.793896283159413,12.28734343044004,8.417394929981578,7.985300754303634,8.49997302136397,2.3083220988134014,13.229333341661157,8.373043224950631,4.829451498534402,9.893584174318617,14.811614544023728,8.993812116461555,6.622747413695002,8.78654047730643,12.185141438306776,11.260070422217488,19.691344912202513,8.807974284272076,22.433896786600528,12.765847936720727,12.39289762393364,11.495132158391032
20210216,Solar,38.49348735426932,15.234004517456732,2.193285084500557,20.63502269446498,6.286100146333713,6.865296822244643,0.0,6.116493369501327,0.0,10.844019049620385,6.612852606233106,9.55428044129435,5.492891447514986,8.162119990328732,18.512482805499932,11.81306692360709,5.309243858613781,7.367304646468638,12.933447250749882,18.01416643743558,12.107923616277796,6.162923499512795,5.743061926490301,11.789455797035705,11.451371065336014
20210216,Wind,136.80858847996836,10.736594295156976,8.593785468316648,10.65043468130869,5.254569858574393,7.635913022229581,13.203221600049272,16.21701719921566,10.148087936670308,2.9740098191676925,9.236355040381907,15.76462977244646,23.420289076838074,13.786948386346342,5.3909370823894465,9.852241346271043,6.76804198410936,14.95442174971965,3.6062413327592493,6.1650479690526785,0.0,14.113546338127527,12.079808740100514,12.892158920943988,12.039037233145246
20210217,Solar,91.09360523249728,5.3230137000885325,10.313280724678984,6.7974288782200984,8.122636938987807,17.01516713763433,3.136604501444652,13.159021385983268,4.398779020489423,17.24481623011585,17.507974492495567,7.946593858858684,8.53682643652273,6.334297355336556,9.270103913723442,9.779221739924383,15.690601502929931,9.588604999478031,5.1319729895231685,10.953447375263687,12.13845282219358,8.678986181950394,12.469679269632183,11.776764391022496,10.832636936132335
20210217,Wind,105.78098923188978,14.202838488958358,12.24483777785107,12.099373113958839,6.673011178409627,18.312493828918335,13.434190666325689,16.564127252595057,14.80746645099206,8.760890950880325,17.865458600700805,4.5859819654510945,11.655232554853644,8.598758390366743,12.45886258246376,6.611231067994219,9.111610927594304,9.605419419092291,5.754171394309328,8.896103450318872,14.992356007193896,3.306848094985683,9.632473736724272,8.348219711946163,11.745898405342164
20210218,Solar,218.8261329869334,10.898330194357937,8.712847379445767,11.61971390359135,5.438788740077128,18.974893180723047,12.99458002235455,5.232104524918978,11.97001081065844,3.447437176406527,19.745490378440163,13.097272451833641,12.200695827562491,17.333168680517787,5.64246204164757,14.98671280812676,5.096346659594929,10.573252536846095,7.242910117548168,10.331111234928024,10.614707137936879,18.577571814997178,12.349699843805272,10.055224023447616,12.528251667501891
20210218,Wind,160.0533495015696,14.764093886117275,4.942148621478046,15.69048547055224,14.032058811308795,15.450603105887563,7.281534784438079,6.458829367259884,10.616895081686353,7.438832457783327,10.304877516132862,11.683057604012774,7.33524770881363,11.937917017511205,12.546151162855285,5.274353403686583,12.24079679888471,9.23990096668453,7.388725787327254,7.998128704632847,4.668502286257128,1.288709779111663,11.581566222511187,6.7199462342593925,7.073024701493217
20210219,Solar,101.73019204091497,4.261686860261257,4.525096909438586,12.240263993024627,9.430860927688004,12.331356298866188,15.002741628507689,16.015886216257982,7.148718074881988,8.968779525129007,13.20796134798739,6.145631556209649,7.871555177974157,13.307618135727907,15.373377237639266,11.398823703186963,13.833271317752077,11.385720189150163,13.983826793538151,13.457618789584787,3.99767498047125,0.0,6.70812225719696,6.289690926807755,3.669704806491424
20210219,Wind,120.52414337517446,11.844122061243308,6.732003574091644,22.375323195846516,16.261399727579462,2.8385720403344337,13.715986724624665,9.763264601221046,18.000038198946765,13.74739761750613,4.749877626515644,8.834711785804329,17.44116358748899,15.848125439523661,9.426989804579138,5.753959913364481,9.98999267778759,20.347564835587896,11.112457106233068,4.329691558305726,7.227309383730028,13.50057812774155,9.209389894443495,3.4087780404936927,11.596260479379406
20210220,Solar,111.72593897789572,13.866708473223543,7.2111231874061845,9.442979322988636,5.727452611350323,9.062376485498252,8.455192645826797,7.1544794416072275,13.767260503608426,6.596184096948599,8.23279613455383,9.091645361424018,6.305112451940199,12.741116187426616,6.573702659766545,9.669144760499242,3.829366575289652,12.7040966900368,5.644223581657099,8.030704908944355,3.95580602982713,8.478393404902853,3.7550967199154717,13.937827546750224,10.757217788650589
20210220,Wind,147.82271639605597,7.883112548821318,4.3251291755037125,9.501900251097629,1.3621948118183225,20.783772443118437,7.891201924041508,7.502424881185802,13.015829045103228,23.10172799991966,4.424576113347891,10.03190967792775,12.06214922813824,5.944108251987296,8.437799299794726,13.214313809047425,0.0,12.116711175382246,8.40186966143447,14.367582651607663,17.87997875696557,12.157971395297176,2.520507868610673,15.519216793021705,12.265149387865673
20210221,Solar,158.6445842393846,3.704986365159244,6.335934194481505,6.9805697497347285,10.743851746247081,7.821892106236729,15.486163928321783,9.94459736932848,16.000279823137213,5.314155087456964,12.366293785601462,13.23282854909607,14.479269507603622,18.306406447157524,0.0,8.555743461791865,5.495778556813527,13.935036591655152,0.0,0.13238679316329827,12.337502594841778,9.964322399456584,11.271660273478902,7.06402144911163,15.691228165665082
20210221,Wind,244.778738661428,9.79196252314803,13.297292622196775,10.428341691770886,19.279894609032077,17.570722373861376,11.160069197038322,15.01475907917705,4.9056956825356535,13.059974811155143,10.192063814344573,7.97398367397665,8.929287055418047,12.58073654806626,15.030618320259258,0.0,15.271291968037975,9.457453023891196,20.098573249159138,11.542657430824415,17.22340984759295,13.003076643660636,0.5299647796882079,9.612595012206503,9.827372163315777
20210222,Solar,54.184961700114656,16.140576468904644,18.242063038472434,11.15529560541477,12.65493414681001,10.275179095152724,15.223485841840711,9.197435739542058,16.423689345195452,0.1301362929419403,11.130948299728141,13.491221471827712,9.530580342794604,12.93398538514727,11.322951660158216,3.2765201064769665,14.814216979495644,5.181737131009939,10.090345262397518,7.261057660471852,8.554494258227464,8.521518732359125,8.790812721255431,17.998948734077352,9.334544364614782
20210222,Wind,148.25938426210237,15.629651653170281,13.777308569354815,11.406052649779387,26.07687098106416,0.0,0.0,13.952664150888888,8.676958518186813,9.381506668703503,5.768945907728481,7.332553697845418,14.784525735179638,10.279379224428137,9.117868432260055,0.0,6.019764772356756,0.0,14.963015767441771,18.07678199484627,6.177436855231806,14.511181668626163,12.067012130886168,15.609402614941104,12.341642267125469
20210223,Solar,134.2216153732739,7.857857826222117,16.529305430934063,10.335938377469995,11.660295604745444,13.202427818344814,10.49242548509731,12.33688888423024,11.673648483012249,11.836171396610574,14.253436623448284,18.331537065235022,9.313252640665162,15.553802396104171,1.6660487696544501,10.339550543828938,8.820408845648158,0.0,13.965855667531923,11.645489495512392,6.485357153074759,14.655226719506881,10.082199802684974,14.455302726504796,4.897535051344899
20210223,Wind,197.32742638583915,3.5845728181177883,14.870592341168491,6.950893916363507,11.177761056440453,16.331273480891557,2.1129545651531356,5.608304799095133,9.217684951640333,4.402083730886902,0.0,18.43926892715541,0.0,19.574781537782048,15.545196627264243,9.974938404732711,13.489013916653244,13.739716266222832,9.819661235565388,6.064814246386141,7.688981433297218,17.744561487197398,20.927161955340267,11.34666391171468,10.20925918545376
20210224,Solar,167.74090590891967,7.844101398252136,14.165651641991722,5.591674359588224,0.0,9.755020156797277,9.871057462566185,5.6043531600643846,0.6106719681320738,17.49522740520835,8.739859089161081,5.71796837679515,17.51941672604458,8.123284538845033,7.8120166008689855,8.246879545499944,9.307735213719637,11.843996322796684,0.0,17.260177775645456,7.52826477213232,16.320146116739632,12.133799057463865,6.86076054928017,9.488666062430301
20210224,Wind,179.51811040574728,7.657611746340438,8.311018684713359,8.124131375822218,12.139737202942642,16.16525502242707,13.56910104172942,7.748667040342609,14.786741304861238,12.172383255920856,9.466777053940218,3.8724896925707917,5.122622600486521,15.327075127373062,12.826216062169335,6.867718058938817,14.681600308663198,9.260067756478083,7.210350057339213,10.108888228986554,16.108958786085616,9.467756211636257,8.656999115651985,7.4231716932418745,14.382555563039885
20210225,Solar,167.25430930075413,12.232233916523887,10.704554391934735,15.707688301175567,10.843338800096456,1.6608624279145667,18.695700728745514,3.3158117266886578,0.8775833854627202,8.411797675767863,0.0,14.891039069161618,11.07738379709715,10.171863510611592,9.943033756458256,11.105659343201573,9.513873713953414,21.811439211446718,11.768073278107755,10.656286253992004,14.56823133858085,13.480800717224364,13.04022619813599,11.17608492327983,7.7073353776245535
20210225,Wind,103.40044373582302,9.474992485479392,7.896903287719893,16.783998427457398,7.962894008977315,3.0721786805031535,5.30916635781407,7.429305721003035,5.167396999937125,12.118387508139877,11.920641991837538,11.289417348924099,3.4111084333291677,0.009463126385299558,1.9255079078435178,2.763404396380836,12.407988274722124,9.828704478010746,10.302546298438353,14.436442871884342,11.354387962661198,12.086826205260575,3.4391855916824863,12.192649265639211,10.454531986228302
20210226,Solar,210.56327482465065,6.23367894131429,8.904464188331865,9.615177317797825,9.316105664704649,11.024321540428438,7.371475973490085,17.567167083656923,7.735876847859394,7.0334291903160855,9.133679379478263,12.758341035508407,7.445603233554922,2.9797249648030757,16.342715524019773,14.78028073239067,8.38611448291597,0.0,15.201873558985191,6.9711231001030685,1.7013140955351347,12.105472875644613,15.001012189806378,5.155576059263485,9.222000296502413
20210226,Wind,189.92524523078345,15.52131533630334,10.340835501932931,5.292085167662877,9.659497128289104,12.385573639087658,9.522335464622312,9.843048320863149,0.231922269953605,16.25689951203788,12.805584479059966,6.726224014016085,7.817570518057997,12.12145703321364,15.39291788997216,10.375600110532437,6.080371028138728,13.752472007930884,9.990193303873438,17.236431974070655,11.47527765094609,3.3811581139971727,7.475107642366464,16.230647447237185,0.0
20210227,Solar,195.77648958623715,,,,,,,,,,,,,,,,,,,,,,,,
20210227,Wind,213.20250852535824,12.177078263654703,12.116616907575619,20.458327176350398,20.448574815629804,13.194622333742803,14.892798643946286,19.578723259102386,11.224100453920157,11.866950335537437,11.623119371251379,8.275829135948065,5.614338652668116,13.045377279443072,11.574235958759157,7.90790262776433,2.4901569993995287,13.600423669176784,4.7017769907506315,6.793679665191561,17.031175519710906,13.043696319109724,12.001730115506506,13.96958305481716,9.95773553639656
20210228,Solar,170.883755032598,1.3750728293436643,9.190853684928218,14.994839176583103,8.145689860974956,4.031854553174785,9.649527273171882,5.34691340136898,8.266744042322316,13.058460237489616,14.86330652244832,11.521004927757373,19.914173174572884,13.845492827356054,4.012606237109119,9.343331638471403,7.001518936455629,15.878629353735626,12.588400179496949,7.837793389902172,14.47715972863806,19.101420002591478,13.128169566766402,17.51769717515763,5.542698215692395
20210228,Wind,224.04962020587465,0.0,10.277693704458331,12.753713457662737,10.846568619269286,11.06522811037193,10.60978511688023,5.19058516597306,8.679235631374246,2.614018949493908,16.904765449590148,3.7713999250315178,10.122660727981081,22.948028360466726,14.344820425354726,3.0960635863688744,9.528284584254305,1.1955999076225887,4.8553306335977755,3.718066227840594,10.710814006525919,15.827914441229924,7.23070338247489,13.191260015054228,9.388651990869821
20210301,Solar,168.88197858933205,2.8122710927779595,12.167318370967632,14.813424585262847,7.980494583068966,13.003637226440745,13.100865633870793,16.147428409033495,5.4249677450570495,17.334725533722324,12.460135481390928,9.50332776987929,14.40520909550736,12.641917445198535,21.024994220608765,13.354389963284312,14.29329799884913,10.473436498259494,14.57041327926006,11.538621148082017,0.0,10.747866240626893,4.2762967095588245,11.370759421801257,16.694360200817783
20210301,Wind,139.04707059876958,7.597282871966121,13.336972190289176,17.702833056706563,13.917155933219401,0.6288300065143559,9.641442418122953,13.306590298001598,10.230906618789447,9.503210893673495,5.670622088443984,3.721107825791089,9.955727956054536,8.675388758694641,10.580678901116773,14.827354144518637,5.605577127086504,5.849870235032235,6.234490277529721,9.111114144308974,9.31952226566964,9.491242898727334,4.187510956056658,10.256077238358616,14.816267999975526
20210302,Solar,149.66980447583177,12.881780088069043,2.405024183713987,4.235668992264402,10.883818499861034,9.781832651309923,5.912304359120674,9.349705737368069,8.373759874017006,15.125228247130508,1.7991633437915933,7.422181114496289,14.986340448288463,9.366777228582142,10.678441524647049,10.587068867567604,10.634220325928798,12.615490443783386,1.2171106700628198,11.563519282998572,6.733476565848076,4.979620215842645,1.421382990211606,8.415294037916393,0.6699223739397764
20210302,Wind,148.80781159319417,0.0,4.613055180505316,8.039800656514386,8.600447134147592,8.322087280308875,9.684898808507665,14.159544499945808,1.7951729949081652,13.749211117623485,11.871890497520369,9.513260938648793,0.0,18.17500866957322,4.490804113489091,14.702741565428617,3.0674025505168268,17.601567390221284,2.568420623676879,1.4914700896264321,12.02670481989079,19.088568587907613,8.082755002617832,9.974006986695803,13.7979538595565
20210303,Solar,124.03043389547285,17.964260321859935,15.536552669696711,7.356391835815922,0.37016027046408606,6.726534631271275,5.719093202433054,11.503000006145836,8.99540665214536,15.04857383771936,7.998710887486998,12.537168648887604,6.476272495291556,3.6540549400768816,0.0,23.25004288038105,12.201913610039313,8.159358641385497,7.63966628730698,7.380446701204101,4.2893892379240235,4.672919433090888,7.062930117541835,4.795698950340995,12.808749842656358
20210303,Wind,231.59444241851105,10.852830133850631,9.69565215034471,12.935571985354917,11.216541126443751,12.49388525876336,10.539904445582431,4.069037921305871,3.790440865409297,4.761185248705228,16.41800533793662,12.951601258376758,7.391020387361885,16.18979778320818,8.204422020156722,0.6080333260530235,19.118568796931708,13.25801760371721,17.793183300327986,5.089442222434274,11.3117123957826,0.6550385253495206,15.059061599684094,9.581993427538649,9.533682832980071
20210304,Solar,164.81476827518338,16.801474964749552,7.879617033165106,10.800554453197986,8.452118632101246,4.251592367210381,14.984688604008984,0.0,14.488485559712824,5.397503288420444,7.624384195106091,13.804574085804312,7.3505725048277375,10.080838722434942,17.40834084399727,10.25953153463827,0.2021575414117449,5.617683834882842,13.706955704371719,12.46493740914642,0.0,14.499399165635861,4.832028157322872,4.158260030374466,0.0
20210304,Wind,154.73692379164532,5.5701495876293565,8.682502635369806,13.78155645344704,9.696296715564493,12.084397560018248,4.125108538638342,7.163274241463549,8.042466326506979,21.241373844102853,9.928464694493647,2.5860496857808024,12.593389187714404,5.842102958038005,16.718793568468904,3.2844116665693046,6.3630693590864835,9.912422418377595,12.23442591811118,6.990951315565331,3.0719195450611436,10.434793131315931,20.96974400150127,5.995894967339494,13.913422379439139
20210305,Solar,169.4137127463217,12.519299670862454,8.681473472117231,7.465563250663886,4.087710263773333,12.797455646044472,2.3381449927895384,15.424624179491397,22.60762215365393,2.4032896325382156,4.204946516617504,16.320431980616995,12.935824864322521,2.7492545370057977,9.672958608253094,17.80358543329582,14.184678302180666,7.4289578718912415,9.674671729574396,12.351691193036414,5.6007251768723165,11.322060173949062,4.9921559238242,16.142758019153543,7.853810995523076
20210305,Wind,298.99272583685735,10.425979649853938,12.78968890762187,16.859760253395784,17.16641086360098,15.418816551304868,10.246249679598371,7.857649558266924,14.834512682607262,4.511948232456459,8.280836641790827,6.776002737546821,9.629742589612846,17.402968383461427,12.150646471909551,11.231545601609017,24.71823846787132,19.005004459982427,4.368421452396679,7.334632724410326,7.2690859710486455,10.932845851085599,5.462588746052321,15.910843830413357,11.054210204016483
20210306,Solar,93.41379057001703,14.08843156527277,4.459918030096165,9.653331459253492,14.283715879219361,4.382903686036976,6.16100191628047,12.30048599174622,9.348654123564158,10.216219982990797,5.285824999495219,7.141042009137521,9.753518109282886,5.713189442329247,3.9081912206292935,6.509523604187667,12.940323004900572,4.600909445280664,5.335972224491623,18.130467790144927,11.944579293842882,4.709771938765527,2.599991710948398,5.8138374422582455,5.160757785467086
20210306,Wind,107.74807441418622,8.831043162001414,10.123888732483806,13.472727759790914,17.15352998820316,2.4738289082272633,10.158726372059844,10.922427242225336,12.897394166119593,10.224898636643049,5.742364767871196,11.343737742836048,22.20255831035128,10.311809821349694,10.55613129237976,8.698212828940395,6.352809717098035,10.441182970781654,7.241242820682129,10.257993583104517,1.724740949031155,11.844262062671156,10.048473056856077,14.35052145848015,6.288713361729976
20210307,Solar,80.97144912765019,12.366076045037943,11.230588647252022,15.977032494614699,15.73489650390477,11.39451803669506,11.602017603048504,1.5324985269280034,0.0,7.299909614337626,9.73592876091515,8.31499272819896,11.622967221006094,5.126249150744989,7.37784428550428,16.681498830360017,9.25711211065063,16.846561991249178,6.7882015348371185,14.579229333237961,6.794120844438587,8.386077670912753,8.39044946585754,7.058118449348452,14.681123964455915
20210307,Wind,138.3700380782257,,,,,,,,,,,,,,,,,,,,,,,,
20210308,Solar,162.27592216636802,6.744118530541123,11.114319981051466,11.804142042008984,4.288587456367786,24.513251312468604,13.44924713829271,11.794396652232892,5.898547514212539,14.510417188002501,23.14619101064206,12.736962830034273,13.850561994420318,10.49086512815521,8.626732801474816,12.894600376642368,14.025659301908988,12.15625349615045,5.242932270016859,14.614292609716417,13.43999426292751,17.115170217782897,12.034371386667186,16.961529314910486,7.864932145945762
20210308,Wind,126.73387408294613,11.211221162448249,12.57953115157014,14.096734531912727,19.216935820359293,12.29249238121466,4.1516574852237556,6.064268722478166,10.448665185221769,9.909161835456004,14.17947075570175,6.184121684152585,12.797326100364542,3.2681044068502674,8.537469300441412,17.440396982386925,15.23052508571335,10.555562319992074,10.030406160256481,6.135001083570146,9.041375381001952,13.955456824588898,14.913267456139485,4.52807562930454,17.564285125986345
20210309,Solar,123.0136600924115,0.5606888138882582,7.136519244708436,18.708303319861432,5.361824245562447,10.290808558520908,9.88826024717655,8.18730921486024,6.361887435749941,8.657550701558016,15.423199563895864,9.08136973925799,15.79672455822143,7.85592223356105,14.981994688668332,14.771857734229345,17.031398551326802,6.594098453867088,6.243719279648465,9.790121773370352,5.16311761126915,0.0,4.150863517044786,1.0634687095423345,7.855548734932421
20210309,Wind,157.1202433314066,13.51251509531679,5.290986338375222,12.56800616987348,8.657961879625192,9.13586022161792,6.703088322807849,11.958735460485558,6.893408123783189,9.888689051924269,9.445535013805301,9.229415221107642,12.99199114098386,16.96567612238149,19.819613742024128,15.620037836016552,8.349621360858439,16.08052844147977,15.658177026591972,7.674789168077889,4.6058505921559725,11.081538371855375,10.098019011835014,6.6724742584222145,7.795481574482659
20210310,Solar,124.89460875851512,19.773312717312447,22.285022216252568,6.3517679896921,13.534511403134603,3.9096907728027555,7.2402149260785285,10.363149995714899,9.09433955010287,7.513196040127908,10.528760893412247,14.791362911574137,5.476226913475766,5.115842291662587,9.152721725868192,9.368320975839264,5.962374198144479,18.57981171253006,15.607867914219122,19.34312210118073,7.2361087379758375,15.330278474393973,14.276670574408485,6.990321744053441,2.910910597011135
20210310,Wind,165.5087913591419,3.7778197612565236,8.493676577128818,12.915253654819425,13.782703935937024,12.819407764772986,18.46978969808994,15.234548704623576,10.38416387503309,1.5088152890557516,7.852035271717486,7.674185663972898,14.450022767171937,8.192843652335668,17.093151929430395,0.0,17.47483005227595,13.289930673911941,13.005100988157196,4.056955801681733,1.7579157145977953,3.7702424225782716,4.529360784685741,8.13451889547486,12.48660994063506
20210311,Solar,205.7117173371302,,,,,,,,,,,,,,,,,,,,,,,,
20210311,Wind,183.8515234900403,,,,,,,,,,,,,,,,,,,,,,,,
20210312,Solar,194.0506673582601,10.157087367332752,17.980446460971205,12.309990118515463,6.965341863222626,10.472216627493276,10.754706771013714,7.61226643035232,1.8715864625927836,9.230363608380468,6.981245003825733,5.452430037237683,17.739495234185647,3.902710514274206,3.5190318409283403,13.942924593426499,8.122175507964952,10.899915932447588,21.45412708633909,13.679994798871213,5.432259580214692,7.730066750763945,9.624308786573755,19.482106684820724,8.101954654809171
20210312,Wind,204.29592057533597,10.82549775746613,7.27735941532652,10.583253250078036,22.672662843030682,11.106062649586228,13.100067873274769,10.101481421131385,21.660248021320545,0.0,6.229978896756765,3.246971283227733,9.390668686645641,11.116761121263965,8.438180791103996,1.1484076036700075,13.947610894400404,9.23174216083944,8.592034699620953,6.89077079941694,4.727675880701913,0.10889621443753272,4.466708666359529,11.508062377010285,5.0413602816434615
20210313,Solar,164.14140800593515,,,,,,,,,,,,,,,,,,,,,,,,
20210313,Wind,142.06794869784494,7.859238734560427,3.789233246041949,6.249531712558468,9.19114307680582,14.185115031854659,11.272280723434129,7.63237184858847,12.18783672818566,14.52861035933965,17.10511021370604,17.96782505679357,15.16826739745831,10.262074414104156,15.593170626418377,10.94270426453634,10.158222076946322,7.51556784283896,14.164849850539746,9.145738352050463,11.855890770737641,9.128469862765641,11.168680253132203,13.340787554340102,9.693261839370214
20210314,Solar,111.38734645584022,9.566529232073107,17.96553110751463,2.4714516881034623,6.432217545306233,5.767778125920387,15.535779545823399,1.3371559880098594,8.300044446024696,2.808757437315954,15.434797526160738,13.454536712521783,10.793749338981533,14.732788747039772,6.107372694024239,11.768989347036488,2.6544800207447783,7.0758615574334724,4.793964809784753,5.84766353071124,1.7331145229918987,11.868511603904599,13.198609946294635,10.374618211097552,14.040035602003506
20210314,Wind,130.44109181821395,10.208357110696781,4.809465067694829,10.843404297052547,11.223351745354789,9.309839012656862,10.782527269221351,12.20283451745594,5.629226527211892,13.4794201105186,6.218373062169813,16.386731711226094,19.790451151223515,11.202926309132398,12.290332603366089,13.09380652652132,4.3883898995406145,10.14531085211177,6.860760993733984,10.405281006866732,9.110046774566968,9.753589146950182,0.7889832940511443,10.28548706452895,5.279237633773141
20210315,Solar,123.81572336615528,4.092793692113451,9.862220317422166,11.90088693802723,10.990114002890353,16.429524603326445,21.425742861088526,6.222008758280006,10.755178654850875,7.772919358151137,6.095283260264237,5.249246314646162,15.227716791926747,9.536087725802586,16.14997173831721,9.857678396121402,9.54282039047621,3.8435459324714847,11.989550465142408,7.914473292338232,12.868123935921904,15.604885238488146,5.270040653818211,9.588430225723307,11.195336984941925
20210315,Wind,186.5836163310456,9.669890070269856,5.113575839785155,10.469164726927845,9.918868956478523,18.897242961350567,14.802657864062189,3.573493402125157,11.446384553205139,9.906124246625296,16.231342544741004,0.26134615854513377,7.073059942882204,9.290450745315448,15.438637988742139,8.335055750729543,6.506118496546806,15.182059228495397,2.269631551579545,12.856893655044804,7.070208676680767,4.5051126565447674,10.709011001125447,11.087808741609443,20.68530437339689
20210316,Solar,167.3391277297098,,,,,,,,,,,,,,,,,,,,,,,,
20210316,Wind,184.83789313571506,7.9043310320554765,8.53812323453157,4.656365228968368,18.817687512211766,10.151224138373244,9.11725145508509,14.864338209041515,20.38808841757399,4.3220874519102646,9.274987461711225,19.267989470917808,14.300844515010276,6.398270836481014,7.054078814985966,12.965797831934347,8.429279941909023,10.560188969174341,0.0,12.362367994322849,14.188491862682437,16.593504095812676,8.514647085150793,1.8586360120742385,7.577119085578123
20210317,Solar,91.98315719499243,3.813725085626861,5.311066668294198,9.305414315125384,7.024736468545508,11.364565925830181,11.98538799745334,7.130597301694906,17.385112019951077,17.17123234135186,16.033117041824745,7.573321373322852,19.600447102132296,0.0,6.555821519395134,13.444202680855193,5.612290053303798,8.378571533497508,10.050671785169149,14.320578612583342,4.340329835765459,3.2531510655770415,12.155985981853735,19.243733497046875,7.518234916643014
20210317,Wind,221.58747421205393,9.242919660067868,6.541857872883436,8.257970852477925,10.215418711010601,2.462349869042766,10.222484178560185,12.482869435913146,1.1673553829002048,14.079195162857452,2.669559471853261,10.509081776411662,13.10428294816443,8.873525054058055,5.786750067596121,9.587376889759307,10.140341382191716,13.250999423424958,16.876008249176977,9.458785050391127,8.611557902114185,6.302287395671335,9.189906179967728,12.64990532310376,4.787199128776533
20210318,Solar,128.6509814246619,6.426935939378517,20.03052548708702,15.3635437038372,6.760757737247221,14.012956822090825,13.43436709486084,13.409568315212164,7.697909295951036,13.223605147510199,5.782377495135943,2.152324218883791,11.447300600706331,11.891319700563281,9.841942721651984,10.547652808312865,14.962473277727211,12.977181969046226,9.98797372326611,3.385917985284709,10.576101364435656,18.22317787429256,6.328716551920104,6.492171911687593,18.28824478577413
20210318,Wind,94.99916789626687,,,,,,,,,,,,,,,,,,,,,,,,
20210319,Solar,128.03911175890937,10.695842308663105,14.657347597769945,8.610014391274024,7.157652493127904,10.970797978474982,3.202065071005177,6.338638451906992,7.998571737937831,12.513574361512484,12.061068975739353,9.375061073430713,8.90272870594278,7.373263990148215,13.39019684191894,1.2792109317393752,7.869584356417413,4.155538932092012,7.235680742137365,12.334943388167787,4.00807603280521,5.903418543069499,12.534434602715242,4.350110735707974,3.886681256442237
20210319,Wind,274.1882996293754,6.4485898142446105,14.123297814246264,18.619424382113827,7.372785042829052,5.412235408290326,16.40538772358247,4.394589710333073,9.78086591627132,14.72065627890117,9.105119889806872,0.0,5.050089474807371,8.178761660957129,11.141683501639072,3.0943747648123088,15.368491203335086,9.037715847008737,13.07558170130516,6.394644370269252,7.207451547797497,3.92749666326404,5.3957852392378625,11.9021299020933,12.340244890387591
20210320,Solar,130.6141566754216,6.876429165733625,9.495695384604875,8.655461618924953,2.7023831297218703,12.064433216906743,7.515912672569778,5.076234475207024,0.0,6.680496270097925,11.190463223389989,4.81331819850693,13.518781791140764,9.877221645374624,10.915084391796745,9.38408311010292,13.66761682413777,18.011298391086434,10.833968155927726,12.469274344580546,11.701628591307653,11.413413468056378,11.72175891861319,13.71262544423408,6.348680300202486
20210320,Wind,133.74517642645372,10.767136901926945,7.8014082031118805,12.788933619430816,10.488973914098374,14.19111978194969,7.020477470676214,13.954873360612348,14.571065004916523,16.88843443639523,16.095579944251487,4.416349336667649,8.109158708710108,3.508533015616745,0.797622271763524,0.6128777368712279,13.99003652478496,8.29056972400775,12.259663118490115,1.621674161759813,6.357244870953379,11.648064536066457,11.622660007528452,15.16470558969769,9.847582831695714
20210321,Solar,140.3947659685162,2.3341270231883273,11.244673059305583,9.165393332053588,12.148848109524886,10.636489418629669,7.004388036472298,13.33696577335406,0.6227238059677065,16.442155297686647,6.734169080940994,2.1013674143346828,23.578844685602085,13.306915438869458,10.138899543510796,9.449305881603225,0.0,15.246406128881558,9.138698162467636,15.881838001823294,12.274811400243108,9.704286179476886,12.595899857738875,12.843987467127164,9.85605049963692
20210321,Wind,142.56898082842724,1.2921517487443757,10.842253849662471,18.15576257514002,19.302381765961478,7.4303204951847315,14.042882029952915,5.214246996498327,2.1375523792633344,11.902409837589696,10.46996553306434,6.375726582199574,11.264849670308797,0.0,7.704408436701185,5.528701883834091,7.758473769376878,9.949292625700858,6.171206038234956,20.62243351258817,8.723859755096456,21.666729023985255,11.314378303289518,9.05025336152032,12.485304948621925
20210322,Solar,110.92619670993729,13.354360972509658,7.155972914173461,10.434298879068056,12.347512405949226,7.819653409768178,8.66466150926107,20.66322013171818,4.926646078541771,8.560027260574756,3.310338904627131,12.543851833323844,13.549344938989146,12.700035097441157,20.83208812060583,9.620116362502046,7.1413003855533415,8.451181796169932,10.627107825736186,14.120446510814242,6.974706931400261,13.23375523607875,10.650350525332355,15.121132783636385,10.409395690966637
20210322,Wind,157.1606541603065,0.3458319963795853,10.649239152334303,10.582071139453369,7.751579383513403,11.101978535629828,6.682241778311463,4.618180167064173,9.512330231156003,3.882353906751299,15.818928578709297,6.834087708833616,6.858374518938969,11.566499949503772,3.600262300850181,10.850017991606,5.872080595080428,10.932802955572926,10.33971315446581,4.984684059383408,6.372901325517285,5.797779664931375,9.220171629612462,7.2399486011006475,8.056461672337234
20210323,Solar,203.7797454099165,5.116611523463226,6.4683514665185395,9.300648206136433,3.201604561569551,10.243986891903146,7.8802042127823135,14.997320423503632,1.886373224105704,11.143288871020971,15.482068568316004,15.742446350241718,16.323002114158626,12.485129145509351,8.972877094114152,0.7089076626794599,15.267952919018263,5.838976640946453,15.135864307896513,0.05462510909135965,11.160328735596357,15.28825097952126,8.50447263678855,11.491257910319394,10.647141108688079
20210323,Wind,165.71446577393536,1.0008023230578122,9.142710346795802,10.982559630006074,3.8935649716726086,14.524110595596976,1.026541705420615,17.598327196026055,4.698038829675848,18.424575898340322,11.80944073716397,8.186201684737936,9.865254717845708,0.3578663010646421,11.915492566633446,11.625383501994387,7.282710673486552,14.499368888058973,7.650639731674358,16.82010019647331,15.634733398912342,10.290887497372744,13.614965118048778,6.352463868962664,9.107586774926263
20210324,Solar,94.44173505500072,7.569317665755839,8.323582627413316,15.997689193239546,3.5218583026401387,7.598708562379171,5.789181180242566,10.548788029966822,15.744725211547724,4.195814133245009,10.599680510893554,11.631090841479539,9.37731806084781,11.464148757923933,5.1364360586114906,7.75228209758266,3.0480479608096935,5.7303885828803445,10.24371136533353,9.262637582678025,10.609224202931099,6.616421001551231,9.522719541812043,11.148862764099823,18.472464371563373
20210324,Wind,132.7827047533146,12.140293738255828,3.6556370369711058,14.22921922342344,19.390210177246907,3.9080969862958748,3.8020822567345025,6.1513807820958455,9.438198234872878,15.09037574262803,7.454260327184075,12.48739841021452,9.497389444181097,7.287495489188175,19.64126343395713,0.0,11.23084047993933,12.768309857026942,9.273908152662123,8.04285109498145,5.176217424917077,14.505192685375267,12.675435844031472,17.47074716533556,7.1218392579775855
20210325,Solar,122.42362999491851,10.561689743661884,0.0,10.140380905580855,11.43905248463185,11.796930386602515,8.654153347520545,6.260609862758269,12.16773489349031,7.642805630467217,3.0222540264992848,17.669399806129857,3.5429785001933567,18.010951888978656,19.74394072263185,7.6955980381122595,9.961929900298472,15.39304433157611,21.36981907344826,15.82492054634438,15.465858708997047,17.377956937866305,12.597123700322957,13.86426437265641,12.776857513377742
20210325,Wind,152.64697341174005,21.95936694728642,5.304683750301504,18.50662553228327,7.085168903690536,7.612350735006483,13.320966351367963,8.68954899818563,3.818786078751275,8.069511075923607,11.527709706305874,6.419450274598295,8.747366897424257,11.808603886500414,5.707911684721253,11.898359937403281,5.387863330938856,12.128652156475262,6.235015344311796,7.04811234645347,5.573826915986472,11.079246651852491,5.301155969179146,14.610297347404305,14.567922547107836
20210326,Solar,216.52258357811584,15.434578088945003,19.020523322931506,14.364928206712845,5.200701974233678,13.918409745181835,12.769379504666135,15.404353890340166,9.730819877213852,4.122705043685658,13.781004053305436,12.211797537441614,12.73082900145669,4.116356585382429,7.0409590268094995,7.9715956123599065,15.08938346376537,7.154916371621326,8.076874587885285,13.811597427006236,18.64459969550184,5.1136726765372025,8.406753243057183,15.568489104103937,3.392663917094949
20210326,Wind,142.55586019895586,5.344210749216994,8.451591089816361,7.809094404013254,5.719460798030392,10.037693152288004,16.283752487732915,4.000620936500762,9.320666968443158,6.237535367165143,20.09685805526622,5.266866237215301,2.2730688028129107,1.54746699969173,20.73406446892136,7.66674254789175,12.654413482325257,10.92853312443603,5.212839200272596,10.11861275156338,9.195722665534182,10.565579324588676,9.735817627997031,9.649313692403789,4.435843149064992
20210327,Solar,145.59225655648046,4.0147249758679475,13.879840804482022,3.0982582313303118,6.953503027468107,13.274066021824112,15.169879086483103,0.8061698379361226,6.023647645468052,13.233910427805734,8.032252421263099,18.61047844047204,15.108345119985428,6.92614442927617,16.976353911085887,10.769328270658194,12.63829023604378,6.328917754261098,16.519174954041176,11.234788982804567,5.60791205436341,5.219118175473335,10.450560959632499,5.634877851876067,19.653759706733098
20210327,Wind,238.88224094097146,23.533439704877505,0.0,7.924930991017149,16.58127608127576,4.9284147663460605,7.357016425408115,11.810274952846518,9.744614479410707,13.855637843783846,11.350908091052277,4.801555279295096,8.65830772935938,14.05780662345085,8.153266366076483,7.603785865882951,12.41983202448556,8.943345449651718,16.88977482785927,18.14633191583851,12.79376561530237,11.132519176312558,12.146320831262843,0.732038561342897,6.614754476319253
20210328,Solar,193.810299583583,15.312860028666812,4.9585696601783615,12.066743892751264,9.850282764711253,10.716931316149106,10.095357003768566,12.908063756295402,0.5393735358854101,11.179290405383027,15.572021082006392,11.918381145783238,11.223633670756303,15.762278293524226,12.157178970545976,8.664239326602928,15.447972831878863,7.383583579693655,8.915509551047972,7.555413870963124,8.442827717726574,13.772400637241983,10.893505409484003,4.579842575826477,10.060767738582701
20210328,Wind,178.70406410532675,12.946848036347859,3.2275519131882477,12.986001853157134,2.7626679136302545,6.503683963080419,9.837219528892907,19.83984723399634,12.193043721680658,7.495935676200737,15.72266439430409,17.797301833657762,0.0,10.906988684455488,3.0663581966102926,3.3676952190468787,9.222971730178811,6.193764737088639,15.927969089392361,7.0984462250120375,12.214267039669268,0.11689052437954373,10.209793146183378,10.585031665892346,9.130902468089955
20210329,Solar,247.9065807650888,10.374259061078089,8.988499949564426,16.795688416510096,21.552296373651856,3.8981317346188993,0.0,3.088405123666347,8.002536412234287,4.482213988838806,6.887645216105595,4.017391519151513,11.124935303286913,10.400155444189485,20.983691335077864,7.408578544617274,3.792218258322213,13.152875620592907,11.640507986658669,8.988821407010343,10.46001519519211,13.577595890738012,7.8238234352831935,0.0,9.808821404131338
20210329,Wind,174.49056273970066,11.367607837375086,22.109777402676215,4.527270124405,4.2991943031705135,5.694460609644923,3.9137023154512782,9.325966940188808,8.713903040882611,10.30879233405113,8.604203033706415,12.975486033702675,4.784265588712201,8.339771818613537,10.36430776072369,19.42039659018189,8.963898923051664,14.919706501659448,13.51010336002795,3.985566397007696,3.1041221295033274,8.131193543354351,15.284643388156226,10.885222855499297,8.138561872310593
20210330,Solar,50.67364290112389,2.5896336225878693,12.30119471613959,7.804223330265947,7.045823450380663,7.277614541120705,9.163566614244438,15.80918716060239,14.258829010583916,8.17522847891691,7.37424673620184,5.036100163188022,8.242708175145411,9.893223559480667,12.927932012739303,10.892076801857357,1.7218820597562623,15.266366911499723,5.025732238403236,14.682121751729829,9.649631448124765,7.188608257907006,11.737542717814422,12.469519639181406,10.605302360659085
20210330,Wind,191.63328789401803,10.78519585098384,18.478062666390432,4.111786650627435,16.55072193816941,16.223472635119258,9.135517824295958,10.604310838013658,12.160167387290047,11.055907112187151,5.490777157323565,21.641822258694397,2.162672287414611,16.078619596416328,5.324770339093188,11.345621427698154,4.689714763115554,11.210589842411979,10.806888439144457,14.01769711267636,12.507042108261759,3.3633314831827823,9.439489663622943,2.1790943164232415,5.936025914586848
20210331,Solar,70.3995771440675,10.356156987295073,8.727816361571682,3.3060039421027723,12.075748163045333,7.145298002536703,12.561625271025834,9.02280405469238,8.40830405469444,8.393811500898343,17.35834706511623,0.5431443816906123,5.590592184189537,8.266887891732672,4.319546028506008,6.786635723614187,18.095378904051536,17.345723731888455,19.36185360535698,9.95321473452371,10.562567733339623,4.632490232721729,8.051874275275061,14.396168265861176,8.881028988322333
20210331,Wind,172.6002684291224,5.4793057844926,16.82434686927536,6.860906270233407,7.650385001878953,3.6422987486088845,12.31820814767924,13.949527484647707,4.417069854439833,8.521676066572685,10.31356904491458,2.413453282145439,9.182208426127676,13.294004625611699,12.255456424912074,8.02656425349026,4.497078286183502,6.615507814894902,17.387262946699316,5.379453782751419,16.279201731946618,18.823244120608198,11.399202198567433,7.89288960679721,0.14396883323935405
20210401,Solar,64.31282129353801,7.307367732157607,20.366283533414453,11.833061221470105,3.8431653695308263,10.657387112483343,1.1465374895013236,7.00305517896701,16.643307023937954,10.794803430562315,9.628772686340447,4.392392250253309,8.641237883060862,7.3579082048104265,19.581495373850625,8.85757527199578,4.130252793451375,16.42574594963157,14.02649894557463,0.0,11.559390427260944,14.246730640608453,10.147997619508661,1.8234238487760457,9.418246907322343
20210401,Wind,126.65722948000403,17.57588196721778,9.45315466794771,13.85697217445158,5.1665494553748665,10.145903303388373,12.59298367228765,14.257054209770741,3.299389990361572,11.760962323218612,11.238540812463535,4.5534017562898,14.422651752438279,15.066371672638477,7.297607801664238,14.370989376331664,13.348111135937078,14.547806092596463,14.755316277764123,5.831597950410712,8.790471042994298,16.473471438168307,2.380653534660641,1.5358723083110826,11.674295075055433
20210402,Solar,131.81077351950645,9.374125398525688,7.303676443863176,5.258229466891626,5.46751940461767,7.53973493994901,10.89293603226882,3.7321840390486227,13.146834513005755,16.119606450488675,10.268809825877408,12.604349830399817,0.6596443783756012,12.893614856218894,5.104485157584955,15.994240356894354,14.316058640287373,10.199157984020472,22.16504226918283,8.844376671540438,11.051271026627735,5.7133440840988925,5.047219400260671,9.72181430127108,14.796376299405985
20210402,Wind,111.49404463841233,20.355856512665554,3.4109453150492364,5.953620403063801,10.035158989247748,9.193882670769367,13.116865908223145,2.402841483585516,2.0130302789681744,8.315058329626536,8.895113130451634,18.998401364214615,9.7431535224955,14.860597278081318,11.5256544011415,7.728248099895252,1.6684461525415584,11.11532826738224,13.928831244763455,0.5042981797719581,7.53779214521845,18.993287306159786,16.522881586884225,10.42406504556694,15.738118563867488
20210403,Solar,132.55740014044,1.2966028175630828,8.454698707115153,1.1008841233828304,10.955309086406517,14.881135429982853,15.334327938207947,8.632059905438348,14.589366515725626,12.727472585261381,6.192213317665935,15.775645427549728,9.504586882831738,19.41059448361823,18.18596517152502,9.882906844375965,11.24391927911145,15.18152905505347,6.6915840573644605,22.472501106130256,11.80247478661957,9.666994920313883,11.852248527738102,9.926134913609632,8.113525658782521
20210403,Wind,201.62808601802763,7.389349068871261,10.409483376003957,11.071761041384978,9.256726856843288,13.353528826995882,9.285585136060142,0.0,15.053004264417844,19.018110295160376,17.82640229048466,11.169511433770747,7.710964681409106,0.0,6.80705552919905,8.824833673382498,7.258034985197615,13.309346633750211,16.065054928852696,12.077586799837164,11.795596564858133,6.055868357403754,6.801410344893471,15.184879804809432,14.203018106596918
20210404,Solar,114.30235439202234,2.2636072437654056,20.154768086745744,6.339305490146309,9.803930930378353,12.921151034368656,16.2279411849004,10.423498183564517,0.4369457840576607,12.860381621137812,7.148638685527292,10.047914478381955,5.433970564844414,13.768852476298994,8.750535658384226,13.811818654394521,11.652885650193834,11.307410634360952,9.628465742315075,12.72210080549972,3.8061920410458305,4.609774173816753,8.135576797970238,10.310381710145068,4.244371664792145
20210404,Wind,177.25704397552704,3.9528877305408283,3.5251301295195683,18.31515689105924,4.746384024028394,4.081606077398848,5.552997730534767,1.3371932864764435,12.246675263439673,15.821254967824895,5.347439667462529,6.968188556648798,15.51088541089898,12.345634766517634,14.185621656080178,12.342933583611504,8.486634030052556,7.748809757525439,12.443878794072077,9.250002470519426,13.862983293926922,4.758228363084918,5.690162118233409,7.097942519759497,7.413241445343749
20210405,Solar,101.717518019635,5.858971471703514,10.298309468484891,12.049043998247974,11.465680531119446,24.432740308576616,5.271309398138907,11.412102602831885,11.832518238749273,6.896863303656381,9.597221745399848,11.95536495267719,20.238567829831595,12.237489114155638,14.722077410061347,9.550232508365442,3.171986508895831,5.378529493543465,10.592469614120454,13.687684320230646,21.167345261943964,6.266784908824606,7.3767632858251995,8.397574050040257,18.104126600933387
20210405,Wind,140.52502118039354,11.576548133852956,0.9284593930519147,9.142771282716124,16.40259318418498,15.256261051371109,12.143860950677706,10.927297190584728,13.515246523430132,6.398221798258284,20.78757608718151,8.955980883752401,1.429694045188591,11.202954024570028,8.577781173950525,15.048230546212604,7.593213029780014,10.54157362078639,6.456070059873095,8.49560622735627,12.729995085618496,5.530621491304572,15.122503542938881,15.407644031814854,10.912096765711409
20210406,Solar,166.19196331637252,11.334130855401936,7.86618585580716,6.7944378622777375,9.186041591252158,12.58514281595436,8.1561622734741,9.660188069175913,11.826201375091593,9.203129358075312,5.892133478274621,10.94705453002376,5.379075056418449,11.199411214018925,15.483231165999534,12.59056791327743,13.12893820667405,4.278279013113245,11.542503659347325,9.190148001003713,0.0,14.521430103145924,9.09472676610782,4.397133708780002,11.164470370208315
20210406,Wind,100.17357916907201,6.603548401861973,11.556976787060094,2.526648899028854,9.088566467852633,4.17844112801395,11.308162823094847,12.18204333769046,5.188421536048888,9.735300573931305,13.548076093643115,6.295475342901219,4.978197311676427,11.681832565128962,12.643841767673981,6.144376215792224,19.71852412343509,13.661116516608635,14.834372772006658,17.02492746588265,7.866075757551133,23.005808799915293,14.165984386894154,10.795096889186627,9.108084840365002
20210407,Solar,84.41397835446551,0.0,12.56291576344279,3.1606411152728455,10.415005260264241,14.738650563670538,19.964910599222456,11.020987343070436,8.913835162650646,15.354122585579724,8.768341975415574,3.9908569886440115,8.592391493179461,14.529974214579685,10.080955640424666,10.04106088464206,11.949247416940842,1.1284371576314312,13.693778182706765,15.489987109947451,3.6029620125850026,8.764890459109719,18.13833958080454,11.025301193939914,19.343846954539732
20210407,Wind,174.5939075289444,17.388464365160765,12.945115398209609,6.889295227139326,15.591024298796958,7.49435744850336,11.967475367519878,8.534996983343643,18.323232682169845,6.351580254093227,11.22403624063486,10.12734671898428,16.27922836612099,14.131479431168081,14.512282094892527,9.11739989197152,8.045370473495716,11.53494115202482,12.39965225441964,9.945263339909038,8.54101380344634,8.861539593119792,8.02426277466586,15.1141657134448,12.654160618341125
20210408,Solar,206.15401996703196,8.571176419818219,11.987020164434227,6.505485589878476,5.526385002806797,9.028645976820172,11.060847694320598,19.155034902385662,4.460932620252134,9.556860449012067,14.610904424807895,10.016849127581596,12.638352361373794,9.875207073270483,13.823023928891546,5.060629025899202,4.101762424861478,8.615882366533372,8.996782109224235,20.1123700556212,13.429726205576696,0.7107612969559163,3.52447085737267,10.558455977902454,17.424936048815237
20210408,Wind,146.04674902563139,4.418549148494304,12.902109700481205,5.004140785770028,17.25423667866068,1.596103619703585,5.653898106740763,11.966553467762214,11.614289791755862,15.37412623506605,1.4015559590350413,7.020335688239655,9.230737135310862,9.06261755921123,4.7649362884684185,8.873451595780953,9.207741002107591,7.8029305645535505,1.7051637949313847,9.589878501751421,6.408602893237017,5.373691344514934,12.164635326855787,5.217128831439844,7.041314012732054
20210409,Solar,127.13435467216479,11.374653905350437,10.228695645013318,11.885473637211723,12.106111197176189,3.7925845702974534,1.5001009668782683,13.859540436554388,15.75626936977525,11.077717916993375,5.518294456040415,6.16744953591554,10.08181280811812,10.100767727903516,17.41756123701375,15.695437670644372,8.107783703854043,8.617316746876314,9.763025658476224,7.471068569906059,19.423517427283628,1.8956938026477976,5.898464458908211,10.960894251339909,5.138808074860272
20210409,Wind,157.78376938441934,,,,,,,,,,,,,,,,,,,,,,,,
20210410,Solar,152.77399593826902,8.386617675000174,0.7417151815997192,7.706838013491359,16.0661941833216,15.031173376352449,15.334351233040982,13.340746895210449,2.916066764420935,11.192488107334654,10.48725542040671,12.274740978771874,13.6932341498163,18.901173252772274,16.87806802795229,14.566248429907166,9.701874577900218,7.790514933826495,0.0,11.504400249125627,8.759466982279141,19.66709932137345,10.842608632580454,10.698825141086692,13.145299642885641
20210410,Wind,162.14512703556258,10.742655078207523,7.266560891313915,19.675761341326588,4.0896896306177215,13.424522098975176,8.38530996469663,20.314164594624028,3.669488331744378,4.362237492445686,11.059373202272148,19.38275078319911,14.301675642870002,3.6461808340064805,10.258968359814915,13.895719029864418,12.397898543939776,5.661545128970199,9.664978774046448,4.037968716837056,11.896331058558989,4.594803170055726,19.285976622147107,15.481952141178908,18.23708631840003
20210411,Solar,23.587744984314284,4.224850797959908,9.32692283468385,1.2663531674195394,12.610227681223542,13.254094983714744,12.007312496026845,10.830034424105982,11.974856807881999,4.281234428790198,13.55691808522755,16.904649132274297,12.956489576569389,13.748949391968646,11.238196658725977,11.039916399868279,8.20147316263094,5.7249272562020685,9.525910285653543,12.437413062856658,3.9027952369211496,8.984726118569458,11.614516791454118,3.466187705722276,13.749730381655278
20210411,Wind,96.54478544170185,13.799564215882418,16.269658985877403,10.290819494861315,12.151547822533088,9.676167715201466,17.13248636359291,9.965193270819695,3.6269811350415293,2.058931241831959,5.551992545486919,4.0307876170935515,0.0,13.719201945207443,11.994433284037418,6.99318660551072,18.545585487806736,25.60488310352928,5.426666244932006,20.573393061375192,4.560839345805071,8.757670285043083,7.714493866528845,9.212097164588087,14.386327991737451
20210412,Solar,107.7384947281573,5.015664526215648,9.496991624219065,8.907098979560374,5.322724678031036,7.96646492316894,17.0075815661518,6.752139560966923,9.323199796839617,11.033408936848016,15.275362689136603,9.045870870550658,10.065703786280979,7.3480420444598575,12.734247526913727,12.8187867960369,12.91910941350739,3.055408778820433,13.802083598321499,14.75033336397544,13.781439385914968,13.416962377491695,13.129213160668543,10.030025767266961,10.86442205868291
20210412,Wind,157.54338142557813,6.972151723482841,9.017154828916537,7.2464955901637165,12.303190614769106,11.444475717826968,12.144079438008912,8.718630317200091,16.8563569815161,14.594273749215082,14.09891862320275,3.17615641931095,9.067321498211733,11.480253577062602,17.64099708138923,1.7683652412815987,6.4665277933975105,11.980702850704203,14.720959144330012,13.32034537076993,19.641992896160904,10.526552088742786,14.075780693754139,13.862106273464452,3.6346107018233145
20210413,Solar,159.29389418111333,13.244009080757877,11.927635634208897,6.511685769934703,11.416525896902431,14.10704161550137,10.850532393286715,6.343877154744189,9.743459377956844,13.827932423019352,11.191586036291852,0.8038206546523663,14.956518062872016,16.31479731165197,12.332206899239752,6.640590079439973,15.005553419321872,6.0220587788606235,19.07069611617939,12.402012509034556,20.230162597331535,20.572265559240478,16.02422844400851,14.497456323215024,20.11638695627542
20210413,Wind,181.8090244342018,16.019794825051168,8.64994006274399,9.96520058543821,9.10630940155033,10.024311274667957,2.4068347549846214,13.386059565007697,6.110936059195982,15.718139962824075,12.340658664337433,20.977445438216936,11.195532731447603,8.349871336359863,9.860054121095803,15.523781908550369,4.219947330738693,5.438941633238562,9.859009550653134,5.010761856983646,8.267081668317347,6.254181119655678,5.385549945411519,10.121156233229682,13.32165267962099
20210414,Solar,162.87908746052184,17.928872840231694,14.052709994734693,8.872360863391355,14.314087776151661,16.051260099567024,6.849026779115298,5.438418763406808,10.627048363566928,17.271111095269372,15.824868888285135,17.401482518892436,12.783692714661969,16.559674246818787,15.047665333637376,7.539518883703226,5.726597384399491,3.2659826186184127,16.457559219481443,5.017708825795359,16.756660510038717,14.497775454039873,16.45458526658195,8.195652412097873,12.616936592292134
20210414,Wind,84.96324648063323,15.278991192332859,19.89666809191939,8.040617364437201,7.141228738211678,8.924653680919961,8.596220959909635,10.36896084949064,9.656635729658372,10.723236922440815,7.030804706329217,6.850980422852596,7.523514769147811,15.5911762728741,12.152094915347849,13.19988046973247,5.99506677347687,15.641501647711012,5.903728352595217,10.815563343893213,9.65610464695743,7.023865519189813,21.43084187757952,10.94055706736841,14.368957358485934
20210415,Solar,222.35023087925302,8.37963908099109,20.953927571053505,3.506401825053127,11.351606229216845,5.098605323519744,5.738341942829239,12.797734671511876,12.263288194016212,9.676961411132256,13.306785092306102,16.216880694763056,14.69699189469047,6.450699484617044,24.777665504382156,8.184705149978171,16.641896637692764,16.022074878827283,8.144048126650187,7.859010607140026,14.583490534024957,1.9906436730135957,16.343025994728073,4.296905861133517,1.430331644325935
20210415,Wind,213.59591517111832,2.294834654497685,10.485203136222447,1.9094409109475052,9.341631087723405,9.948188789794996,11.242266314763821,10.751619432976105,18.095722769094262,17.379823474212298,18.721786178573836,16.958601563225542,16.169073649194033,4.459695867749195,11.457089604225965,12.750837927183037,9.106240906134603,6.898679604801494,13.397405752226858,2.7667395929991367,8.946769682748865,17.133108148296554,17.252589869351223,7.553594425728669,7.494383758775409
20210416,Solar,87.09013549865371,,,,,,,,,,,,,,,,,,,,,,,,
20210416,Wind,166.63526471870915,16.853479944524878,17.89428060186742,7.989519477517349,12.514423425593858,9.589849663617953,17.58880796330808,13.494724570029923,20.16891255882952,4.10733689808376,8.888033861706601,14.253018285086254,3.519054899559735,3.798508467561643,14.410410687668048,16.358994368638612,10.82051930515751,4.820858420533668,9.189118727962086,12.253409568976682,18.009134103896297,12.049943489390277,18.447124829527798,11.767890586738787,9.275512755392171
20210417,Solar,120.2287807378492,6.640119233232522,9.250189885518646,9.01481569861586,8.961321263254243,16.403277804411307,11.219399309156035,9.573301457320264,12.27650951738771,8.30560273715449,21.591028451861828,7.541731994207084,13.812268485595954,0.0,0.0,4.420223623965511,12.7103404834183,7.994501029278243,14.197780149225355,12.901511094765967,19.312577684650417,6.849467498070782,7.619595567980236,6.688592130779384,9.61736568980597
20210417,Wind,156.94319946002742,14.605945189122801,13.395960709620896,9.456891010552456,2.634967706452266,14.026509903620195,13.897170360124141,0.0,6.16334353645978,7.721283453328922,11.154072512052469,11.915475141888226,9.138038526358786,7.5529385404421205,6.316058605404212,3.190819997135864,17.945906960875785,13.394818774082403,9.969763306224499,5.83619266537095,7.896049680910744,4.307413088173028,9.806157456046463,6.0906778213503046,16.407144158242065
20210418,Solar,202.66551398209353,8.339111030346308,4.324199351570874,7.38748829058591,0.9946694764100783,2.8452950568914517,6.356978423219405,5.083241547083067,21.441514971143004,10.241633729105105,16.992957998398737,25.04931097893958,15.143568433155151,20.871261395108114,7.8028779409526665,16.090305373806377,2.5150411336187006,4.99394246298447,5.401809444000408,9.770421922421237,14.683141051105547,12.803023959412904,7.677369717647375,6.002901402203978,10.586377688298535
20210418,Wind,256.50521331604796,17.506384417558642,8.44580425862501,8.937962880908973,13.945287340416009,17.67183507099143,17.320446753344008,17.005661182013665,9.375909913273915,5.749901544284403,7.892342931596341,17.926812027107157,11.209103970938243,7.764218079206537,2.501743079285965,9.985904507313382,16.31656393061767,6.303442067770687,7.05223862243457,12.073838100583707,9.27496303128255,0.0,7.094103092280402,6.347356799120755,21.890409722036587
20210419,Solar,187.5638852571305,7.42567668798109,15.780573083226535,5.732358459482528,3.8969994638658467,0.0,2.1901670202740977,17.42160920757342,4.725538840544975,11.848665723816662,15.339012489528518,9.358939354951666,13.46433856928015,11.897515834472845,8.023715369271896,8.468762556099996,0.0,10.122512518478322,8.633016489712574,3.6586878400755296,20.904548993447307,14.358678706946451,9.973799332393769,10.736386013237833,9.796018146743794
20210419,Wind,164.7467367555068,19.89325643774252,6.409021831061883,17.619729045816417,11.396922467003032,20.755121864262488,14.564140805430812,12.63055605032599,21.618643318149672,7.154439798047584,7.267874762294612,17.108367519977865,6.263813101321994,13.499949478101504,3.144073010091918,17.83823015424304,14.53143113186797,10.186464819848029,12.937742587088922,6.137826367184202,2.535452754525176,7.910579369215626,4.2312237787136855,16.005909913714937,14.024686403131795
20210420,Solar,133.00894158458513,,,,,,,,,,,,,,,,,,,,,,,,
20210420,Wind,159.10674355055883,18.987724223429932,2.1289517719894024,8.145096452673297,8.1573411151455,9.052161316742499,6.220703066227878,6.108530093710677,6.138052839820523,4.027172482801466,6.966299454468579,12.517864155383263,11.713159482707274,8.33188430222926,11.20791104791286,7.7524954512435285,16.075348226341088,21.164863680959623,0.0,5.453940859628963,2.763715003070575,4.634519590543842,5.136880350899877,5.390663404993453,7.128599565981653
20210421,Solar,217.98859466641568,7.681013651750604,20.028841472548184,6.381056054430597,19.7833422860767,9.6999188051318,8.956066216310312,8.699277906304705,7.242647459777956,9.302635919739489,19.505779880985223,12.637383615143312,6.55553000170371,16.1435828476575,19.596989985579587,9.328071845673273,12.844190087322321,5.7808523718210285,13.931371190357575,8.360312847968933,2.0665695415279997,2.8138717151850257,17.670963970289144,11.649766685042643,4.844782468339951
20210421,Wind,147.76456216202072,12.025148022220964,16.315140349084515,6.297092298975485,10.89837009230223,11.926027164200903,4.328736484219703,16.176833002298185,10.823132066611025,8.325428542112443,8.894343339056404,13.528465156452542,15.008467383876017,10.19958155600978,3.1889485769455863,15.369556731243893,4.674485861241562,14.763858665843964,13.227220129904664,22.47891705559503,9.420537683294278,9.70927764891413,18.10019610426157,11.408633721313766,10.185439948623035
20210422,Solar,105.69436743261748,5.153604008278173,10.940497830763741,10.123207833189733,13.778167413410326,9.998683993665784,4.541799760988839,12.12957621281037,14.654306987244436,11.15444961335234,4.460339365221842,7.457566270713974,0.52339180091593,9.543070497464084,3.9225778390266344,5.182120961678224,13.735397388274933,12.979276003856462,4.672289860568156,2.463876321686709,7.747851623219289,10.977560750599428,22.72681667178585,11.059123954677508,19.602510305660637
20210422,Wind,69.01550672416867,14.219946260595982,12.53756436041164,9.48882895058494,11.424081076699045,9.33302405581366,2.04472999688035,10.324741919435258,0.0,14.633522414133534,10.475592609511189,11.909868850608081,11.038535182976295,13.987463434417533,7.336303051374165,17.217281452661904,4.662469523472844,5.973152040286604,4.333480588156917,17.123288416182376,4.943445281794013,9.541361245845223,9.665423182249663,5.115955936451425,8.031906141619263
20210423,Solar,175.65239337051253,14.495207664185623,11.979490534716843,7.702698048123949,8.842302884412595,16.54459154678093,13.83756951100356,9.065957285534905,14.63250242655751,11.331054531944714,12.685473959706497,14.279863483972154,3.529613302484047,4.852187440469315,9.264115855773994,7.783203888188288,5.306511106477128,12.316295695771721,16.75546570631154,11.708326893382065,14.185962692133028,15.473709876965907,10.147164325456421,6.289073944869401,12.59447528716576
20210423,Wind,162.36440628138698,21.985119591005933,16.92155876515393,8.582620042228442,9.904556248820292,12.82798039875425,16.02672484713341,15.872360006173537,7.227326988351845,9.357044008243932,9.866995113138293,0.0,4.8884917912246895,3.6844383393076696,2.2893317461554465,5.642552395002738,7.718673653766599,5.79707917109642,8.797016558790038,3.879907632724122,16.493744252031266,10.29950509503983,13.85730128252106,11.72441532289777,8.714253186820326
20210424,Solar,117.70459133688517,12.410198986098246,7.405999788143137,6.400932245033648,17.292713828302418,5.2059807281461925,0.0,15.610160767750731,7.935527784199333,13.45627518882647,5.933398857365629,8.419116139348118,14.929934441481203,1.8754724841302162,6.5045752932168375,15.434566413301935,8.16924481021247,10.35425084567252,13.767878572526577,13.392949336825144,12.564342914746199,13.57788737135078,3.618062471519772,8.075955543160454,11.107801608434993
20210424,Wind,201.3007062853649,13.620471012530466,13.66133809964116,12.008628188630803,15.440526463002149,13.703369571678623,19.19152758075753,13.248358753843808,18.575959054606585,14.215123847080756,15.186584036449894,5.483438663252389,4.500375817246203,12.84006230036039,6.042746746729662,13.673028313543645,11.2035161251611,14.120302199650538,6.530143846987841,10.214499811587416,0.6161900820360067,2.656534872073475,5.10786500662549,10.452689780031001,15.710061541245704
20210425,Solar,128.91115678061848,,,,,,,,,,,,,,,,,,,,,,,,
20210425,Wind,143.26779540876024,12.706896863176194,16.076629852382286,5.625793613833908,11.108210464864419,7.273631372093906,11.44926602438419,8.21621757116606,12.238506739325508,11.937959136532479,1.7602132557676875,16.88919159752402,12.901611033553486,14.131789181772373,12.12814356851606,9.46587473598256,11.648477726582046,12.057403682433572,5.385735155161892,13.302468245870234,11.648633138193555,17.417551667429517,14.183948226754087,7.551916873000462,6.923300859430633
20210426,Solar,149.16679333510282,8.100543956562081,0.0,11.969816118673023,5.61531467149626,13.960692131810807,2.6379358220746187,13.465068598423565,9.757199425902185,13.233177731478069,5.614865230696831,6.940736520919773,4.44607957989105,10.254554253919867,9.236194656564706,4.474007368587005,3.138406371579973,7.119939850905504,12.111425155594832,10.98161917163664,5.788770157839578,14.858494117514214,5.694400823333656,3.3303001476972027,18.030217819152085
20210426,Wind,132.4523628930956,10.579303794209999,7.003627608674277,10.224744785103551,7.79741527820094,9.212136993884801,16.604128750824326,4.490450775127598,13.818212919411678,1.7803663707537487,9.20286176683734,4.55653232438102,15.09104763445266,3.145214092138333,8.111177046792397,13.991692187409026,10.194067613180048,10.878208006808247,11.784476886454073,8.467784164972834,11.72927915769436,11.668187952023654,15.008231392436759,11.321526177892745,6.975427680296421
20210427,Solar,161.79325328747854,10.872578307728975,4.90414689349048,13.343148790662948,4.061109041007044,8.891632639374496,11.00125046583417,5.527150762067289,18.09005286477439,8.245973942717718,7.345371514204543,10.585819727171554,13.22302591014323,8.221934040703806,6.451499126736976,18.598067833729665,8.63771370880509,10.530687528516266,0.0,15.844587845100689,7.46516872427258,8.107059432404515,7.691007803607855,8.25913120792082,13.383656135062683
20210427,Wind,207.57575729665007,8.238475633254147,10.747941427853428,13.483964802480358,13.835220644376387,8.755434412835328,15.694131198856496,2.744543196075303,0.0,11.881169656043317,12.629772915739698,4.233944941033445,6.1117806881635035,14.483979401755892,10.257890410092173,12.68859493091412,15.069145627749952,8.16680749609155,10.619886833678734,8.039800894804044,5.898314404203593,5.318871234298694,10.01869380826096,11.328643558182385,2.5467046870633956
20210428,Solar,92.87590509407886,10.314725482709967,0.0,11.027063486093303,7.070418419613759,0.0,16.104291603238718,16.176148889965628,15.423089953681213,8.541962581128125,19.197386035605867,8.867835114931186,14.901878410965285,8.689149915112313,5.119571276682296,6.201661665635511,15.572358329454119,0.8433761540051898,6.40692778516734,2.9990825162101222,4.086407544974577,7.351851564839954,9.144276103663088,8.166951030589003,16.423593455031266
20210428,Wind,174.42600692370044,8.123524151432896,0.0,9.800897119424501,0.0,7.366503335326993,16.67437211360635,6.396666879353275,17.735165319376765,8.559265551809052,8.095432452469105,8.340588881377164,0.3071542448911502,15.934072970764264,17.736190023474915,14.449704286526075,9.150205777543453,13.90445235524504,15.465026015427274,0.5206368824342922,14.171708824848626,13.187414738024918,10.951652906345393,11.178318214558105,23.023274533577677
20210429,Solar,158.60793348032206,8.101344374830804,20.8504749593813,7.827749001757768,22.318878491649652,13.565866210628005,6.758596120738986,12.020038933758126,12.505316239502962,11.87450771399967,17.88361100551998,12.900513733008427,12.362456907327893,7.732152202178762,2.510491137059032,9.748225246007962,0.20256605554592744,19.952380411603013,11.175978896165802,3.8200021662748496,16.467148811755045,0.08592625225522621,7.554910792630976,19.025762326741237,9.864897814929272
20210429,Wind,157.6881914772353,15.383323257511357,13.088446941316702,6.175198234456823,7.146994307558423,9.887943785481186,8.960189960533977,9.372212396452364,6.613187886475755,11.988224870077152,2.6583357184634373,11.575977923776007,3.7688423787715486,13.59678911827321,6.71848111074779,9.631075750014762,2.6286400950128384,10.698059532829422,8.763498868426215,14.014825216975641,9.293387703365713,18.97517738403722,15.19839314548758,7.381115318075551,4.869642766906173
20210430,Solar,193.59222849370454,10.877068209132057,10.605046215994058,9.515771695241076,7.117045372570952,3.574067850721252,6.941489626352427,24.487694950609672,4.238637760499113,12.33529677285443,12.27907406259123,10.806984567892233,7.3835029356724595,1.0870504299661155,14.341007269912946,7.573526451849276,15.61872090216552,6.93480690016178,17.59426722733334,8.183885151586399,14.923593150669255,16.19416617507423,9.161857376712417,12.45723133616944,13.837502782040298
20210430,Wind,152.46487126085793,11.735331361001386,11.81836323919491,3.5770558429115984,18.358058463301834,14.823156275960187,14.475482313706415,12.209527270179182,21.80922843456631,6.038882691398472,7.026442566228023,18.184252556452314,7.7064503334948675,8.867768220916153,8.006813430929254,10.523423625210816,9.283216531788792,11.040460917182797,0.48391560849947557,6.139963678671226,17.632377305992637,16.07956922753064,11.819940526004686,6.703502620476724,10.45424976747903
20210501,Solar,174.01146309528514,2.7134761550723208,10.7317046187459,7.030720049412657,3.9587427460124225,8.506999202283023,11.664446146818703,0.6892962037732797,5.475081566885679,2.91098319722909,12.386949653271321,11.348647635437308,16.406986590090597,8.064656966654148,13.3598661085106,9.645125175507628,18.74577331358934,15.730133051846982,19.636462012081406,7.832151346115895,10.656534113351793,13.07298233783318,10.547775200368307,9.339765754219304,20.70736535797754
20210501,Wind,185.79323147855735,12.117291659151949,14.986753282757629,15.534268122362842,15.683029432665833,3.8921225466923848,15.34572432006619,15.87717878298292,17.588207855281258,14.021933911762549,1.2159507727148677,7.9108111194390744,7.493603707410524,3.0106499222501224,18.58596921314961,0.0,14.48346475304239,16.397716484777735,19.377253042113338,14.147217579929055,9.612950804230415,10.539798849780329,4.932035581518127,12.364618199906268,7.003941716174052
20210502,Solar,124.78173998096968,12.65211731987619,6.837779039680107,10.492561105398456,7.062787782879893,21.030062308355074,15.563694015286162,8.064245181971579,11.952556622378859,6.287922462557503,3.573047602984687,8.524047942817802,9.606903011322547,15.559603385631899,14.165514676437384,10.129327930755991,11.275856135452793,14.558430618302333,8.051553836180847,13.166599778650532,12.348147594018696,11.888957429829928,16.746198596619955,11.416227945870506,3.315237473987882
20210502,Wind,164.9591730406899,8.008306886556236,10.933074130367846,14.463322094677748,3.3810227770157066,4.734137027561221,1.3637025453054608,8.995360990254731,20.229154030074106,5.942373218638619,12.376562572550627,6.178476247871116,7.80913263293599,6.7996704137830495,3.9898741707743577,9.311914358408979,10.642748810039302,12.22589996682633,14.441987914679464,10.81002135156545,5.811246312460863,8.169744288788289,6.741808950129123,13.454107481933134,11.518899166739326
20210503,Solar,137.4606196394684,20.425148381303458,11.137106339688577,17.34821943329212,18.52858880689068,14.39745755642855,16.753850652769362,6.637438684949783,8.408699178450671,5.491242372939879,6.8499954716843,4.906818556679665,5.0867992659707975,6.283608309475773,4.228858840580475,11.734094692896292,4.255547670901004,13.376504628172894,12.426821879080228,7.001022638347959,12.734425577732827,20.588876361338496,14.043739749521096,14.782180061743011,12.916616204446688
20210503,Wind,143.36591101400523,0.0,4.765710207708311,9.114852720425914,14.615484735312636,6.153429495726978,14.754304788828586,10.97806259319231,1.9620953819155618,15.755150706677695,8.384411970269149,3.0532878975742372,4.848493773302817,16.506497123904655,9.062997949822426,0.0,6.843430234558793,10.591427998328133,0.0,8.047236417055393,10.755477570688038,9.307520018591195,13.644868819523827,13.32396916594744,6.155120054553678
20210504,Solar,133.8969301760834,13.921835678852734,16.384915295315263,11.036629170968208,14.600004922575213,10.679134172869109,8.153875584072514,10.912565688374107,10.010854235979712,11.060134060432317,19.181425874136785,15.67116223353371,11.543641637654527,10.807248218478575,12.215238988102461,12.560013715587854,12.081383945654915,5.219818693952945,9.442386957107,9.338349753116727,3.4665190942291635,7.621691692865887,2.505355545736181,14.601202704886429,14.802453198395447
20210504,Wind,173.5540202048443,13.564024024774312,7.771616300492953,8.490770529236222,11.838277733943873,5.4890951831591215,11.748963832648144,6.772614111756858,2.567761810497916,11.712616991922673,10.687857345844275,6.40846471356608,9.868055231379845,13.899007696107175,16.03067779998651,10.143036157601097,8.274571203041193,8.107246175984464,3.6747630984200796,5.526791797256724,3.5250429110810666,8.672626866178184,9.101380769783852,11.065019661481648,10.279682510182989
20210505,Solar,154.0822354509127,12.707914659997058,15.087108349044504,5.936971197621968,12.995508165388403,3.803479093631706,9.38165214208648,7.459277397567857,23.385302656037986,13.447755916137343,14.507582571408168,11.579577375866348,13.812582902697631,1.4864717700026242,6.075066237014459,12.47567735561092,12.341402130122837,8.385392505056808,3.2188731141266915,9.447412613169972,5.073488217208006,6.383882142566433,12.899104856134645,6.357044555782013,8.645887450892365
20210505,Wind,169.72720171583373,10.881063528193115,10.574563631857401,5.2351587033379765,3.8392098762597837,12.611012723357046,13.08027839315588,10.506430665441583,13.147491120404379,9.788147347922267,6.20363925197754,8.500668830229563,8.789682786526415,6.007290893745126,7.5754795911998105,1.854364450802194,15.146191873067343,11.462783285675707,8.567648546186541,5.266104393548352,12.563233936808272,14.045196116519787,8.552369337715188,14.00326179407329,12.723618259650568
20210506,Solar,149.12413185521257,12.753396613125187,18.16792416204529,14.215751862982456,10.558054286223303,12.026452725672003,8.143018096475618,0.0,13.890652246772287,15.063442313328542,3.293981535488373,9.85388002372051,8.951705617012482,20.431944796424528,8.746749464366726,3.8264022083439553,9.101717942289662,1.1800633263752658,8.74107156929291,11.829032400160182,8.313269684413392,7.404747457451309,9.360154673120293,8.093014106991609,8.561990658677239
20210506,Wind,69.79394937648375,14.340877397779469,4.793104557392379,11.04313640242824,5.356184997745775,15.723247221095322,12.394636205845538,2.79251264748149,13.893851415130273,4.015984220102209,9.596323394790618,15.769005590319608,13.828764700388914,14.270236679917392,8.646421379916625,0.625066055528245,7.84228063317737,12.555188431223064,16.07908343910314,12.39084576021148,9.874835881797976,9.370756470358076,11.08523487832492,13.469553698866237,6.3249732814959465
20210507,Solar,151.56842080498544,6.370562080840029,4.5762059924477505,19.233015360405265,3.055297404684727,9.828090348520686,10.33652652329676,18.349960480490093,6.532051596883366,4.571964971229968,2.5476529833267336,10.883282141810247,8.139462044974518,4.633330816969902,17.478226025392026,10.731587147354567,5.518461770508875,0.0,6.23752865454359,15.58605450082996,16.83159573102608,16.681714161349078,8.120230493709464,3.7248132894689223,1.9305769891910873
20210507,Wind,153.17689775784086,11.495978110900449,5.471522044978457,14.860260064619455,12.054766653540158,21.10175897063246,7.839030482523474,11.639104721601209,9.339847537414725,4.296152671669807,6.507051983791627,5.386626250605842,2.8020480078947307,11.125152703475123,9.479764960014638,8.274650678652126,14.174429883369312,12.056673109464633,8.025918302139313,11.302386154188895,12.214077368659003,15.354104420709726,11.785991581331107,8.221131483789108,6.913855951202718
20210508,Solar,162.129796857673,,,,,,,,,,,,,,,,,,,,,,,,
20210508,Wind,120.3135403157129,4.531157998872457,17.707341978891026,14.201710901133856,8.08315587885968,12.833873406186061,23.53234786744379,1.5195858423158237,19.719442317097283,12.53208848099345,9.443695514691246,14.29973013976694,6.61429489401237,16.969177275247027,14.557416512283218,3.037743159131603,20.935395415462683,14.474197753165468,9.081491294272446,5.821373389389729,5.064517519244086,15.90379746302927,9.015040875066274,11.96231300144215,10.179609878536306
20210509,Solar,90.2265141667244,13.585849873066447,17.965468090826253,8.474622304488724,8.93993553832729,3.207853774463858,6.572316850871591,9.718419175267615,4.214541007088339,7.637089816432483,11.67259692747561,12.415892687174855,10.33443280013392,0.0,17.95543941886371,3.950839950310303,10.884297956376054,5.521466593249671,7.434283433989019,9.762423820137517,11.525528767054757,2.9178247786540545,5.147366491595136,7.114476303541603,4.914390826914844
20210509,Wind,181.2303322447139,7.1781978765798335,0.0,16.084298545645005,4.309246774584798,6.929578424387347,8.750282043692154,14.925960458905529,6.357080551226003,8.837808256056125,13.001591980010408,14.612066604028707,6.867431220010453,11.376486752967333,9.824020595041713,0.0,9.516808753295255,13.118017455019176,14.284279898153509,4.887377109124556,5.1446545862837025,2.494235103292649,12.02787735033174,9.923844467830552,16.33410878968722
20210510,Solar,136.31967217329156,2.5107066261026647,11.248535806112693,7.568330613784898,10.036085730439488,12.598398502579887,6.659438001834847,23.196030523249703,8.185344468869923,16.340353003976162,4.021376420969471,8.807492832780216,5.137491408255525,11.301407365451006,16.29595680544436,3.2722614208292846,12.336628580563518,13.521779040096542,12.653161093820696,1.4785670149641161,16.265139206516327,8.36701535152963,0.0,9.273342903777973,9.765059250497576
20210510,Wind,158.5622023842498,7.304446696491755,0.0,4.737870198786637,13.80038056194207,9.578861187932086,7.183918072362081,19.460282124978487,6.631766704446794,6.527819020234535,5.290328642847832,3.0197809229279904,0.5063913682925236,4.436852312507202,19.13885385298245,6.749819101495157,8.560224861606084,18.528879887729804,10.49964520201086,8.674217520202056,11.228867123968305,11.464655705867525,11.311468307951039,15.132786647234505,11.460115179671511
20210511,Solar,135.9269960055852,6.0055055095343475,13.975158968925173,6.021224614692952,13.957638683638866,10.938415675173179,14.07887176692679,5.565309899357324,2.705367727412246,11.477163956266429,0.0,12.533239943456241,11.695828275657568,8.634240641697819,9.448301463110218,7.008260738210696,5.573421691357387,11.828568197715391,14.620259026674717,7.481177953957688,10.645865794195515,8.876885193222442,10.074276878305715,12.354241144206847,11.371637133081821
20210511,Wind,149.69690871132025,15.142395045950552,15.590847074476034,6.276675487925432,12.725880878154662,5.917531221429034,13.579412298180339,7.521002343078548,0.0,6.571420644900651,8.1473834617856,11.264094524709906,0.0,11.87771686332784,7.181807677665202,9.661875753031488,10.443901961078833,15.130595770751004,3.7616406750719977,13.057136539783823,5.225187011629192,12.194579270528866,5.934762181706108,11.448619740347674,17.426535087369388
20210512,Solar,127.53573260320958,10.765965702790389,9.798778626539072,5.798741176906679,6.907844164027321,10.60973486735811,9.970682483393452,2.6425038488166397,0.8657776716438326,15.479871624700847,13.683779788086154,11.395044435802323,16.491723880811342,1.1093718309871925,20.93533642384109,13.808149916063504,12.289058202958618,7.814369505982504,7.090582873939171,5.191429385612588,13.096854214013533,8.116729823931031,3.0525956077893266,10.101718856791223,3.356629292809663
20210512,Wind,101.5958205423086,16.9119137284497,10.419907887473773,7.1369586219744665,6.74935478286424,10.592729457958683,15.13148292634556,5.791724666880242,15.495149662907451,13.14213092136334,17.456384318032434,3.0912817934560377,15.16008046770438,3.6022165999435107,15.605410746756421,6.5550993159682145,12.620461606980676,5.739681255129884,19.991684896651854,24.067422133281127,15.642225989933351,0.0,12.091300681495966,6.164555094199423,17.296851247631995
20210513,Solar,173.68658303843284,6.667218843834772,10.3681944647012,14.283459351626188,13.977022366204666,4.097824900573805,13.96721647747155,8.93578418437624,9.958905495103897,3.005392869977064,10.952409345415852,6.798917668828706,5.452488989897514,9.224465586863554,10.062453734420332,12.443945421601681,12.220332633872095,14.321292522225727,0.0,7.6003550871411205,9.318644942877032,9.046803866953288,8.764475213434677,5.616491272291413,13.725928417302606
20210513,Wind,119.843995588694,14.370849359482495,6.077790406293768,18.98022104133092,14.059994661083657,13.212749223402954,9.18832906986893,8.16431501686928,14.177694581270348,8.69599485176027,16.866144317713452,5.308158745293753,17.941264550338936,5.834698147440067,13.249808148542515,13.891305064982776,15.319444708955386,14.390730253461399,6.635905089678823,9.648391761637775,14.641131467341713,2.3970346345533033,10.693155570088726,11.386184914095177,10.38654553123631
20210514,Solar,158.19757404474052,24.198114574039565,12.158528926607401,3.3490524222324813,9.140025072840535,1.4996752654101553,2.3306762910289693,20.272836532897156,7.0874320204581895,0.0,11.919135118879922,11.996833215450977,20.303995964671067,7.684350679757483,4.77511912623654,15.750190279720076,12.602598983293424,6.82261106557499,4.082815397970009,7.165727291587221,7.975821260428837,10.015727108364072,0.8127782124882044,2.929651339789834,5.730320609997952
20210514,Wind,170.5230110951039,11.780162335635701,8.842959991733714,16.317565214165747,7.869140462171572,10.921190402988419,14.148915039745013,3.4232152876189224,9.508321698704533,14.50227790505415,10.537247102505091,12.16897037110073,8.633417643969109,9.899619007541293,15.547094099636192,12.448931113986003,11.353002866322432,3.940835860102543,10.355091571376304,13.88911446870198,9.688599999660529,3.735601401676696,12.38291319634228,9.811860957133705,8.765741922751523
20210515,Solar,120.65936421984591,14.308244311615764,14.651458546448092,7.6114814201278564,15.836235467228498,18.827963469127504,10.848323105009875,9.774527754060514,18.065787504794418,20.236544754607174,6.943545617074094,9.782560543838981,12.054852202595342,5.447701846074688,0.999848035842319,10.366438410491655,3.6720697966760305,10.61621787834174,13.024694949584687,8.931040078368683,20.430165589912377,12.586597435805981,14.698306729333778,10.536545665786257,10.211792833486461
20210515,Wind,89.80571828135075,13.467588321127032,9.431865327403852,11.73941265601117,8.200256675933765,13.402752689095411,10.11111731850296,0.0,17.763613028287082,0.0,0.0,14.83792359323581,10.681348172649425,9.867116802685583,15.353210699199352,4.599813930579037,11.229393379453654,10.218888413824047,15.534809727363266,5.103637043541796,8.14259907143777,16.77337754542186,9.236674699410845,2.9466665354828256,19.0439501801946
20210516,Solar,271.30428069265264,2.889623362870867,5.694884467558706,1.7292698471335133,13.729661122618907,13.371496230185521,7.669759899951423,11.654453902438668,14.709860662961368,2.8645065453147622,16.11594743609798,17.45355828284973,17.568079906733047,11.48999006623895,6.391445659547694,11.362548831918863,9.145746811300862,11.169376684114814,7.948080580920109,0.8326021027213704,12.698424920106449,1.3548413656958591,5.515458081302006,9.719072437702339,17.175205203765824
20210516,Wind,123.6114062027287,12.929086487337253,2.320676645672448,12.620175086724279,9.315784125709508,5.512866625256574,13.72324474558158,3.291473296620251,11.012088936452095,10.836600417849265,9.733875124792004,11.765281863390687,3.036838277236856,13.89434092840018,1.7306069998397222,8.118558867025847,4.391928420071754,14.429145396845511,5.386069249826381,12.8695918988243,8.054523723712139,0.0,12.17066503406073,10.031339051189454,8.061462007212707
20210517,Solar,181.17085793005793,11.532281603247844,0.6796758747214393,0.0,4.762336094815,18.845310265764304,11.742481262142505,15.51313154191396,12.589847137746203,9.907705948552733,16.941482624002578,13.355355149621456,8.863152136498213,3.770861075960857,0.0,16.882438745079167,12.504349966489825,15.144304963968851,2.7436512250135605,13.24904940844863,11.402199354962505,8.498060364931522,8.578986962853005,20.39349469401434,20.046811663977365
20210517,Wind,246.9731774785062,8.701263083008454,16.562546719772175,11.569675361550827,18.061560700118513,16.88359047301144,8.815859785988517,8.544870534923541,11.853191493226962,7.945774140974396,5.251834405721626,7.2922498008769,14.596989290303423,6.857980653848797,7.6192371023435586,10.456344216636465,12.590985883442517,10.039262381963137,10.239624773838882,11.713607556992523,13.480639432357686,15.646805824967641,14.316748893439364,10.047100444506768,14.754723505486359
20210518,Solar,189.49538734269467,5.579818128975597,7.711053235704904,11.286280235146684,10.600319478657381,5.782049885522164,3.872727263905442,2.9900786585855355,9.16536603172941,1.311899913744331,22.144101050361733,6.372857591901627,14.067669375977005,12.94270986844705,13.555569128874792,9.200155396824393,12.127018233657427,5.023507153190765,20.63649333560111,8.923782467566529,5.495854685883811,10.779971436972163,10.10369014066757,14.375960248844134,12.356652835505315
20210518,Wind,134.9778595586224,13.469916201635185,11.692870950408244,10.955038171477337,6.446280100559584,7.626183790925615,15.33964550940038,0.0,7.978150952798011,11.617234149875644,8.7560637266686,15.048719428698153,9.785959108892543,2.5895524561460945,3.0505406927063037,17.079641720833514,12.777974763797161,6.371601945508667,7.061515131662342,8.40393415552903,6.474066908450512,7.866632157389179,0.0,12.232651619665937,8.59379021806757
20210519,Solar,146.64418062324444,5.137981301946893,18.916149458722593,6.325449246835355,3.0459716611239793,16.27328022463344,13.024526115779386,5.106812556951644,15.611839726505629,14.437569259734895,6.539055031285812,5.626288714991815,16.961555364847044,10.53095019232657,3.8221370527884266,7.588123239054421,10.61956824399909,7.016626751961884,9.641097305260029,13.887565783164524,12.838334088535298,4.621115540752662,0.0,11.289817882133407,7.113765560008058
20210519,Wind,108.36963901305758,20.668228023409483,7.185978343510543,12.747633372148218,3.549996008815832,18.98073689158379,11.277014499727978,11.196904453714192,3.5218622555193226,24.234927243771157,8.927389768105071,13.485316769990973,11.16739164155401,10.140489201607153,7.528897592406679,9.984018875744118,8.766361158256634,9.399195849451468,10.680959430302718,9.494743776862036,10.808140530562671,13.617419022586171,6.447843414963206,14.149922676072164,12.713158515030099
20210520,Solar,194.0848213478871,10.570845417440642,6.8626125780942315,11.955407547083587,8.135442979526994,3.676569824548559,0.0,12.10756823578231,17.43679138624321,16.536439610684106,10.852282112411272,18.59735583269472,10.568500916912635,0.0,14.037765072427874,20.046960940100032,18.850213883034215,7.427163318475706,7.8857647833917826,15.6226473603018,15.862374419204297,17.686859643030278,12.264497212469044,2.783601079307587,11.918875601186025
20210520,Wind,178.3135354029344,3.883464761067482,9.33919123822338,8.950236081794401,19.625644417667964,4.981446151377117,9.8105287144197,7.5078100941336325,8.622785966260928,3.506420040293815,9.650489969619873,13.267409390517653,13.485215119278392,7.5282714179318155,14.662647429232676,11.331177460810657,10.741176781449099,8.7761948677685,17.116234795903054,9.504763714999957,11.34959592813109,0.6531196672341755,7.538360545001951,9.55690998507226,8.047218167302109
20210521,Solar,124.27870908691284,7.4300186083583055,10.147163502099964,13.35925153587597,7.076690606628787,9.281066217889153,8.793981482621684,14.628985217164844,3.4297324765115866,9.940542944191158,7.42334795436848,9.595337707606712,9.69552339037069,11.653909653045826,10.699351328510247,15.625692849907809,0.0,10.369020021332878,16.046610879815645,9.323365609467219,19.30084685652568,11.469012232669328,12.460664079786522,11.406735531023186,15.569888523272999
20210521,Wind,97.89125964507778,8.609328308550914,19.43775675127923,9.521979267172474,17.237274161731023,0.0,6.907521574728297,4.3212855355246464,7.27247571151694,12.960388607243576,0.9827872193369214,3.2983786880541,10.251307832579444,8.940743959489968,14.916848167454543,17.518950569711365,0.0,6.784618957141087,14.091335696859774,11.854273812106017,13.484092113917697,22.72450050812848,6.689622377648058,5.187444338576409,10.817133623538613
20210522,Solar,83.93831311681542,22.06188326961923,17.829102970470565,12.64388579454381,9.34618165698458,10.095225801047116,13.771176392821422,0.0,5.6279605645436295,6.558692762383519,5.9783621043808,10.816513955731407,6.06354002100538,7.628585729475847,13.438053677055377,7.240683654746373,16.024718642069814,11.609971965309088,14.802670050067023,16.958704885600497,19.39325501143308,6.971867345265216,20.313111523815568,9.766435640711398,12.090152898526672
20210522,Wind,199.32570019021003,5.577055265952518,13.104377079533736,9.370603363029549,4.0942480444915885,15.928717570149923,13.574300170836388,11.412768253712496,7.121628239480749,13.90006000771445,15.372178347379354,15.045480671961982,24.667014966055252,10.780865165850654,7.915063521165719,14.543873958231558,0.8300216747947553,19.13822879419961,6.573826887223314,15.883708023472973,18.447606672228574,9.046265622944835,9.060075468994528,10.470301687134953,15.36378666702454
20210523,Solar,156.01865644777803,9.418913683743064,17.24706884498434,11.083509955547704,7.633944057748019,2.806814918821253,12.184123585961938,16.450479063416918,7.030232406564175,13.516888949684672,5.601386497635641,9.105200285621251,7.632935619177061,14.944476588316537,14.547560552944349,8.33625603182241,7.278318969318947,9.166372948722268,4.260501533384185,9.758816023994111,6.789986241709664,9.826991293548105,11.34604762909774,9.156489460800953,14.132987467253502
20210523,Wind,160.74922681663756,7.310858150674887,9.10890493716072,12.873614705376312,3.5950603813127846,10.635534824875437,15.189454573838711,16.496668368288717,6.831526143123885,16.186798578679166,1.4152568145125632,15.107469639258886,13.646222252341678,12.68794512247516,3.57911256820733,20.199695120629674,3.9209782661954042,6.591677590843027,6.613308421241682,8.131342343896849,17.401971548875913,7.957529746395802,5.207241887835227,5.562488654444722,1.9012625481535306
20210524,Solar,108.85256870688214,12.49629242790832,11.495822835942393,8.010437131909825,5.7201577401807295,7.091146475023434,4.888507429830788,3.5009537969233264,8.460214659300824,14.011213766337598,4.722501261158479,11.825120146150715,19.543619247129012,6.22073392920912,12.432431991050578,17.218108537707096,8.487136966065423,11.533402058346116,11.402066450055662,3.9584075029970576,14.701348607331303,15.485338393929247,7.9089968776639035,6.231082064358796,13.809719382800537
20210524,Wind,76.8248448347797,7.390582931474778,8.492431777306525,3.830817068729023,5.571259690620413,18.199729743769588,7.731729716153467,7.276534063392209,9.676133339694637,11.425718250538795,9.55676856080432,11.456702742932888,3.2859006807722615,2.705050598489691,4.169928053121233,13.71646193728792,11.930549790861562,6.024567643019477,8.37712989218001,13.460383383443798,14.35154848747099,19.007739605138834,12.469380109251723,8.39670439503523,10.139933544090121
20210525,Solar,198.13067873558163,4.304716669301448,3.5481580871018026,11.380395027740773,0.48098066259366856,7.151040689334744,10.373961315929028,13.619100078702537,13.819298175904839,6.810341264955573,6.203894163841268,8.416058691079908,13.0558728112137,12.5973352923771,10.714002696945007,15.22298844990097,6.67671682909496,9.263455059227086,12.845457235685524,1.08099284272828,15.925050568427832,1.4771746924765983,9.769014690529346,11.92312814353479,7.764400078434781
20210525,Wind,152.10195184986154,9.023527101019006,16.019373708967976,15.946956893064648,17.56398034407363,17.594965438742914,6.889989903860424,6.864469460206147,8.775236840064501,3.5346070275342143,8.600814606454017,2.719780846917467,10.115813507348037,4.111307402063039,16.09283850264904,6.522044995423826,5.921959745979012,6.607772564494801,10.54109687071162,18.526095084348132,8.454100244834768,5.328092393249599,0.0,10.475468752240834,10.26058990131705
20210526,Solar,195.361733002881,8.503030783338785,12.658493669949303,11.49575486478723,11.055085151111408,7.012724645943865,13.635846108517711,10.526924303042469,11.630104033137972,11.095080690769759,6.0077339767709805,7.87444581169528,18.97365804440786,7.359828750234118,11.065990899575759,18.587738398469636,13.646405080594091,4.650761400762315,3.3033988123299562,14.215661733648412,11.642309467908966,16.23089536443225,12.495515168157354,10.996327717670225,8.469236076020332
20210526,Wind,130.7033436742218,7.038778111879933,10.090367367118318,11.590711573481864,6.568607971909491,13.855879026670648,7.388995759341524,6.41780052094859,10.037656560242688,7.980829541448245,15.048719481977386,7.834728379305834,5.4539444303676525,11.004724388655724,9.937111751288299,5.478094051523091,23.159399739893868,5.607097321822458,16.20388809889248,6.270195090058906,7.897264956488791,13.001573715130085,13.045744943674977,8.843889679955039,10.633800923834523
20210527,Solar,138.15910784815708,7.305948205514413,9.987660753439123,9.789119467516798,11.108788732166946,11.259728091813495,16.491850022233773,4.553056212693132,12.702903852464797,8.464013811634285,12.454247553992918,12.877204130430197,6.2387262946954785,15.73263152390815,11.130155497487518,12.03516437730178,12.702125769275014,6.695946061925898,7.443386781369908,16.15446122208047,21.549225000727265,12.183577858878564,13.654168688070628,5.79794752334163,9.896175143748948
20210527,Wind,185.6649088310316,,,,,,,,,,,,,,,,,,,,,,,,
20210528,Solar,186.6174039825262,8.401298928662479,5.112623334236423,9.070322919310314,0.0,6.047357154730123,20.659918247503086,14.778625964756158,6.76589112341515,16.844620069029304,8.091393516984242,15.415840106124497,7.532428050452064,10.303427528395291,20.67001009329285,14.301938157142969,14.355690925308897,16.394069036712693,5.761968018142597,12.338455252603607,3.607806095288959,10.48064598204714,10.903767888784628,5.835916473991967,2.3407490350562385
20210528,Wind,189.8782811342977,,,,,,,,,,,,,,,,,,,,,,,,
20210529,Solar,135.2399373448652,7.689420181000719,7.354436663627471,15.526491264374329,10.947999383385298,7.79732368757544,9.526234268423277,16.35940819202779,11.051147992521074,8.947846970424061,15.91751011770975,7.478250884304326,20.142146614129103,3.9967915467551443,7.487430854838658,12.257714809549768,15.316714926505197,14.709061553588194,5.35497761500242,12.763278504288532,9.725001508180439,8.372814178214107,11.16798330348331,9.9322698504226,9.856843419497991
20210529,Wind,180.7273618825434,10.271678297326963,8.91143479391255,7.347308408536589,7.054934803426176,6.551168875959309,15.730852254628742,12.602103474772099,16.366892449503194,7.833974148517167,11.955041925981265,5.92562111758305,10.635213509114234,19.793150598205198,8.956735234884409,11.575407553156733,2.2814393052443482,3.2083519996952017,2.8407771779228352,2.916114530917584,9.690981180906013,8.859941476702412,0.0,8.698635687797083,21.25787878749098
20210530,Solar,205.45497327383595,3.31865181724323,9.476719676104493,14.447354732258745,0.3304259416128341,17.363613706878603,7.997859697456965,18.032326157404714,8.854376864951327,11.574543210013358,5.292466598987836,6.983126549153179,6.0765728325110215,8.550570465126373,5.494366915953972,9.431910222201164,12.642241265678392,8.530295298112474,2.9606605521353546,10.31426629185857,14.450767234405179,9.523819589901404,11.118375889637887,16.182678433883957,0.2141078428326837
20210530,Wind,144.76139941592328,18.129889800031993,6.587656154914447,15.529677309788545,2.5292510242872,12.737651137466136,15.066432491156725,14.09034096479368,6.49568173085899,0.0,12.782106594118106,10.80384467996434,8.049916246513545,13.389143276230604,3.803809262445772,10.502310506533457,7.704807268445593,12.095907433333737,11.903092744598345,6.600621067416379,10.154973113813194,7.963231744754231,15.604191045376899,13.44518956140043,14.610237701963666
20210531,Solar,124.32558181129733,14.33789738753136,5.160408399879747,12.834084660310305,18.27245964777453,13.218194759536015,9.120108342716145,13.796704151233522,8.719146623642153,2.695810074786098,11.982644486565096,8.136033958397794,12.024457796750912,10.983900917224316,0.0,8.321308796028301,10.26258010174795,18.26354694314628,5.362462153125511,8.559725603601017,7.526028893335384,12.344085020190338,3.11119135894361,12.380844719483349,12.166854828885253
20210531,Wind,217.1373801658383,17.150863718093895,1.9382118453731323,3.753822402136837,17.509692743992336,8.042007406938687,3.572800507457581,9.39756050682159,7.193027445487555,9.412525334807972,1.0310205593713007,4.617803566361559,11.686837923655636,7.52198908808879,7.691989542225997,18.16674504584017,8.129256931756721,6.236440579701147,11.729643959105935,6.5554248772969945,12.414685649632128,11.488144557354973,8.647491198364552,5.002461395891374,13.831631296337644
20210601,Solar,117.27771332243465,11.960640627438414,9.267408604942297,10.135774546112488,13.766075179994738,9.070108264583476,0.0,25.046032882483253,6.665097404440427,13.930576021526578,6.743446500435614,15.033579280110947,7.113681247919759,7.310219922712917,2.97781193066717,13.969865849681685,13.713745154303798,3.5684804322631036,10.50881006135374,6.8114956410199925,15.824169902644611,0.6691698341646124,16.06422635245742,15.098305803605037,7.763444473049268
20210601,Wind,181.47382485572385,0.0,13.093042738051418,8.990000014706913,4.424614807950932,8.75711666324444,8.656432769646948,10.563491099472673,2.78202709249874,10.37645368726787,10.951600950298088,10.761556788999982,1.8598415431984006,3.084375011434062,10.48526664042432,8.262959001128968,8.235255530398737,10.953127147809457,14.400297678799596,16.442229463409515,11.035653991797878,8.983605214847586,7.1767934008608485,10.70613292718039,11.596803584603563
20210602,Solar,147.07888447400694,17.676668583192566,1.7818292889002485,7.520003723323433,17.549869939885053,11.686194562504886,11.395312543426463,0.13288315437059883,8.77795856869056,13.35753536528851,17.231398536220233,11.373597474800535,9.747298702748967,15.61212656712833,7.452626243063981,10.301975161173477,17.089160463677253,6.631251292410005,4.907600864154549,2.8356566701347177,14.343271401824104,10.103556668673024,8.812119330010324,8.214400807391545,10.727117741923529
20210602,Wind,57.921719175772004,5.6821582014505365,9.87976087450087,10.713757936732138,12.248913089721762,13.209017259212528,16.651582130181083,11.340167698069834,11.178885769216935,10.986541888434932,13.489992221468098,5.8868811771530645,9.61202537313515,9.397346778478301,4.572391233383062,24.57945179186705,9.985147751427311,18.529063007468892,15.30422106444472,12.043312667588074,10.416907052142172,17.650720499219645,13.90402025395324,6.085692872143812,27.680240372467804
20210603,Solar,206.42970337392902,6.089066279989506,11.405716263457803,13.84603173748774,13.274622241757672,9.848743148442141,10.183125160756953,5.088538783812849,4.590479214009741,16.381447868720574,7.179776929340026,4.792011305221065,6.769348894502054,17.147866806876692,0.0,11.360767678746381,8.882608385991471,12.710069411820609,5.4707404473691765,4.346554392743851,8.700877072157162,8.566393221960704,3.589743883927005,6.725277617220886,8.45367859495049
20210603,Wind,12.107318522631605,10.781625719777217,5.052097981354277,7.707236699344008,12.23085472221623,6.036775029096794,15.014550673587944,15.085107608008077,5.60830124866073,17.4294377441609,6.4589904774545035,9.188820050890198,16.398898830329106,7.756162499878463,8.253306063106868,17.264756400288977,12.858871215667413,8.571595123103332,0.0,16.607519121818417,13.491742047809932,10.482236360352683,9.941211830922672,8.717203439739624,6.074641175255272
20210604,Solar,50.793596662119555,16.89114923335075,17.11070905774044,9.143086628631629,2.4650640768694796,13.802852285132744,7.730292263892367,13.629083790904692,5.259690027558935,6.197685564172533,13.988666219548644,0.0,12.872889504251061,8.509897481702492,1.2380798071707466,7.117207213412594,11.786049508773226,8.586110050386297,10.951277004979376,12.139003639836298,11.14315640142959,9.616180081496207,5.141297471414323,4.866428992336632,20.00528634297018
20210604,Wind,176.36650397403358,15.266435669761998,8.07142315480796,8.794705330840063,4.009195246265561,10.167019341041682,8.313605152342776,9.042431750336743,3.066610164768991,14.418226698937758,0.0,13.89906654982171,10.674091824508535,4.333679854821563,13.530809241425578,12.36798427948595,13.002088581007506,9.366911106164347,5.62409323944774,2.976550637661032,15.022098904353076,16.610895162395,8.659206958401167,10.191627010961149,11.719469868018244
20210605,Solar,176.35355993390576,14.531405600880104,9.493701557717445,15.819355227721559,7.448909167958191,2.795818106145096,15.270178412642927,5.560534932784195,5.222039481803665,12.540597742335272,5.96209338233462,6.479883130609091,8.196443537349635,8.442797253317572,11.274487847141629,6.877500971416773,9.333816457882211,0.8765983233335817,17.499089656103607,11.673337094295029,17.711089646295978,4.025813734838911,11.183957219352868,9.173944931162394,12.569967987301176
20210605,Wind,118.12100710612322,8.440864735627233,9.193652497010106,8.714496910947068,13.218198537665566,0.0,0.0,10.73212863360402,9.010717855870206,22.523340725417356,17.04654001187565,8.661476280021446,18.66514311739355,3.7994049130017227,8.866007947237234,7.32344742551705,16.672480571093093,10.209860417704055,11.5049446738697,6.520678415262453,9.433370059310079,6.075327153474311,15.30156630706805,13.432990965369031,15.634720511499806
20210606,Solar,157.39110451516225,8.361962369539441,1.14612788704472,3.8279717111912728,3.097839588784269,11.489485877302368,10.06491914451458,6.793830960714725,3.2897109697758067,6.0108249049294145,11.48408739616523,12.134596491263009,4.2276357957291015,12.01330727923098,17.25373629827664,13.968710256472711,14.951320184640085,7.565080576814422,9.574063155407917,11.13438794468689,13.234511067463504,5.7404927725485955,11.56232389687579,9.253905072765733,10.38385775429926
20210606,Wind,23.428497711099784,11.729718339900334,15.043760358420219,2.13282580504743,9.123267925279047,5.852631005611481,8.000193252220676,13.939019963919183,9.31228766267582,9.416322344840909,6.206694238860353,8.876824611969647,7.517019680308,10.539046058956155,10.049132561210941,5.522034493564524,9.938625498605687,13.163781636032962,11.007845573248813,3.3578734446307434,15.34007523505498,10.07005863470629,7.174245220954111,0.8952448422885528,7.9044231154046605
20210607,Solar,185.34877322352997,9.349645793582336,5.222406157903813,11.813647832829849,9.116952449184746,12.155310646982263,16.803056024261423,12.780078571290229,6.482666037697926,4.838631833420663,3.989582872498346,4.158127721140824,7.738159576807672,17.374379813158072,11.930410792491251,4.039812226655909,14.113385786145061,5.511861108177978,7.513144911230358,16.154802913155027,12.051503548265844,2.53092933402007,15.986091028104832,8.452332532725762,10.662241593975695
20210607,Wind,162.48627435267986,14.446589536646766,8.817397422971318,6.19659130057049,13.963698446637888,6.1219084556803285,7.3587685251009,24.679832962467177,5.355089705898525,5.135318839489995,14.198673339945739,17.52850179905394,11.494803066934798,2.7112209245937704,13.43732226095022,13.426136509714462,8.684974721179612,13.412651004330904,18.421396978179963,0.012952338205829417,12.550675150251415,17.325772189819286,13.076816230794295,4.354570312939371,5.795792679555406
20210608,Solar,147.71785733331023,14.150588322476134,12.988305006389977,13.343622526362392,13.37335767803831,10.665928862475036,12.582924847850471,7.774427306745376,11.886044081865663,11.927820108225506,10.389056732965036,2.337089957319857,13.304424151872345,16.080009483634864,7.415588241492663,7.559059493359057,12.851336329478274,12.714895932907375,7.259394313371096,5.96212853416803,10.716962243856168,12.077608534109894,0.29174729339280003,7.016844695049918,2.7379186821872246
20210608,Wind,151.0420741068886,12.956706605863527,17.30451713072267,3.343900057464343,4.948870354739336,8.107992360189543,14.60758484667347,8.482871857576779,6.799371973430488,11.027717102695554,8.906447701374084,0.0,3.3171269051504026,5.107780734205846,7.443546116255025,8.599997344900554,14.126587885950016,10.798628208946928,12.316520567036289,4.5901079477807425,11.2771164988617,12.926963324967419,14.189832078943773,5.280591788075976,5.784988823023721
20210609,Solar,174.6627088096516,,,,,,,,,,,,,,,,,,,,,,,,
20210609,Wind,148.55492382510695,,,,,,,,,,,,,,,,,,,,,,,,
20210610,Solar,56.297224863439,9.455730596336494,16.912093150035766,12.173053577744616,15.46119720950375,16.73648450093915,7.84181782957031,15.135394689807399,5.399721831290144,8.821806235877945,10.439529036893935,16.263914372670783,6.67426696851924,11.01386823477185,18.926569229168273,11.10339176854791,4.032817061703393,12.219406945684328,3.8149039549635377,9.078001838385475,1.5080568326198585,14.279894175759047,15.952148324446851,13.587918198334753,7.500479336203338
20210610,Wind,259.8166117261261,10.840128008797658,12.318569396377235,13.24423770312325,7.249275508258009,10.12023884559533,14.731466234147971,8.618271774689338,17.82937273796182,8.787304656509185,3.379064905385578,11.884441021891606,7.991119566685045,0.0,10.803890726542905,8.832113880474733,11.46746980344288,9.776266173893742,11.143021671898524,6.792341202495992,9.561433754296077,12.911417906861274,8.978448729101524,8.468147672234656,13.018263779530287
20210611,Solar,210.04004097142257,6.228376807267965,13.355856795258042,11.693125788183002,10.819629767166859,14.111804695574406,13.375409204060968,19.861908580717476,8.261044354736697,5.146006337640426,4.8678742333637395,11.415018629208308,10.863223510849704,6.6470922566966735,8.995292446173774,14.545877785779387,6.380665207134044,9.62964465517358,10.324087560495848,3.157779713490898,9.154225675834098,17.69701731205042,14.470745095473676,8.865720015733329,10.645518023292365
20210611,Wind,85.7527669022586,3.376070448003874,4.74434132111916,4.570318397980786,11.129937300521524,10.458250388005709,8.83398984970409,12.91137554862851,4.319326835640175,6.494228478577027,13.741402180472077,7.154858495178433,5.100372596550314,10.530495442289034,20.42763486186285,5.501392191383204,15.271624038368811,5.090955424810808,12.744229235629176,8.857289773663753,18.100535751928028,13.456216415901254,16.38694782790301,7.62388811875349,9.304078973670364
20210612,Solar,132.7431384761705,12.3156923998752,8.103952350367209,6.271181279446669,10.988537203543977,17.34795683716863,4.762959747919741,7.571319760059877,7.230258294689916,9.715991117210294,12.795757168391185,5.872997742692656,11.388056613563503,18.7772330923091,4.492537177508725,9.169690941477706,2.4561783885353785,2.9017172780474976,12.340655080826856,3.4855205443977866,11.48087845246885,7.454136207440661,10.311083934443994,6.519701303720046,15.887865876961435
20210612,Wind,138.19829049219797,8.218493411339692,9.160822838097847,11.17156994305777,13.372495992172851,9.637189673718632,15.190733480100452,6.2937715750966445,10.343874533111855,10.985148209210406,11.910599628893248,8.118729137856551,13.062799183679141,0.0,17.68075361869471,10.23242572540756,16.586198643055567,14.461600721019417,10.145567027247344,0.8398129141254196,12.810119075224756,12.120018347861505,12.236820594867172,6.625903133952983,7.914314276719731
20210613,Solar,203.94247832544818,12.873464968537997,5.71052621328513,1.56129295937818,11.957297489667663,3.012553298196031,9.661736117006091,15.204360967042284,16.272519299203566,13.553939457942944,7.067436685777069,5.613910592475628,10.191933893579153,9.988610795656168,14.066468998904966,8.97935802072933,10.254830020892781,13.940571793365272,20.19745627717449,13.129599043852776,7.9422014441302915,6.765996883377145,13.470029527991604,11.872358995052167,4.450989680461904
20210613,Wind,42.036553234011606,6.645428111576145,1.6271518716304645,8.794325278060485,13.918245649352691,0.006892373730306156,1.9081171716626888,10.142600759434053,13.994124042816402,13.044303298960868,13.825949643823238,16.03834002463431,17.1269190755019,7.406277365842411,15.585147441813993,12.98754151787399,5.728613193958507,18.993093156994345,9.908559004486058,3.8046695099422645,7.020636932806923,7.664429475648946,12.312403763042377,9.700636249576448,0.0
20210614,Solar,125.04958677851054,17.079553202463384,7.447507206182021,17.584526766679407,12.323099801725679,18.341555597822573,2.338098005150381,10.045300268783777,10.31953424917854,17.785383827828664,8.146275942064113,6.286256192423394,13.627112560315346,0.4197367993188439,9.122250626997896,4.571119159978693,7.7432818965423875,19.814520358766615,10.195844260349409,17.28556145553182,5.826798501031108,9.931943939842537,14.446708787383194,16.645710304864604,10.123589770959404
20210614,Wind,61.96817783312481,15.005324212853816,16.77144099792215,9.100222254098126,3.677723705370781,12.392522370754296,12.188167150364881,7.0075988678794054,16.299779907445618,5.136559537512155,16.507667305411367,12.53173630285591,9.795391339024857,4.375858045120943,10.279326607221629,12.561480746579806,8.982119962054371,2.2593166758886305,9.57386807443131,17.088324073173094,3.6989445785279917,9.071125760560962,4.778005757710937,8.89891588374258,9.734841305561392
20210615,Solar,135.74522420858307,11.484135542729401,10.29586732780248,2.557276804840243,11.348995372789938,12.721284250208708,3.620969036172407,9.692771595397462,0.594814760662572,8.837072946779653,6.2658850529763646,15.026038640656905,8.392876088342655,7.644446868980687,8.283533409619617,15.69553163371788,12.415130402680768,9.226987029018781,11.013009996839234,14.428458735732107,13.632147276819717,5.530537295989874,6.792943082905285,8.618697271991653,16.34540564737268
20210615,Wind,126.37495534575478,8.933557933070265,16.87145456786688,6.962953761619323,7.180650487473334,17.44823921145791,19.29823746801807,6.8052257459861405,11.247207650299272,5.573477219011142,7.373561818232666,5.594077299899511,18.77359619802849,12.335383934716374,14.98171104065295,5.883333276520321,3.8737489325202192,11.253648359845652,8.569635923495214,4.321064102305638,11.533153811979515,0.0,3.7021047181002986,10.203385515589169,5.662033253552677
20210616,Solar,153.98470336913562,14.262044388990985,10.895104571147598,6.846538371612121,4.453687610463582,1.741325281370223,5.314648578203347,16.80855728112999,11.549698633128004,16.38643534681035,9.242756005938993,11.882957092082503,6.6927144812118735,10.439491808454362,11.958678448218304,12.003345056770952,5.204535468111534,14.810181308389303,8.15866961428204,20.608030787336077,17.38630553083466,11.482242913112684,18.430135309275858,13.0292726398106,13.750198746553858
20210616,Wind,119.75628004954083,11.96273907618703,6.176461352060187,20.701543899182806,8.550800536613501,8.20699392384096,9.998196373213618,13.585300761276988,11.61071233789492,7.487630559017883,14.236502402871162,5.530600924464091,8.639137221420452,3.4375802643356126,7.20757419679396,11.78688757236423,8.378699307930844,17.134193227514952,13.760308173967612,0.0,12.748586269444253,11.83815487589606,1.6212672006750262,10.58010956114464,0.0
20210617,Solar,112.44883043047379,11.192920939653025,16.38809506615861,18.328395402569477,10.916177995175454,8.819650851924832,10.795559830801528,9.126155803496133,1.9492441700564545,15.775137262223181,9.824609646399962,9.132371380834407,7.950916523119349,0.8298242731184835,7.43720829852263,12.943934461076125,9.846361220789586,4.8545452955452895,9.758007196016415,5.584997937418702,11.214379130367055,11.818540590901637,16.603573000203685,16.728627671592136,3.5042010771929544
20210617,Wind,180.9828345881574,15.214327047798044,11.061630703339494,13.65467717050789,11.248375139938924,13.711376166035073,6.353111303815772,9.052659584736348,4.915437991607633,17.263930668630294,10.18841174341449,7.706825317746841,11.989016948829214,12.088244071165906,9.925935133207151,10.007455702003135,13.582472439462876,7.295021621837529,15.270021330747753,14.166095631988899,0.09313738676895889,19.529770050068183,12.36130981526152,22.88990401900333,11.917728821982282
20210618,Solar,172.733637047129,17.1326807720332,14.809194162136986,8.284620346293009,15.28012372570134,6.536798874495586,0.0,10.460870841196087,9.167627889211369,12.06718481730391,8.042043914764546,6.522797477632754,21.275781472565466,9.023663248441258,8.338582785116424,17.091461695449738,11.346165324975058,16.85419566559775,0.5305728293421375,13.773475671429612,19.541549086985004,2.3192200779907965,5.618958321951805,14.096160080519999,13.446685331178925
20210618,Wind,177.5699171389121,3.737944077572277,4.658359144397143,16.003148304898616,16.536545594857888,3.99313128242605,10.954475488081137,9.972298805639335,15.57395752480739,11.46529413862515,11.34045993320551,10.788931859578733,11.233363549544267,18.057122762118755,17.20886428129378,20.551437429190948,8.052582695118168,1.6345449593001737,17.614090638781605,6.374295549973088,10.195820871650593,17.765825429790226,3.6431871614380196,11.880005040468221,1.7029655819273914
20210619,Solar,141.15499547545787,4.748079463250969,15.193781448072516,4.332701804747707,11.68140415378678,3.9482567450144646,6.233800049488709,5.215319103454162,19.57632247858831,10.193225727422899,9.646347529529725,3.9294158235475543,8.389629703377034,8.237219869198507,14.041075084673665,13.1254216720489,11.182251567488182,4.617432376417026,14.476246194199708,6.071743543190213,0.0,22.46007640900663,9.809951674967264,0.0,6.026976497726521
20210619,Wind,121.41307088874052,6.098696372606011,15.344446377720992,15.382876576221296,12.585531885047047,15.7470903813601,10.582692138082216,0.4961293580750903,6.677823742082887,8.414469819167886,6.078488080426406,14.646129561379135,10.943357863367238,15.716154483481535,14.030559648514798,11.569560804311969,10.82741980929181,12.188896528004236,9.742809949378033,8.923048470664215,11.128925927233087,18.818904560987082,8.877828921199669,16.924045736313094,10.22537130684286
20210620,Solar,144.05737589896145,2.487877011782241,11.448835721782677,14.63986768710022,10.476545165878276,6.287339530984413,9.388344738806456,6.011496667794857,3.4507660401445204,7.813076180859673,10.636457412741898,4.592311491358166,3.435706957739777,12.719190434608572,11.169585992365262,10.068896140584487,8.741347352545755,20.271645346650686,9.612326674836265,9.565108721999577,5.945497329728729,8.253281615571137,11.97748333303366,16.13643429808417,9.524324366651541
20210620,Wind,175.05810350342261,9.686257372154245,5.965389570951088,9.243271326753597,13.836127318247923,7.239912578390943,11.316456240359017,9.357412546674848,14.07880718212561,9.262916381428461,10.754043843125109,3.6645572220892833,9.061077961904639,14.108035427642925,5.867470942203225,3.432305381572892,10.581311828816835,1.6147726026811149,13.203412519641857,7.6527871040721775,5.767006520528197,12.26508354352704,0.0,17.673027797156898,12.737745599461958
20210621,Solar,41.16101495140758,13.00058227622253,9.76995585643694,15.69593156675386,12.434940694185322,13.172490753639522,17.809350603280297,6.310834011412545,23.071850056504417,19.1218919523955,21.749003243969625,8.738517321925366,18.520421445625242,12.162062376031349,13.480537768350578,2.862931618827119,0.0,10.297853397437631,4.8682057435861035,18.289978006765097,11.332515875786825,6.143903184616375,9.057188440874722,13.981485430111114,14.567016989793915
20210621,Wind,169.7055965185429,9.892908525238317,13.056455736191221,7.763894352680751,9.72755953071098,6.505272958825501,7.269084936364388,14.096690151977848,15.534703166505922,4.790723925169097,6.94486960489844,8.137488229915068,13.309949989819723,12.271659603621956,0.0,4.2301730097871975,14.667424400757657,12.772000887583998,10.19201490339597,6.581844222870133,7.062636574760366,6.619929080205078,5.617187566845288,5.25377229287996,3.60870889152334
20210622,Solar,165.4569093667399,7.329391791935522,11.172850099682668,3.674572009508832,20.759912835021503,1.4752578862217913,7.65577672828752,8.854234320496229,6.25683638002987,11.023046118879952,5.803121287155637,11.777786031280268,16.154836603688285,0.0,10.87027600122017,11.32869612984283,12.739750955482961,17.34913595391002,10.775805687362734,17.332336227700026,15.13344381658786,18.61655545674034,16.38258731376224,5.173964482873762,12.2198662594834
20210622,Wind,153.10754530428636,15.632288785645791,13.00541369053882,14.889825064999606,7.269083182790906,2.091494131375505,1.6710134862305503,19.3678678751431,24.305696466086058,13.556529820937001,11.395171302968164,10.424162128284605,15.066732025459961,8.815436992779572,5.939405336237983,9.036350725882924,17.48991087934984,12.233639882811737,0.0,12.029655869290607,9.422684739805234,13.495396095511989,12.046526130248319,4.5476897964700385,6.401908808316705
20210623,Solar,142.53432890641625,10.702782016033748,15.061229538264525,9.573785354302704,17.272284783541686,9.715963016422709,9.024080244503526,7.192528708854255,13.433998102344567,8.57812079328822,5.035817914144343,1.863197581856676,6.456001870648401,6.6819086028501165,5.5544156978172845,17.635582524903075,5.945251593828317,0.7917265962980646,11.739843556953398,15.09594708137371,11.99950852286468,13.799798582507652,7.462460035848633,10.40184739137408,11.677761422105341
20210623,Wind,21.69403070337932,11.714914836831591,6.757766733140393,13.008903016493338,3.228535368365314,12.486642151826107,12.049349946374832,10.703583993507785,6.044933932041532,12.080411856207894,4.634749260630882,14.932834122903124,19.559941190987406,16.353269182714396,7.683329221154406,0.0,12.857499837504765,3.570420283168466,3.238763660603329,2.525441148842459,12.832943528079019,4.38500726559826,17.106467598603995,6.494698860846517,7.666110899021746
20210624,Solar,128.0073368449797,15.7711740244988,4.224621895199304,19.10443295779703,14.068082682257273,8.9887737807479,7.582525612144865,8.555691219151079,19.671510831688554,2.4769909365828005,2.8155065506209276,8.613302717297644,1.1197572743664586,4.991626889106659,9.580315721658703,10.203636661066016,0.47508376461528057,16.860133630198277,15.414830980835392,15.139955864979115,11.259173850527715,2.6335177095222506,7.821537207516418,14.29501312050373,15.383655422442368
20210624,Wind,239.47193555386866,9.38379030574433,9.812305993138791,6.388729638018516,17.182841758634186,12.152213519045345,12.082152502027455,12.198890288674113,5.6500409430057985,16.6252157315759,6.127132174037824,11.207296493000511,11.662486942808458,8.598597923614834,9.882921889335881,12.166947443220216,1.171845201446089,12.201313535191465,16.690298016512617,14.963015130439514,11.071615571482887,15.273705330107735,9.479708924604079,7.140983491895829,12.933888914919422
20210625,Solar,150.64506477841527,20.3010703631234,8.35128420565066,9.283102475800124,0.4639046449604012,1.9358123699618224,9.112457372554045,15.328755644985218,6.894557406690281,15.65574355720545,6.250561270290606,21.01077609834415,0.0,14.004328613183713,13.951190763905606,14.4884183814504,8.815260495354503,4.370863550442068,17.552762819893406,6.669840971472342,10.708165139188692,12.108366270757228,11.352892054418474,8.370982588446351,5.055727350852301
20210625,Wind,134.6355080662641,7.76092498064117,13.92923206578075,17.84817252288857,10.69475286527547,2.27348229515946,3.488668810155051,13.041404794635481,13.633104111705622,9.507870503131754,3.5836891316299804,16.432211399285244,1.4334619372502955,11.50482696153681,9.13057609967455,10.716616974805664,7.106666581866651,12.467483642258676,8.387825176826702,14.239689379789343,17.467516437840494,8.508035736349154,14.546242938885536,11.321720110147357,1.6067810694804885
20210626,Solar,150.84530977950564,19.9897410225645,4.627508051705959,13.343658654276418,13.577070206220219,21.26967958147121,11.559925355915523,0.0,9.875473410553726,5.600820673474657,8.748581318271833,11.052646316055005,14.67782575420603,10.83653744628304,9.491332323331203,11.823976342541766,15.236698882826026,11.53579526764603,8.317867844496176,2.6004380535123395,14.219472758480343,18.682001494776003,10.059435423980961,7.609461914088642,15.94707235974248
20210626,Wind,167.73864343140042,5.1263240904378975,15.101909370888398,6.501086278977018,11.259818020640331,16.1639213606834,8.970839332174913,12.499308052364338,10.185035660023836,13.964490737934538,0.0,3.134650831451027,6.543336137319592,15.545983605862935,3.021936018817206,10.880159460250592,15.891719968763958,0.0,0.11859167090149447,7.626858739733041,6.545906145582892,12.96649126121028,17.101961621283706,5.459464946112432,6.470186467380307
20210627,Solar,182.94101223447322,12.587424514402207,16.76806054773383,5.224911482302607,11.890779678034814,13.844859459492588,10.61378910704679,4.945609288594806,10.193457508213985,4.2594026684896855,12.458828906558471,3.2183251494794796,16.224427888677578,11.300415734872344,3.6730593940185017,12.198761441347532,16.41815896751656,0.0,13.400984666491137,15.83550196710173,4.442485945082239,5.749597296939847,7.990994224487593,0.9352086945848792,6.991003030842643
20210627,Wind,138.5559918421029,6.787339155968814,10.001524821311449,7.359596799483271,10.681115811883316,6.701376646327804,7.165250583947919,8.451154107918612,15.572399629350803,4.976879670451994,7.216030107413095,15.810221687539096,0.0,7.275328565479614,11.435345218562217,9.903589951238844,12.989455495593749,11.553885988767549,2.4567177823469866,9.090133643388159,6.02993618552652,0.30960990000272415,5.095408557420035,14.653937200783565,13.710012279729249
20210628,Solar,171.2459801196842,15.597830584905463,10.303680627906523,6.307926475985608,4.52876086819204,8.809969046347746,6.722987385045526,13.446645934186686,0.0,9.731952544656584,7.951081612538767,7.99092126339904,9.557458997398298,3.5186532184123798,13.153341906995607,20.580892678771253,13.205047385141423,20.177134920099583,2.7543225966809204,8.67884431181375,12.139072800593192,12.99120898811341,17.962795827754157,5.394127987961687,4.883693929341604
20210628,Wind,233.83254013806797,7.608836960707857,6.162267493849234,11.186740597447654,21.84022796077721,9.991613414331999,10.787054037764825,4.4011954579248025,11.42256942943235,17.590207834940077,12.934375051801508,9.15792571068965,3.9202877082107337,12.433508722714913,8.697640624015492,12.889222641837176,3.591508248419797,11.318782027719543,8.481311179185106,17.022792810155686,4.478064318010617,7.6529960827216765,8.432890017294868,8.083838310938916,10.995657958164607
20210629,Solar,200.31253997163577,11.45435595322043,7.286695505129668,10.392172535987998,7.482310683421004,16.57173056858262,8.847000439789326,15.779740037425253,8.54898311459741,13.202909279676595,11.858719546919987,4.2726576593234675,8.357393412498935,6.1494786912119155,14.66478983074686,10.986947358837382,16.998509489343704,0.0,4.471355622589498,0.23256004766604055,6.736016090753749,9.305883503314266,12.966288806791994,8.145016966581045,10.092257122809192
20210629,Wind,267.01501079284895,6.747290019792152,7.958316596771581,11.396188771376755,12.170806193894526,12.013913832225459,18.621391245846326,8.233070502243836,6.23751983734692,6.765024150053572,6.8504697864810575,12.229256139344537,17.74174307658771,8.794306429647387,2.9605403954526954,6.309377558377325,16.259460680601894,1.937896672781405,5.191275913027464,9.111770838154996,3.2849036550095967,8.891404138225242,13.84147981262191,0.0,9.591963643486148
20210630,Solar,117.16148208241418,14.686125868333072,17.214700339189655,5.7959359922010885,6.765801614572863,12.629569006439008,13.993652560805824,20.854686864590573,6.22431791033333,1.5895102924224869,12.258953778290788,15.707064102131401,18.959011067644543,15.391785959749422,11.992693613985358,8.288536686180725,3.1002974057582158,13.12880638167907,10.23547633969905,9.669825643440515,14.657912066141225,17.154293188592916,20.413563034497066,11.434351770443916,15.976616057674619
20210630,Wind,233.80947537510076,6.7212436968043034,9.64064607094613,9.645830462373725,0.0,9.161725324412501,12.72502129733844,10.343389128968811,0.0,10.207602068159071,17.744473041360415,17.617750629106645,12.564644576248764,8.893631800923602,5.7411119705527565,17.550601750079686,12.340235423542435,13.673888453924622,14.407352153283657,6.016293465752606,13.314159633447215,14.213991301040217,8.514470309562565,17.02497687821938,12.330331808867541
20210701,Solar,110.46631800387026,18.417074223713346,3.389135216799958,0.0,5.377435631255156,13.963325334200423,9.112595992492928,18.52671371325885,6.007909481994028,11.25710892950799,4.939082094367207,7.75925090384717,2.026901932760671,7.778830192175872,5.346249157375312,0.0,7.266430455872244,9.028913181354872,12.697489838343547,16.87074085469109,14.39331383869075,9.518704511582678,12.638351680181875,14.797882434378906,14.895426411972503
20210701,Wind,167.67830733702317,5.020014465193048,11.276771710560018,10.725031586806832,2.7619665386243097,11.511613737156367,0.0,15.988396122667547,16.452313624696686,9.636099592055983,13.768873556782145,13.224392329395679,3.9665755711287054,8.60192608296104,6.17542037957595,10.283994862134334,19.248076195644476,7.580551750949132,10.94721780990012,5.4496647835201735,7.6260304878003256,9.384079542758224,6.0850630256618485,8.119402868832676,8.751008684584765
20210702,Solar,186.62382646190497,,,,,,,,,,,,,,,,,,,,,,,,
20210702,Wind,124.46114040477637,,,,,,,,,,,,,,,,,,,,,,,,
20210703,Solar,154.3982138737138,7.041781798682392,17.346067198634948,12.417141153237306,7.429543304100185,9.432141289491838,8.62507806855043,10.568136806187729,2.9437213907967186,0.0,6.44036471442903,9.980163997031186,13.289862691310757,18.386790659216732,11.81489604507674,11.326077066212775,10.929845622363695,13.469808547052931,7.366672590367495,15.553747331696478,3.263722341168421,10.414774049566757,14.234748890551213,14.160863441749,7.146797835606358
20210703,Wind,195.52305512259204,9.963813432752321,13.88754333632949,6.944928241197184,4.678346436981318,4.602336481100222,9.83320250305023,7.086784407389125,14.109348861295642,7.964302209118058,6.249388997727971,5.879369519085705,18.379625633416765,7.253405139345474,8.547589080312385,17.57905527637317,9.733225033902412,5.2304438032184315,6.149649700855548,8.353396577795438,3.2110918021758996,7.126961181313083,14.599050906732117,6.34470629721068,10.618126372011638
20210704,Solar,114.4864550844046,8.388794230821397,4.754356350560732,14.012505768466847,10.470176993575512,9.799304970065227,13.280374827427476,17.89859390043503,16.54924205830209,12.273222892737145,15.746050705969846,16.600787964971282,5.0866505298801465,13.921937296886133,13.16133671211534,10.491030728395286,20.74177877866479,14.496219507369423,12.76173996784354,8.362196383459262,15.684706838930436,3.9756221863848227,11.844303234332447,14.84048581641992,12.117667343161576
20210704,Wind,233.46917297738239,3.436958664236549,7.24283593801799,10.793237256061394,6.417707418193596,10.444556789824496,11.365727805350325,8.765704141636885,15.170973353988323,11.934486543759864,13.607874728778823,10.492695771391144,5.524692201207147,4.907704228851703,18.433706966750044,9.679458855616982,18.455265666190186,8.234932365877754,4.494783789088608,8.933910658280972,8.76562350239641,9.571802685349285,6.121277538190148,10.178018643371075,6.151891237149333
20210705,Solar,80.77016876363255,,,,,,,,,,,,,,,,,,,,,,,,
20210705,Wind,246.98457213641922,16.324579474861512,1.6690538098669638,10.324119493777202,11.510196615445805,8.848302304497482,8.440490132403752,3.0205076963149056,5.675606595686565,8.288909069635892,10.636843693866375,10.888900669459629,8.728705371078744,10.84677852096131,10.473978868805217,17.664155707131105,12.435620425331294,6.796644933219499,7.8581710861170535,18.064309795807933,15.515872364089772,11.70717934183907,6.490732913247557,11.235747898742916,8.642017008026626
20210706,Solar,200.0663067399796,15.015685016527827,11.681783687353073,16.641659031921765,7.14087107137776,4.120598976977037,11.285814720850809,12.096085065398844,18.27955629422107,0.0018855760088276607,6.45024049756718,6.3167984755952835,10.261137399324433,10.125160363041777,6.941350108432049,13.434234720673082,9.943249933519542,10.10537471338344,5.810099076620288,1.3377029466993007,4.902335420978807,12.265080999280437,11.784589573765695,10.004751865230887,13.720190075095127
20210706,Wind,145.51372118361107,11.158963813129624,1.1920878637267585,11.737052388475512,14.251165259185097,12.493196627583472,11.719221138894005,4.128888590265838,3.953644792515197,10.42885378110767,2.036311207629634,12.076260632765349,10.10790741490946,10.874683344373667,8.040207296163526,15.057718755852315,14.171459910968439,12.85157032822444,5.723753441850855,7.685394643131459,13.071223491138259,15.953782703402936,2.0949066910708067,11.191502462895613,11.730404924691559
20210707,Solar,129.86658943816343,15.561341465175536,15.11716727782255,6.472881429987744,10.039702615116191,13.185798717754974,11.228631421792945,12.212184564403575,12.391066827577854,8.306886119605187,10.946425590637434,9.018501286017145,14.488426436486204,12.0797968773219,16.241736326744736,8.912978838467929,11.064480137909229,0.0,14.826720453766006,4.324179902317612,2.7372993843352225,8.952768587957376,8.016598742735294,5.989932840251456,3.233331948636601
20210707,Wind,124.64858686044882,4.702407076529117,14.536368423958542,10.493575261605018,10.107484528449755,7.868300911673412,16.40945123970071,12.900458632490016,1.1113192646340275,11.246249410217297,8.21788916096594,6.026025467006444,11.964858065484094,8.865488313698163,16.293291092115837,10.627024030695672,5.936963115904219,6.346240114245532,5.712186038558793,8.881681374114441,11.262453606218552,15.16168867452832,3.3045072721421684,4.144238636133187,19.763894247747405
20210708,Solar,143.21021798714926,,,,,,,,,,,,,,,,,,,,,,,,
20210708,Wind,147.5752069225587,11.97902470365104,6.620608178238443,10.811999532597946,9.644569336073431,12.955334681675305,3.4029839024928874,14.782899655088565,12.925752003671779,16.205341860223204,16.52357539806182,4.963538361290749,10.204577042422994,12.88718242006403,12.451258330438709,12.633557301291141,7.990467018976204,15.181859002269702,7.656681134591862,1.406564923098511,4.303405268214045,10.36861682788771,5.044454444158032,9.664359072829706,7.8816956203801025
20210709,Solar,212.76131233172907,9.34792586591444,10.851014123067694,7.901151438165936,11.607723196589992,8.85142080294116,9.4283445047033,8.62562280354381,9.850170214289436,5.22217449343066,5.439899105826544,11.766418357077615,10.427560582385567,4.290228234670744,14.602286436795405,8.789850621185922,9.397308392698157,5.666467569256844,15.295763308800465,11.843324788958428,14.142770111225147,21.175941122530293,19.790616549896786,12.863327726216886,9.237216470656465
20210709,Wind,248.4327050192292,8.765883347617214,7.433112562426754,6.615946322268426,16.667834110991727,17.67143487651829,9.930131588851024,2.6437815204789006,12.619566605275535,3.5300892274214246,10.719893124402688,10.283982694356489,9.710979886044774,3.518505150316792,7.767414806244715,10.162752773936875,10.969538607235007,8.345089065329494,17.691522641675547,7.7540799791557395,11.124257416722903,17.184633263305884,15.226811082528629,12.772762752294406,8.789284793246287
20210710,Solar,159.96899603270037,3.996781338394525,4.845923612749669,10.99636106374223,6.240531850483386,6.374625314967492,20.75770531847503,17.72643670156846,3.8689746217312724,7.130166344377996,15.399557852394942,4.872013618273302,6.61442667333834,10.894730271782455,3.470458744027489,15.18575645152275,7.147218781172101,14.048180466884538,14.544238305918917,13.9024410482661,7.72833969279697,7.602990013038596,9.554625834294898,13.539752060659376,8.139261877250979
20210710,Wind,107.71857560052977,0.0,8.306284941142946,10.278948143082768,21.390543116927557,17.356828516265832,8.35104409377265,5.382647129628405,5.8999901775217225,6.322033774718464,8.719723257315358,8.313346549525015,3.9846468056788686,0.0,13.44654474879011,15.631135051620744,18.529868970228375,10.198003884828923,8.121768752371965,10.151490092955584,3.9976272672904853,24.722098789244022,12.067285203640706,18.092528659438077,15.828748472039559
20210711,Solar,122.7136979681903,14.08933212474818,13.491327682460478,15.319779225229237,12.784341584144931,8.874002854083972,5.0875804833190905,12.5353527063324,12.409091892494345,5.872952126418612,6.32912274609633,3.2872422076012384,10.711385742798111,1.5858019767623333,14.481938080649389,5.7893442919011315,12.67627259137814,17.66560621336022,11.711297500169689,1.4189375316580033,11.209028301185796,9.661472939478967,12.341954340711222,10.99626523961884,21.88217334557019
20210711,Wind,140.8454607694358,11.21610786626113,10.219070964158805,7.9252206043359354,2.4029406198309635,5.7833682338701635,12.191627147383219,12.128972370236221,13.484440710261877,17.224532204341262,11.488741522348974,20.332446099698366,7.503498889487114,19.02623331313649,13.74639400071133,11.812956375234354,14.369786396333703,9.249201362795146,5.451531344268718,13.07318486636363,12.469200775254162,16.997849391051535,5.198799412801347,5.014077439987739,7.4359994872858115
20210712,Solar,98.49389473516122,14.509991891050465,17.253549620672118,0.0957307625234638,5.774009429572218,8.242257620978089,12.484928598118895,11.945923369621724,11.099064265314313,10.742079357691471,12.278498617911875,8.660211875816078,12.62551959720107,17.746979490427393,8.1292558794531,9.960785787233444,9.30634788469443,19.414873904405752,11.052114997105434,3.2996879893558195,8.412834637009635,13.142582146351222,16.190839071537958,6.13156524670763,7.712039945467597
20210712,Wind,91.05292989463106,7.813820289208128,13.828902697401373,8.180646007683436,17.104995821084096,4.503053861353383,9.63113568135154,11.859309579650677,14.735288708291563,19.861967313140408,14.382803483456549,9.085933571147262,10.35991340198928,7.146187701949078,17.615554357045017,9.672320759481467,4.812366712646748,20.313409588489733,1.2145521013440508,3.8425637357668743,5.0949951834585026,11.516984275153952,9.521501444578005,8.549223982765191,9.549179187109917
20210713,Solar,254.85636061865137,6.43611057586203,13.293454069528092,1.8678462054171152,16.216145714811972,13.922789336946014,8.89869498514555,5.14906181719999,1.7139603071436182,9.984647884876187,19.356047257467548,19.7260149893088,10.074572247777045,14.99589583906869,11.421323792267298,16.651539752153578,14.416704034787747,12.290221381077487,11.1764264439349,8.416081821004413,13.812319275774396,16.544187583857966,6.160419799651206,11.056338129835,3.11725567241673
20210713,Wind,165.1306762973127,10.032739833183172,1.95536725277198,12.078359870482881,10.090467407802514,1.9861551096236185,14.744519780310426,18.456748007513603,7.669010248265701,4.140617754670194,7.713544925212795,5.880115727958508,14.922368535328781,15.168999470208748,4.262052158764953,8.81230930053037,5.032677939516269,12.091375562923924,9.724089869639913,8.574498481923335,15.922735513214052,10.754240866647896,12.707934150445057,16.89483408147226,12.639723067077192
20210714,Solar,108.34334331598266,14.270998243064081,8.574207349223608,1.630510358256062,10.74958851528926,16.94804276884413,5.732009228700898,14.781245751003198,19.113418866130917,5.959127079011151,10.979270027589134,16.472045112803563,2.976941644223251,12.355455877973089,2.0195627028480487,7.122114483624392,0.0,12.79512931609386,12.203760713112025,1.2326545334463368,14.768243894157779,9.617901289062473,4.385872065019097,9.29760312825275,10.934109548767779
20210714,Wind,190.83017851788563,8.84273892506173,4.678137947829002,5.0581446879294925,4.176948631370143,5.320663991267699,8.29523328565732,12.375283656252,16.4173441449686,15.12227673521979,3.653798418433519,12.96263239461453,18.84624573860584,9.605373447203354,8.5140289202259,5.925043478157429,12.82811510704746,14.082971295536776,9.938400648527029,9.26100518072345,17.945331437892687,9.768984880942172,13.27916928058139,18.39709799679887,10.74774869534959
20210715,Solar,91.08269375965773,14.00892592164243,9.08498560188048,8.188327708625685,16.60721370117671,14.183266859229771,7.389250689433062,3.3351188224218555,13.16819082503772,4.330741315197382,13.331884997736653,0.10507388460890277,0.0,13.132240855512748,11.124057650512805,9.127265343971777,6.221934216490658,10.618565474450227,14.175282545534799,9.555019848576288,6.742234361419854,4.280828274742765,11.715093793571352,18.838825328875895,0.7350667529867938
20210715,Wind,95.19939760644732,4.968459972034566,6.5336193803842155,17.719753023805723,5.061164566127664,10.12112930530234,15.46947298810294,5.108160621722832,9.223165133222484,12.789383221319394,10.91858321347883,8.14454638147115,17.253978476462947,13.989941840501812,8.560269084671413,6.323768656109224,8.328692491766388,15.843693856132887,6.182528433522282,9.359406878244453,2.9240022198620483,15.333192177974619,6.749927872610956,12.152737762280585,0.0
20210716,Solar,109.84787994678774,9.192764334150665,8.111975234710307,4.635549421425412,14.223705555617087,11.354076415247981,11.427471016431719,13.287283133445818,15.174078141749844,8.216237354236696,9.106553006040011,12.18302995632009,11.004184986881414,13.210546036338533,19.96781199419714,5.676091187304738,13.469945311090013,12.501943392055622,13.782363074916868,1.5601603302757527,12.053037334849561,6.701275691092864,14.782449869148845,13.149832341297355,8.16190801093109
20210716,Wind,232.72566404325167,,,,,,,,,,,,,,,,,,,,,,,,
20210717,Solar,137.3559967110813,16.1319497196096,12.37624964502917,12.899882884786296,10.240777771097545,11.764040001665661,5.177468033686155,11.693519299701853,2.412798176963855,16.93259866074112,8.257864573260571,10.19130031887924,2.6418181562077248,20.165338254304203,5.134256318562714,5.847286479466003,1.988965475818808,2.736150545808461,15.447461386058416,13.097630040895845,14.93823903830511,10.100744539118482,8.390697917202134,18.402687306475535,1.1096828324130803
20210717,Wind,27.91465065487566,11.038136990079542,15.035572144908175,17.420302766103486,14.838056830610991,10.67487144275432,19.367075618060756,3.344116013071895,14.978812235280646,7.0571698183999,11.18166504906354,6.964176289469943,7.002551854842871,22.016638344891508,0.0,6.195838054913297,16.09711821090952,11.081312989683807,15.78347443999233,3.2670206516374933,4.815108906557955,13.037049372892909,12.69529471851386,6.8140035948880175,14.476567226451934
20210718,Solar,210.50329665877965,18.730387591470976,1.9965844549200717,13.888973758607047,19.238198540128472,2.7104446591533615,15.4160887405352,5.659841112451936,5.669782928388835,5.862144876998164,5.169148061051693,6.435637533701117,9.181614710747207,0.4540269085098092,11.175070245999132,11.995263608292705,9.708457202675671,15.077233987084698,5.240454645325184,4.622225895061744,5.18079061449858,9.93455094496038,3.3391030336554905,16.009848106408576,8.483289130278411
20210718,Wind,134.68093179188213,3.261576000262587,10.289873483078317,15.469534758162325,11.33984399605369,5.1874999853337105,14.207751407617396,2.9446619616620193,13.798441250090887,9.605534602235885,8.464402109123514,8.457966380784942,10.97459026777582,12.554833883100404,14.944770448470774,0.2000873869643105,16.286722713866418,4.292372347203099,12.585163389282258,13.936704307110084,10.340321090605677,8.658158047757693,12.457511678486037,4.837719807008092,5.855464873626769
20210719,Solar,57.529599706079715,10.649594522056399,14.833524906983005,14.321535294257707,9.123490917840268,7.295439444950968,10.061234704866711,11.230532078911512,1.9201360562785064,7.458811535790676,10.083390217326338,19.806546937724764,17.227986943072022,20.228611346429936,19.318836043149137,6.491233760082383,13.13066450623058,12.152840675632001,4.171579544551318,17.899881326121882,10.874967576655381,12.07332151839009,2.705015456017994,13.200751094456994,10.416303391018962
20210719,Wind,134.1658256018295,10.896990195902228,17.531479574435778,3.954385143019304,9.665735712242416,6.225017409367752,17.542366200602046,15.581807259171487,17.995096660501044,21.074929502999343,2.301899368938315,5.461622146038827,10.36707099607498,15.011409011612878,8.987941268577833,9.499350463208836,13.278234801420002,13.043133651869569,15.798338186276936,9.168147460582588,13.374037298978713,11.644723625671865,10.64196749372029,15.571890448019534,3.511857640520909
20210720,Solar,176.05019483024515,13.100465987934337,2.2595580515375344,11.798460521585234,6.285060486639558,16.264054726918257,4.482976070108707,11.740087619063424,8.625518105989403,15.301786466877898,4.743513274133681,7.588971599992781,11.598270124223781,15.064663970691655,18.609995523790793,15.743123100890696,10.817175057427448,18.63946151526747,5.734377564931627,7.752135021359483,9.508184724642836,4.691271199542644,13.446284135594752,14.542102400801674,0.0
20210720,Wind,170.20245832664847,5.933200317755544,8.24258181919415,14.243304760861113,6.1720810363156335,10.035070919237496,13.764837561022453,12.289165244611233,4.453318338894116,7.0465378877241855,6.699977319902912,10.144232346597647,11.750568961576752,2.8074092372765524,3.2053618039084206,8.770364804617081,10.813033348940067,8.302218060029395,8.099883028164976,10.991107359238939,0.4142562292790952,9.450220131998826,11.692098738687235,7.664989931135261,16.03153868309609
20210721,Solar,239.92074895824095,18.42223169705418,15.171133370023814,5.217498551629901,12.212033819128514,6.10664326180059,7.7836324673721835,10.839794480774408,6.55747383464613,7.623314443707843,17.841158663686567,2.6842317001884997,8.36231166328741,13.955473759838465,8.280459770069555,9.23338316058663,15.672553836052558,11.055702972886127,11.087770460743073,16.781708889067772,27.259292375462454,16.349823545753694,17.76688495005969,8.652070470331044,9.75645969419269
20210721,Wind,107.36160687150348,10.064819707358795,9.038608435942773,7.101200616379887,9.180250889253577,7.546150879984802,8.755533401723852,13.413467554353195,8.315754513431473,0.0,5.846374286374484,12.159741115695295,9.038965370621778,11.195983489999762,4.928012729214435,9.5602664801094,14.07235989243696,7.220909788363946,13.692393906855301,5.7498325732978985,10.167618369498845,22.28636653101746,6.033003051135585,17.690884471591403,6.392961565539746
20210722,Solar,152.3360060132486,4.56466243532541,5.447911629151381,5.98403852436472,11.637845884256329,7.477684582264667,13.628946324161936,12.335428071250071,9.971151417863652,10.687018255457224,9.721041899779573,3.559976875034333,9.465237747957225,13.899258725231311,13.960504543753824,0.8815617311113688,7.054885303272207,9.295907009787575,11.856513465129469,7.5798694055329685,24.442640695445377,1.462292193295166,12.04365603109056,7.470955273710159,7.110440077763226
20210722,Wind,115.02153607107891,9.919875047931907,2.2500041075199615,13.863114929840165,2.550319250737143,8.55975263997467,9.282212456592463,0.0,16.590728181698328,6.264703285305965,4.797181265697566,4.563788941730403,13.132273046005436,4.822366243722219,3.4946131007408887,13.295465504624657,12.465004153836352,18.097276511628298,13.828177603038657,7.448627130161912,9.370273727204456,14.138653749920413,0.0,7.64192318224579,6.125094133356925
20210723,Solar,72.89035529063885,8.434192385599433,5.256492326684166,9.65359439835434,9.5369058740643,4.623352976402002,7.826500702693711,14.531533688308222,10.350713082387038,10.440056910799667,6.117984039262218,4.323729075215046,5.4353562481615825,4.642546007785508,12.008748122923143,13.087107851056873,6.903282886531309,9.853959957723134,10.062402856701125,2.9164899521653123,4.735773177259977,10.528915452232996,7.439095602165044,17.522445878236002,8.235936548916074
20210723,Wind,194.27636861529774,23.916175711236644,1.5554916571813548,8.395770528324517,15.150589250452315,5.930344447013406,7.524211759560373,14.005759809804506,0.0,0.16862952547884835,2.7949581422615255,1.7970948033330691,7.467114438707424,9.287206562812639,3.790853142844396,14.072480796433364,8.436969755664078,6.453835282675769,11.220492353383294,14.263938340010277,8.413351089224703,7.040110608909781,8.486737646629754,9.686686206356732,9.437929601505571
20210724,Solar,173.16347845737602,15.249717997625067,10.292302284170129,3.5916504167350616,4.4053786151199095,13.833034555821053,0.06827127244437792,8.188435846707966,3.851307439155444,9.866218320055292,13.351511773368388,16.341639762902695,11.78169613522393,8.104066975318075,18.788907765256898,22.52924026514145,12.841914388203913,9.086355898982449,1.1659195402712053,11.305687634757405,15.502539686258029,7.8600738114657585,17.836807981055276,9.72411239801032,13.437812741594595
20210724,Wind,164.18392248494263,10.248306778541087,14.481550928893299,9.663028734031037,10.082632070672755,10.926715516834568,13.816018096378281,0.12896636133653883,23.787673962080504,18.49335653116747,3.3722687128247877,12.607943819009297,4.617582470468813,9.212813955249368,8.128719812366045,3.50739198506395,6.82781015923511,7.405385809378523,15.130450882029379,0.0,13.09629708924033,5.301268834445615,9.881944851341174,19.193744038461606,6.521299777009805
20210725,Solar,171.33950966293222,9.440416574003978,3.69512620545698,7.162058225076256,0.7269534455079474,9.238312267298998,4.9668496360060335,11.212370128172033,10.67694397831463,10.270705806161635,14.535055065723338,14.611936159555327,10.568250936569287,7.602343019802202,11.8898292457623,2.5598666769716316,10.738064602629287,7.793133126516303,8.544144860527334,9.943244953065369,11.538055608874018,3.1887391364759523,14.565522436238034,6.773521727943993,4.7130315232030835
20210725,Wind,115.72635736557899,14.755284312407325,11.288648706055264,11.21669782632081,3.4726898886341315,10.013114086575499,19.29204702829639,11.633304020682493,14.753950570052424,6.126589064747295,12.339485980274887,14.156315171895987,7.2716121821544775,8.994915049944254,1.0561368863382248,13.529336572994941,11.90051255611901,7.305563590339411,7.847813908949568,18.31126873003494,9.693395023766543,11.92643900081518,5.477977920899963,6.342904298326989,7.319743614039541
20210726,Solar,99.71524563409034,14.994310801641072,14.226355147229334,4.285164006772746,14.038304438390249,9.772196217122946,8.561937250925036,7.797582587195779,8.458269302530807,9.897666375450873,9.622990764667032,9.15944902914168,12.526431149660109,6.66951043016763,2.525988924564059,8.31255449407154,8.30332839689721,7.500227541788731,19.68404074839834,11.377049748028563,10.646709634363487,18.916320865883637,8.335424174638948,10.89613504139932,22.319913972574362
20210726,Wind,151.88236860846803,0.0,9.986458365758251,10.889531297531002,8.453578533435252,8.954344476341781,16.547198987229788,10.933498621733456,4.976943428965688,9.678756319069569,14.700129476965865,9.852395696797503,16.869114913950646,9.758620942859343,6.133017647423761,5.071858732315297,13.598419086979442,4.066096748149873,0.0,18.019950019637996,9.25518425966706,11.76329490194172,5.816366087283082,10.162052521131493,10.78384579338005
20210727,Solar,208.0605701205807,13.21496577366667,1.9465285254137732,7.805246147505896,19.11036432769271,12.585524193537395,0.9548448365865958,15.359201289851852,7.593588888090982,20.959165703781455,25.516006380570484,15.068562869917658,7.276864039652557,2.882183694818854,14.252590638846115,8.587187660895152,7.802671426825595,10.346132282408233,10.476446668321508,7.199304169349085,15.984163071925115,10.857858658238136,5.03089058515664,6.108088431943929,11.998388808151079
20210727,Wind,230.40385677267736,10.139832719893134,11.931057773312515,3.7535153713242666,12.162215552121564,12.21579992923963,13.657415105992994,21.987608591475833,10.641630420292008,8.335790353896567,12.387628205631962,18.192145547213382,13.788504206501015,12.57052650414347,13.29545243096777,6.9082818745413945,14.713152744933536,5.106958910173322,0.0,14.830927841892553,14.579772447810244,6.882131333792113,5.3738008702528886,14.03015333877652,8.72625134049666
20210728,Solar,189.77163534037166,3.444280891065119,9.726765276177648,3.3635798106092665,12.652978324446623,2.141185133863923,14.942778662559059,10.73451836457933,7.698818313864664,3.983533483885715,4.399696890012712,3.709546795891087,11.00301592665558,11.302717832289424,15.426949805499714,18.623885338985833,10.653479719561844,15.70698798427596,11.697509276201144,16.574627148152015,5.288089356564062,5.34834481597665,6.930322648834737,10.076400694948399,18.666524770646575
20210728,Wind,151.45872133840479,14.401070698120884,9.217476756995723,4.11489805988653,4.617589750525505,9.342189070453786,16.517818171822167,11.66956840676621,19.59233883264882,10.10729087113719,17.445088298562933,22.599817756399872,8.080897243587897,3.690857971284862,2.4513458840778957,21.309061520116508,10.86422934952337,8.440047281934152,6.504394056818757,9.636349993930683,2.612931699868355,10.109016082962967,20.21368775747532,10.324574488053905,14.29850785404343
20210729,Solar,163.4891964699968,21.230940067791327,7.265813771197677,8.968004712797288,8.074473115777735,2.4709030032961743,2.359806136066933,5.881055624073032,6.918736028866877,10.977666189196494,10.93055728262817,3.4217440075726513,10.033158649225395,16.63179364541591,12.534346866356623,1.8221935432826708,5.506225607560065,12.042901816510986,0.0,7.944308160431891,3.8695669553585987,4.853557798237427,9.707549761355937,9.979636310276295,4.796569173903613
20210729,Wind,150.57969296626857,12.783979734138903,10.433937131370206,10.604977171817502,6.3368190897619385,13.177886017278531,6.486406814565354,7.4930397701171065,4.725821948748695,12.811479831770779,20.55561700570359,7.690224755619311,16.489784201175222,5.865751345799397,7.200512661162446,2.6172559336668155,8.826880971366144,12.053279624786596,15.445649280274353,15.499902168318881,8.21862384512333,15.615476018412537,3.2360949585096455,4.769727493272794,10.788098426743469
20210730,Solar,98.70283301502859,15.50214221128432,12.5490895422348,11.349118161885906,4.672791302247071,13.838332784251417,12.882549763780402,9.319786848142602,14.044013798511592,13.77880925115693,7.469748890283033,10.370341458873495,9.140900819537327,15.944755875423093,5.959478317588372,6.203159976840466,10.974282076255543,0.8180222286911143,3.5511399537788515,12.700356614914284,11.105744150804941,7.112261813658816,7.3785684996356355,5.9144303479539735,8.065282813516573
20210730,Wind,151.23236891052716,19.02059545982202,21.953240671679243,11.537764588642238,13.319465630480675,6.9461055117915205,10.742209894220547,15.88859017695299,14.660012519224733,19.777630427548978,16.409720113452778,10.829523571819212,16.545537604265125,11.647121969180008,7.313861679388936,6.552359791604941,15.12210403582489,8.667512844204378,14.743692112943664,14.770019608199718,9.725620907623092,5.782734606969249,15.082711511203371,2.0895327943621886,12.055844253895966
20210731,Solar,83.25865912057535,5.848689246399742,10.561660341936024,6.2073836951039985,14.322579328843398,9.41620522332642,11.466798212819175,14.094788780140291,10.149885607692427,7.021681491637307,9.999216146763654,19.819160433699384,9.400167504457263,15.002814391616074,9.417661029664675,6.123697766507905,8.391578314350767,18.59216771986959,5.126669442935553,12.065495145235694,13.150853823666786,21.253387140655356,6.491412436453926,15.694660083340896,14.982696056022576
20210731,Wind,143.79613869484803,0.712142774165414,17.555705800063365,15.292014540475877,11.994685970837242,0.0,8.198566970953339,19.646766720039814,6.989281887296362,6.567251279109076,23.28364174732079,15.059535332461893,2.9378643277502836,10.880946593211025,13.305222079838655,9.028829102282431,15.103544741620462,6.120618579272148,7.6785986983032535,9.601723030075409,9.927341396530275,16.494301685959194,17.438101375865536,10.0085384812312,3.8846852947815536
20210801,Solar,231.80525552981595,13.284330316547509,11.788775417134383,7.788872369959235,5.859664033870065,14.863949070460132,17.753993075278455,2.5488691216989547,0.4967059291349185,0.7293176142267599,8.591996222523814,12.06417445428797,9.26629811148383,12.83418914393846,15.614026504444391,7.765825996390297,6.221892074465614,21.357355138940036,0.0,9.556286748121318,17.978539989518115,4.024772669246442,15.148172429805683,14.9738649416159,11.794953941417521
20210801,Wind,191.1429611391676,8.761942317792744,9.502358361761233,12.25074880029866,11.653650175487313,13.54836870125701,23.042327241399065,3.3813251467551373,16.10360761222055,13.308268833578616,25.008343188951578,15.177466543486348,2.5484715742772526,14.948019937467322,12.605360641705275,3.2319370355234103,11.670814837008523,12.72150488256555,12.123204309754417,8.226065018243792,12.543978152774685,5.588866726591515,9.028343531256446,7.748834900848606,5.96380690558317
20210802,Solar,103.84404078817352,3.1291327381422853,10.742737638556463,9.179222832530916,0.4366079926717181,15.750426308687631,10.519899620045447,15.51041467617966,14.342804549608552,5.56342817280428,12.199130264243845,11.72876134972788,8.411439527474892,19.53594880757827,13.16635368110433,4.865958795680095,7.466120108375659,12.584717973196216,7.1303294238549855,12.001357185098568,10.08979267986179,9.025529708967346,6.72006224014612,15.740603877427683,17.08204447912641
20210802,Wind,146.37854651788584,9.609150319321033,3.891318151537453,11.878106158515207,16.6150463435402,17.4327207016855,12.267106227526261,17.244301881572444,7.800558401254522,14.458821399573099,14.234823790575815,6.622924477471089,8.21940799498433,15.37312670840924,19.11524773989803,17.73169416104782,17.720845955734937,11.196820387401843,8.16720270167716,9.113373615953217,2.4459732682981086,9.19551730756772,5.246047125388167,1.9159772799338526,14.832289880901616
20210803,Solar,108.2811844122631,13.637736868953102,11.52930135376019,8.928359669275432,3.5092491218128172,3.879453535116124,10.281218728114087,10.165640608354662,10.297862392148634,7.541825432070773,18.50166221968032,12.428192337549143,19.08427828953931,12.241143569887555,13.485365458032808,8.212758766326585,16.818375548866285,15.230309840871465,9.524868204367523,11.266830146250314,11.751455225182596,7.706061192917344,10.961993799346699,14.860264513522646,0.050544923833757416
20210803,Wind,146.8743115911395,9.2551416761782,0.03967467589313767,11.968174382872832,4.397705087807683,14.440221008192209,16.420266995237185,0.0,8.86661408739194,18.629789858801836,6.061228549306172,10.337766295094816,18.046838204586887,3.25743615128217,8.93082584253785,7.956845541870055,11.428533779218633,15.507213171813031,1.7599304956318018,6.036501499852909,12.495711001853861,16.68369533865419,12.074900050655224,9.609942854219211,4.36635808991706
20210804,Solar,202.05539082622815,6.065861846324813,5.6866682105573405,9.963055650598383,10.576461347850962,17.396522222092297,14.145581421284056,6.282354190506262,18.1436512064317,2.832465555099657,14.84548423013377,5.785721010974601,10.4269889153753,0.0,12.905523674090366,2.397814270862634,7.324639480913866,9.907057222338262,13.455510980742831,5.741814959303474,6.431781628064531,11.052566910869658,16.700069530921244,3.0724207257874516,3.2813484578685195
20210804,Wind,182.65039691549518,8.882464698517449,10.549215465669054,14.069202853253444,11.020797801210229,2.5271106448538196,4.668097146815782,11.67746826074695,4.8104084852288675,15.114627516763473,8.536233295645992,16.313951199258128,16.05678215735344,9.347947087973347,18.538229521142245,7.683916363479171,2.415129315596479,7.848364790294556,7.182499076719979,12.92074605788043,4.21884439571508,9.81540503365694,11.783999426905025,0.0,9.692196670810375
20210805,Solar,274.2072040372668,9.902617673493273,15.96991136589422,5.906574783944008,9.636257007741078,9.143943940771432,6.936489947526774,5.502935067111335,6.8996925299004,14.519212814063934,10.755594396604653,9.72772228439881,8.011287549871696,6.427592475286539,5.648196673483819,14.804512147837913,11.891454573246646,2.875921991849756,21.47598417929496,11.942367650244135,15.473650113244858,6.959662564138695,8.23810587467635,12.508526473575262,11.507189090633341
20210805,Wind,209.62387012537857,0.35258868686958933,17.15312198499197,1.1505433205471083,4.449360295088519,8.182990083852879,4.953516034970566,10.925630784688579,6.416368804680107,12.632882192321096,10.41530628705294,4.397496645946555,2.8637802403787003,6.6113806329406835,7.845315208283316,12.97775739234703,11.037687457676324,14.068767125028142,7.602014257608109,7.850235396287986,5.157188038697591,4.74192178981955,16.87181598159144,14.948416200911284,13.957245945480224
20210806,Solar,160.20001905388457,9.286125234146533,8.817267101795327,5.133212902829516,15.666739968016461,14.27730932095749,23.474111660977552,19.492777244359882,11.550806432211369,4.413681505062302,12.862053682159047,5.186724352056099,12.639132763737871,9.587840519337083,17.25063874674642,14.055496489867782,14.2907990607566,10.328448370807452,8.052137107313806,16.884469517541355,10.827840412836265,6.877353078878988,14.0963331651337,10.309837754516384,8.771462377825682
20210806,Wind,183.85749870666467,3.278297639275541,10.778586597652204,15.34459207619017,1.5702539946537475,0.0,13.176558917910345,17.130664097975004,10.280647268486362,12.655754101542769,12.650921636259993,12.674980176858321,11.806913639007437,13.31396956170163,8.547635412847493,3.9820146196183503,2.6681877554101074,5.7810227104697365,3.217081552981024,5.894618988681002,10.149621259271466,5.62093808459177,6.56170030614524,13.015615688143205,8.587970117369483
20210807,Solar,139.8778412908332,13.29512976010548,14.921812347910139,9.227205900561302,2.5836550477577758,19.07978848116097,7.021568869451088,14.044461226850693,11.00034081731408,10.634373703983526,7.124025399922661,15.247161450038417,5.312352210009273,6.895521016498156,13.821448375872267,3.9019115829807616,10.707596360345697,7.0977177836708,1.931951166583017,12.186679579950225,12.232870986382796,3.703286683126578,9.584530183527013,12.231992258328152,11.42145919618098
20210807,Wind,93.62478764567518,2.19478712206611,3.3525321390354055,10.460311477732812,9.465086140227594,9.437314679027033,6.6222397968757996,9.677753605809214,5.596964372294169,0.848718947936673,10.624270854974512,12.40826142078257,5.533486951764543,14.475960837732561,16.44543628498993,15.667178610870268,12.144928852462186,9.658123224819077,14.388434450489816,12.288553366504226,5.19380312495046,15.390218106232698,13.302295460810459,10.277527345271821,25.75175752987323
20210808,Solar,215.28882891437604,15.06346102275468,12.023737526577518,4.731816929768065,3.678830090778061,14.580472010085728,14.026156364834552,7.52665971049804,17.42448415205197,17.791364948673312,0.0,12.431157091758687,14.697833819461547,10.16746693570162,3.7208976051364595,14.131370699338836,5.490147239680879,5.092755590435126,15.30572002503979,10.267422060979946,9.397334480850532,14.650714820531274,11.52445834528437,14.796187606433257,2.425943469200309
20210808,Wind,200.44957384658238,7.954174653930293,5.860535663170955,10.327768625751393,16.113126381379626,9.698813811542045,14.524600748295668,13.788756576387371,7.729774463893817,8.271942920415043,14.950868323922242,5.9483828258195866,1.582349985133622,10.188061772837843,7.957886946047965,8.707686190921763,10.58262771515992,10.242909599186106,7.173000995859761,16.330924677464342,5.162830313976085,8.126872335752322,4.960718101274995,2.612593402956236,0.603864599616657
20210809,Solar,137.94728927030178,7.285121466139939,9.140874776616407,4.885936779636518,4.108926822935426,12.46062525489837,13.990538565422051,10.126973262501137,15.937949746982627,17.406088480121927,18.46970851840559,10.464422749974897,12.79090537860296,19.374982229678757,16.02344642019676,14.265201342245387,6.365255065462404,1.8994925805866791,10.606620404306549,18.136328473753686,10.370617812435135,16.588556499091606,10.879323261180911,10.492264753242187,7.319307621674216
20210809,Wind,163.6967868465669,11.47227298650986,7.704883747528423,5.621093624736225,17.78513576105156,0.0,7.872213206751402,10.298522196861851,25.69556998640672,9.661692749490081,10.95314024341025,8.349448451845292,8.427621014264126,10.890548123520556,9.367867004961047,3.9850181387310557,5.8732318196105275,7.337929570582992,16.209329370856448,4.246064681198758,12.520355666415254,12.951382972175553,6.621800325171648,13.413820679446163,6.406534995100364
20210810,Solar,212.0469593692403,5.66982777388304,12.176790635240737,7.987581585880598,15.175610828857867,8.07558813599645,11.529218222070888,2.243921935594865,5.633319730928111,14.911630316493692,1.9698889326362223,9.025169101986258,12.797818033650486,9.729289164364436,0.0,3.7776594610126746,7.346974078879438,4.190611767877027,11.447327874606055,0.0,14.477074310383347,4.597683688636376,10.31749245224274,7.769785246288181,6.310677518753796
20210810,Wind,192.317571310301,11.39372877065032,12.751518370045451,12.225486289210728,16.175278677537918,14.238806056718394,10.554575488166922,6.427348088870537,11.711924499356483,5.70237444129859,13.714738181135676,9.441038716389041,14.94152863645352,12.619510032727009,7.45015113478941,1.9126942374263822,8.669508250823077,11.001777189379517,12.424080955413318,7.5540783999436965,17.4740339644478,2.71036431852972,3.501675845734955,11.278924896768153,9.938342323975784
20210811,Solar,76.84493743751506,6.339456126558146,14.455393386986986,12.75923790321255,19.435529914766228,11.443661733568472,5.318698137807864,13.759302336584073,9.341981808720401,11.07217477164242,6.181152416998897,6.700321283892689,5.628380926621725,18.98572400919096,13.972312274227157,11.807352165018226,16.193674386252816,5.110814875476709,10.43633286349179,5.0853230470039295,8.682110274873471,11.530066009164916,5.545467647265909,4.114749786179811,4.148627971557022
20210811,Wind,162.1810010744912,7.216327438376153,11.740994142322242,12.895224489689184,10.406139620478827,1.815794536366212,5.36753078561989,4.494665796257063,20.154407774614153,10.719709965638387,10.91158172363973,13.758332813089599,4.299137591001982,9.766281329180678,16.382465498028896,11.083589372190335,8.39114322479494,7.204975460069717,6.73742582366268,7.814505264339048,8.593754280363378,12.380078804545102,20.493198376891428,10.377836177458361,7.023712576965149
20210812,Solar,141.6184237255818,12.026770846645677,10.858268849844482,2.0595794247781294,4.935127020900212,10.307124469383066,12.059825222715677,11.328535493012287,8.596730362574503,8.381994863036835,13.427545636981899,4.9544203162349945,17.33143210648371,12.198790147589762,10.25422649307402,7.387917399095218,5.770743429526595,21.29893905828315,11.927263495786429,19.09762104325656,16.36317930872135,3.536285955513019,7.8688118080422,6.39511963694749,8.527441982484735
20210812,Wind,205.65003495693404,4.307096331328086,19.270119002193006,9.966677498048693,9.484960621156791,5.906288370692476,10.982255405218293,12.062517974320697,11.24345738759043,5.653885930426664,12.732251897593278,3.5068602407738014,9.714068029882567,9.458568808353723,12.418908041549987,6.0980369519424436,14.064451647246317,14.324994174519311,19.323746425065526,23.482936357549956,12.875511699847939,7.3717618297250915,15.567282942012303,7.414131243170255,8.644340850442344
20210813,Solar,201.55213693913308,3.6783134911882156,2.3782046490141138,9.01609083308632,7.166671972955187,5.47290374413281,12.766758554211057,12.354439078770092,11.134341597556633,0.0,15.404276249300215,6.073986447100856,11.638739180266079,9.484797091547224,8.154699368986817,22.07274301931453,15.138443690288929,13.00317669834993,7.3978981286874905,5.259121404140496,16.18555917743253,14.26571151391794,9.370668228076216,12.858764727319357,9.294016269291197
20210813,Wind,215.93039140890224,11.241127537051709,18.478049300646198,2.3390879195927217,6.454043637431388,2.3965286334164118,13.955115193468592,12.801321081788446,9.498006150260792,5.771202957532074,10.731903198647698,14.416975530120881,14.553853517259212,7.5495376558626415,14.51592106769163,8.704345032058063,14.097239457999224,16.487898625080415,14.337329446850392,11.121297394751757,19.762590469480475,17.85441893987353,3.9854032976225575,1.1923367404945007,9.251915392867465
20210814,Solar,94.10528306398962,9.865500737553077,8.550890455658017,10.079918833610993,10.75426718403416,13.09351310953565,17.496913112487643,13.138630265700327,13.777368839334224,13.502545567878666,10.866808049785169,11.695792813323662,5.193559868593118,7.199580558891553,17.125977786049134,16.940335072669882,16.846336527377186,12.562352593285148,10.9068362585881,11.00852900713485,5.781934459966804,10.422048037152676,4.600133773523577,4.546014200054591,5.9627497745986755
20210814,Wind,110.79442329718806,10.84346372404696,12.854457931841525,8.747863912816191,8.441478928961267,15.565072219678175,6.120478069419766,6.881034539787353,10.466982002275223,3.0238522555491834,13.683951872218302,1.0837904800166764,14.509809368461733,18.480288767893512,13.840999501272405,9.268257827752594,10.96129820645201,2.978459881893485,7.051057343077084,11.72878038871145,14.046485944782159,10.281292354293099,6.03519170196167,13.624194958154106,8.724969790905181
20210815,Solar,205.70412180677192,11.638196183607104,8.371701597031995,12.557628360589437,6.238951578415017,20.600715670814225,13.151180993626909,2.6617271816941326,12.409258690225405,4.0593318008569055,9.643037152206812,12.986368436505987,13.200766030225212,7.23083488350747,9.409166267436332,7.496436461056673,10.778030737959607,3.4175147713754797,14.476401730593102,3.147599936158346,7.0039601663878965,7.744599564258356,20.728669675040177,9.215821953325104,9.974799114345817
20210815,Wind,120.41770923287771,10.286877769034906,6.48729185224187,10.406235381199012,8.772988037063708,2.629758041285358,13.745994082643424,5.63232293808325,11.06801352428482,2.825685958176467,6.560487905275986,9.75745960238931,17.350114325745565,2.2967951544472776,12.170555326207415,17.08329754903195,6.480625792894138,0.0,13.89497152413289,16.178968007692767,17.817352660829634,17.43614334639298,8.844430602893912,6.326702122567813,14.801534455944177
20210816,Solar,73.92835095428462,13.040463119835344,12.422885963971142,7.253397348583734,12.744892321018526,13.836860806132378,8.439347937372776,13.649605984524557,6.977311371446808,11.04444058155278,12.260092124114438,7.913086649360015,17.262914896570532,10.62703391470636,14.762439505685585,13.949820602079983,16.99509330777917,11.009711059477109,12.90197001048085,14.509732611756865,4.061141206754018,12.779407351182964,10.905328427437938,12.252441901775414,2.5958497095221498
20210816,Wind,176.62982438070327,10.487181434893293,15.210641543072214,14.628812252284886,14.78208603296348,14.165856852104541,10.609315917846343,3.9957670310215265,8.655189701373951,5.53296707453371,4.355685111440585,8.790099885089738,10.31718266741034,15.089086432372065,10.138508439395917,9.87945488501175,9.539180085392777,4.69923775991894,18.743078137381385,7.599811489020497,14.588261576477867,5.794577298663285,13.408931214634375,4.46329684957122,10.122386568521673
20210817,Solar,122.63907798670137,0.0,12.365039774837024,0.0,1.985380434045052,7.097476613909959,8.56720721651963,4.796946600577465,12.7771142637148,16.101714886000682,9.595549264059029,3.3318552952062985,13.765280883115969,16.212580619036665,14.002645080803422,15.668570558763058,8.482135388793427,7.147892760495482,19.1777359428866,16.153805466941744,7.231931556380929,13.910576869368425,12.522957601019435,4.301954065666822,10.82386110679209
20210817,Wind,239.48953851542004,1.2605770266907224,7.289421066585589,9.67867435785195,8.48399456835729,5.412108072953346,20.542951916785874,4.769279996211631,12.75680150951673,13.673098535596372,3.1111160380133605,10.866203999686467,10.222756023188664,4.027673753280425,11.851544887818852,22.601532580876185,8.034959774099876,8.400632280097303,10.269835454711867,2.79055796702342,12.772118974384421,6.495333335539249,14.324947983094319,8.960027017740208,10.921841666079722
20210818,Solar,164.8092276994232,19.639745901210414,28.056750314078347,1.1837453400403208,9.293283972626478,4.5712883951653485,10.524263452205531,0.7701277262836981,16.225045244058474,11.000620319754814,7.225936835978187,3.662242470345377,10.726220777994445,15.563781505387096,17.096789015063546,6.338233167389223,13.182867876700504,6.957542530040481,9.469437331021352,1.533657582693233,16.340574301144677,5.241072192241961,7.372912897685444,9.307763634403543,11.15653767674657
20210818,Wind,158.01296433208327,10.000359335294315,15.99286835433126,5.439033643969401,4.087399888861841,7.3632337826989245,12.257525543556966,4.264978169341003,19.296220739193345,11.519748332879265,7.433295616309316,8.249969846979226,4.355704113688965,20.294694226491373,13.50068823031325,12.358683233726257,10.417724832676901,9.827518500379924,2.8631194312971653,11.32422918383679,6.779994213663329,7.7639664735492175,4.080813282564179,6.286393073283754,3.4344599437976986
20210819,Solar,131.53780541921213,14.751208258585484,14.666711521036264,12.624068515046748,9.401471334796504,11.013107979279749,8.680078515413944,15.00198456661835,7.394655613794955,6.185259636751491,5.078919619121,8.256448104055304,8.877524168636514,6.579227818513203,7.5072130158009065,7.953949181291262,10.947508714465277,8.585108913256562,17.666016192619548,12.156231875256264,2.658222947294775,5.69738823846796,5.277247812974685,8.680884617381134,10.8038648370254
20210819,Wind,229.54176669634856,,,,,,,,,,,,,,,,,,,,,,,,
20210820,Solar,167.92772299449103,9.709924528030347,6.874171058554803,2.881410906480326,12.594172726404954,15.526691690050583,3.4899866914916142,1.2553092172282687,9.032970952240968,13.555132732910067,15.089957998994848,10.19872124593415,9.312597685495836,3.8422226733636586,12.300275961219088,5.188666069419335,9.008497992952254,2.2599578983293576,6.955823423231247,15.53675498722751,8.062926890523999,3.0043317716844573,7.39913466551391,9.81909821458494,12.739312518846553
20210820,Wind,129.5750240921897,7.733176728645782,8.600804620785304,21.909724917078123,10.385790128158352,1.9229152786566872,15.499343123626664,7.441780725427087,4.463461813005618,14.566960118185209,16.570063713896356,13.529955204213525,16.600213806757825,19.26849771715343,9.301320306035983,17.961665730092992,9.259671918650588,11.20856187833796,5.332893013997043,6.7125499784495375,3.577692168727833,6.506663179218248,0.0,4.249456930868884,9.168138511350387
20210821,Solar,110.29581466972765,22.329636657306825,15.407032721962414,3.2035547428991773,5.595252950012222,6.055783756997441,13.842187486983004,12.552736079468337,12.82277569402211,13.51131185956773,9.060778885788372,4.021287014601401,13.889646258681886,2.538067715915384,3.229981535037123,0.8761969634682731,17.107852560039937,20.879332513928095,5.297287363195855,16.02190791083607,0.0,7.334872734502153,13.622993110560259,10.121754228118798,7.30176646696701
20210821,Wind,146.3263472717891,11.266212111820712,5.046978314620861,18.252604515439867,20.060150137859235,16.49820187154735,8.494517777801075,0.8461361755816865,13.889185820029278,7.647086717883006,7.831960057393776,9.460999257047941,10.561240689200007,8.001058895745803,11.156894645290844,12.539296792333978,0.9938418532735049,11.381475083450557,18.79359371800479,13.940480191896066,16.083308818485154,3.243263893718763,12.860463473847636,0.0,15.006088867154359
20210822,Solar,101.11765814225971,7.325710472469012,4.658980842728415,9.138989177103698,14.14563385810799,6.34453583702466,5.498150484680287,14.766551548830057,4.615043869067424,8.043389612398581,14.017924026274017,12.651582224620437,8.989775715305534,13.923442960161253,19.17444447204782,5.87378461189883,12.240956561159242,21.34522035284567,14.491391826154922,19.3142325042837,17.45808179994508,12.700747759743187,5.122656647702362,18.06001529725289,3.909902437787409
20210822,Wind,201.4438720839472,1.742301432849046,12.697737666805091,7.375854392805124,12.763598723249334,9.71542918294912,10.899542632100715,2.795095923204606,8.127503304123405,5.3412160909748545,10.642064475549494,16.21149569899966,7.298400224957043,6.579935047194336,0.0,18.86247475783997,15.44081172587779,7.158425048027811,2.5600534976189513,1.1354244961798166,6.990525022791579,1.1680689660877541,3.1156911286568425,4.066935940764557,3.130161888706641
20210823,Solar,59.582897298788296,19.86866721367926,11.595982223210601,12.833931952941025,15.02415628505468,1.4735553269295731,7.511515968515154,8.02258180506657,7.639552387853282,13.841269186289425,10.617587311829151,4.304072557773843,5.407449422617918,5.054419541192208,0.0,8.634616755328365,0.8073592168027843,8.736123900574318,2.7622234333514992,7.568291870511248,8.53694094613893,8.094238311438179,17.639600558703478,11.032031298231791,3.7971321537679192
20210823,Wind,143.02429858334645,9.183608073858483,6.1484323105455205,16.682970377722498,11.223045859052386,15.76516707756474,8.889787156839393,7.958674450021913,2.4578764838741596,0.19272218979849653,0.0,5.7952433216814825,14.093344590648215,9.73879570429845,13.836696763889591,8.17996163358867,9.642607098708774,9.900698832806503,10.609325855079407,5.468997029800623,14.03887096767849,13.306046288656221,14.832427905952954,10.810835740626734,11.731314538765812
20210824,Solar,180.50667725439672,13.721145597807986,4.543982107923876,4.269660289458358,16.431504427609774,0.43625897074305975,3.68220027698558,7.192799466222367,9.818113349174386,0.0,13.782573015757396,12.526434898516005,2.324830413558665,21.950780713657434,11.18086154698901,17.847546522471184,14.910553929913089,9.151028917506107,4.917692165140318,13.884776103867928,14.117486591766783,15.660791970236737,8.71310271061479,6.096340869680653,6.385929064879898
20210824,Wind,167.10597100548284,14.27998645153273,17.18948496684216,7.448751051357348,10.284359751428822,1.7859470960669044,11.08534790324015,9.675991507592386,4.273791617807154,0.0,13.119874912312827,18.057966483443142,2.2099546294387427,8.719997063512446,13.361918579156816,14.384000411561072,6.235156337836579,15.824653521323704,8.739709858639735,17.865164855389132,18.89560678686967,7.126243794044994,6.624418255152447,16.49699190759599,9.444103198228218
20210825,Solar,114.13585134921655,7.685847382848147,11.78502212649781,14.23434867342126,10.00873730137092,15.254085304183517,11.185016009943746,13.892801769883492,10.794968456276631,0.0,9.972917884451723,11.429399081131884,14.52178906470006,8.964639844905067,7.368070357787965,12.771134921813353,11.342704953685944,0.0,17.765109586626675,8.139825639477527,13.108093229335749,15.066724346100878,10.190196022930099,20.288094009401995,16.927484843174064
20210825,Wind,183.01293533532746,13.362263876930779,3.182320681359837,11.439971562135,13.17614239395602,19.600308397832784,15.473614421198421,9.795992093483955,11.345607624798951,16.785704507490728,14.079238872320301,4.450196410968922,11.039265508570962,4.422203140721082,0.0,14.02905977752892,5.340110848412409,7.726514337293347,15.347086485016824,12.9969830530857,4.873203180171838,8.162677187951818,2.795526364220917,6.259535650326337,4.11324029112143
20210826,Solar,105.69803058070462,6.9793085662419125,3.5318723195885307,15.509589153206914,17.881787731454615,8.546944576375425,9.246292156836967,6.9716316995336856,11.965113916523629,13.934026817851368,13.008509947352815,4.547779147650369,10.224126494016105,11.925477486243304,5.840074992071601,4.583632056171285,10.165426080566723,18.316869478443856,1.4431020847375242,17.218094963046354,13.955384776077901,21.275409497910285,11.464833737562131,13.556137351636131,1.4924509462927271
20210826,Wind,148.8807671751595,5.047868189802921,8.192440137747653,12.575559772158897,17.560243076446536,9.765685940685875,8.33218761398082,12.286743423804477,12.206610888649399,4.00701699158473,6.516574575767752,10.674226101921331,11.035302920148675,14.418617014107701,17.80002650862661,13.708566027690683,16.38794488696769,7.516800753057807,4.944413244590695,11.631176951499475,6.510948971116019,2.7009591775344433,3.9894202017894287,5.061883621194372,14.148843526480249
20210827,Solar,182.59207859901778,15.822323462561062,13.664209034988165,19.041120045745743,12.964237991299978,14.541397798914943,2.216195669413874,11.03631864311253,17.654703582987676,9.47033546656277,8.901068745310702,11.787883142412053,20.050428564000352,6.9684794337208285,7.742053832360876,9.00472892912491,18.478056083159554,14.642924517172325,11.228476908590798,13.507287564916806,9.671961657785378,4.965094024485156,0.0,16.60687932033819,5.82795155119263
20210827,Wind,173.14563897465564,9.209053100889003,12.9750440105414,10.892942994168251,12.583059292883998,11.447239073486912,15.504804741813146,6.652482200365872,5.956769295922046,17.328951869241823,4.961074024974842,8.893632013548746,10.280194108377705,12.67865804663382,7.785356651102008,11.804623495811297,11.276183423683936,13.020583298896439,15.648833435613392,0.0837457983665113,15.562669075064663,10.805187575993301,5.930836248074933,16.324117186640784,4.141491896164521
20210828,Solar,116.2480494290266,12.592564168013277,15.658392685006088,11.10905574165481,13.480212055482431,8.133909103116679,14.464115582784796,10.21150711042183,6.207590919913816,12.500993104562117,17.31119493287579,4.6046465357579915,11.466452693991258,7.007359792282016,0.0,12.422764631306459,3.6051732610597345,9.637041773827082,5.890676853323809,17.82922944879745,5.473005104886281,3.693216570965977,4.924581775798017,15.047015165108252,9.461836372520331
20210828,Wind,209.87472582821817,12.054604969408855,2.5482509626960126,11.608606860078993,14.928104566682986,7.572731893071536,10.14369220703401,6.238287483962052,13.27581948588071,20.571881339854027,14.885902392905471,15.507076170827363,20.29029017630576,0.5313928583384442,0.9776000767731663,4.447454583963464,8.447643564983247,11.582989714084531,11.842629793627717,8.506168102150538,9.633973282719976,6.459774056928268,19.0345743303967,1.7177563791316797,9.044421089811104
20210829,Solar,154.3347285742767,13.189659800276445,11.119233448898283,9.28755574136721,16.49365969706621,2.1660102125750824,3.3538447273481387,5.671306358015285,9.34009237342143,9.428669329535909,5.930413305756445,8.256400932319554,9.682044036767298,12.286823160925413,15.550835819568146,12.969112979204143,0.9341535605730555,9.572534986053967,7.7254115666545395,23.34875936790181,3.871122511716133,12.264511926152924,18.37349088325656,7.287146234600704,5.660782797189212
20210829,Wind,187.14977054695757,2.2173153289918757,17.129551661606804,14.240435794004622,8.817079579980751,11.1647088606011,3.9273648445592912,14.029006070749526,15.626633035291386,6.724205268137174,13.094377582474454,12.634825838840731,18.631589716456457,20.37191506709851,8.70285972514817,9.068213550143119,8.530068393087696,0.0,18.76031832345708,5.745811063931743,5.056619247448034,10.95574035827286,4.4183772134453,7.357401262612527,12.810194014004319
20210830,Solar,226.45505033366237,7.07354734341815,16.664008652380495,11.185206119315131,16.590306449186958,9.54041588965262,7.264470356178552,12.234794032845778,12.808443961830221,4.5944541665644305,11.392961674185079,1.1341603109460108,0.0,4.0205182147543645,14.956009428277621,3.8003927701156517,14.8234918626966,12.2998627939118,13.1120750961473,12.372852457058963,7.265683120802566,9.824674316428299,9.49953968976377,7.0205437552222865,6.104364516945791
20210830,Wind,205.87602743873035,8.377624212517874,11.794549907063429,13.94090004572572,11.71497557035653,7.810769104436596,14.826128544333319,13.851898176182738,19.590556641464307,10.118223278997226,6.570235372503664,16.005772029641477,4.190599183251353,10.896899176858923,6.231503142184789,9.267170967354792,3.185586883624394,6.919514081364059,9.03368928083638,14.12774151567341,18.15107948758538,9.876644569926222,6.718477113407501,16.64271224004733,5.876605684912014
20210831,Solar,206.0064703165522,5.842606635492547,21.74009254326938,14.722499268120801,13.25465811249975,4.990926022188057,11.451688176208187,13.175642505757555,9.543357751136543,14.680321957934837,10.621635043142351,6.575949225517999,6.660140409550367,16.548775748014272,2.6610898100516733,10.100125570575871,8.964630785937704,3.1159794927035964,2.526666817341824,0.0,10.16685226294844,0.0,19.189028430159766,0.9443908752008912,0.6720092333358718
20210831,Wind,159.6339964924736,12.145034240081939,13.046425582079298,12.142273407801637,16.909746607669973,5.497345733532847,2.533214055591123,5.563903704729737,2.5898021400670777,10.49562516634645,14.291923487172586,16.723421877235893,12.919958934715007,9.490070872994973,8.69538209557413,12.96815945633981,5.919060841916237,11.934998079821293,4.692727968840698,18.88700626184255,23.220415382459215,10.74298675012481,0.8990960493559885,11.948633043823445,0.0
20210901,Solar,189.6967560455255,,,,,,,,,,,,,,,,,,,,,,,,
20210901,Wind,160.6798287282158,,,,,,,,,,,,,,,,,,,,,,,,
20210902,Solar,89.53377661107933,8.303976173950582,6.095123535778565,7.248232060900894,8.052907333587894,8.364419218546917,7.388938867439273,14.646089116336082,12.672437432572853,12.644460480665023,10.471445765858828,11.227633728198322,14.89126209201502,17.451799907644922,5.964953083578847,7.440699715823036,14.251869230728403,8.69401031587083,13.330175430328236,11.848732672124447,4.530414738215278,2.049130625448928,7.271632294960843,12.524439508965868,9.236462505340308
20210902,Wind,165.13718962525212,11.459829312289536,5.62395399610627,14.216917264953658,17.491557718748403,7.837602133768105,14.858690062608527,9.37441695014352,13.31303593337602,9.432817516900462,8.811055329443452,18.2826637277985,21.186125372177123,7.467327535808195,9.325309486843484,14.049367232052456,11.462978129720598,14.29377873071457,13.582280443971928,11.819785702251954,9.232537099350871,13.365935083261416,10.11802258710555,12.208371285658673,19.63771694939662
20210903,Solar,162.81804918692328,12.228217522450496,10.9080760739721,17.118155909092568,13.478433555380626,5.731759766928983,13.82752041890416,11.565815439396612,7.327257424520385,6.167043632774558,12.810701319389185,7.010413251455462,17.823803367626613,11.161214275240635,7.542156857690631,9.990669268578829,13.80491919298015,10.106042188139137,6.930038940923607,9.32819901541041,4.284992298766008,12.759077421604642,15.265480441192201,8.641375533305713,12.3265842595232
20210903,Wind,179.18646807609096,13.106280471017646,8.942489965748965,0.29784887245819847,10.630328589202488,14.68410021787129,15.465499414127116,11.716139644735089,4.954971707374224,8.727786042341027,9.085187304661607,18.291627713001446,7.980633003143252,4.73236164893268,5.338658364188812,8.333092478225256,15.403204344330788,11.726311057924535,16.400375768221075,7.019732791734368,8.450891758372569,4.175826098753958,4.46532965696183,15.433942326892383,10.14081948725919
20210904,Solar,143.60015123933024,5.609324634636781,1.157071650432594,7.160684263742926,15.505371934465513,10.154978848279535,9.884332404578938,14.066001926421949,9.27028324993807,12.363736113784528,7.075477798585607,11.928667718467345,14.342814203455344,9.502635131060577,19.023571866416475,9.112498018618696,10.191512287798288,12.138759073736372,17.91779871483382,9.65989119097899,7.714927810640798,10.897022932770282,13.182714657679211,7.284347048324612,12.121271275260506
20210904,Wind,111.92722216180746,19.10290134132483,4.871032075371295,10.11810301207325,22.939152488802495,11.839504896636326,14.415122789330935,1.827269394955645,0.0,6.098255619424544,5.371083820667739,16.701788769743327,11.697033399655892,11.93345769721967,12.289775124159494,11.667048710955553,7.3440688219762045,3.346801659490344,6.673177302469282,14.306657588374032,9.790469455208967,18.23217176276995,2.257918607073328,15.446043759611747,20.787455729439834
20210905,Solar,182.82530415876136,14.632600921732223,8.407982129729534,5.60362768959661,4.155377490890326,11.792350650467315,7.069318681184713,2.1180114364528646,10.403336293931089,3.831735306162538,0.0,10.797428820990447,6.7027445014650935,10.629264018435604,10.79241377057601,14.539547038356769,5.323784426891025,11.885417767035893,15.907559437690932,14.104391568777341,14.127644169000028,10.700541471029464,2.0232479723342345,10.659299037151879,0.5688988701285402
20210905,Wind,84.33638563738761,14.763246718462206,13.636396879685798,5.887401779091586,5.981336885383589,8.461491897330315,8.712170326973531,13.358554325510882,7.962809624319181,7.599243716991587,13.67419715103753,9.38012038185102,12.13646557476567,7.842513098767319,9.667272989825841,5.544443511624704,18.793658904319653,10.51952571976421,10.6992937440505,10.042436132286028,8.690371829326667,0.0,14.253008744257876,8.441806867153996,9.320301512278347
20210906,Solar,222.94095679282347,16.017300284501985,9.919630569189627,12.374599368969024,23.426526544179424,4.173199500782891,8.368533877976047,11.781812324966815,14.308375222463404,9.75395153961131,1.8101313396415353,19.185814166460446,7.630950488671071,12.214963530580953,13.32807333247759,8.281700702838487,14.103393260108222,8.644232220840214,7.36618702909316,11.143256558078036,14.217669132928595,7.14762145934925,5.165210198916133,8.880832306884317,17.37288747662532
20210906,Wind,138.4290969397504,12.670679711329921,9.63967894749743,17.90687984585717,12.133474211521872,5.019334221570403,10.11932509112247,6.121781759056894,0.07075733228442238,16.816450825828888,5.600732783528243,13.607009546125648,10.621768245857151,13.347487785275007,12.659117166817284,17.346730254093373,0.0,10.571680648808291,16.155980998234497,9.364809430862516,2.6704553866315486,10.634852364656268,10.896688673259671,3.057300406766009,11.540323127791083
20210907,Solar,162.2764086028084,,,,,,,,,,,,,,,,,,,,,,,,
20210907,Wind,177.9279076640786,9.305136342224467,10.115830400310495,9.147619255091518,9.423071291689174,6.371578425747141,8.874975484383192,2.960198949480495,17.881121423585697,11.133740484664246,8.392466027113239,12.119434591483062,1.1853450654730824,8.535356824604907,2.338649374362668,11.83624865407634,12.080418024171085,0.4028028579399334,2.5752907725127216,9.713568213015588,7.821415130451624,3.954238961445146,11.403033128244077,4.389267147447203,6.871910335007531
20210908,Solar,179.53440224220955,1.7447330246904225,16.59550513722994,12.31640170895194,16.0421800048572,7.948188401258247,17.258286507593695,26.32144755434505,13.377006639755093,8.612142633463842,20.746486245891298,7.175772747930697,8.56731553602105,6.894954733055617,0.0,3.829040311568651,18.36128077507238,9.34225210313367,8.01897363432917,6.327098503315767,11.267423407044364,9.263020089846735,1.7044002166025596,11.323786867785223,3.7475390745559665
20210908,Wind,79.55078500241326,12.075362548495422,10.777875563792785,13.901069861001208,23.056236544051437,4.32804732314395,4.53735919094283,16.557856934139714,14.903359978439314,8.860296070386362,2.4538001345973592,10.539419535783377,11.590707809858584,19.815595058242256,18.95965555772306,1.427463544182651,4.486621747520126,14.059240206353063,8.857325698497082,5.022328006772046,14.314638196156245,4.662975362175226,16.478188573758867,14.502617368983858,19.556428309752743
20210909,Solar,191.2043290272132,9.153931709172266,2.4634320925906907,11.595636715345192,6.674057296333272,3.919667405367966,3.353393590424838,13.111513387039366,11.69866761314974,17.696831514421284,21.193605479500103,15.978109096051451,4.360681592148229,10.68812080599595,7.773450307239705,4.798975674760186,12.131753698783964,3.769602286074374,1.7834818029217658,0.0,2.7923923862249254,14.396161731404076,14.067114350417182,12.284908928497371,10.375758429092238
20210909,Wind,165.15769141881367,9.797388082365341,3.7423860284773447,18.807012749680577,9.515616364053331,6.154175014856386,3.75655836168886,10.378151853387434,1.6923296504967011,10.406060686626839,16.902923045252894,9.190731800496357,12.631476271933243,8.71256343698901,12.960297690841648,6.550539719911608,8.001349570751001,11.855239852388332,12.45332101083818,7.955822486036911,17.345451362910357,8.168432203973806,6.993576719438667,6.434740702759246,14.129974413090617
20210910,Solar,118.23693077206956,16.020005650428256,12.943944386115765,10.14453296662897,8.24636435716067,18.442035921222296,23.309297220373207,6.906359775973516,10.832645865512387,5.432225441421107,14.545481925491519,5.627394432341859,10.213747562652923,2.61458982174784,11.01030634411142,15.199555820237913,4.015343484098305,11.511619254530675,6.097436816403607,13.927362345017826,9.031756642089073,0.0,0.6849421935575484,8.67325522802984,14.442142650155295
20210910,Wind,112.5166524527043,7.715029807217704,8.878422623886902,16.559963951960487,13.664324884096391,13.290186955962145,12.324259904351887,3.449068803270632,12.04244680032002,14.443733607728028,17.19656088238771,5.165586658336569,13.251258440916422,5.337597115403318,14.56279369164141,15.747631313436857,16.727149275998414,2.054872422415115,3.4532523571062557,16.1155897661565,19.309638312872686,8.033707165514555,8.97654136850951,11.383361065125717,16.397601461043664
20210911,Solar,133.29734589715773,8.739384206139619,9.62709884948243,6.768161648270155,16.111967188252873,7.366055642881885,8.648673078293088,9.43088686255288,4.608877279046131,14.076203416534314,12.023059993580201,10.368090451172888,14.72819277679475,6.788408950651456,9.677310684421494,0.373398465522744,5.179148547122821,7.078438003358424,13.24835855572324,12.23089849661911,10.35506119465055,9.439518515057038,8.208315305787224,11.647390392087814,11.472222704120208
20210911,Wind,85.06291566947543,10.109866479816082,6.936329124926215,10.289914732944249,18.104663926665584,15.414383972759977,10.341602065040682,5.701196821524377,9.367230783203333,4.994144440391932,1.4837350139256789,5.9622344422358,16.71788321479627,12.197067585596402,3.360154652853792,7.293774303540692,14.853919422343012,18.917088094274163,7.852951795829651,3.5224460297274396,16.60443965796267,11.939824869520919,7.27809491366676,18.185677208951514,11.689628920955093
20210912,Solar,236.1133695493513,0.8000387529318376,12.517061060999563,3.936424621005746,13.833591413101402,9.238505633517768,11.138196996234088,5.992790756733771,0.0,4.035316351564776,12.574258405579629,2.836294728707396,13.016360304353014,8.21886370953895,4.814415900001866,13.488946985202421,2.027077196991348,2.0466437770680113,15.287843488465766,9.226434502393747,10.298769264737993,10.90839913560579,15.253152256311152,13.116715120223594,12.487055170998564
20210912,Wind,224.30756625716722,8.669681721189985,8.495411433773254,14.504322202744971,22.596663956218087,16.77170023495919,6.797750121353098,2.916216801127284,8.32950912029096,12.052598623535351,2.5966230407149604,4.00705886158359,8.523678295270837,10.0759864817433,8.2462088949819,9.473234377843877,7.549933076828887,7.805334623840315,12.296201489780387,4.225571678943837,11.336142986059746,13.28614289731138,16.067646494370507,10.740187304424504,6.792051462890535
20210913,Solar,172.58501004879696,0.0,9.066933891356976,9.397785686794117,7.126235083962936,21.058651751981067,7.413916256454486,11.248315259655525,7.818120285918487,9.835155406291888,7.358188604921041,15.87549851945022,10.944313770461298,2.833750518864071,2.0736496059368537,17.52279232908713,12.86016947039738,9.17417507586027,9.010239878381658,19.54706119662956,10.581116166362442,9.382440530647875,12.137795336677014,10.521061132231923,15.252178924913938
20210913,Wind,138.83007918289545,7.072392190521304,5.743883041684368,11.78910531259949,5.827297237836479,15.140808696330957,9.21158433898985,8.11503247088553,17.01119677806674,7.64708647645536,9.609589511421309,9.28813798716288,21.645904655858498,17.022144195579425,5.728363112041283,13.367504710656512,13.583886469901394,10.021240759032906,15.48987074551475,8.06370154168229,8.902364545247224,10.42316674188872,17.452953272544168,8.260097786533596,7.14264756345691
20210914,Solar,140.14460060313024,14.275945266964136,14.608456490713849,8.433156843574631,17.346721466581045,10.472754776112886,6.376224558825469,12.675357874129348,6.9838844868565335,15.28149253994185,5.4446874104784655,10.288819133265314,14.927323559160971,6.3125499919291865,4.005887865682425,8.661574478555922,12.184409771078032,7.934907606923128,12.10184938848021,7.528574086662113,8.713266209548708,10.061043409906924,0.0,10.000790319438655,15.532127110791325
20210914,Wind,187.9032853086984,12.236332791255345,8.894336041917892,12.93214250829508,10.614161597981683,13.496549367581798,8.015326964894058,12.28549396827394,8.668214707022605,7.038596519821211,14.730222351822363,5.1669539816247925,10.357680323307095,11.175612656035398,8.356566165250548,9.106653144354613,14.927093898976276,10.411474186100317,9.901366904969564,14.614213616979786,11.127818185790218,7.924303297979076,8.479561844269039,13.585375118842391,13.97488401338781
20210915,Solar,237.89134497509752,7.025898447729619,13.039401665598799,11.98716986927876,3.120298382923595,10.07535609641106,11.765457886651728,11.14732315039831,9.603856113615958,12.107814512516937,8.93121211500414,7.092529766567965,9.247330969797389,7.347199811821646,7.519839011650853,9.716050836975768,8.55699326728017,9.822093305810375,12.558569324395664,9.804524814627625,12.74171766394008,12.840834865327448,8.24119983878111,6.466021298099429,0.0
20210915,Wind,121.48016302016283,10.203991091119061,4.0320421798299115,5.026742850143968,8.419685141812753,0.8200081801247872,5.014234101899502,23.29720129027091,7.0483998803481,15.873221839753938,12.046541155022332,6.931226782503693,7.008803166817376,8.409339433732933,10.59740876427301,5.770213016195297,16.961937388659713,13.551212691785976,12.721290148366293,15.35820525063362,11.167838048039803,14.233516607181592,14.210505199988766,12.051842406659324,14.033460341358476
20210916,Solar,94.12069786883379,4.625052164347973,18.66941569189304,5.316162837084947,11.278293270486369,6.726872928939779,23.04974710473926,14.118527567827721,13.598957109160795,8.304345699259073,9.95293418819818,8.616154314678221,4.064007237048272,6.029771591949505,14.272336721781164,14.696070678247493,11.783085614009764,14.222678824967252,4.528043062917937,4.384362149457173,12.59588620292949,9.781415725362582,8.407847971310256,9.455715281300613,11.168137890207802
20210916,Wind,227.38203867976355,9.988282984252399,16.38687019256611,9.86115634829324,6.7687588104632255,5.242042021733914,13.765783054430997,3.6971699467505093,0.038039930715598747,0.8545063263538777,10.630895798367359,1.7080058302077694,18.540566849500404,11.481516237788663,8.786924071034123,13.712144088707758,13.674033434780053,12.197602498318588,21.79094274285882,10.445102733462653,2.4093577342657433,7.541626301817446,12.777160081110365,18.588915410208113,16.669367470122992
20210917,Solar,60.64307062077743,24.651601427462552,0.4510116517053664,13.297869787033287,4.926696564527057,6.616044790845636,3.6495763074367416,12.293682239607346,15.68288352072065,7.984661083025754,5.5656635778657435,15.448374832222807,12.392495240075238,5.098288919238055,2.4879508029378785,12.271353838262153,11.817960915024692,11.183478480751107,10.338215597136214,12.536385654078822,14.519932225790882,4.587406898750764,7.591905371867268,11.47636451500127,18.66358339705699
20210917,Wind,99.57345958736768,19.22900660185966,5.990312624681425,19.314477765569237,8.961854317370621,18.96835716319722,0.0,9.729906285157554,9.940609408420654,10.946418707877191,4.129792773991313,9.917874278478251,3.655729250743376,11.57127357011484,0.0,11.212873446784979,12.457180217545803,2.182478667379688,10.438221775354158,0.0,6.2871058824716055,11.774718443924664,6.629845410425832,11.638576046872668,10.553960523608051
20210918,Solar,137.65710537445736,,,,,,,,,,,,,,,,,,,,,,,,
20210918,Wind,71.97832660974848,10.800720824576873,3.40135671925498,15.0376570124427,13.175655194901159,12.204424007208235,13.421803248036237,2.891835599616792,0.0,7.394196548820507,5.169428615258932,14.571691920322964,16.35244233847045,13.150099097646532,6.672502340357854,12.520965995708744,5.291733667654043,15.569959780715223,10.642677880733562,6.930857930396724,19.237621529246237,10.797217562801277,9.990840308856109,17.321567059163513,3.583654630513109
20210919,Solar,205.6074531403299,5.102173426827245,9.34202958918337,1.935745326179158,0.2809757655357681,14.061714752256789,12.452349472250525,12.266014586397844,0.0,18.61546723231607,16.967778524787864,14.188712736141426,7.765299212145502,13.643407293736372,9.213193055680579,10.645512363323757,7.2940865126723455,1.9460138105585345,10.859052506592878,10.276174181980977,17.050992956863993,10.65563075616903,11.5355530108354,12.534861492128009,9.157854386143894
20210919,Wind,192.845263525255,5.991054460244748,12.133158929883985,20.064779247169913,10.452124639827112,0.5394325704707204,9.445757448256936,13.487737674392825,8.540107202072498,3.505888106331292,3.117824581040595,7.124595372337683,5.927566665854954,8.412098445724046,11.647705775761015,20.01134547487207,12.571583403417938,3.414111433983995,4.250992530645986,8.44930547459126,9.947583459102056,15.335254286241089,3.7985243879007347,16.821268808906158,18.279173149148882
20210920,Solar,121.26033863923415,11.81092161052347,9.076370440102583,13.028431055645964,12.597549440541513,13.640918565447647,6.992787694284573,4.768714003377368,12.529576940002803,10.820718322736607,21.685011555220107,13.022337123805334,11.78384395169741,11.830157011210266,17.215885069157707,3.5335445104268937,7.056933131225386,17.459617075501694,4.802185974717906,11.480281042457737,15.348149677645926,16.935977705050092,13.38916490304883,9.07994992252022,10.001911948133793
20210920,Wind,213.9807059588874,7.375537171817575,12.69419351768548,9.751977444206101,9.54729380125812,14.698121581010838,5.47934313004035,14.850835265973222,7.225336419984129,8.804184831453975,11.51012563763642,12.970894189531887,13.29075191591709,7.758589057322242,1.2624725655370828,6.383523060553508,8.519620660554828,2.510633222262688,5.503524148504229,8.827610135445514,8.343866593932223,0.0,4.614604179102429,9.991798432315404,14.637430707729509
20210921,Solar,222.46462142019132,14.52074797425791,6.533350476990592,9.176519762710374,15.466114485354366,0.0,7.987084644452464,11.424571984076417,12.919229150412578,16.735454465699895,10.346634524502734,11.57990465808633,7.771585500932034,16.58038878556371,4.93771187273636,2.066777214414172,9.63679422012451,9.486305691050928,8.524522054361915,15.737055597470487,7.652973530828204,8.99248344124159,18.565823257510687,3.1471322978288105,9.891196326729633
20210921,Wind,144.34146758549682,17.848428404888786,0.0,4.464001010705009,3.147193828979322,13.826183768896994,4.938100130861988,15.979295784712596,14.906548787214817,2.631764096090291,7.298668753900371,15.305603387713028,7.002307072957578,8.205099031017403,9.573828530244509,8.909901041164654,17.08935644481785,7.241796117162241,11.06649589217247,20.553556843575265,7.0283817848045045,0.0,8.717536265328656,19.22402932668197,9.415982126159594
20210922,Solar,127.46659112159962,11.663103923905194,14.910576560825303,5.893566021399145,6.494552493119428,2.8796317866645724,8.005611218957753,15.448101991696214,13.32999773510684,12.128173790679616,13.284605161763233,13.997660805336976,12.302935585570008,8.991114637613817,4.299032073666234,1.2955031600225353,13.013927253574051,17.158586089758433,8.885087241985483,2.497202466914956,6.801295829954361,15.807834376230346,7.9298532884213895,11.846983146781154,12.872936355811403
20210922,Wind,262.9801013871239,10.508686029199634,14.87907326801265,19.55217816066707,8.349826768745553,0.14997321776983763,16.65475467911411,9.207815422985039,10.516342521900405,8.778841840526445,8.97862494639488,13.63684806626544,4.375773367875611,7.655953010118819,2.554720159922227,15.927508180842883,2.6934716231979614,11.514530699228757,11.513765293505386,10.123460956631664,8.704604772618207,9.884060021305537,14.46093691960086,19.278561772302538,0.0
20210923,Solar,186.05809110420776,1.5961018754467415,22.518183211441663,5.054977808569937,13.563622847046533,16.63159108429789,6.143801003753002,18.177998650510474,10.478014248270282,17.64570474842995,11.50237097233975,16.826405614931215,7.308990184877136,6.334618552459866,16.547886843411113,15.461186544350838,10.798447611011735,13.95623017409467,13.37637600083205,15.431704950941684,6.430250226607372,15.758327178230152,9.741470618104032,8.253864936845615,11.85840763764052
20210923,Wind,162.81623264844268,,,,,,,,,,,,,,,,,,,,,,,,
20210924,Solar,218.1772973319806,4.281643492304709,13.754160546734077,6.488897569622105,20.71682991371209,6.4202663030781135,13.817119064921014,21.951472524753477,9.723128378981112,12.076591312472186,13.346547345968236,10.288844496788737,13.695160264536936,12.432058011408596,3.454073894216636,4.931391058848154,8.858366558190584,19.97612758728237,11.820507194057935,11.399217355127542,9.082864396818314,3.248504506338504,8.50548568446778,14.963830016913247,9.586873183720243
20210924,Wind,165.09653175015106,7.909954356832901,0.15658930958306505,4.009096235193637,5.971070515130535,14.948022713786727,4.601993407320419,5.6060715975705255,4.8788455638263635,5.809042297810757,16.19930600473851,14.096017591103168,7.861634572680135,10.340435840016703,4.259252559095681,2.3794872572037007,10.00322243271032,6.280175340603929,11.428434617837773,8.100881527208168,5.153986737545312,5.161724216876429,13.567621724490047,11.649103492613383,5.823292722094862
20210925,Solar,124.71897070404057,,,,,,,,,,,,,,,,,,,,,,,,
20210925,Wind,154.00798802437768,15.14879082154516,12.439334168480048,15.444552563326194,18.945444914665305,9.099173131354588,15.344717184933948,7.164058506936185,12.571820997733775,8.15317563634614,5.24366155893693,12.408038360735839,15.830175031246267,15.565558801347965,6.523091749755819,13.126856861704152,5.932473236697241,16.285366087909182,9.266182058141792,4.916181585484022,8.800879261289595,12.847700726994765,14.334258366617759,7.626830264675336,17.39006006280078
20210926,Solar,201.93271436598675,7.667462363249414,5.240355761618734,6.947538368639832,2.8457070803380855,8.989565467810353,5.371179801746511,8.116045060601303,7.685594342343254,8.073851223712875,0.0,7.199463464928794,7.4678097799586425,7.271796799938683,3.0719197288442555,6.064736550050657,11.019416832072146,17.4190947183636,6.700839610367304,0.0,13.17406480629089,10.283893489486456,15.75373165960116,8.264974078905286,15.598010441717081
20210926,Wind,50.39072168253932,7.955422325400068,13.901112373007178,3.133378601195893,13.415313556995224,11.737993854873928,9.712571253945983,24.617768312569815,6.312190529153336,0.06282347614676165,11.05516864645475,0.0,26.11464221242776,10.603895953900135,5.799190495751323,19.542880880033596,11.45317809480021,8.660087889618094,9.534168213760248,10.829985498774917,10.065265796782759,10.887526521326112,2.077202930616149,23.352004816796285,8.219282665989649
20210927,Solar,135.59846302803894,6.503405633716641,7.2347749614153205,11.45930656507327,5.106649789890153,8.868327918046619,20.19991911084263,7.68639656294461,12.246155065924963,12.072920321790484,11.127315772278525,12.989369901077476,17.097894542105017,21.0147577585391,9.759146690622444,17.45347719949075,8.893123835196702,0.0,13.265764356213227,11.159098720958436,3.6678718429594728,8.212785767543675,11.78895534494247,6.8925187255900635,21.89077235177548
20210927,Wind,219.15286992908025,4.010731273370446,11.502080497756346,9.721128311600935,0.0,10.570630371795502,14.89916128530682,14.255541861464607,11.899498284652084,4.58880431524075,19.629649075552827,2.2565983137176993,11.362266506462552,5.213735328262009,14.458854978031379,10.004119717022183,6.808387030070666,8.079427996924446,13.237421639239711,5.240814023453783,3.6693231082662816,15.649851928702548,19.148170478903406,0.06802378447223978,14.968883396158306
20210928,Solar,124.40657994532413,6.826022589478791,11.02980358104542,15.013622750408123,8.12608103093384,7.48220937293647,10.42615225867783,8.822985443567914,8.923502072756945,4.416601924740543,9.42079691534526,6.504419362987705,9.091067389455196,12.697872272245851,14.038842396130748,7.690658723990582,6.223315752451354,18.717982512813766,12.539348617798618,8.600874120557195,3.7950248161124356,10.730340786771478,13.088911863249317,10.186185090838505,9.209402787926207
20210928,Wind,227.3054280215705,1.9343499054265567,18.720840680736472,7.727458503488648,14.4974998123858,11.75909794939681,14.20365287265627,14.682752147938738,9.255322846391813,2.2235829722061276,11.872461515571228,14.100058690043868,7.223400572289637,11.442725894524813,6.111154970222793,7.154020501267742,7.896804201402804,6.183704480761242,7.623998156138267,2.788774592557032,5.680957691922412,10.24211347388232,22.192417664227,10.123250008649233,0.5620313214787742
20210929,Solar,220.73719096799064,13.415312907541324,19.07462955043256,8.699216101866623,3.8911445576346315,11.569215159522837,9.720389573429909,7.27920240814504,12.079739449399534,4.719753208005065,13.885882028828362,14.15881298957378,18.306350061275985,12.640796310486076,7.344379368311325,17.99188380263005,13.688124587667973,11.455992012559955,8.917691059090288,12.662661050027115,6.486461006480965,11.477155407940481,5.3590620984689625,8.425744449777921,9.506562927677418
20210929,Wind,146.72354422555244,11.972618025809378,7.01367313363247,9.252348177283656,12.880473640724155,19.48942918842091,15.09115916601737,11.280660468295856,14.844785581919453,12.50239883164593,12.567040604937546,15.876359438440034,11.052498531634527,8.575482012576103,20.514420354895446,6.716523342213548,8.208311638577689,8.464436408709977,8.936779878978854,7.997044408759304,14.59670514509584,7.924986725475755,11.289371620837471,6.896164967560338,6.84242948391509
20210930,Solar,121.57303475554997,12.802646424352563,15.290528089980182,10.44502055276741,13.814317805932259,8.093745251631487,0.0,13.143491502363712,11.005428295768807,12.255866442432046,14.219718959086473,0.0,2.805903512366714,7.038721247568171,14.978422652407499,14.671844763666803,9.504305386800528,9.638729165841847,6.964692179895177,13.85295046863935,10.931414784319042,8.249010380132088,12.438276107382427,8.630650297761772,7.68758791947491
20210930,Wind,135.63205629251829,5.227979747124286,11.774200777851487,8.03719161321205,3.6415492924034796,9.0791724109751,9.303670018125274,6.390942733317593,4.039830448114437,13.318554802706146,5.908953459370706,11.480067092378178,1.4393913383375656,11.132464793137514,8.741099045342004,10.10896106534152,4.215145091118618,16.560694414805873,14.469735991672543,8.389395531631756,0.6948227091836789,12.40657615033133,7.365652569289636,3.401567945810644,12.067559783276884
20211001,Solar,283.2307246000717,4.024647182424719,2.936589664965441,7.226779459769956,8.861193556438147,11.194121629685206,0.0,23.788629621127956,8.892862536182744,4.8650955357759464,5.1181683311627575,8.711573830266284,10.562208296802902,7.7198535488262,0.0,13.56781106962088,7.628256207590229,11.272400071252767,0.7970342729554569,5.0615007527324725,5.622172705783356,13.881554174671638,3.8218029484974347,18.89253228122132,6.858820062344443
20211001,Wind,243.7212223466622,10.2675713715678,6.5188580981391,0.748111575590793,17.88537411163582,14.8221782215736,10.806775941159144,13.404705216168988,7.964250811032915,11.07390812786362,8.59719584721665,14.941079827473219,10.672226849082067,0.0,7.705856707989241,5.898013542156178,11.146779841794073,20.209683657521936,20.110038870280352,7.320403163608622,9.816784973290396,14.404000076687351,20.849035139280772,11.225060393699408,16.60473164412152
20211002,Solar,156.2695485903369,10.320512824751127,21.68073049799812,7.173063954399415,13.252963099818714,4.542074234113994,8.819110508636507,8.870145227413119,4.7350694681277705,6.923082334979395,0.0,17.381799607803046,5.415146159081105,5.877670061046113,3.366903189303815,8.335407022391358,1.6638857359408887,14.881375245226357,20.36941975804037,17.540505872345893,4.978623352840118,9.023793999857354,15.611020949211925,10.589402965524483,7.349687812390912
20211002,Wind,119.59232241897953,9.263650862435274,11.789272005523275,13.57611634040876,8.692537677119898,10.51788260887534,16.80364923321165,6.513827415746538,12.489663828010505,14.773648441691579,9.802102048660169,3.455425185488683,2.427815895743909,8.416665004360755,5.68659307109471,9.879087401481689,15.224464672099934,10.656195457416057,10.250036378485865,20.480364142583092,10.4051289352281,10.61639533876112,12.789350210190117,15.255520678976461,4.888981740766825
20211003,Solar,155.85205177906315,8.552583654060752,14.998897897587613,14.25122759684443,12.076477406269598,0.0,13.559136842988336,10.45861511813491,12.874262896976669,12.13006977422151,6.7020845379589415,10.07941320593566,0.18455551973587947,4.610754230974331,5.173340891135157,6.843166911647158,7.035693557640521,9.529258372750395,12.026007061383623,2.4648673592673678,5.804922552606252,6.9675305056434995,10.239363611634754,23.549546061007383,13.247862433349802
20211003,Wind,162.19134633083823,18.55387888847193,8.939778438165044,7.644434882043497,6.5736834576477605,8.642340416388024,7.369561562299668,3.920009946932652,13.6310421085298,6.717408366431939,11.611066668138672,14.163160747432757,6.203349644105785,10.754934082460096,8.84395918591462,16.24612084687249,18.81493780161698,11.658829569420934,14.245813883420483,14.528593994454322,9.329204278236352,13.933042611256742,10.70193199367534,7.9910935637300256,9.860731248304937
20211004,Solar,87.8320631195323,12.130125058964891,7.300290426403291,16.49742999090881,15.568478391925124,15.363635150496805,7.968918717095676,18.911476319249715,5.04543522958955,15.202877676591186,8.674656054983808,8.310008274182712,8.186259725283158,6.21201911569199,10.348798082836884,6.178459351669802,12.099923042574334,3.834101548947486,6.2103141233897885,4.45866240264028,7.154886535827283,5.275869626716656,13.140153636662426,11.533488481898518,14.276546764749238
20211004,Wind,154.002063460763,19.853391957332455,10.136322538172374,9.856479641498225,15.566300323010697,6.369287818263409,11.903482651148902,12.156268862005403,10.787254685395865,12.536721703206624,4.9228359368268215,18.728473598068074,13.45885617714826,9.782805512910585,6.3420957920734375,7.114839291949016,0.8257601795297398,4.7117442398201534,12.838013224195663,6.200581435137325,10.560934856481232,11.110691014517325,17.211735249008175,14.009686071651592,10.856358886718182
20211005,Solar,216.12021624058647,16.344825127158167,8.669479723768914,3.3107681409202607,10.604529575430274,10.88418807642656,7.137197037233635,9.560069662943025,9.968623835779365,3.064985865430876,16.554284315045322,7.992652269394318,9.348330205248974,20.839363432217198,3.6114684487297346,16.793500118139878,11.387639263489207,13.785058450015121,16.595296593722683,11.044901512544676,17.203884682270587,14.394903738411433,6.465526792423232,13.45531824435586,3.0538687877579997
20211005,Wind,60.03216593917634,18.516354630086724,2.5337353448420084,1.738079717728721,11.153530782288469,7.355472128081989,9.838136068077276,15.229889271783563,11.537015466709429,1.6423890933421215,10.412595521039913,8.498991316715498,15.319936142557848,16.135012868140738,9.105343663580454,15.824636183977516,8.409879931264623,14.597799643484809,0.9864114168928784,12.446694716461586,14.464780794364218,10.628546355385266,10.528242296272452,14.523887966226237,11.51995041287214
20211006,Solar,191.3291982568624,4.62768616821999,4.983372712729841,16.09128961309863,5.006015624971638,5.702989011331586,16.583490322574345,6.392426109570162,10.648632457490965,3.261570897366912,14.314294207126387,4.633462721735464,13.025357480053428,12.957459702515548,7.50860611446921,17.93989386162815,11.449918791917677,3.3850891090865387,2.796641911123119,6.358990738887648,4.593967369755533,11.500013373216193,8.150078973287028,14.58809055328594,5.460247718135367
20211006,Wind,218.739898502739,12.96585495499015,13.539422572061154,8.13498137369463,3.2398178646608544,14.857429991340508,5.854349082348108,4.220202067847813,9.937270275418472,18.24590858263319,10.917572303770461,10.769603263334698,12.566150304216382,19.04614450653433,0.5123040309419991,0.45863417961232833,18.08367887829795,14.297575874689558,13.750989508252475,13.05074265705301,22.556182100736923,8.636101075410444,4.715525105947657,7.944034338379752,10.73139126685151
20211007,Solar,121.9721327452816,7.841172555033135,8.096546554487945,3.9296773846371047,8.116976280292347,4.773706550771731,7.761628170218022,9.349334641356311,9.336381202627262,4.9226868698178485,12.319975656035258,0.0,14.896243221499862,9.637070392035938,13.03785471263122,11.00361374520927,13.524860969975594,9.12142733817508,8.649593506385843,15.921115350952096,15.903924808857795,0.7304317545173455,6.931529212125827,15.976008360049311,7.009959818044285
20211007,Wind,234.70878790955283,1.6830664432023357,10.128524410139535,0.0,9.562991451544109,11.464826469315465,8.462838272753418,10.637718247347953,15.534203050127601,19.380701038409107,3.195021376742778,8.76117826240718,3.0665271775192804,9.687960909394889,6.355763820238946,10.45140662315553,8.871371079146805,5.843852262492264,8.06689229930679,13.642381684736941,6.570455094336417,6.631980761907008,11.081426403253952,9.43971521491876,8.972620272592096
20211008,Solar,115.48314687758273,17.48001584777763,11.174615252486053,8.021419445624284,15.313137486939945,11.541758103830794,25.790367130928118,12.65293103296385,5.69092996240357,4.663407084728036,16.390517519781465,16.344847429627016,7.318780745977545,4.7220186681897,8.652738759344631,7.191335577770738,3.015620304868655,8.427048544749313,8.364150185754104,5.168873748013755,5.66843853771382,10.221778905147136,8.50350502367889,11.403602687019243,10.215737278986996
20211008,Wind,172.0541330930202,8.531537371471854,11.5652502440936,12.023754294981806,14.612138753091553,5.741002414806881,13.041213312535836,2.618610417838866,9.134145646174757,4.130674723613278,14.393408251881477,3.016168253632232,22.007072636741594,16.39077585167868,8.900768150777557,11.622296949285774,14.36388985414061,14.441394920399869,4.365141762899763,7.776517678156481,11.702457463568463,6.554712162176833,10.136417360415267,13.073936634365582,13.669358729713382
20211009,Solar,134.66136576681848,4.7244918486665775,15.732895306576854,6.511544279768977,10.924164441795464,10.778426284788143,15.660341695239211,7.71841584990384,15.406853334029801,14.399762405316313,9.905798496637638,1.9084865652562832,0.4688645417843007,19.78496299535281,9.92279545253147,8.392791348246,12.548666620225127,13.043922232954698,7.949009372463588,14.3762274307136,13.522076012389734,12.426053161960663,13.623189410665415,6.444198728492737,7.243182027505172
20211009,Wind,134.65018214186983,7.927180683756533,4.50652092465734,4.733774199330643,15.952694921863934,5.325260812660114,13.840628559391922,0.0,5.944720379842955,14.62761655451218,11.440010469366312,15.58111673793881,8.511037309673103,14.53704825974085,10.730216606844728,10.809961342014224,15.789510590459644,11.486570101406118,3.3982261928400948,17.75695102978513,18.835757882662573,2.679883401449077,15.775399586274126,12.168634377025445,0.0
20211010,Solar,119.13504651209773,6.018879386130903,12.851263617718123,7.253121156966363,5.282569105927983,12.60895937454579,14.176969329926496,4.088254145469542,6.199560361280064,12.779125868168094,15.013029301131276,16.258514279395914,12.38074331206867,17.116930463243154,3.4770111611828214,27.009377811049625,9.285683859292277,11.892425839812095,16.543611760942575,3.645269182654396,12.542272668787604,0.31253721623506925,23.26904981083952,13.102252632219443,5.216954543602236
20211010,Wind,184.928774043101,6.531510161916664,13.775138967598238,16.215960095724277,15.38668443639185,3.425271426785531,12.367867686661441,13.576307668502023,13.669704722259048,13.380551468958222,8.139998979447691,3.2215623916079883,0.6153151208666086,0.0,11.561792462744373,11.585653820642289,11.475545334267101,4.295436733356068,10.666316108570031,11.513809452046253,6.681257075070921,13.475199694338494,13.856214969509395,0.5343184273624879,10.668466742376923
20211011,Solar,192.44027288657244,8.891983049086752,14.929258895007528,3.035091911624047,6.047856428252662,8.301972484040794,11.82634600029546,14.805129042873673,2.880430796764787,5.991891123208333,2.0845979266774073,18.663730125323784,6.2365983415525665,21.698481742904637,8.279332994355997,11.795657990514426,8.768681484829212,12.734156204230679,10.53276378647811,13.671493933734538,7.463202740526737,8.441793695316548,6.915514031402887,17.008268418618396,15.909146631806713
20211011,Wind,146.77889002114057,18.654075965223715,2.935412002925638,6.791494847887415,16.198472650321214,8.736141701710501,2.7462767276573175,4.289977323434901,13.30315561513247,14.165015977403247,8.2336801280834,12.162258824230303,19.97998161659186,9.478284018619865,15.422214942313769,14.106096675079206,10.434240423873787,7.7137830424698395,13.3332149090649,3.017478987753778,13.133067326050025,11.731898098977496,15.513631796651184,5.905418310645293,11.49851480106332
20211012,Solar,82.00158931638629,6.6684139172768715,11.274096091734991,16.053788698087953,9.933267676150093,15.56477669105335,11.789322781714697,8.376977254628121,7.5518271037651825,11.199983358593009,10.761947460773701,15.243719317453813,10.852202438337436,21.779840704693132,14.074895119926145,10.903222654981588,2.4273884585107175,20.1061918985899,23.95106475815305,15.094407278555597,3.2977273360301176,7.39482973367378,8.410560542012151,11.36502136373669,14.978526260625552
20211012,Wind,170.15850833171947,18.296353321095953,18.580379731992586,12.470881447118767,0.00856661731131303,10.70021535855946,9.458282038035211,10.12803077563997,12.050003077602112,8.173623052080536,9.837801039633167,6.040650841842524,7.127737991576066,18.658252170214404,16.61381415166752,4.509836619199606,11.591345449524841,8.099827678038272,4.737542626519218,20.574278594602305,17.473254490925136,12.823703425190889,6.50409965643166,17.645043346352736,10.788215966892071
20211013,Solar,171.1007179705347,14.244183979897608,9.504397404216885,10.895639068894782,13.65078582015721,14.775067450560297,12.727284514247476,15.390550694210551,3.8963271647218676,10.473099488923838,16.587830786643845,17.445294906210552,11.05235081180323,13.862127055436142,5.3081727615100505,1.7664413542836388,11.91197505667109,21.130896421694555,0.7888952414913419,13.319139534859914,7.27685383457419,16.78709073294585,13.114082790489329,13.269430344042403,11.090218940431818
20211013,Wind,139.16424943067864,11.98135781793043,12.417473509821457,6.757769322918756,14.0477287975039,12.773455242449394,9.645704166797765,17.64547433258495,15.925381332791842,15.303229090746392,5.200488055403491,8.659918717101077,7.118206699301659,8.28482347492852,16.433325005954096,9.853544686490459,7.480739635164551,9.194016592464546,9.846567071598216,12.82844942506454,14.797572978127889,17.141818823994505,17.068703474333958,15.201944453809189,8.789736698060148
20211014,Solar,243.36156435904041,13.740600161259374,13.901977972925923,10.152524072502139,7.717099727557089,12.741515004478794,13.81582146363996,10.765411276115113,3.9138067505522844,11.959253014789084,5.8335468476660965,8.43982538723946,18.562607923444656,10.791195634395267,10.470372660655801,8.654444858133608,13.03328109301549,9.525498333727,0.866358800501783,6.243812660686817,15.99713141787523,6.76019346151247,6.972366527132998,15.550768660153837,15.247076493643402
20211014,Wind,71.8035367549673,10.068278319187288,4.872650778008699,7.310854657733497,8.143702108029917,8.34033404884966,14.6996628557459,8.696916722088838,13.62475176773327,0.0,4.709767491612062,12.411889596531312,5.044864934124852,0.44987719103097845,13.450938876532659,0.18198958609163984,14.362809083422245,8.52844343317491,8.306688454028563,7.548267170458931,25.274545960147808,7.890395897339119,11.577000852984607,7.539282870520563,18.230278768285363
20211015,Solar,39.135814487321596,16.43025051931713,19.16912364499987,5.703069344646245,9.20227360057698,15.10452941762443,0.0,2.7815319564968277,4.122688081120074,14.456139356459387,12.14370547528742,8.039874365485922,7.386039148786667,14.653997053951528,13.371904542271585,18.14696375811393,17.00082343768267,3.70941553747695,14.372441508462186,6.763820452148367,8.473595279542263,10.850704541546508,12.281751549073816,4.815237596823298,5.176972100430872
20211015,Wind,113.45825501511645,12.834901316335504,12.497503984844519,4.599712623491299,0.3742409368686428,8.219147953489987,7.830535909170209,10.540346172805302,19.04150435544532,14.073193567312746,2.369831234630829,2.3964687915715768,2.538891353093604,0.0,12.295274972337113,10.535015216827556,4.899740723208147,16.631734337661577,17.63996277747622,5.577898482705748,8.61052314214841,19.354583291766016,5.257178693052225,12.076000839096773,11.123610596387168
20211016,Solar,185.52122670457248,1.676670074872435,12.597514070967131,13.920477981862492,0.0,1.350872600349462,0.7130654705593664,20.374612507451328,9.643091090724354,8.104676601797228,13.718781990166557,10.658837461294274,8.522774126400574,8.506555630586686,4.558879473745159,17.197181773322118,13.346924046295921,10.485481101476417,2.171182101388797,8.78928376934369,8.351927409565416,4.235866345393168,2.8427792258282647,13.563582910947973,4.040353456968193
20211016,Wind,97.20776812830796,11.481259659449826,1.689863109947325,9.697969338919322,16.508128190651945,8.926064157665536,11.194722773209971,16.450962749686596,19.75428547498492,10.583741466095615,5.335577393452681,8.40878482607345,9.127171062703287,17.71618701906978,14.77540311041396,0.0,16.689498374525186,13.135453515639517,5.2836357538274905,11.545980570534846,10.86863895556558,4.271153073196934,2.985729714352796,15.518178263649752,18.35732411916528
20211017,Solar,100.95145407369624,13.919865714963075,13.972723991066564,11.57256871901348,5.879661662947116,12.26738202322034,8.496458110729998,10.874291481294524,5.905562562946702,10.56369875579666,6.134488201227415,6.160443597382131,15.978203319475494,13.603624392258148,11.758392560507348,17.29243527877863,8.246024209911662,18.07544925963085,11.817296655668098,5.712021072401177,6.777151309685158,14.344729494342337,16.394246624428554,13.904107704047524,10.854753661680629
20211017,Wind,197.55106680890773,8.554993906993914,12.532051706895686,10.758365929007018,19.27632054788182,1.9668714064359338,16.77914235293303,11.51688904350055,7.786746519756022,0.1027021201161582,18.851126299956164,16.202635774744067,4.91634415062159,2.350426194292634,2.634572819471215,7.573974600247983,16.974595676855124,9.344345777055823,13.769808180031275,8.2629935713037,16.05960951587645,6.671164810791431,7.680738923306636,7.541521685708745,9.900438396423603
20211018,Solar,173.12739613988748,10.631279363569664,18.12095663861032,12.204594139041795,16.85200900569457,5.57448820639807,11.036223309004386,6.557418192739717,16.053596018660848,7.991648454529453,16.162898643478396,21.961633404128676,12.418142539842908,3.2984725133748007,7.5815970973199756,16.295789409250386,6.370464864954968,9.53625372218931,14.054025973995442,11.594702952099746,15.04080983804791,13.295784755846926,6.8486085671428345,14.398561612209674,4.306874520084865
20211018,Wind,168.85304548142,6.935710026627964,8.443673928478233,8.726406050070542,17.835976571348695,3.8470577991132195,7.572350117681434,8.214321856117387,2.8690198911244202,8.185114610265462,10.59606658878451,5.404374054117687,10.433635646589527,7.012821789391123,3.934591687379551,11.074342369048253,10.348543710522616,10.724548959772783,17.37558050421534,0.0,8.715031759281542,7.074932989026289,11.592268819209474,0.0,8.872923006505202
20211019,Solar,189.0714459732764,3.1118717196821977,5.061708352007791,7.591712744727129,6.748505237664226,13.933585523544817,14.692857699227922,10.737995877921744,6.50366672065029,9.206365655733523,3.4448092472865355,10.987205423834707,0.5374756391195767,10.39187891801824,2.86896358228103,12.266282759598472,1.3648355625693287,3.585646247951421,13.642993022171286,14.74636580401851,6.446596727288241,11.761410897743863,16.504068764518028,16.361253161011902,9.621980433494581
20211019,Wind,128.74035233635578,2.2481156453438,6.588805026128334,5.923598353044389,1.957994065347095,18.364313185062475,8.408987710862785,10.753171701592214,12.47534214844666,7.370761180661777,20.07211228325429,8.007802024720592,6.373496502405477,14.382754122555752,14.266621221798411,12.272585201391475,0.6637017708552151,0.8558627733010093,9.400632543661223,11.065210819061244,7.819059041773731,7.450104729775769,4.176503712549863,5.55325936318941,4.629736634726792
20211020,Solar,131.05079629709044,2.3146600646556825,7.475108824963506,2.930154332964432,4.565588467028226,8.951504228933919,7.5100122205316575,15.0537496645153,4.906097116518335,13.31420884611691,9.01839223782066,21.4419968800049,6.174690509649298,13.020690537470868,2.603132397190553,7.874311509442389,2.2331252491762332,2.4815470915545523,15.30991624478322,11.133525590893047,7.654470960020489,4.976569986828633,0.5590743908909501,5.4467877861694465,10.754749078534873
20211020,Wind,190.48896362807125,13.345223712352661,4.405767409343131,4.389834146885417,7.7677263642354415,12.657651815341298,11.968127073209278,14.81041466370648,12.609087110095224,5.954355507176715,11.237904882341116,12.45867392692731,18.415197052047453,4.706228951482737,3.394408524419311,6.767426315652726,17.093667897838706,16.206292634433275,10.349037603175478,15.781777430236318,12.468950783770376,10.731531824052869,17.377884846022585,22.441343725862193,5.706544701704282
20211021,Solar,82.75566096094002,0.0,16.450800118829967,8.172911394498893,0.0,12.527596829498616,18.064856949697358,12.602833901055414,10.852021925108591,14.550385830117762,14.559668845557287,14.63477856219995,12.728634378255464,13.093664687176037,19.891114831694132,8.194199052529614,6.122054942814897,8.370170125970445,11.373590391315235,14.690723965769909,10.965395966680944,3.9373334602824994,12.568970735930886,10.285382966524606,12.17337796614949
20211021,Wind,42.86400768007268,6.667600365182595,16.638489314658333,1.9848025778226097,7.622871554379164,17.768984732199808,14.267759541199112,5.004269109003556,2.4317718812890785,13.0787104169855,0.1855239673003406,15.90916278576466,10.723351867707422,13.6266850723855,7.76057099175319,2.6404539585032163,6.134745246790208,13.921889292527343,7.5288834207392314,13.036415994048674,14.10949906913483,12.28151400224799,4.636487422931408,8.722832373586172,5.06950798289876
20211022,Solar,128.33579131860728,6.171733573773111,9.021041494299723,3.0885704793198485,8.991609862444447,6.737235480236966,12.83465482640738,5.192923394090986,14.838843939917332,16.80209193900796,6.7998133408419585,10.650769274183451,0.0,12.442600849876836,13.288303971819044,7.596448481532938,12.041247723738516,8.707352657321588,10.783776467311469,11.39820075203901,17.436752359382577,8.828617073950499,7.808473969825876,4.234086974279057,10.785484010190684
20211022,Wind,196.54366445328458,8.589202320062677,8.03620038957903,15.210699463175887,3.5278951420665274,8.900605176208378,23.75474266760832,5.560542648577072,3.6878345340271554,18.668995170685267,9.659626299831418,9.068083296501023,0.45865297260601845,22.3909232382793,15.62415767284602,6.516042731281794,6.282229291728198,2.111702870978829,1.851857678643637,9.951149087212562,11.493283331535235,3.1949040177272203,4.988170566628119,12.213142977785257,9.031556009129137
20211023,Solar,162.77798494934015,0.7178422503189863,0.9225904334034396,11.120897424268962,4.797574508770838,8.296156752879709,6.337949818202538,11.177601446033309,13.856395484864684,18.702259107077797,10.65359855855724,17.594661573260034,13.6389401596942,13.631594796316191,13.871068042552862,2.5204732366520552,16.024951291071513,14.330303193901042,15.173646163728375,7.095513812699132,12.965285534456775,11.499677662252102,13.199712958540717,13.96628840183937,11.50691280999666
20211023,Wind,192.86457520615076,12.019440473703094,13.479806276518023,7.740816358982396,8.897007394095992,10.376836200201314,6.226410815289467,0.0,10.642376991221404,4.0719101781598575,3.4819657896516745,13.889441880974529,13.910213963031692,14.83911482970608,10.747864212457396,12.29333137859637,19.31822424853495,5.555108345170186,4.954381591563632,5.196175530092663,22.28150759471116,11.394373841053426,15.114142254679024,8.244109552394567,10.828300025663392
20211024,Solar,49.185284478841716,3.6341930292005054,18.267200544129214,21.357872294522803,11.781432741551507,22.521584010584043,10.727847402198714,9.968624637676893,7.72493767647129,11.720929177975641,11.63168830657137,5.770502458650259,6.288758979352896,19.37929178636882,9.813679603877352,10.03858715966388,0.0,12.899356349560197,5.559698039195283,11.936600663449768,12.853382734495241,0.0,13.34641092196704,0.0,10.473830748949878
20211024,Wind,165.77484041617458,15.662027703546345,6.8140264137022175,1.7587514064348564,5.545886659998779,10.154055575986566,17.57513192052357,17.04321358227068,4.472987375195581,6.411068718432956,10.168702019692747,6.3789431805803956,10.138391053928865,14.250585515247412,12.688031744237161,11.230211616585738,12.601308259523105,14.617518400825404,0.0,11.9705121741951,7.551631980117886,9.74546753357583,10.83206542699585,18.133091192868463,6.301843173681047
20211025,Solar,182.6932252321189,6.891171562055838,9.416077371118009,14.87805638230911,11.461263047881346,5.7264467369647,5.2915701185269866,13.3341301734032,11.646346627040748,26.401497948445588,18.33658824512964,8.051734132347814,9.783817422310975,7.244721605886875,8.876687236111232,13.487253957308917,0.0,9.778467600373748,5.8874909960813575,10.705719332493015,9.658379053709348,10.049481399654978,11.89049299920653,8.55511245150607,12.770108304085795
20211025,Wind,82.46012886946575,9.521934882940398,12.171457306578654,9.44266958610292,10.684230039939276,4.227513865534405,18.7728629878153,8.246361945271081,5.637376032612363,13.070356794923951,15.001453945028535,15.796092786082207,10.847229608406574,16.213514356305684,13.474434619319396,8.81069971389303,3.199355870220113,12.37042237452823,5.207925620567751,3.279991124998295,1.6708680138202547,10.463374085477524,6.291615016905904,8.443738125460714,11.436796809802864
20211026,Solar,193.10287952732725,10.01886928277603,18.62209180304953,13.925235114564058,10.234429295091955,16.263225036565235,2.80438755295806,6.508722931251098,16.039767380262884,17.08155994846897,8.653721063623308,17.367237382832975,8.139977335370407,7.993028950897864,8.705205402654956,5.306417933549463,12.38823990945246,2.8844308941489616,11.086409855695942,0.0,12.727322512122322,0.9061739977259742,7.779150588955458,9.82320941582279,13.18575833063829
20211026,Wind,144.42405517471036,11.22120526430286,10.998881109175473,10.544768586354035,6.739929380717115,5.703727480109605,9.393909746394108,14.028576423883411,16.222253046516997,12.176847517492444,9.019652565243318,20.75864149545209,14.076842072278511,5.086958279324152,9.272319488896361,11.51971011653732,5.281511653439615,24.62512057720457,3.5273202411884097,10.277984974655157,7.252451245026762,11.768524967564662,10.029988531463369,5.974318614956343,9.873321917545839
20211027,Solar,300.0,10.185071887480712,10.977149580132592,0.6387746887737122,3.3331020198230856,13.317934795995477,10.867328328343248,11.530276830261366,18.210170104929983,0.0,15.072483851614443,6.456483536688765,15.53054854342883,5.515112062330423,19.408800616050733,0.0,11.304601283554717,12.20063998322485,7.779702196552717,0.8304909170738439,5.5461279608271274,12.565130928721326,8.616614127911959,16.36923701455425,9.102455733524888
20211027,Wind,41.13819655516322,,,,,,,,,,,,,,,,,,,,,,,,
20211028,Solar,218.45571838373755,11.715242653470217,2.8748374654816344,11.67777927319799,13.15152958228713,3.6665363170841414,6.893828175338996,7.054845605469294,7.97845097250812,6.572085296568461,3.1443329465688508,7.9989910839521805,4.028136841322841,13.101228863636429,10.09620694714038,13.825843116863984,1.7596822359450326,14.671256127849329,1.1993431729323312,19.74320961258768,15.717280052144094,3.0042923763471507,1.9121803906885604,12.4391051254743,6.696289471285976
20211028,Wind,130.2920951736963,,,,,,,,,,,,,,,,,,,,,,,,
20211029,Solar,69.14241427799782,6.174326664451898,5.960024154425637,19.72024146900949,9.581851575805388,6.846275666182342,17.20777871255617,8.484816180065057,8.149562085988729,11.797841501267149,5.050656535423494,14.64939427189863,10.2435900944537,13.125454168170346,12.473967284902821,7.352783885614514,11.494988291139363,10.38871418671906,8.903800723124395,7.817357041441251,13.82161763505261,10.643901841311427,4.639379685607665,6.513022995301796,14.807143996383301
20211029,Wind,123.6522428217504,12.131839094867786,15.064452870186862,11.55603797086386,9.17987278869931,12.127128196194468,0.0,13.921897849583575,11.240027691645535,12.506663622071825,22.39484771699707,9.770604947390991,11.778156202903375,10.944236464282673,11.464312085239026,0.0,10.194133438844766,15.424797837976863,10.199683152122804,4.770824962691718,11.92870164107811,3.8109245862163488,0.0,16.383825879142655,3.777432719079897
20211030,Solar,163.8739620668733,15.95860151200848,8.323214647270035,13.359938700682477,12.453298403626938,12.496414704230219,10.901181927296573,16.205845479893583,12.183036277943012,0.0,12.139774610398216,16.57928835786408,13.942250025033209,11.590057463337567,3.748049191638374,0.0,6.759752390579575,8.161357363337592,14.150963263597973,7.1165933938835435,11.001752316059731,3.2319382685929643,6.423461978858448,0.0,3.302972776819261
20211030,Wind,201.87333347825216,13.529470980522763,7.351979755988537,4.172353052118441,0.8265582477387723,12.731326225062343,9.433455481920985,3.1637508607864184,16.15782183008449,8.815402179119685,6.822793551636979,7.41850776377919,14.857109430636964,12.955392382531706,10.810216841418484,13.190260534431864,11.948349684226756,11.955676138437282,10.03767023252685,9.815489354938727,8.083806350480083,20.497354154094797,8.921795315786508,13.218808268573918,9.646748088203978
20211031,Solar,236.09821440660878,,,,,,,,,,,,,,,,,,,,,,,,
20211031,Wind,221.09465443521714,10.859604244537227,9.311715607636614,15.447522297815278,6.011125609858135,13.430917782523538,8.41616762191899,16.740280938243657,2.9838633473322074,16.905191618512458,13.883822346241828,7.786216912388323,11.147959130753206,3.5484991160987023,15.699801354424974,20.086495376516456,4.959862982253039,6.327444038435441,14.613076530366326,10.70124158741863,7.870493181829829,8.444046364323944,7.555769972849414,4.7511221363150735,8.08764378287248
20211101,Solar,101.73089896477528,5.319247769625604,18.5105396705082,11.26784114068923,7.727167887291189,5.387268357759585,3.547565152218363,10.829094713319776,7.962895367690491,12.961223020402159,2.248447071903994,0.8138784978838698,18.244477535955106,7.5744246825817925,13.696207635613437,2.9444818254225136,11.60463869502684,12.218969446927604,8.371557202552735,8.54141122973296,10.78229280436299,6.647653460343818,11.048624841902855,18.219995645772965,7.8018388021794145
20211101,Wind,206.50823461330583,5.951777701481775,9.244013071514392,9.953142207396178,5.601521602649229,0.0,17.711484890223105,4.341746816055794,17.779258900282613,9.084612387980982,11.786472791841094,4.892657664966126,10.025000192604837,12.72061675199795,16.029301797920994,11.711679516626345,15.150760821084507,1.5283864935226554,7.477024216738631,13.365318833813305,15.53120722292524,7.8844893526691315,11.603432104105723,3.086377578481411,6.845473292543155
20211102,Solar,169.5642478560437,11.599439839272058,6.068512973125709,5.5320593755079175,11.664035626253732,13.53446086560054,15.796647991653499,14.916258033303212,2.217107147639931,11.118404119313407,19.66816351261193,10.620648651732608,12.950234149257861,6.760813590628462,4.983973042650126,18.311758176312757,7.6143480901711,14.589812069765538,13.34780864319986,17.380238257048475,16.585069097205146,19.009305469348664,2.42561596435383,20.390830816385098,6.184823416998679
20211102,Wind,117.2698489535506,14.71381862576155,10.126228145408165,8.91896541108337,10.407236172314178,10.82795252418735,9.480054055515588,11.708425499444164,13.695749802006908,1.5648848114063652,4.311605673849426,19.607489106507472,11.601273233082413,20.648083234337054,5.019898057929753,11.03230964888639,12.285054521805515,17.849355963010513,6.099885694539376,11.56769149992377,7.819816633518023,14.081292256186504,9.473731648407966,7.697117751854748,5.341346809534073
20211103,Solar,139.40447032612596,23.929559569970277,18.775418028807685,7.439852428703599,16.964323448756886,6.949608779930145,7.558433937633286,21.016228809624465,8.047134432082798,13.306760224159035,13.690277060365029,7.7020622703187,9.134067951244306,12.206316083466442,11.640498354162927,2.0403240415440074,11.024790910836334,14.528680717658457,15.836168516903816,10.956144266201193,11.860923454753348,21.9336538257128,8.67777847843935,6.297182164142411,8.152586854048876
20211103,Wind,114.50786702776381,14.909109722193019,7.485876405321921,12.85997818696342,22.36879578556281,2.644236190124775,6.9527968549706,8.823491613672292,5.582678448002397,8.022305397036138,5.94200192571056,9.154057855502595,9.16706117034048,10.59743744955196,15.664259929198126,23.863056415528092,12.071522892272029,17.486469303226073,10.801996278595453,1.7002339749226092,12.921366396155728,11.95969925048131,10.418286180764756,7.322295449024637,2.6882138443107917
20211104,Solar,151.85461709682278,4.14782121251249,4.094974957845274,5.750620374412987,3.6857487992578353,0.0,0.0,15.543519985343563,11.978055245560626,5.963106136191215,15.665747683844513,12.448348793974185,16.60978383517349,6.9683134208735655,8.99783038733644,17.902937285230923,6.5410831474173134,6.189004533353076,17.84494332553795,3.1910567894035413,11.187157712802401,5.2187655450992025,12.115294244195757,10.159365261383636,13.028293129261918
20211104,Wind,113.51710588529397,6.163637138200088,7.495043651347915,12.823253607517787,10.736526069842228,10.25871674104486,11.769100373012057,2.7558278043361994,17.804765128113825,16.571159199181285,10.329113399774025,7.002893401632536,9.548848468427598,14.578685060045562,6.298552315703743,8.863769920541255,9.253764224138276,8.875125168237929,9.700491122059281,2.5509151755265225,13.817816399661476,11.355843250724908,14.253993060135587,9.239870736216835,5.578153170198722
20211105,Solar,98.60029633912805,21.392586579779994,10.643818681742165,5.805072186351717,10.72762939103487,18.24392982864976,13.901617951514222,16.98013775081786,11.702220883915855,11.367904113387965,9.904683010732224,7.5812046423390544,8.236654213306153,3.9402888686157453,1.9926639929692491,14.09477038775481,9.808826770411432,10.62714044257424,14.741304598990261,9.043589220228695,13.873266171470714,12.743106668279449,5.7176871589673715,9.738256080939989,12.265938926100807
20211105,Wind,173.9559563891386,8.928055340116108,13.4412047541267,8.688237229199908,9.929009651176688,9.307212917845101,10.689510580548843,14.720800291055772,8.687278949793804,6.672845349096524,16.036441557376104,10.360572389384231,6.314721340392302,11.57885718916057,11.815146328325987,14.148305800344847,17.491937661755795,10.644063639378782,1.8042140887478508,5.8310630692805985,19.188215170502964,13.069563870811017,12.416014960861679,11.580671748990138,6.703196443412746
20211106,Solar,181.43652741298186,10.237573173806442,15.034417893411229,13.080221985064084,4.575877145172492,8.193323066542273,9.568317827001238,18.021737168968862,3.519753801968155,6.978034268752601,13.126462205751135,7.817168318775184,12.11267712427517,7.8223516003641835,9.435430930558603,13.208855424329792,4.47751935668196,7.813515814281755,16.41046941054391,7.519768047672687,20.78136124561665,7.789195838157152,6.357728386926119,11.198003439243342,15.186891912985068
20211106,Wind,140.6201499954194,5.197915397953856,4.771413630188358,6.48101640006978,5.414012771787248,9.878160787520784,10.666917542432923,15.552901587543676,9.505754194486318,11.82953169820247,5.976554807377521,1.0850354893498482,7.43930984182246,10.604648213748444,7.830268395847112,3.091276126491922,2.981049074985782,5.434250681502104,13.446452366837146,5.767632417640408,9.175857524046647,19.0193796200804,5.448880874499973,10.031083955586507,10.201290929263992
20211107,Solar,218.38256519679862,17.825517027871218,5.245773327704652,13.25268244488801,11.202028059580597,20.89602555954385,5.733870096212117,9.504759070621612,3.3392508985527947,11.44085648236981,18.9355671087715,6.749149800729651,11.65897244424745,12.43136596204532,14.525950180465921,11.620788105598269,24.99694786187519,18.634833188417907,6.772679128040868,6.209122357917759,18.30149610965043,3.6521497888561227,18.76288797677437,7.788643305566666,4.616965533705267
20211107,Wind,136.97847067524435,12.501666036603126,8.38368870306255,12.764970788356841,5.273249633463816,13.759521133265666,7.502223863148343,4.144367179815706,8.45037889289885,10.147125257122223,2.320867579902383,13.074598432789886,10.888618700068058,4.271688385087177,9.566026885612784,17.303578507962047,11.544848733436899,5.834679682717272,14.324645738134205,0.729350618051765,12.195473684723325,11.697255114700793,0.933771975211577,12.14182068831653,22.49024305408651
20211108,Solar,134.86127274372308,6.126993260573442,13.42246512348448,8.645246633115281,10.79635986083504,5.332123741498054,9.16833485883921,6.989735498179811,9.684711758041981,3.983218057020228,11.37848547823812,13.230015470646293,7.863059906561613,1.6453399367356225,10.004434431125834,12.522636078753731,12.74253318832838,18.281948389361727,3.6641555592891537,11.099965446246914,9.112555807153091,8.538025020883135,7.416800869424819,11.87902138599895,7.911162333763142
20211108,Wind,183.02444911728486,,,,,,,,,,,,,,,,,,,,,,,,
20211109,Solar,143.37872075283317,11.536019729489361,6.963365447911515,10.388921709885572,10.70828951560641,11.662184555774704,16.89429186647556,5.39550484408145,16.941611022939433,6.25843010916871,2.5638764622106747,16.27768005992127,4.853878446618859,14.396208710286261,20.953678896806785,7.3158781542578275,13.859426111615301,11.01508533508114,5.744554197982533,10.348573303721091,8.834984357296678,11.23552799285781,7.002667187193941,9.991481461491496,7.558368213190783
20211109,Wind,154.23988645130717,10.221030874402263,7.03628135294026,15.51138263292675,5.2334976478278294,4.718305667105776,8.854260785135219,12.129306746042163,3.807392634397808,9.019267846236321,4.329094951001392,5.49906187834449,5.640642391070027,11.86566695737391,7.777687643495525,5.4801066474330105,14.494994936184165,12.714936255691162,14.599981438669992,11.824401919256163,9.786603407389501,16.2828886831835,10.751678572913567,6.535565356483312,11.989736386520095
20211110,Solar,23.978076469046748,14.160551086105636,14.708744276821854,18.967324624385892,10.787346211672682,13.795683111712798,4.776072312172921,9.761235605874068,9.070203994146524,9.7934446844608,9.753802400796847,6.272917754445527,4.979850192682676,7.985493367239415,5.618801127570284,2.1374130683525436,13.88228613518888,17.617219649415965,16.241644811793336,12.325397414548148,4.517307704330786,12.019895362554358,3.285634634979825,10.369743039759014,2.7362856885511144
20211110,Wind,150.83536923689874,12.734842365635998,12.641303803322188,8.793494891493443,5.595237082617048,5.910956014278232,10.17823395381715,8.882049299338894,12.669166229062581,9.2001448713256,11.748633820742837,6.493594534188711,12.276339119595955,19.84073550159209,5.054705152103635,13.787322989638504,15.635101192933599,0.0,7.755247515884,12.125939365995848,10.402123116190856,11.36546197944915,0.7738282242022354,8.612102451627928,10.679414739209196
20211111,Solar,58.640203126436994,8.677598256156887,14.5185918052496,13.224774920136984,10.803478043284592,2.445271163299646,20.057455562944607,6.03448542026251,16.542748590895894,9.428775194647583,15.294659155997092,9.239691897408397,20.645876733369327,16.42549181932249,12.38412085891847,8.895578332093452,10.836956358206288,11.795696880922762,3.6429037232783834,14.23255406003591,14.663388415125958,0.0,5.628156008102362,0.0,1.573989630251884
20211111,Wind,88.95247145005646,7.280992022693168,16.693389871165273,6.812160373385622,16.696980612195787,10.380667769198892,5.210967824331329,1.138004945708574,6.03923496813584,19.40622798960535,17.380182546968374,6.883649420049984,7.445049624085379,15.217309924723816,4.547405063145428,3.2931019422696597,15.361123656490792,10.745026175900911,5.11562806560563,15.95354552126637,13.602797911046698,14.60601789500031,10.760633224422973,14.996519307362885,9.631428485031119
20211112,Solar,83.23387306222475,9.20028925850583,8.471749524554598,4.835927952459009,11.304919250080353,9.589220702548223,14.429203735664062,10.910415566186249,0.0,14.246250432965857,11.388435735520183,9.127364834102261,8.078626602620325,6.37897304617275,8.133888246416811,14.882043332535645,19.4599323615148,10.929713193975967,10.460363117554285,17.89167764808269,11.818470722979393,7.969723406515067,9.142249577995294,11.299160780207862,15.633053202219086
20211112,Wind,97.8708423233087,7.2465957667161875,4.062969225731591,9.022701713067859,11.609351911915287,9.994890488986528,16.679802780603026,11.895800962343216,15.393318580056434,15.941083782741183,7.784033605645958,5.639015043887385,7.077087262568097,15.161738100836324,8.573600098555577,7.06544460233388,10.97957886360204,14.70251974368697,10.14640770525346,0.37120182506386157,18.68373584306719,12.670878969479771,13.180784362588042,9.89874273852625,7.226938823999206
20211113,Solar,122.55730701838735,9.34902233597619,4.0951819107649,3.186998601252685,14.08603258748774,6.17677691168606,8.19992570087257,5.042182199766422,3.7525255678689518,12.321319957819899,15.195086535022945,13.922027153925997,14.288383803148092,11.703540770479542,17.781995453358576,5.710675498792381,12.403927547542716,6.948021885782362,8.299549265511663,12.33585650526215,20.670552547906563,14.600938893638826,2.8765921195392155,12.623842768770078,14.438435265981283
20211113,Wind,125.67536922272573,10.082204643096908,0.8094621747058006,5.31196110176345,2.982208277633686,6.874436910644794,6.496377111404799,7.332798649181401,11.797216217918642,10.362013361581239,6.926792578788726,5.259681858203311,12.131784301966903,6.388675524675192,15.964301092151162,7.518759931448622,7.100947920089518,4.245545135740984,5.851485964351876,3.949647434160898,12.491351616662284,10.964397994866227,7.121896904107376,6.2256103008695405,1.65300115058717
20211114,Solar,183.21376021285627,5.510345533099715,7.706165851669036,12.957162996605339,18.59460786861506,15.642233301845556,12.874783414166263,17.710667270447143,12.10794850067823,12.049791198071063,2.0219273548432537,5.0121404168849075,9.91686288922251,9.479496589263995,2.3164240197338914,9.03455370080147,9.175864872119122,3.078749300934871,18.142124738155392,17.030774451478266,17.98857781090204,0.0,9.640278576447027,16.79711049419737,6.891721118311596
20211114,Wind,161.11939070673486,13.153399310489402,8.078886925841308,7.4317549227558075,4.72205003693815,12.205428075003741,11.766083864020825,15.79748976786817,0.0,11.1291008630772,14.695057562213357,12.601145595955588,3.934442662248597,4.807826643469882,17.92412128909302,12.290110352574318,11.764264697897806,5.463248823878462,6.899995590068354,10.330290110499053,11.745895416675987,17.08261743219597,5.15507875103752,16.03356150984728,3.8777068459678565
20211115,Solar,54.94627855910071,8.147861427651648,13.937767034025239,13.552570435609308,14.398304986844686,5.216269617113575,13.473870856604435,2.5778771913552454,1.925816142277802,14.039891043057764,16.619559259067465,13.611499853120252,5.161188298761591,6.4325769811331295,3.9192439032004045,5.623432045053449,8.053830295637216,13.4371975320123,5.835748405920668,11.381659681066267,10.43995567203369,19.026055503051484,10.689879466468573,4.18939747740454,19.54098901875615
20211115,Wind,154.1647318773404,5.790578248573283,10.08457108588302,11.497059690087436,13.734549936281613,0.2465155278994624,20.368547157449022,9.57681806384622,7.695943966414323,5.1242976667578315,5.890941759631332,8.874388090727532,10.876467877790635,4.279121293944764,10.80145503715028,15.05186937746604,10.462393542205279,12.524239908257611,15.736636817027062,10.586094380882138,14.804239768547644,14.065533158775846,8.59384268111024,6.838097381822903,7.961115709429835
20211116,Solar,165.91276232917136,8.241962858590659,7.548357778286969,19.255770310095574,5.489168192476198,5.427917989438949,10.835232766882818,17.27477841186126,0.0,13.623735473082135,19.804115817495,14.34494077626515,11.116436452119675,14.782770649258717,5.827282066152111,12.421147941979273,11.70663991423159,14.416651525249174,8.587562840671207,11.051882745073128,9.647497690952447,6.367663249908146,12.434187411293,13.375482270772332,6.7478099053539555
20211116,Wind,133.5716741873521,11.21129078310143,9.42000636919707,12.62168642788023,15.044430683833811,10.786495360800952,4.038875755219489,8.917895013462402,3.309743618712936,10.835293343886509,12.91526159417936,13.98393803199179,9.919453540171347,9.645370895562523,8.05847695695156,7.426686270204542,17.603113742698277,7.700998517985432,12.559590072660935,18.236775141189693,0.0,16.149140803042815,11.443854095952322,11.23351080641789,8.711176220654545
20211117,Solar,146.95570115466487,10.415190999066517,4.805132581426181,15.571090351396572,12.489063832066545,6.840341408227792,10.333200010842122,8.655284057964185,10.614392800633333,0.9645648117543049,12.169809889824464,19.495693950617593,13.324635636301519,5.2920058082573265,5.097955273272239,9.201050947133993,5.6810375037503285,7.923177023729468,5.6241684761454485,16.198202586778294,8.706294661281714,8.589693931689471,0.7328023289798158,9.911826620468485,10.033459198818967
20211117,Wind,159.51550626985284,12.11059057452231,15.127032853756432,12.009423315637733,19.449893222011287,6.451748974115896,11.207783971026904,15.463688133715381,9.557581739543659,10.428608433155466,7.416569505995317,13.664630673096362,3.8871131517899604,12.5868716464189,18.37761260280215,7.886845279540495,12.100815262165119,18.268612205247194,12.53041583255772,18.022336605952674,2.4718443530496073,9.66513818187734,17.36279719025047,12.198526917309001,8.144845152214074
20211118,Solar,188.229979881779,14.491730625377645,6.070422185952458,11.556967505390363,10.966893756706465,7.054197805346686,16.335843185441245,14.93534622137608,11.513272153221362,3.468910995554081,15.086443841217811,18.536015423907315,11.517949385799808,10.007516582022925,9.29952228576729,10.32932364417848,6.97917716382756,15.098912432382889,13.675969708617068,9.026519414891453,8.060516654114881,15.987610279533488,0.0,0.6407503684961546,4.044241888240173
20211118,Wind,71.25600062686327,16.524701020040165,4.300343640320522,15.823665210566576,9.457283342387013,9.63646218631856,9.016178022861485,14.676516726902998,12.24610489364426,7.3250116330697495,2.378109364286071,10.309645857114848,11.23993161048358,15.25252740633361,11.127949094602322,17.59936983218948,13.830181570754197,13.760940611223784,4.418522987501414,0.0,7.274036259976311,13.237476402240675,2.2405261778843046,5.391037410887024,16.746700023954105
20211119,Solar,137.78414806801754,11.427430813440266,14.089409833537351,13.343987329326323,7.426187360408979,13.923139564791743,7.954660831523076,8.690076254129348,1.5908521651019325,9.204046701225293,8.301047772116476,16.998130880543034,5.210303906649607,10.666683544649977,4.6386189100286295,7.835318407287652,14.227497179878204,0.876227201732207,7.32963106282591,13.736474345473365,7.303927371788813,0.0,9.625270133317557,6.990169067014221,15.440808737457619
20211119,Wind,225.4168049028864,4.652988063822516,12.870821041819257,11.05031806478714,1.2832236432441335,9.997903980271536,3.144030019167049,13.314440081375235,3.5757586829368035,2.4644906557916393,6.334183820188882,17.103831907529454,6.975501391987736,2.814061544007221,2.924675633663404,10.94732910896443,18.387306360718398,19.78848839653648,5.475826936170832,4.417614793957071,4.742067975860927,11.039270580990841,11.479817555595728,13.814273443695143,11.665902799503778
20211120,Solar,220.83306541489782,8.654445987348497,1.381573107204942,11.028273329648588,8.408862176244202,10.309685107588253,12.73706396032065,17.473727569776102,13.80683094756025,9.731294085468893,3.45533624926306,9.286931300949318,13.465647378447368,7.516281686670017,7.779277633528503,6.507086138426987,7.871559653862954,9.540281185536955,7.35987050124679,8.189759392124538,4.0057100824485055,15.926719243361822,8.588603510248502,0.0,11.399337278664893
20211120,Wind,192.546846388789,4.978408078084959,14.275008173551113,12.691146559152081,8.620508028705615,8.875698180585898,26.741035927694877,9.750631507657115,17.6216512050134,10.342340385352541,14.314937276578283,6.557298093608707,4.307041759249617,4.214025570226925,12.607300342551811,12.659775221014987,10.727796923195145,10.864513958937156,18.005395975631558,9.689360864018214,6.765045561370052,3.18205916835307,7.29002375982901,10.905465459596538,11.076920054614314
20211121,Solar,176.8412341977838,18.484270368561408,6.292036804529718,6.643132402700575,11.310290912787174,7.503215839226305,8.887045079980307,7.982951893431649,5.162959755688937,13.775368658984426,11.705692382954496,7.436620859073274,22.31885534960316,12.815039522983923,9.39273924291926,11.382033267586815,14.02030035494591,12.237836309599817,11.284469143408607,10.010133606282489,8.145020142395309,14.88740213927735,9.588903553616023,8.116509470741592,7.716821022939985
20211121,Wind,232.73173742010442,19.937004412635815,8.1294773621804,6.431002669306508,2.8844844455876717,14.471204356599648,12.259774772609743,16.150363195448172,11.294527970484785,7.731173248578977,14.02345752597079,12.075620820479953,12.778808004458766,15.42230418400788,14.872697482007933,16.648088943380795,13.29318485132262,10.822651132497015,19.74014994031173,13.218868026331133,8.509476113842615,1.6512120107812,12.635978950432355,13.256073703294035,7.173942362990725
20211122,Solar,245.8924000803333,,,,,,,,,,,,,,,,,,,,,,,,
20211122,Wind,143.54600059765738,14.292294213195152,12.933124413084109,19.322068319299987,12.881256960110578,20.22639958833025,3.5935754000207973,20.575024417829113,11.187778085946425,9.522936254430947,14.925397759865412,7.7313456717188025,8.739238328142116,9.37751973145951,10.032326080564728,13.452876604748957,6.56276663755451,10.725169319494706,15.654450680386766,13.132642543642783,13.531851959469988,12.707157131531169,4.428536455918396,18.490601271760035,13.12552442886471
20211123,Solar,101.528377835584,11.254715966183296,12.227395873437633,5.355587707949171,13.377548377462583,13.052821491946265,12.171179696002653,8.127442501125248,8.756168472895094,7.9086463189917815,10.385708781575982,15.98615168640645,13.941007493209753,15.763754455441322,12.675563427962569,16.320417761842247,12.850582112444345,13.182418514120808,17.271902470075496,9.048640076750262,4.951013488215585,8.734424329198093,5.672251943240646,4.131394352360379,3.350984287731733
20211123,Wind,136.48538411877524,11.830279577303957,9.750908345469988,6.655027837801478,0.7009241193133642,7.507928390962684,10.14094141718596,8.62979875251554,6.796750027755036,1.6471135242981527,7.63926833013776,13.334169827227118,7.943252342018285,2.204486128311679,10.50149765738642,7.811911321258331,8.951020728812795,14.243997614267563,15.799650213319524,23.010661982036037,5.626703936991074,15.888174604243604,16.600416855814384,5.892548584984683,7.741683255779406
20211124,Solar,300.0,2.0127289083543873,7.8767833554204465,15.712614097520724,13.532033043266123,5.476743454449052,0.0,4.854188334317252,19.92634602382771,9.44199846335251,6.805556172178138,0.0,8.148418709944687,7.824920879650711,14.720146023675232,9.365232004325163,14.057255756743489,16.09889432743138,18.522595329560236,2.049154887174031,18.323642366565718,2.9265576411293317,11.864661512359579,10.243708380565456,12.438230348469059
20211124,Wind,71.53218286374029,9.63033817371545,12.061103467827238,12.667599965711982,8.767130434392541,14.764726303558081,18.050143578700595,10.590261622073992,10.481045207634873,13.722562487012516,0.08548116687564833,3.3367646775681594,17.262941373918583,9.998851506452834,12.776053938832973,10.953690667072857,15.210370430259989,4.51224064478652,12.723302534137012,10.637461384512994,13.786707456057496,14.076168251209138,12.8619025394743,17.050432756921317,11.839624635546029
20211125,Solar,126.47304302352913,5.594234688268701,9.40806081327886,13.38214052660461,9.07494561250723,5.92506557844945,12.079821881685579,4.629405342712416,11.944710156086373,5.331416047074417,15.821856517084687,20.79443189853684,7.642205025672825,15.33721792355883,14.554824609117212,8.817106663277714,8.932547673107965,7.270411104869309,13.43161215356078,13.07425204495112,6.121940590744109,10.264523530477257,17.955156697587903,12.186196670344115,12.639613751003283
20211125,Wind,79.36544237536843,11.406782687691852,19.02677229562962,14.483006474265284,0.0,14.048683432610355,10.369477750518021,7.366832791462531,11.62160040373456,8.911080693508632,15.254525844673791,15.897837039658619,10.680406742526975,12.723446161456934,13.582283745701513,10.886595980408778,13.004116051629765,14.26477271595688,13.28964567583424,7.94397107195975,3.7328885745904206,5.7372207223623946,13.937033223911856,10.527346665707359,2.569809441153721
20211126,Solar,156.23819314386927,9.701950773057328,12.93204504984951,8.796339191279621,17.4678558127894,6.20043003053693,7.890115679538457,13.505648990811949,5.937907964995939,9.647563367861824,24.636844491090905,7.085363926378032,6.198939620264884,13.745173989386354,16.80135305710108,13.367181147059048,17.28070952142234,2.148967163176204,7.802678000763228,7.130930959798706,7.507562446340753,12.193783335226808,10.78218104634502,16.122105358963555,11.600762039197324
20211126,Wind,89.86544855525662,19.734109811730573,5.382921875048226,11.649849624950932,10.883994425056475,11.745791918936403,12.02647055246546,11.949887050696983,10.254105116571527,15.512203158908818,8.326901476714427,2.5578391508578155,11.295202387438543,13.01229990431247,14.144670776667871,9.430119672871353,15.092517150923552,10.80795241068722,14.230895151903297,16.622751289478035,8.734183222839505,9.648330616667291,17.791558957936115,8.01337564172898,15.577308003141118
20211127,Solar,144.5624488583191,14.583138443614207,7.612000243131743,11.26096075349046,2.342697867386465,4.701243925668188,12.256979762080174,0.9463934741648639,8.388786560609491,10.150539119280204,6.666031988624362,3.7524646873941236,12.903072172200272,8.134342531588095,18.73797769871029,9.391006015961189,6.146764370989439,6.070222177202001,16.289018193777768,14.204824601332435,13.409314447679577,17.397792141720995,5.141652983486745,15.8476763596269,2.473809051621857
20211127,Wind,52.495241999062046,,,,,,,,,,,,,,,,,,,,,,,,
20211128,Solar,180.8810332542325,8.66530156430187,16.497156075352272,11.57545471607852,11.722392204235122,3.831641722453755,15.339965222517446,4.565019564241317,11.58479570509382,9.956719764682303,14.799831718995359,19.884641784784545,5.313255550136959,6.645453958394964,14.173920757832198,8.004157988820161,10.13740326526048,5.774608218425802,5.713795712695023,2.5853907961723586,5.176871822604928,12.063253157453353,15.78129002117641,9.23457912328547,11.650433921381332
20211128,Wind,211.11726282339873,18.38010729379965,17.055525045560675,16.18855348074834,16.112720764664946,11.364786647533508,16.476356169166728,5.195330380604982,5.421785133823298,7.538470875132618,13.649132172728308,19.566287551135456,2.7606289785239357,0.0,3.0964161019738077,8.25143368882853,5.323870099151376,8.202108833872606,7.244918436357563,12.942174261233475,18.999778155672047,6.63522934711151,0.0,2.252104268561256,10.548632044497923
20211129,Solar,130.80281889682706,9.850226769367351,8.019326398172177,8.329333805783193,8.45155615354561,9.01080032886494,20.027965318091983,3.8053892411777532,3.9760578959812607,4.327630412212448,17.75889959649218,2.1215725325540435,8.666046981089854,0.9972947226609674,14.735365223972881,5.505698560019347,15.349972073349733,8.54787818289435,16.783694273399796,11.613883422426893,10.081148747838927,10.732837486862069,6.01616347552211,10.728253585735827,5.242076004555704
20211129,Wind,143.2434996462149,,,,,,,,,,,,,,,,,,,,,,,,
20211130,Solar,141.82963846343438,10.211248022134175,4.692511793969063,11.03354458005428,6.785960998810461,8.02098082919183,7.1328924311639135,5.5159681066708615,7.3419470368566495,11.966796522296034,13.581827822325877,5.714761421143794,9.922764807229536,8.342276257139993,14.684002953361283,12.238749265607279,9.492878583011896,14.791609874100104,4.479329072253121,9.343982230634712,7.177851984099765,9.68852191053095,10.532968478266632,12.467803632714121,8.112284176706684
20211130,Wind,159.04553376125125,7.979230471463387,11.2621437860789,8.576677247823646,12.98974306996369,7.903700263145043,11.80591083520819,5.6378327940554875,8.274921398616318,10.615381839997886,7.389797118273399,10.684751534846118,12.609941629323941,7.318177376238778,18.397555234573485,8.65431330215001,15.359202542679082,15.159746726188272,4.807325574408533,14.293865151410749,13.943390099041341,16.22675404246998,12.56909343226619,3.1205981961237605,2.8707305046782317
20211201,Solar,148.0915206516786,10.1825311119276,21.518921546087466,13.38450618847179,6.082548291624752,10.773906020048859,6.104545706311075,0.0,0.3560172366166925,17.39758464857077,16.71858096973758,3.3446959387970256,21.325115379117705,10.7510218941817,14.005483582232179,6.13244475499621,7.745034067596343,11.024712255355858,5.480855275957621,18.00185807038572,0.9812987357024106,8.571235862372335,0.41790484816447204,16.351346891218974,8.425844089063443
20211201,Wind,188.4058476215347,0.19016574660842056,12.695470521275512,6.599671843725063,5.535047414598851,4.989308109550741,6.909924638138897,10.649636960269069,14.81541391088317,14.729260183085898,12.681075607461413,7.270908114109184,7.7425732137277805,16.002139685903252,7.936271988989764,9.51891659359168,8.316959108329653,4.451725591469437,6.435638563474921,17.652277236940805,7.8751392667975795,2.7692114120081737,5.795126632317062,13.976982924475056,5.539365806523486
20211202,Solar,211.65195667254727,2.2614679937940627,2.0304373665799647,16.66322759347967,9.661012311100396,4.959889691666617,12.376147907533149,11.1603258390778,12.620081059578467,16.20278950260738,2.221529844962636,5.663694410484848,0.0,12.270140848106584,4.560139644720237,11.985439217679799,11.690251073891696,22.898065676315646,3.0052487517419593,5.905412542740848,0.0,12.472644564482419,13.245941070519898,14.998067422511259,13.414787784406649
20211202,Wind,109.29643887539086,11.748152708348139,6.369979483769994,13.131027808161226,3.8706811434808563,8.207252501807941,14.50421177489925,21.22203368946105,13.54034392655915,0.0,9.34401480161028,12.618022929600894,8.81011675246149,13.242751017874316,12.68005427666088,10.639846451992954,7.9554308344101905,9.574086652173683,13.028069523526224,22.49800777200531,9.900943158411867,13.934235499537836,5.490174354139309,15.664711359670738,0.0
20211203,Solar,134.53357536128516,17.840998452637432,6.880428990775435,5.316156996635527,18.01065609269617,8.012649301404963,16.379639763894318,12.431704988327802,11.936628101988722,17.89667126191977,0.25942898811793347,7.42570564318528,11.752638323616482,4.6010621137994185,8.570314797232982,21.147749861861392,17.66305474796268,11.368556064628464,9.05332444789153,13.29089652245894,7.769720323579352,17.944825649617794,14.124243858951976,7.287314979022839,8.764816277664073
20211203,Wind,195.08097244623724,,,,,,,,,,,,,,,,,,,,,,,,
20211204,Solar,78.91654759704838,6.39815572551673,8.0605308753289,10.840507306307977,7.732049572890923,14.621073464573323,12.315764817689853,3.996425107632894,11.14499482339576,12.044627312109006,4.4860125725316555,12.554592342858198,11.168412264573085,13.501778642285343,7.466297185756835,9.248415508200292,0.0,11.76909480452398,0.0,12.186613688284028,15.052710866072795,8.64163134433672,4.139853795606041,6.772317231455211,10.013418352698714
20211204,Wind,51.463935907721506,2.785731229663323,11.846974305099709,6.385262413824742,3.0670249672141745,8.327632907841975,11.21378867946885,9.518617701003691,6.954332488275254,14.480136728305904,6.795292753678622,18.212604190622066,10.687407676724533,10.540060299755908,5.352610714176095,13.896487326712645,14.214982710157308,5.764698479739726,15.362123288438426,11.147539487342964,13.450400821281507,11.303974444703929,11.727509183412646,4.091821904323698,21.76917492491168
20211205,Solar,161.31579764492392,13.922636302378192,13.409905846613233,15.522772624955955,11.682960194510308,8.866688985019444,10.088287225899931,12.243614446962797,5.185714473832304,10.106586542068133,8.68657107997678,20.578877523557367,11.299258719994596,12.385310657776468,8.791300930321373,6.526600745614893,8.212156640832887,12.192864030839498,9.58943109450134,9.417061917833337,15.14885411513456,11.946564863242024,13.744753987046508,5.855450706799989,18.370801786673827
20211205,Wind,174.8173205535246,7.164024244924495,15.458817454583219,12.473357597240126,7.58948741015538,3.3623583701522675,5.919954173959914,7.483256903404774,12.500241207228605,4.648097262483411,10.822915475380388,12.280063376904293,13.956609770649287,13.068619396733247,12.504760882094253,19.64109438766674,5.9618466261603755,19.10750848167597,12.500071734943747,8.983199807531616,2.4666755942962713,12.170925861868488,11.80749349947973,13.463906692630507,7.525128053801418
20211206,Solar,113.88499060232039,13.2161770927628,12.621012865235889,1.1402014788298087,15.87340566264016,20.358179273060596,5.283944553987393,10.30508013174286,18.292544583763394,17.23703816564836,10.572728503971625,9.557130040953613,9.586543578316652,10.830950355155963,10.610993522967458,10.023080351301262,11.91957007828433,0.0,17.60662846004405,13.51103049547869,4.981649136723183,0.0,12.685194744339034,7.954259548487104,9.072712932133774
20211206,Wind,121.06744729397724,11.949325790328587,0.2292487983557956,7.371698413780732,6.0642670223504815,22.135336977774564,13.333373899779783,19.4867704702941,17.466697094781708,6.158889699380564,9.880700852999116,16.5812365339534,12.737688282530797,17.90953088327833,5.9345713764640475,12.805718938855783,12.096955703243934,10.161565489930888,11.839245337174674,13.530618886195182,16.0103982953943,7.132592135814024,1.3563564634439584,17.37790289837979,5.810839642467527
20211207,Solar,111.99038391295505,12.391501961273446,4.713477062343433,11.395486686107718,12.722566112142214,6.098007107978259,5.83590310057899,8.079449364804184,13.110725092553078,5.071413102587437,11.661927140240467,15.8358227350578,1.0051942638484157,7.342319725627775,19.002570566467995,10.095068178679368,6.1905833571334465,4.392169343309876,20.558015201984983,7.066622364470465,14.05254389089094,12.385230712283766,21.275232862312436,15.572318306274873,9.245684229252335
20211207,Wind,106.65373803277828,10.168008536767779,9.209529815704045,0.0,10.569967946958466,16.130431905845487,1.1154058758648666,0.5661222260375554,9.848859202704016,8.828495424970809,3.7510267932956065,14.409054662544387,5.188103541036668,5.904541974431775,9.306285497334514,15.093189723844462,15.934446595757093,14.944373943753897,0.6013787060413944,7.320777338467492,17.01771814773861,15.496872566747648,24.104076923615164,13.369776142693366,13.680730097337591
20211208,Solar,184.67479103023,11.918221924848206,10.736399278837395,10.42535042693697,6.6186924469329504,9.540933081312048,9.841193383549061,14.367433936957173,8.922288395405436,8.069980327267325,10.365893572524088,2.1032978439293917,8.292328345369702,1.1751559826776248,0.0,4.685777503259439,14.309385065487161,15.70567287605124,8.412183376898708,7.124986670907419,8.800267996790845,6.828658250059165,17.143574856845426,16.90027763317907,3.431589696106049
20211208,Wind,90.97507565011807,9.402727993718324,14.307091799381285,10.7898968635263,11.200249142459707,18.018847964065532,17.276201510748745,11.571607229075267,5.477482067783865,10.019034171140628,17.17229513259173,16.040877015850047,4.9743542999186126,13.743016455002993,14.66148693782399,17.85923763848918,19.872866429979123,9.361739516853673,0.9826641103141442,9.126087629793577,9.453278298491918,7.925248239998444,10.577751242443462,4.124723793908757,17.8335299852023
20211209,Solar,136.72385692833257,6.823467328158982,10.215920881083864,4.082540588120888,14.392662792374248,11.681165432001931,0.0,1.4550399437104333,8.651334081466617,9.5089586018057,9.17098586568041,11.791006793055217,10.032980010557969,7.149728692344287,9.944480481966126,11.158594024867762,7.706829713685674,10.30444962490156,11.571996686664768,14.432229487647298,13.080630544771246,8.807572247150645,7.97536044681466,14.782700426372545,14.572142365826855
20211209,Wind,104.73319162425737,5.182504697419742,10.253536269318372,11.353224431299818,10.434242595276984,10.498810843836996,8.55834863423244,12.138218386381473,14.542619797940722,16.735648837846206,12.47336382783233,5.531488448972929,8.281283512112982,16.330029597481246,9.14739012962262,13.292294384404729,10.781343388462101,5.595232387785628,10.382510456624537,16.01271734312444,3.244374797395062,9.325542132980145,8.080928650902823,12.871072250159806,14.35445378235477
20211210,Solar,77.23555120493923,0.0,11.188986815695296,10.037319195625168,10.486423325631293,0.0,13.376074326631164,5.010682254311266,19.115695660124683,12.296612995261054,12.008123558466727,6.6406197126250825,7.7243300521051035,11.239762230875893,9.048028466720949,6.3081234038505665,11.16665882610296,0.0,4.539092593693383,8.928554001375831,10.97903919462045,14.272241530028335,13.919569831744539,3.632895140859395,11.912358174751699
20211210,Wind,193.50890873733854,,,,,,,,,,,,,,,,,,,,,,,,
20211211,Solar,124.00873889132306,17.596890914759765,10.434425699389058,14.597802734314126,15.72102398952068,10.102603347874712,8.93333541899459,19.536317546021458,0.02493257664150539,6.3974787077120245,11.435694498686903,0.0,10.419108956573112,4.726810920357737,18.344883202285878,5.160050190940797,12.016094586205218,8.93146458259716,8.202844466851365,12.208469522819458,8.210808554278271,14.324016118358568,6.751904676919015,9.206308077939264,15.060504039063352
20211211,Wind,159.42200402103785,13.650400462687987,15.629160895058753,14.189268973839026,15.22273289071592,10.993331263519892,4.302713777237289,9.115153328283894,7.345630019438476,8.059056761709595,14.226826143496657,9.372634178151701,4.581450486712203,14.232557935705104,12.322660675207864,15.878222153213612,12.392121876985986,10.215152008549769,0.0,10.66522226833743,1.9828253359377646,17.09392235435006,9.89242432627153,9.063160433172515,8.401345921106847
20211212,Solar,74.5962060099495,11.138545592379792,9.580445506079991,8.551314565738194,7.947204056567517,3.9258314303130772,4.964109429965571,15.416355995182432,14.519770564355674,8.07899497614754,12.536456895887216,6.724687204089543,6.983388076605485,9.73056286227835,11.301889295199105,3.550957909375607,12.394398714218221,0.0,13.400925396768757,19.33765794031356,12.055491474334158,8.031602290509104,16.28469256337408,9.794526235039829,1.5573601319360164
20211212,Wind,112.9030273121762,6.329975028554245,9.848936366078586,9.007093383040882,9.378557702585022,6.356142356618605,7.9879089614898975,3.857563410738114,20.361386453295346,7.426279315932714,13.286425043470414,6.2152954422023825,13.766102084696271,11.339011181790076,8.686304883146265,10.770867089094397,8.367534571184425,1.3732094582438603,13.478385806918839,11.645576139990384,5.494200295192944,7.850569283714326,9.487272993892708,6.9029126432933525,10.397896661968005
20211213,Solar,187.8043940347503,14.986696128795385,9.832072976164053,13.631319687976728,17.071103363451634,12.767235086254097,4.3842605493391495,2.4029042683115964,16.55020603328402,4.491289909782031,12.21063821139186,7.7140343723589595,10.998546781094882,13.02220668945688,18.64236913454723,8.057869424227563,8.953389998276842,2.5845848410607495,7.602534311891549,9.32303502513027,9.465081874654576,10.787712396897478,10.55965007389094,17.395695256946663,4.204881398867467
20211213,Wind,279.3635727922655,9.403453440984876,16.488869068955843,8.996684284440967,4.332145894762723,3.0839463513332124,3.9684964842409376,20.086852361978355,16.42642606189189,11.452010687180763,4.966053260853204,2.6029981429161553,15.979700823422341,11.32876483657096,14.214652814545794,2.1868605623900548,7.164524771355647,10.41549394278702,13.941818886958954,14.17850474342904,15.437843510173385,7.067563699543923,16.88297046304811,3.8280460080504586,6.97458552815646
20211214,Solar,51.189196780484416,17.874671568945292,4.459733365852788,0.34545899739922725,13.021441956793907,10.668648618617697,9.703841242289979,11.539075067781685,5.752198231626299,7.721977487305933,4.146178266536978,15.262400219079368,14.23283122052731,5.750908115992163,14.945270087676738,5.323206349268222,6.245889140235382,12.92633434205857,5.248776466228059,3.845736199811467,12.79055179839754,9.560481621059681,16.077681313325183,3.97506331039469,13.53355727153627
20211214,Wind,139.94461023552867,5.0945636835265935,18.879234473955975,12.434682786999637,7.206931134344358,16.189767657445277,21.135695302678428,13.18334970580669,5.893053132254959,5.2409927047747855,8.233862707478687,0.0,8.054665355508229,12.606340173406185,11.390839858425496,12.247968633922367,9.680254671618087,4.187122749646046,7.914273570412194,8.903257817957556,7.557399518745771,2.6517072062770564,14.024483133582612,5.287446642254457,9.401863111402703
20211215,Solar,170.614029907175,6.250152360136719,4.118090727422434,5.933703396307458,18.890389383758205,11.927348145559103,13.78871658723928,15.760111514226885,3.380951813668961,12.427375975463452,17.758202640881745,10.846437709004377,17.177542244540792,14.101003708878475,14.999687611951465,5.51721501127875,17.582660505820947,8.620683376033064,11.96852616994812,11.308828797563777,14.192461135047688,14.278530748669295,4.6545482694388856,6.823004844037478,9.812761013466066
20211215,Wind,119.19499233803582,,,,,,,,,,,,,,,,,,,,,,,,
20211216,Solar,192.4760993497062,2.5894081478299347,13.723691348576597,17.289352839757377,16.301892590700213,0.0,13.986312192094225,14.125581798813336,14.570488917055828,8.77181451099886,11.547797423793318,19.917893400002285,1.0729022134108068,13.16174186758935,8.14355381092456,11.86672286420119,16.569291143816223,20.160024261805273,8.878942171080997,11.205311640990585,10.985535405640992,6.633935760430375,6.321344880713118,18.398503870513096,0.0
20211216,Wind,106.66336646698434,5.314776574041187,15.151583477368355,9.330107629956009,6.193363257694357,5.890436117910519,6.512431936603914,13.367720811544087,18.12243593467463,18.907431822592578,0.16346838738702574,10.113432192420841,10.158904100459688,13.627721566123332,11.847079081249372,14.574207581172105,7.680608468578503,8.075971747756956,7.5879405930147135,3.554738019662568,8.080012728629548,1.7688725427737217,7.390419933130346,6.707274882181468,15.62444573745237
20211217,Solar,157.69238301083206,10.516081298829588,2.98250491500756,10.008674679369365,3.757356588378661,20.2710091679552,11.554161145580801,3.525975896088178,11.727586356414312,21.07760349515587,10.968709503340534,0.0,7.250802547619854,8.019685732018518,20.48542775603414,13.303882604986804,12.038358777605985,7.864834508707986,9.793917955875374,5.575230752521657,0.0,14.604415544119313,11.079854287906157,9.392119235124376,10.737438287446174
20211217,Wind,123.896404775082,6.438994875746863,4.53649068376457,12.548336377317987,8.82870271399444,7.004190412270339,15.48847130471167,17.564926557063433,8.724395199950408,12.484450766806377,10.429540092083153,12.734105382593105,8.697621001912282,7.832213561810167,11.019091669548681,9.767114879634786,0.0,5.920015574458921,0.0,7.844965801194436,3.9464377473505055,7.907528484799088,9.534376963342948,3.6885702242752605,9.654260259679116
20211218,Solar,210.97155414773863,0.0,11.38921404735924,12.526669719370162,11.313417289734183,16.32238104773534,14.141687338908955,16.534302579897666,4.6663759116328904,7.655946404028245,0.0,4.53711644477777,5.91924597464227,21.133934837622288,16.350848637800894,11.088195320595052,9.224981258420161,0.49511064438130803,8.602197030470785,11.207869795096,9.926928555303292,6.660809671553506,9.192127144190865,7.654026039643989,9.811398072374859
20211218,Wind,116.18177484821972,15.371366487100609,21.72209693881898,5.404011163111083,7.4463415899179335,6.945795553218586,10.972755036841926,3.5814138048113584,9.437424219933538,11.344767771883788,11.45444470985394,14.92444530543251,5.292895588617623,16.628799816671876,15.95689859306935,10.593728752145845,8.057231282344077,13.232413402705095,0.09716875011789194,3.5153777266910478,13.73353969720705,9.390047201799176,8.710388925080757,13.006852924987447,13.198935405613222
20211219,Solar,132.40631018567422,1.579531353262973,16.231313904993403,9.698507422328127,13.791537131374836,8.610897492452684,12.60023247096947,11.001432207308975,11.015631638252772,3.877784673763637,1.7450972167238366,13.088613327666794,14.505866197661245,9.758970564187493,12.8143483809945,4.818220117264524,19.371685776190017,8.667831148426353,5.791912082847929,17.04546745594668,10.108857019957169,3.895766596851539,5.613025361079917,13.402384942830196,15.129776199117885
20211219,Wind,197.28445187485775,12.946141424433184,8.759514751840948,10.180762639629135,8.950232160947854,12.577934226767592,22.314369825845763,8.84460131543528,2.684639636134021,5.640681962173358,6.373254175439619,17.3629774869301,4.159692202166161,13.414144778976302,18.283871847614844,11.39719545356835,11.302046445300762,8.058142388979284,2.888023161846327,11.564540221995049,8.519657834718153,12.410018616825546,7.693848106133502,14.920807225765781,8.817956396031464
20211220,Solar,98.59806704535681,10.156072948347823,0.0,11.360134483144135,0.0,10.503465079970047,14.19721608578173,17.09153734962969,14.607364642533943,1.586554307995498,14.972360066374717,10.935158751936303,10.466772833700112,5.311575845802077,0.0,4.773702260054051,10.253608028230685,10.911829424695883,12.641283714586043,11.428617364511082,14.048919891051527,3.676962402074475,22.167846439923654,5.01180716268601,9.329144345774518
20211220,Wind,153.4375028381786,20.586864082101712,10.408213672105797,11.446109704583098,12.764059895965003,11.907562255005399,8.424203214011756,2.9469399694069454,7.880430018456703,6.857675087492675,10.78725763418866,14.09574396423302,3.2543145514741987,7.0055936878238,0.8181110633963307,13.071380706706607,9.657829595176631,2.1108983045558394,6.345362318480491,9.134186808725648,11.371217662163279,4.078138532030005,13.49608090455694,6.633124055631094,13.044729976991018
20211221,Solar,58.87328281566992,14.9847874076131,11.81148401823277,22.937206143887288,5.587314704264213,5.908048726365064,9.629814968677016,28.012075121052646,14.307079205506003,3.8373987490438752,7.757749545151183,10.21377078221207,16.34702905967553,3.7654517419853164,18.639132700448577,10.675678202233668,8.545687154739545,18.852853910204622,16.189512189320528,2.7833864972942344,14.986373067811629,4.010984489408205,10.100219080745354,14.0881144873536,0.0
20211221,Wind,95.60332706854626,7.476977022575129,8.086524294585981,4.120701147063777,8.192013091617408,4.318649052656217,4.729243017042766,9.127579153140628,9.94540018974508,13.120283659578435,7.329624003263979,7.051731048648053,10.15016927358392,11.428306907998865,6.762869712769235,0.0,12.657785993338136,0.8969594229674893,0.7638391128380151,10.454056566315684,12.872150497909246,10.819990501318587,2.4978225959340272,9.87912395114979,9.506508417568114
20211222,Solar,169.10656379454016,,,,,,,,,,,,,,,,,,,,,,,,
20211222,Wind,100.46512452318838,17.513638403996428,10.795826301606942,15.916879029165296,18.86405862060545,7.3384092926881666,18.019348627217717,16.937491660014015,6.490253949593462,11.3831064575829,10.804444772453994,3.847580145373002,10.975528906000143,15.419130526675545,18.752891110403848,7.389841280761233,12.74934064744308,9.925364836281364,10.422741273000161,9.233671870129196,13.354540200175094,20.44136221335664,9.788606676534611,12.950595319512137,7.533432181747626
20211223,Solar,122.77135340881043,2.620644514492941,5.288694030530196,12.463919869617635,7.122532824535942,8.853593089712943,10.41606518136057,9.02000328414928,8.276923570922753,13.739532203617161,3.996785713020693,9.818463896637656,8.733779213792445,8.939830328382223,10.998251156015659,6.975979998336293,17.158783467868957,8.068499973754555,12.45036242252214,15.345790679409072,14.804733137924684,8.122360429387406,16.7979364664506,14.983226478644378,6.00694876637664
20211223,Wind,174.65432010239687,10.954399679593541,19.36224330404362,6.748423025634626,12.8889331531592,15.186376903199102,20.90410059383388,9.425290572023608,13.210210616809784,15.856712057542609,15.62208734073332,7.157172139104838,10.34185450457519,15.33293953053607,18.448043840142894,14.779517711353536,10.56320308434092,13.355725644390867,20.76795640101853,9.688375124773867,17.000874838892024,0.0,11.145258949542763,6.506854384098576,9.238323514687895
20211224,Solar,121.0406929426535,9.34439768375164,17.583723987669085,18.323340151338133,7.238627547886777,10.43670728012524,13.162000224774888,7.485845530906861,9.34250882630813,8.232877293444847,4.262181605612264,14.210470334789607,17.536667097598848,13.264566641626029,8.05880158621671,9.183690092000196,8.428343911691464,8.268086842901297,0.16637412818495845,13.480130586657445,7.36430915228229,4.696313599496559,11.077759824049753,9.481491075699667,7.075326905389815
20211224,Wind,191.1421036608179,8.28386965647662,13.289563157963805,0.0,8.565635105506985,12.422985512542924,7.845767911920911,5.57267186934441,4.475129921514154,11.55318749469897,1.3647123358019064,5.266596775028393,5.512866695505963,22.296156026088067,13.079471674365278,12.987060863897758,9.623398504639114,14.659007390175963,6.2121316384556025,9.44636390688114,8.184369360561503,12.99392436044136,15.550021476028041,9.400691215569747,8.771740687583197
20211225,Solar,160.7831393743032,11.767569922242128,10.448552845596582,6.583666513910868,6.9711229255072364,10.70800506290066,14.532262702598988,11.359295738963604,10.5578702752614,11.712507502817525,14.955765659735352,7.955837036875052,0.0,18.335579874332673,10.29067604029978,6.733221769665155,16.003427303138682,11.539540935130715,19.98493274625409,11.896736094055258,14.40195691595847,16.741723221464902,5.143611120757891,5.1562520245034476,7.639430339963172
20211225,Wind,171.78415559622516,10.947799302543379,6.699179566932201,15.858410986114057,1.3782815980175767,4.42282873235612,11.993217358983257,9.323666599125227,11.928375084192005,16.36045690761091,7.815393379702659,10.219567510212476,6.065676427442283,17.46078363870112,17.453168039569555,14.01834624818319,10.696087380527464,13.563785370359412,5.39460728452838,14.340628690207225,14.20777237257982,10.815942196414221,17.030877989052982,11.49841589855171,17.80818127907642
20211226,Solar,212.0482799369266,12.287003713958722,9.896064080545495,8.14944198288741,10.475276118668548,10.086347630028245,14.189283891381995,7.453129008372521,16.864442628360152,13.91779039541973,10.352297953295512,17.438615260075693,3.954562681643038,14.178413083361152,8.691924065321897,10.98600179853558,6.953329709180402,15.20052889741705,12.208778272035383,4.597927523227568,7.448403033075405,10.42819397280708,8.082922373069383,7.3044359203562506,4.302362388208728
20211226,Wind,165.99115313070328,10.69487826181642,18.19648567603638,17.98232262400093,11.440826934730833,10.653910550957681,3.154540701718914,7.745180259831492,15.762766343297358,16.516724943933554,13.273155085047508,7.337418464184255,14.840072322494642,5.528873056669425,5.178483242679472,12.024583305755481,14.043267819397016,9.128477133414378,5.301174067586187,13.236584835951067,6.637858163092974,2.3491211932814315,15.790553418184249,9.97400690865102,14.173902839680634
20211227,Solar,226.9423645234672,12.088407025086239,14.343270292183142,2.440976276607998,6.644991273444308,13.799616106706537,5.948429214013652,12.881167269465712,9.676822268230659,1.6767427085969233,6.4028152605272375,7.995539625353328,9.121353520876585,11.46397008715896,7.661904931215598,9.107381910104905,6.446542140545213,14.822930364263994,3.0300997984655798,15.271551496010506,7.834861411749871,17.44428747419821,18.350625043260376,13.247374991725108,7.063856890899396
20211227,Wind,195.56311415189117,10.466825964657973,11.018461392382298,4.43949053025996,15.438958557185545,4.657059651782674,17.442354150615877,6.012182353247279,7.263324176678773,6.678644949640746,10.685728761767058,3.2589915364847313,14.137255420247163,21.237776118856853,7.883736879104522,18.14884966921446,8.832862103033122,12.589594667857506,5.9223157372448085,20.951938813872246,10.39628726470853,12.779647002329698,5.463697746956726,11.342933671386165,11.62907777928748
20211228,Solar,123.82737850827716,6.702865563918428,14.619871670837977,7.341809149365125,7.819598914523902,0.0,18.465687457820284,8.765176158038852,8.858493003191546,15.159084171119634,13.241074907942684,5.08502618121217,10.159457910681658,12.534773706896015,6.76424980706652,19.352216036636875,11.145814445591089,16.66982758592837,19.888119307266592,10.355759059278157,5.560943158214979,11.605408786594618,10.000182374612054,5.564922693275067,13.235132312101213
20211228,Wind,214.65740375106355,10.020006301182978,12.728053316904141,12.086996387682644,6.813940875704926,10.881319075852486,17.07556363484027,14.493336958945534,7.381332463110382,12.903509184489124,18.216174429374878,12.064906262076686,10.043380209127843,5.89110718218864,6.55638477218984,0.0,5.964848532747512,8.163709545818012,4.167229359616033,0.0,12.098657384048803,10.084568771458418,13.945565964652804,11.01880577574878,17.651999698446467
20211229,Solar,163.19330104514728,6.4280672014799,11.981387699434359,8.889899248099885,12.63251559054053,11.769250007941901,21.093234517934288,11.236127350346498,12.530806128519734,9.37477227138735,7.444705537506037,10.160342545993501,10.81972476663346,11.679847339506594,15.608586379471138,14.63177870854183,1.0679442690254737,16.82849949873353,8.508921723215009,1.095816506994629,1.3659828908499183,12.655147027540792,8.566590263496257,10.69378101899619,11.964598949092718
20211229,Wind,130.2660145669748,6.098116976345748,14.902816294957676,7.548003737187894,2.286590050137355,9.103075968414762,12.886841491069315,4.752203668206956,15.20832561307825,7.629750583199939,7.685263998205832,10.240515741000637,17.400121428998435,5.051975829625962,17.039097547447586,4.601296798413024,12.247216429477,6.13453777392685,8.726829599929887,5.564218499047257,5.841558200250773,5.999734614575726,8.705936983937823,7.19385492565486,8.017870964787486
20211230,Solar,163.91928476604414,8.319249986411242,12.585138224123789,17.10198215549262,14.533395158514029,10.140104503633955,12.535416814152153,9.88064465626515,16.199171796470445,13.943422723144646,12.81663309662664,18.706074657714918,10.932637872136407,5.7190290065660365,11.959637481612742,12.548384217505465,0.0,0.0,14.581709801803564,16.412110497260244,10.920094427975522,14.69670193213538,8.008014738635095,5.684249424859412,10.32887041149531
20211230,Wind,205.61634121951315,9.402884196320787,14.292757350516892,17.567224876945755,7.989154213028186,14.393861892914025,5.433965493880938,12.185108105714846,7.938967737511675,0.10211464280438731,11.042964820294191,1.6386104341468288,15.545849248900492,12.06449631043928,6.7633522914543285,1.1116195967630782,5.3671906226451656,3.175887850973406,15.644433170961738,20.983765600679956,5.403183032465831,14.016949344149818,0.6970348582390695,10.769917536654724,19.59238390751631
20211231,Solar,172.7522547121111,10.176126531739055,10.806935248172545,7.928101171462222,14.94643038197045,7.705972117362456,7.0973427957684745,14.946360956181213,7.4398680029294075,13.960955926563674,9.314821202525849,21.58910821744838,15.225819342085888,13.697729622736976,7.079847452691497,12.016191107496374,13.89093019639083,8.340609301531341,10.538767656865922,7.967733906141174,7.9081467062161765,9.509276565375592,15.287423887995793,3.0139944598163892,10.81726495312327
20211231,Wind,241.11964162756988,14.581894136816652,8.729370884049482,1.4511609633516875,16.440652629145777,8.606795789207103,0.058695388452242314,6.223106666275497,7.898027877206847,10.453441330204075,17.96344991254293,15.891373402773834,9.183542092920886,6.010390149463335,0.0,5.818812297005906,12.09599637213085,11.3127419757157,0.0,10.266258701349866,9.36350051560293,8.6395448218912,4.951605001041312,4.660235439233427,3.460878871093306
20220101,Solar,204.3265278949411,7.507679587295783,7.259185605299256,0.0,13.200767211785706,10.39518222306916,8.392569938161467,7.207351386494326,0.33981524956920306,7.555802412038675,1.5878136534421117,8.371034995628953,9.63032741598969,7.202217658889128,11.898428556726543,7.7058947577627315,9.210347635051217,10.079741515562647,5.553840920252685,0.0,20.60519442698515,0.0,0.0,3.5833427149128037,8.083545204743597
20220101,Wind,176.15800167010812,10.984259632374103,6.663451972645207,11.196450573901782,5.940133536358444,3.9009266041532866,0.0,6.5242000563990175,3.985938207265407,12.512204509515726,2.8912727477106914,11.956163934255892,8.110986670833613,2.868124544159092,6.586348904019446,7.839529126943676,5.522527056960058,13.93354329414611,4.009903390637033,13.256838534097056,3.469484692118084,1.3389640825377869,15.23444711978776,3.940057973010509,7.95473576100215
20220102,Solar,98.69659586294212,10.590138569719095,1.9741477877923375,13.279778111093986,3.745841467577977,9.240513874761229,15.40483085431847,6.772399003041057,9.827234970306582,8.069754588574417,1.645590301223071,6.5857745787664275,16.415886128892218,9.35352994731997,17.35550177005265,6.327246397341943,7.844921218815116,3.996984145072904,15.793409627404632,10.67207291918847,11.178409788415994,12.728832203629626,12.424066648193513,7.605625949094431,13.649842241785093
20220102,Wind,141.01337429949396,6.956858562669675,5.440300265941678,10.31498892789273,2.8296366833238196,9.68128341332897,11.941994342752263,12.025023578485575,11.896358702219848,10.14509367362935,16.008399804999872,11.596166047212733,5.294689917410003,0.2698634056957383,3.109430492726503,6.462957490094588,12.882432883689411,18.62222551052589,5.39472537799492,8.749845574119467,4.875828316647416,14.523656009535852,3.4096075845879694,15.310064946611115,3.890068541703857
20220103,Solar,153.58320698754255,10.368703931032725,5.295732352089096,9.645459464596208,15.514553508506555,18.18521107160137,0.0,12.972445649418244,12.45586528941273,9.768770995548211,12.57361660610226,20.749216992862177,6.385041359445129,8.504274991708591,7.038237837257614,8.009929207903587,9.338167909314194,16.72656912072079,18.417462327411535,5.182155749903902,4.688312898892236,15.350251238080372,15.431046836583194,13.09167278930606,7.46112920147782
20220103,Wind,184.83157506088733,15.013607075886567,7.463274020079821,5.977286926529588,9.325999438999084,8.509421711857696,9.05068153918259,15.254517464415416,6.097527890647326,13.72264961991732,3.146274580665942,6.7685589587398445,8.618779824125607,10.39788510314805,9.522191653647951,9.230344049578857,3.8242067686035517,14.675859583396871,12.04094482951117,8.237976296562792,5.624806735992481,3.2641250776302453,13.327388467863674,15.615791952048653,11.067604179018664
20220104,Solar,181.86665206360965,10.932531084416999,17.811221053191456,13.274898969569191,7.003891027345757,11.000056199722335,19.8382781117425,9.544125454621156,7.544449260903231,10.795909105916316,9.384833043253867,8.839971958908245,4.259238349243237,1.2210530799699093,12.326147765417426,11.615659357055634,5.600366198520366,16.32580398590751,15.673989121894124,3.2738252833101686,9.217349116847934,21.46725733017516,10.001605624311463,6.946047359025919,8.597900544898236
20220104,Wind,158.47702051091431,11.132919645136539,9.212190222231113,18.39092689449455,9.339589242305541,14.593088026948712,9.371669245821282,2.9733852261026272,8.652480966802695,0.4544017444336246,9.861622033305155,6.216168897010604,7.043526081454806,4.963710414807066,19.01472831419358,19.3035454802654,7.826888626744791,2.2363914707757027,21.278855591035818,5.696203825763634,17.169007524456173,15.001455312079823,8.24815914706383,0.0,10.454598784468029
20220105,Solar,156.01749576885857,6.473358345286663,11.20883444942155,0.0,15.40310604477084,5.812576373447859,5.008145281810038,13.347350822287316,8.094370505822203,3.039530987483884,0.0,7.0194319418920115,15.680330961236773,9.699541611701557,3.147845494025956,5.265620642137178,11.834907267489768,13.49465161692011,5.280864953030151,3.6468768959620523,15.874180307688485,7.132740357506212,9.38820668556425,7.013210372801245,10.737937597962844
20220105,Wind,186.0228447538035,19.84429425602438,11.366598222559636,9.612494056061424,13.893698926797752,16.87870193438083,1.0724886534737965,10.79571839203792,13.44008860332332,4.579168984005365,10.941385639728573,7.986529843321919,13.257028240867188,9.017115064747916,8.490310070618317,10.63354344235772,10.52280726054729,13.701982138508132,1.900276935910955,4.9153128483490915,7.709102205532874,10.816616939851635,11.032497577167144,15.63823744018121,11.072452801172815
20220106,Solar,107.0706887185007,6.758218148387495,17.937904564211834,5.148258252931998,12.192530778544274,18.819351160286388,1.2217669377805562,10.299847396580015,3.459129450190357,12.282723333892907,4.112269689333461,4.525572056630209,7.896299025740157,9.248185362457301,2.8591545964274614,13.86326211763309,3.7677311933776614,14.836984623392224,10.934995044952975,4.224273195807679,8.667613002631565,1.513102240681986,6.056758310757788,8.03218283454393,5.365181380189457
20220106,Wind,234.77579096249283,1.6610826972626103,7.122072730773542,2.547670029730742,13.189430287132025,9.855518561756623,12.677899839280007,3.582982558443889,4.25352197478529,12.784262107613774,13.533342734455017,8.681939665930976,14.01414455959596,11.440064480850296,13.949757953219214,6.455540238208753,16.735281625401566,14.234452876221932,14.770381816528948,12.885330719300464,12.956673400487976,6.915486231924019,15.590245793259289,9.890873904677225,13.98792098667438
20220107,Solar,47.64165574182644,14.300920601090382,8.887389598709692,4.35012064607792,10.900861777484742,7.3028696927031,7.830636888376278,9.020820681973296,8.507823521762768,18.351785923771022,4.2652937711010015,10.271161979246894,20.409540343389594,1.6415854328223412,6.765529096798065,0.0,6.285495358016727,12.222683517083894,6.675583359392757,4.250860084913652,10.288285742945796,12.691313574656858,12.778187133396795,8.92670669482515,7.323577527520421
20220107,Wind,222.77047410860146,9.42591480175787,9.469003141129082,11.898364278422022,11.510565286482123,18.13559712195194,8.245029292002808,4.031726069371406,3.1719814833116278,4.92784794516219,11.095799102605145,7.984250473473977,11.565559464309862,13.543300336376998,9.483481401379038,0.4536104251433748,12.20523253789966,12.022413157846332,10.181931806103467,9.73848249481142,6.816758729202545,10.313448944825495,9.324884017068458,13.486963728790569,9.942043473298483
20220108,Solar,147.7407235787419,8.484790895264624,15.68267427887384,12.02481098795583,11.105126155755235,13.97815436384074,7.851266682780152,12.409824942228797,0.49764860521669396,16.546264849439083,16.472851163949258,0.0,17.10179729716633,8.406362883189747,9.138682308764887,0.0,5.263182580132738,15.961674385611888,16.08519104076582,4.540222993521374,13.307081585562699,18.71571765126619,18.715476189224667,14.151906104535808,3.940585247115501
20220108,Wind,200.1289907135797,7.272231097942364,16.720528468772276,17.301438805874,9.999693771862232,10.409846023319181,9.298800252676282,7.8505298564808,2.5326142019012265,0.3106066751160974,14.872800405066135,9.228411463147191,14.257944083985182,7.019013489561542,10.58143469174648,17.700584423458004,22.409658215888697,6.883229869811521,15.59029949243532,4.736306261818095,18.104850425563534,2.602767915718893,8.492168231775143,2.2543803139408904,10.199469887994601
20220109,Solar,168.19202171463064,19.35857312157919,12.372919098469723,10.043907735727306,13.766869419156407,17.134219098078514,3.8641850064847603,7.402328018177209,8.786427057756166,10.088789787455607,12.535824418585749,9.763641889777546,8.527815157571752,0.6757226415469741,9.218648273360266,13.070776453167154,16.62508531194976,11.834435043398734,7.091129091660781,4.539433572928883,15.292134800160873,9.414336982421753,17.746419578791492,0.0,10.950887407797735
20220109,Wind,167.3017205455401,11.772951393023414,16.164546870309398,1.2088918506521074,11.806410531001974,16.604960942746597,11.580524968446891,2.31422258455484,13.152654081627377,11.22601700022347,9.593322117791267,19.48770847471745,10.986489848570596,8.662114159162108,5.141589819944682,13.779876804153146,6.12793242238811,7.235016460161423,11.356715636533048,14.888067977902026,16.782901910204465,4.316921031436668,11.463379419366863,13.27432689824004,10.181149750457413
20220110,Solar,177.71272380132604,12.748756108225423,10.888304982344946,8.809152288120142,5.5964248444652105,8.318715230208888,2.8864687812165277,15.135479348420212,13.25683267196413,11.207951282847148,2.4994788145657685,10.13409360090219,12.63141233487215,12.560151282891525,10.424499876906047,14.907040361482453,10.442302975134663,9.239518754699906,5.321417875465128,9.087279696752226,9.303112967556524,17.675271851246926,13.7879860886822,8.936689560895175,6.098435631344307
20220110,Wind,190.4527144543889,10.813078117911337,9.136983761915888,3.068104638921081,12.644371927613268,11.24364926649575,6.220787709793731,8.707176843853222,17.939577162695457,8.452022411214767,7.804520798502623,14.677930362663302,6.2751512816394355,10.707860677162842,6.028064123769925,7.122646465654262,4.853863259214963,0.0,2.75019189630222,6.264146126046903,4.586825576641926,11.326783819609133,8.164429751484372,13.277615779317912,15.639684664982848
20220111,Solar,133.558458670638,11.350248067225982,15.89362043292811,3.9660205678899754,11.236235331896522,12.883962439629782,15.05413848832562,10.434903851688787,10.508325587854303,10.589477959302245,8.869969153635465,7.871501458219629,0.0,10.854064271337455,14.072816010269063,21.515223490433467,8.220068787487202,5.647197549690888,16.79111789407737,4.97941928619611,0.0,10.04221739027656,0.6516235569440354,8.597340820384652,12.917201726986798
20220111,Wind,201.7399565263118,16.99312305279707,12.438088376168988,12.902795292032478,13.057067344575495,10.143650149439257,11.881024998625945,6.322549546537227,11.18100256164414,3.8239021468235057,8.510888282583725,16.49087169327,5.829622185604803,8.304781679598856,10.28706780360036,11.677332965388388,12.114731276335895,7.818373529092295,0.0,3.2783339051623517,0.0,9.334310475579683,12.396495098597338,12.604143489505818,9.305497396890363
20220112,Solar,95.77646882106082,8.745726693861524,6.322346670462091,10.9709045279721,9.478965431924857,3.0456470454785975,13.428409231006913,1.747124700166729,8.74796481485828,14.325807433982112,2.332388788401818,5.277284263330212,0.0,9.69725739063701,4.801286101239795,9.636137415699507,14.225236607023232,7.884280189344923,10.954961546680021,6.408200120618907,8.98325533595244,5.614581126971657,4.060378507699149,9.323574451435844,9.259646174269589
20220112,Wind,149.73347133369376,2.7153122723963508,14.987104690621754,12.937827977176655,14.058701568835788,5.308702481508768,20.751941964089433,7.341872059113731,8.990867671319956,11.248952167267204,12.17217372411935,12.524946005593755,6.242732866793719,4.46269335941766,22.034378331423135,15.550009072985606,3.808067073373207,8.332584442810461,8.148528243229592,2.8171705377227205,12.5341311211507,15.992234789236493,6.936513532341807,6.402338205012954,6.309273704471087
20220113,Solar,191.79849621361384,14.340273271138884,8.957536844898602,8.212535763641359,9.692957245669215,3.208686072698864,9.701729948477514,8.142293311136433,20.40272665797606,11.811167067409343,4.095421638373569,14.201826905408199,1.4627772687627405,9.976169806535056,18.29425935979304,13.336499365901124,6.25721222473257,4.074974831669626,12.743800639457154,7.826891257514012,14.21541040502889,10.85302793062025,10.379086597614428,8.017044476671334,6.885887498172484
20220113,Wind,199.75087898079445,12.48350806121196,8.345882386378978,13.952647817126781,13.619398433002726,12.46462151512002,10.107301300124888,11.463800104574213,11.30675718627516,8.604917692229597,17.73054471802827,13.468030627505795,14.400543520375175,7.54449240661533,22.217363174169773,16.675229649024203,14.708826840433955,8.337856673457013,6.575014941960323,6.460900261765077,11.21547162732627,11.223759601258308,6.791194618388273,9.15769762887182,17.28427401844822
20220114,Solar,173.03944241307005,10.539899064425214,14.465021840998562,7.932985508549444,7.717642420247445,4.078238414381278,8.678395220748296,8.22483794555434,11.741371345470608,8.36010187625583,10.740105926593474,20.820749050902528,4.087012496331431,4.376003993129758,8.285523455286032,16.969166223494163,16.61956466818837,15.427078779019386,15.708083418341783,6.103878490816238,6.391943348076507,12.911607536403734,9.841437571121027,13.056189778937975,8.208389862567202
20220114,Wind,130.33037810221322,12.353766207738932,9.555839295775435,15.583414163711236,8.063729729505237,10.96209035408715,7.782929263039263,6.408255701513604,4.274428485415168,12.62365447082634,14.896313140072262,7.078176708200758,12.720540444766096,13.773596196427297,5.824069629698679,8.233767285362724,6.134364575518675,8.507209853028431,8.88888272854868,16.191132122585124,13.272498215240962,5.691089965277136,10.997814989075774,9.14190115008532,23.81956941432809
20220115,Solar,194.83538891843517,8.146278898529129,11.944792680201449,11.723194697357712,13.010262616050623,19.159519131375788,4.947045863031068,2.483303014288331,12.05211137452534,17.949869249787042,14.79296570172671,17.06891655140663,13.833010315867366,2.1249995240400557,14.032495815821019,10.935124104518296,14.784276010242992,16.491010754475155,17.25721698235913,8.779867134244757,4.009233640851033,19.976436138482974,2.62896496912162,4.640547752145981,4.201766423060885
20220115,Wind,116.53168804406234,10.103462914271299,13.309697920353997,8.965015647576912,8.341133031276279,17.13885092456073,10.420324055979261,10.242267477113742,13.291659896617322,3.031844547003856,20.38965820802416,15.778225613627749,13.507543868450922,12.621427994228853,15.540140555003056,5.4540231660795495,3.8220375658262884,16.162529243258092,11.094280599886098,9.089580343269168,4.481267545498079,17.847562469547984,11.370920127598607,18.323508110525697,11.843874707179559
20220116,Solar,237.57045368744554,9.341498730700451,6.085284603638078,11.060465220880484,21.028913473740808,0.8129167653301062,11.775243032980782,6.017199031145664,15.551550639689328,2.779649126030547,10.909405026195264,10.247332040070189,0.6583190796771454,12.93574071268205,10.983636222811116,1.8585891405927268,8.512494724112756,7.064765952482495,4.7509121292882694,16.40990230730578,13.064688587451364,9.820206597965626,6.893994562804943,11.556780472766802,11.13103393453934
20220116,Wind,145.7664551250168,7.042558714645415,11.92425282341101,9.91069649512541,12.832224933895134,3.606492646144969,12.05385169596448,16.60403266882849,13.150422624507508,11.331026561944618,8.04969375095029,19.19630520062445,15.613221977010964,7.363805849580949,0.0,14.183986090473205,4.277959890214111,12.846879991535053,12.712822639523987,3.206298314818601,3.8341011087663635,8.494565051282867,4.659738625817791,16.805062083128522,10.181265394278388
20220117,Solar,73.01871528970197,15.945863915525013,16.74736552630812,17.980532576564617,10.124617430771004,6.117417879100708,10.32181913433539,10.75073330669051,9.366308859580084,8.338999568228415,8.146074042775417,9.267209230160658,12.101691830257362,15.152044821022644,5.094477134057457,14.7851793197758,7.971320436742247,3.434791628690789,12.087960636690008,7.564814918742107,6.173640441582448,13.198208431613912,0.0,4.537462249155599,2.0396113299780003
20220117,Wind,90.2658265991724,2.938706862910998,5.217664281301949,11.227188112893945,14.099503883794245,4.154881553903163,14.630854024099907,12.810514200164954,9.152883435683956,10.62052885836247,17.48051320669901,10.111582782796193,14.02132870601217,7.258299439574943,12.11252322802031,0.088800300443449,19.546361436759373,4.730481066541828,9.464946892575655,2.2538372826492803,5.1115684067586535,15.600943032874579,2.2281129952010046,8.732011230035281,3.14386503845638
20220118,Solar,152.18218184397938,21.804410859064834,12.24954444415614,9.991936638027457,7.596597950117416,1.7309281133913323,10.147183453711936,8.756056668554141,9.639596606155486,9.881053427003303,3.3988229203868303,9.972581809753713,19.149381346018423,6.9442198924365,6.699133430742213,6.413959684630957,9.725495281547966,10.558718520380186,6.258206739720814,10.351369182973308,10.84567923381805,18.751376579896732,10.119793095117435,10.954354128721018,10.977862399305286
20220118,Wind,156.99126356630265,14.386811046032376,5.852661327098562,8.807545714746004,14.615074096165088,9.945798301373797,7.9534905588301905,11.006401448839558,10.535935217804516,13.110046839268469,5.6093771090340905,3.6340715444719907,13.971660685533667,3.9982238023725705,3.174948782363969,10.280416987934137,8.59034266475013,12.542773432729083,14.303183181935777,13.035719289127321,12.941027561992868,13.22407098045721,10.212299384111228,13.289648842611232,4.879684761867665
20220119,Solar,248.4828342475548,1.1101223264882454,15.106988419201992,14.215921096225054,14.476176083317663,13.52550274708282,5.365059090127411,5.5464234211487335,16.33825220403089,8.56918284890028,11.184958803657317,13.807570171308555,4.086736845252767,9.957782757287692,8.711721800912592,10.756938709004642,7.1761279820095245,18.066842637761408,5.173892077326596,0.0,13.069779064197581,10.68283730757976,12.59197818801202,0.5627612219436884,16.045250903331894
20220119,Wind,98.07503311928868,8.879168352545353,15.059527918748856,13.539566695267524,16.26767028889775,14.770170193614437,2.255123942110356,4.108905871651971,15.363197746006037,3.9589410505036615,9.236012729887522,13.026990709128041,13.26641720424411,5.206711282907567,0.0,20.225004555407097,8.500909606964122,9.185531593310957,5.699917365088211,14.299956776362112,7.098432047947618,10.685675243690499,18.578722001190183,0.7113496743084069,8.880125341501087
20220120,Solar,151.97310996519653,9.157270420482211,8.228388298754506,8.630791848436859,7.795952343257113,7.627619146280953,17.302075889682428,10.075655386742783,13.764554768628901,6.050730194540142,14.838222288525037,9.476603400960718,2.481915531105158,6.041768785590804,6.983472061858066,6.865309412276934,5.95746103196349,10.877790967738138,12.637363478655567,11.555192394302226,9.160779347228608,0.5965639093810615,16.7805636484074,6.693224713402564,11.2750334056599
20220120,Wind,97.02892964589716,11.95943314471056,21.048143260954312,4.221792426885957,3.8863337293112767,8.640481498422043,6.504726872563346,12.85195827600538,20.14604990235149,9.19774172552752,3.306533812602892,18.812672737336772,9.685171905811488,9.673128959549322,7.8698835339535975,9.14346762363422,10.684018371146772,10.489052476027998,8.945904215362518,10.182424824383707,13.675347608601552,7.848517822163993,14.978847016108109,12.734118563720234,9.797736246221374
20220121,Solar,125.36725733932983,5.053108646301399,15.533126545686422,5.490159308108232,6.949226803987258,11.778386225623777,5.371664283563535,0.27094114969211325,0.0,3.7251476556430108,9.665269961834007,7.813899713024088,7.483856001099189,9.882463090187649,11.551984651331171,13.249286870568142,9.83703008979316,18.967750402914028,0.1761601062878182,3.790768450963027,7.348123879195697,11.80610856711988,15.932156803089754,6.635799720495487,9.659013859948708
20220121,Wind,234.1986015034669,10.160126716841086,13.534644925680846,9.07918730228902,8.591847420136265,9.457572190804255,7.912308858365135,7.504482545979795,7.699707128369846,9.81573046624508,9.064941287406707,1.3510129269446247,10.050752701807589,16.27966815891783,12.73810575464817,8.24898454046063,7.712961526827679,16.711544472082473,5.19055987859901,13.859717659915146,5.435430578480746,0.0,10.904128443565808,9.365187739037832,17.603889125139222
20220122,Solar,93.18318884220047,9.394403009386766,13.253054480530679,16.744637530595416,18.336058004258774,14.05303388047901,8.608056067331018,19.21061053944196,9.943636904428086,10.303773278572509,4.6387801466709,19.5110298570077,2.4522891410599703,14.655164260051802,11.8885490795399,7.475119347560678,7.273655618414169,11.923378596954905,12.02923779751742,18.41446018416841,6.792132376411624,10.899683276031915,10.813668013816265,10.2592594579289,15.42168361521476
20220122,Wind,179.3521212033917,6.311908187132806,14.91963454603112,8.74911685376543,20.975060145638743,12.151824314172567,18.192562179513867,12.396137758349774,6.638852630195135,8.21098200064426,14.393300603164564,15.055546536014916,3.0281046181588733,12.75496120683967,14.486244164800478,7.064700451034102,10.914180795227182,13.969374274318163,8.651248252335119,7.96255602525841,6.960681373212108,5.939870510204969,17.686308489466185,5.858364728137456,10.771597467029947
20220123,Solar,169.6453679507196,5.61623884264384,5.021787963779199,7.029381950172178,11.723311523219913,8.118477882429854,8.359264484544145,17.688230168452492,5.351246376738045,11.04611066895897,9.541078551859572,13.130208312257922,7.7532379249044086,9.267251914795368,9.160104194335267,11.164901274779544,6.353373833923612,11.748499291918236,9.494508860589706,8.412738890589962,10.153486915686397,17.88509460269074,11.082076979592696,17.321016755718887,13.374779602314263
20220123,Wind,148.79142868208956,14.594023233511786,10.973037992305121,1.1964034337567686,10.046953040092996,0.7168184417327839,23.166917827008216,6.829775241057076,1.414201798183965,1.9286070956884493,9.329626945763605,8.302773165425721,8.887384463076788,7.979920229102112,2.722059727187921,9.121547785554949,8.799323700796263,15.373870054216411,11.310221575673518,10.113732625114292,9.86562979880979,8.576593363905387,11.188798164695577,6.024675586856929,15.865570932969252
20220124,Solar,175.97183115958688,1.5170872997870322,11.915951926886637,17.56770717801148,8.250460847628945,17.495158027409968,10.318486023265912,7.7104711750278,8.443356939578688,5.2340783071838075,5.876482713657821,11.710458005351672,7.871024605593072,9.867037383303613,10.220972564866718,13.412399853742821,7.7439070095322755,14.308946222713592,12.281502854558122,8.002714603056965,9.162922182354029,8.681856352569781,15.828503784204223,0.0,7.010871608077417
20220124,Wind,91.99898090283557,12.389394680480256,7.999319683487199,12.8451407299073,14.123451751054336,6.569588552778392,20.285141244856288,14.833666601722538,14.470135269209155,4.286505568481976,8.150672086073062,3.698108531773779,17.252262490096054,7.2185882166773965,5.622497065651636,11.787290701361508,0.0,8.489691346665845,10.580553573644792,9.109178496060338,5.999514483066991,9.312930996771472,8.617387134196042,5.0882516927317765,2.225190878909775
20220125,Solar,232.8161253901779,13.98755153439062,12.323976347219826,13.980049850029289,20.94290695995759,11.787793228651301,14.469646407153606,13.117601776891629,13.869681711521364,14.399283689737118,4.89186205539717,8.874285078386608,12.118210622288137,6.495348976621493,3.2155647290611378,0.0,14.300458492813156,10.497219097508308,0.0,15.142479902342721,5.338699325133965,9.97674831547277,9.327369098125986,5.832199093094047,12.7651029254278
20220125,Wind,246.24227475617604,8.907208308307919,16.15847150217003,14.808440259646874,18.929254455941358,0.4170416564045121,11.80518709922381,9.528077119701575,6.239350568796491,21.53082001290317,14.318831926822133,5.481512284061098,11.980957298796909,9.606034262842416,12.895082393173613,1.2423671281936566,0.8367413195683704,10.809257482788395,9.723885639339787,9.668438548867012,13.245972703038467,13.964153044464584,3.1933434138567405,10.868246025218655,16.229896429460187
20220126,Solar,152.35523488796568,10.26186419862498,7.891154561170468,9.176348856205184,15.689883063029168,9.943417083070976,17.889240666187437,3.6874209536574765,11.101225392658431,5.595902100138627,15.164079983776531,11.30940631857177,8.088438293189933,5.608082029392923,2.9355859241018614,7.496186424819547,1.1585846305165193,10.759259547067346,7.418298093189972,11.45024579949778,11.71574864625407,8.278491441052429,7.687182337151588,11.125151649989704,1.4265836659383524
20220126,Wind,271.1553065306777,15.817474998486906,9.727878498143472,10.422953168737676,15.616512655569283,10.501309804310996,15.611148969701498,15.784259811134552,16.787999076080457,8.823788815162816,18.40030762401126,14.617342292528603,3.0408408015974917,5.9153728378036305,13.401047640852926,14.900012946530897,14.476684612107636,7.460984489538585,10.153157042242446,20.165929583554366,7.825918331538711,10.117158875943762,8.35146841035523,12.933946313702913,6.9684233748120485
20220127,Solar,130.048603422504,6.475742446379716,5.897073520730277,17.44300970975997,14.161549431270574,10.74301036273831,13.173395420930444,22.55114073763856,2.3996647732738365,6.532853786922595,12.170266884607258,4.761874069125143,9.979396075795133,14.774370444823619,3.5392063468868553,6.7416077994325905,4.457676751842062,11.68451529157153,15.338465018489526,17.3215344893469,9.715581820247552,13.993963776210036,8.633609840762519,19.39720477313838,8.792941210800405
20220127,Wind,170.02159969281402,6.99173785555438,1.0650549509460383,10.897904446595685,9.763546771457326,25.068966413589983,21.58797004885846,2.1406690585162345,9.205820098137353,11.106126204039716,8.303907033434406,13.624563403842098,19.036349830749728,3.1016045402128913,8.547271438529279,11.872955757786096,0.0,7.4547491820384035,4.63769146943199,4.7665941922846935,16.060680503829204,10.042650656649894,14.052375014982395,10.14185740592091,5.087568265160554
20220128,Solar,221.59445318872568,7.522581594503459,13.894660902602554,12.937626450319971,6.317258887296021,6.844408131032836,7.508036440231885,17.018095748747193,11.432481454044696,6.957956752899223,7.655183884521564,10.998741301938281,11.121898139420768,4.801111975643426,7.179886342876519,12.99247867864307,16.68687773623722,7.07392070374182,10.351319366868942,18.721576249315333,9.640387308995207,13.277154179910381,4.956334822619041,14.222521535031932,9.276905575157015
20220128,Wind,127.04977698885452,15.826627996116407,9.871331025803762,14.352753586002557,9.895929553360293,14.103321134783464,5.025431620191339,7.658494286713143,10.050076700183952,11.413899383735936,12.453240218701598,13.419261908127801,15.56596213617613,16.366369132599992,15.684474984567986,12.701331291392263,6.809903706590616,9.40628756572258,12.385217827657648,16.884491315065905,9.968737794033451,7.772171342290005,17.44562739169691,7.774950260171651,4.43256637920358
20220129,Solar,80.92254705602808,16.461468734423537,10.237897085763938,13.214656662113219,12.111698010656767,12.616162261046886,6.618846290940231,8.33265674480925,14.253166970086971,13.325133083607934,11.004317772804567,8.788876173193891,16.19695443524762,8.039303951816319,12.971683043684946,7.262878600364421,16.073662586621687,11.347188498419372,8.45235190712736,17.471935011103984,17.63698288425383,11.755032192161451,0.0,11.447784521057313,8.404564536709684
20220129,Wind,69.4141467190573,3.020548827681905,5.066131909132365,9.359154148667532,2.7318305064085244,6.6068050366620685,18.761365950417773,11.34819743769167,2.5108698516906713,3.8808753105462124,9.128959268290608,13.520077013333871,12.797706294740063,16.880130063698882,5.878775236059496,4.259562453529785,5.423644969052931,16.12835047390745,3.4546263767128718,6.872517701339708,15.351721996741967,16.544958046686258,12.990965586590976,8.256877735252,13.496835636085601
20220130,Solar,253.04132819513293,,,,,,,,,,,,,,,,,,,,,,,,
20220130,Wind,123.54876746806111,14.09454153173642,15.482968945910617,13.888202189879712,5.870338227043632,9.178395315345988,7.373690502598073,9.814307775278074,13.410206713479978,1.0297198839047672,15.85595210386246,1.5887395173860441,5.06134259645164,10.368910853764167,16.647062634781207,24.85467601863838,8.391780170259478,15.550638921720344,9.827255362048803,8.041890632088053,15.351965441532082,0.6449078596010993,13.459804966628441,10.831747709476366,4.7444983147971
20220131,Solar,140.71316182907506,17.767974052249137,10.0041066838973,13.88001429967363,15.069205805340708,14.376216087883593,0.0,1.9437318609891518,1.488879694524925,8.717330177797734,7.840763280914792,2.730339973323268,8.957764292276133,13.859136081993483,17.465098021444415,12.27713148598729,3.959975341258178,18.863226293749204,6.8982128144983745,10.605155151136302,9.150322431107343,12.776824671177476,15.47780831533687,14.91949048688035,17.003459519877612
20220131,Wind,94.36179608394728,11.925540160631897,10.145918790277063,15.841162995097308,7.251457989216447,19.804813117108573,8.97077481810639,12.380412448891024,14.058839205166384,8.381597872596153,16.73337963418021,7.486168394146201,8.195523819062018,5.470142325825597,3.155952817716999,19.202914551726117,12.021268455969896,7.073177069319403,0.36089909620945715,18.758886941695042,4.746996343683182,4.2300578090236085,8.941838182986015,9.730828294179465,5.878394575935099
20220201,Solar,197.4169639664594,9.778699398607117,11.037641389317113,12.755484916549193,11.641101659904937,10.753994453170499,4.93367845704364,21.168610189815844,12.249090781159566,8.854314747424539,10.910680970001025,1.9373825611356021,11.649977787230736,18.3716640785623,16.58098369607671,5.834448690955875,13.380780898459994,13.556149333805665,6.009388658250986,10.700291070775961,16.520837087539707,5.375108368747768,16.26507777076663,9.717024189247722,0.0
20220201,Wind,110.92200703877076,15.726083432858294,3.81808935796772,12.983028067960273,6.499898535322117,8.594373854657745,7.53032014255273,6.802342554181688,13.709598698526802,8.439697718043924,8.160595917086903,17.751862825269782,2.929666962674075,8.04825108514373,16.198239641682296,16.241592216778756,14.648535916797902,13.756105097636123,3.4971430507840884,1.4003801374786995,6.452469226116425,12.459398445109386,6.5460229196892685,11.56749242245754,10.855900732872875
20220202,Solar,125.4368486169339,13.494518957508827,13.124602320511785,7.7688331660777665,17.98849662980458,15.257780919052065,4.727954761270409,9.156283308541441,7.653551736201481,7.525364397168057,6.073653773454542,9.58584418625293,7.313546521741067,12.545449754803693,10.893065987161023,7.615946566273409,8.44190618769885,11.279547352773204,13.741981377559133,8.134452172574289,7.450198904558896,5.1521796383269445,6.965447513843749,14.392957192446296,9.62623583799623
20220202,Wind,164.97602097080804,21.224492070743633,3.7240094254208467,7.094252444640493,1.496215317327072,16.98326582967171,1.9523096151048824,9.402609119636258,12.549192183567257,8.671089108025575,9.227376350336252,14.596362903665463,12.020079450582037,6.609726937077483,9.546199635703099,9.85525778607318,16.901685277943987,14.464012853950445,2.5786373237557845,6.727342904903627,8.093361067169516,4.450972317477176,20.345004334482216,2.9597782132899386,10.740673991789603
20220203,Solar,96.79770363772138,14.79353922480914,5.301922093604867,13.903153371757472,12.379201884219833,5.5837123030397535,19.416021841654505,14.932342969955013,4.138562149246065,11.19068845888425,12.516828352757802,13.935341777546219,6.489425902003314,17.458069248862937,7.247821742353304,8.568181069430034,5.361604838162583,10.437736439925139,17.101998124416404,18.94908789478754,20.184935053127646,9.982523965288225,10.884084055840363,11.219555382781934,10.286933514526277
20220203,Wind,141.07088652428874,10.767739882119576,4.753926154964176,7.129074659918125,3.613711657800337,7.735214552309624,6.581658980282908,12.027861845259006,7.927475287668403,11.331286036938744,8.114935208030026,10.032085708784894,5.421951231081495,11.51679855142993,3.7329807221759514,5.602819746218065,10.67050845304828,13.353981163514272,20.79858483909765,5.934428703785029,5.240183319677142,6.9328974944850845,14.758755389810487,3.3445462596961617,16.364575173597686
20220204,Solar,220.1104794751635,4.129478098119144,9.123875166847274,9.89649498441569,7.4533367475757455,13.37711635920631,17.063339016295835,14.601730051759644,10.181694701387666,10.575996723498163,14.251677764902203,27.682658274366826,6.042924722597394,20.486399503136376,11.694715479696384,5.678821586276337,9.308207604256094,2.917710979357626,6.297066758213513,7.964076111513115,6.9868231273525,1.851207779059999,12.480656332648277,16.546053522433294,6.48469101995897
20220204,Wind,171.41271987584315,7.095414114029408,8.237736482310714,16.895116204856453,11.030933518422524,9.339839947926404,8.893145450765713,7.468823323988135,5.506252877215451,7.132012881767621,7.86520581785816,24.638226179344155,8.63795310450494,15.895360056423765,9.149716456352605,9.804463486943563,19.863130510972496,10.010619495043473,6.931136025287392,8.137073238545495,8.288512266616923,12.776926242964551,13.616599489513145,11.693731415741224,9.530970955703804
20220205,Solar,156.52711462141792,2.8202251098599196,9.993874808458727,16.102851461725443,11.27678515658419,5.2283399350660655,4.34597897723778,12.167845024098982,11.090534340171306,15.401683241273913,9.376077088044338,16.9594623936841,0.0,14.185164468462197,12.174602426394127,7.064600984837678,16.038982910729505,13.541765286358004,14.718808768387298,17.998032587493864,12.636057196033013,14.927100181021107,0.0,16.132930290713073,7.836560288295769
20220205,Wind,160.74323547319327,8.924689819695685,5.473719201117784,11.508944153985919,11.146334205477066,12.703474139476974,12.545341949645014,0.0,4.278963856033672,17.626775418291,3.566527987542516,5.474056971041101,6.269204936693988,5.224414786353571,12.294053600896614,10.633601161711125,10.160781586053684,15.14207945373625,15.420042980544276,14.801894898724786,9.65252100823093,14.523523659567449,11.881546792400885,1.6758179103407678,13.381813164588586
20220206,Solar,130.5432452011718,14.630337966164227,15.027476601531891,8.51930210083145,10.758745704877501,13.357448578533862,8.044715715335354,13.337312859945147,11.343254049175055,3.557928424773741,12.797384184021807,17.164834313006146,14.763766058384572,10.419270569751781,22.589508969279102,5.8108534392427185,10.99222705636128,5.695873173117402,7.537893067794068,12.839886226011329,6.6634325503210965,5.508423785170326,10.078865751902176,9.155598396735213,13.887715288909813
20220206,Wind,249.8076159877463,9.981644557597422,14.170137843631654,9.383105448282477,6.790778690632787,8.328071220515124,8.964494471683764,3.9110364560236857,18.709251521936395,10.8213457797496,8.664121532152176,1.2573377927244378,11.619392902032688,8.416613413767141,15.983418371698285,13.537304438442478,17.677887533681886,9.590955272019055,7.8012705876469886,11.164474169713685,13.118963500292725,12.054505331255527,14.866521481217482,14.351784723111948,11.862017738183795
20220207,Solar,109.39214347329663,15.108626343800363,9.130932435541398,14.338300705278074,9.179733384555945,10.306743826656184,10.724529671698841,8.362030592500373,3.7166718069132076,7.659290337377538,17.894352536679452,16.983732090075673,12.100192891150101,10.131136292196041,12.73458324335075,7.7001829098396595,6.242064635544592,4.684077824753717,7.842018104591445,11.075405281481354,16.78249811998243,7.529608463780314,6.021467944715246,17.020683297973292,20.769012929127847
20220207,Wind,160.5463080981965,11.687868667195067,7.60816641706031,9.817503612769173,10.158170080894575,7.117134655269403,5.938935821256554,13.726255543221024,9.887199418620373,14.627990264474997,13.524050086341418,0.0,0.8615441704306703,10.73860389000913,0.0,18.18466930439369,0.0,8.060818449413702,5.741548153414039,10.38074159538224,1.8842405532216888,3.662515174547456,15.966320468495299,11.7522215832085,12.766523056053389
20220208,Solar,155.75127831714036,7.984538551229951,7.103212533274003,7.208588034948679,10.976801983794415,4.523812870440137,1.8943182293982042,2.3195508369004614,1.910194709774261,9.93702899395746,10.422498868638229,8.40521731931443,7.929005109720622,5.496512650506715,11.961547084437528,9.746875401594163,5.161740835443409,11.579704426509318,14.557493078632994,20.27648828748298,6.592338299708953,6.263360678254616,3.967981149541706,7.861858327496124,16.274995173693707
20220208,Wind,200.43812535665677,,,,,,,,,,,,,,,,,,,,,,,,
20220209,Solar,205.158696939682,12.36048345527548,2.998773856244117,10.908000695646406,13.647952104922274,10.369661750879533,14.819588513169178,9.37847594355638,13.509745858697231,12.47483911695722,12.025544247110535,11.925999890920993,12.321808049064702,9.518055845021603,7.865198047417438,18.01767537304162,16.803805045959635,14.518843946184791,6.373293173396274,0.0,3.835849336709627,4.713504677944654,2.108536668062416,4.78928330295025,6.5089487648162265
20220209,Wind,148.39905977564646,10.69611699231808,5.201963438940797,7.1137208950412685,10.466934850754711,2.624553892653517,5.4920437054412234,17.265577431436192,7.846856991049328,8.51230520734872,15.041300604273856,2.607124987494489,15.554277589477419,4.948857955564243,20.953405021056362,7.5236010766731125,15.17887006071127,11.11380962225672,10.3230728034436,12.215104998206678,9.225534506501333,2.6664641309705592,4.597211888087181,17.31390024601118,19.901683874647674
20220210,Solar,164.53332465565248,10.753421144259569,14.300601959924833,12.394700944663155,11.006629838108067,7.879935343739206,10.769811331328176,5.4857792048210685,13.712050693842318,18.38740538699,5.688142501713617,10.851493414675474,14.77362957900106,14.002085916510966,12.71932197917076,7.96547092082419,9.78069844747098,6.745514753240284,8.108384553884122,17.013630192457356,16.35366376596994,11.014537992145836,10.034737263763205,13.256501204103024,3.2303580817726028
20220210,Wind,166.42673769569743,6.154749462066468,11.509062430379343,14.85609206596254,8.086738258442415,10.439150652963693,17.527535742745986,0.9360613782652583,11.779416793383787,12.548698641582753,12.305944291205588,11.928119566537317,7.073125165135358,11.112426066381731,11.472774895540967,6.495131009509094,12.332901438620354,9.3032908694394,22.5174536568247,10.927766191409628,13.113273900827132,11.457481642752315,16.842032320839067,9.10355208542841,13.83924737901324
20220211,Solar,36.392917221469645,7.83511867378892,18.171372429882656,4.961634676061197,4.7377903669278885,15.973299550624336,9.551175563630764,9.855266423309809,9.677408643300039,14.658037474874149,12.513609303015048,11.023927233924358,7.187588977209785,14.06626604959064,5.046150880229451,11.022168549713966,6.455481230134021,22.685951149491242,8.755993729136797,0.09957822125495341,12.605028957173305,1.5513780132049848,10.17485689486646,12.719680847346236,16.43344476516928
20220211,Wind,70.55051987611122,,,,,,,,,,,,,,,,,,,,,,,,
20220212,Solar,119.74681546390147,16.142332452117714,8.192433864465663,8.76658316205794,16.03723021981469,3.7704882494538894,10.27606176800193,13.354684694051107,13.427441092487689,9.385721692070314,17.53312732044847,14.275407247090186,8.199647088565282,1.431872555607363,5.846868256990718,13.883325087023348,16.06541751117647,3.961279575495605,12.173515337072054,4.675575497340299,11.624626031660787,6.96119294664758,0.0,8.493281262607491,2.023370103506983
20220212,Wind,121.92006618115656,2.6307955159514207,7.96050537728176,12.261435828917383,12.219306153652065,8.951699936511355,6.588277870534702,4.32255932036382,11.520668642257473,14.058124297820024,4.198338711476425,15.72455793662982,4.5870264945647365,5.833474220403757,7.178131785710412,9.767107268242999,10.267752795916884,10.875751467933076,9.246765446170096,3.5818654331671853,8.313819953336617,4.6530036242147546,13.368006832667163,6.222922600672498,8.24595486970394
20220213,Solar,90.03587890179338,0.0,8.404177583909156,13.16004161429929,5.91253029392604,7.1671534795495475,5.033227407833119,1.876834649400445,2.359797959953225,13.555911341297929,3.505188177004487,9.229049659937452,8.964340709984782,18.266056574842803,0.5946149760796149,14.194452379637308,9.631973390766639,13.533979210954104,12.201306865805243,5.111130321320573,14.824333564361387,1.0483835400194441,6.713066917079466,6.310407487068205,13.11097017286716
20220213,Wind,187.4791285686815,10.380962107243612,6.700229934267011,7.242630443602573,14.073700129093021,12.760892775286818,5.053688153394628,8.438380130492176,5.177372033583405,3.756657338336865,0.0,17.598274169873854,16.746798946429095,13.925445503766298,14.480769225596255,13.630924800937253,13.50753591752519,14.317751868162931,11.052451318238502,1.9567247594923598,7.620837946140604,5.995662533746822,7.381468506785165,11.90341273467344,13.710068257124224
20220214,Solar,150.10592105087363,14.467364472129951,11.354941073436,2.536244120469875,8.324414661030216,8.310473368188854,11.840915985036366,12.582219952377953,0.0,10.638162982414094,12.36927969913399,9.218696361167094,5.475644115799485,1.891803824093029,12.938325794240539,7.437586742219012,9.714127219561805,11.440749048622454,22.43386169631401,11.016689286310106,9.192431835569417,9.303895661686814,15.383263560747842,15.237687535274095,9.954957471351817
20220214,Wind,139.26527263065813,7.400290812888964,10.145520335742056,15.158993772997004,13.573269902401437,0.0,13.78936180966372,12.328933910531601,3.171865968581203,12.369189727832131,1.7846728654265998,7.550928223633119,7.85560070113153,12.350055162642434,10.051010637767305,6.315133250197106,0.8930981796556947,2.402506324738074,9.51454301722782,6.760807222925412,1.7205065654896046,14.978986409651807,9.325579340075992,8.317984743927632,6.5194587174292
20220215,Solar,87.19223627463066,15.10829364098969,7.450427490808638,4.400273647113936,8.156020675519194,28.458122505989024,14.02541119218926,17.860631682360722,8.433118694898132,9.348496875016513,7.41540256821512,16.784550137114355,5.682445504287086,5.8404253935963215,13.70122463268578,8.358198869619423,17.666317062009483,8.902042374451446,0.0,3.3475286162715134,7.611177923875464,9.47353220062666,8.506812887633204,6.035812831211118,8.632569106033174
20220215,Wind,147.77275678776058,10.29827282503542,16.255744565094513,11.355921025219386,11.766532199136849,10.711816457954649,8.107285731222687,8.132723992912915,4.720721798261537,11.89463782841663,14.189341937366075,16.602115114886143,14.78197164362835,0.0,13.229950208665027,10.044340863185086,15.843193833478654,1.1712564594553054,20.945203962892084,21.899393020128514,10.393132825983228,8.425647965774608,10.807789045827143,14.762279543449237,6.908841694607528
20220216,Solar,18.665762200069413,9.184693601365126,19.482914612431536,9.340095506346588,7.407513316878266,10.445957551542895,15.466542704653232,0.7755178088765557,5.841667019731565,9.560028760771521,10.960264548464476,6.899455996509019,11.439270317248331,18.286045009409918,8.172416368405775,11.670110052201446,11.860020666480334,11.974723513248007,7.451793797704383,7.343084610058178,10.132080778682633,12.902470226445914,17.409749462827186,10.395192423099475,3.7863790781831144
20220216,Wind,141.85218445970796,13.780575880875908,15.832886027867003,10.812219526020378,7.5347375176483276,2.29295014001484,11.536819097552133,15.983332191421177,16.952850787878887,0.0,6.881513696938696,6.173745521803664,14.629401221802409,10.376629089734555,6.075814123534101,12.225656668272823,7.901972102594742,12.278985301872694,10.432330294563068,10.258600684456958,14.6191604738409,10.700467037564223,11.270068679124396,0.0,8.504624415262422
20220217,Solar,153.1591834403878,7.340621035488655,12.790620065416974,18.25616985853429,2.168673164521302,2.6771536701919407,10.353711108955096,10.97597657055377,15.144066620190332,3.445542800139169,2.0466024458776744,18.821924500713145,17.825094407776625,11.084891904901893,1.4236386749364383,9.840365569363495,10.049085711871175,9.368557024234118,7.281116150271987,17.770149851601904,7.810633007983873,2.4746775478336547,0.0,6.4736660673785344,19.2464814035111
20220217,Wind,162.09574921607492,8.566468390981735,13.80884863131887,25.191408068109137,12.560374095805798,9.540255211634838,0.0,11.410939552504555,6.52665906119699,14.874922170964094,9.46193557294249,9.48669019287593,2.439491105113637,3.716144412473219,9.111618292488151,6.594102961330401,0.0,4.085090698444675,7.0054190544480415,13.387464443621836,8.01221316265706,7.8163782999237785,5.910223361307247,12.342835359388438,8.605655138624565
20220218,Solar,71.794911826036,13.350836310652316,19.282077589131674,1.8328129430069573,11.850848174101685,11.6808566615582,5.9129519419680845,13.83545196053292,13.96768817201258,8.778098747888343,14.276376318265273,10.016428672080423,6.204243138202342,4.234312518344058,3.459253493648391,7.066879988011872,4.463049185900729,5.905260383037978,4.4066906359594595,19.54227890579147,7.294179260794052,7.124963608183923,8.577455847106096,6.051333422790699,2.4360750980834576
20220218,Wind,161.24083683457374,9.843020314669879,13.801596578797119,14.919530776664619,12.132213581304713,13.51057069588376,2.394510488813623,16.318217951843305,16.074364264520874,10.948454976212158,13.504182233763464,8.73876281326032,7.832390416035573,2.0418140230000468,10.81334049647354,12.591768560817155,18.835491605903204,1.8840265028835068,0.0,6.519433258529686,11.206803891113784,9.250301270989151,14.317195770112578,10.255940683198768,8.206620284802733
20220219,Solar,97.92843650677287,19.54388136688868,7.074070737003576,9.21876113661177,11.376652805659056,11.187188286591303,13.135367535320547,9.884900079248988,13.092742457928779,9.981715985044017,18.9339041795376,16.608054186220095,10.344191798119734,17.08488040846798,9.1979131477904,6.749082776535616,12.586348006449274,9.742860222154171,6.412547965028772,15.23714148364707,17.731516755985098,7.62348200146455,3.7869800721581335,3.7787827128440856,18.640198175049107
20220219,Wind,109.3765083853833,13.469127064280093,11.961362633252742,15.239272568562761,6.188749833383484,4.070288984159328,10.475166659650164,15.882758166640347,11.494637415209477,5.8735085058568055,6.732707133348469,20.72085748761227,12.529488038995298,1.7833567783137716,7.989846034992116,12.801172426368895,0.2565039599566299,25.841199937813055,12.571241771853408,12.452691629444956,0.0,5.967638777699812,10.744164596228616,7.942766549632284,2.0353578149613663
20220220,Solar,185.89656929113323,13.144069141663808,13.131221330316588,14.786315380895818,14.8294963224679,0.0,4.640068068074456,12.760681320708924,15.491615388592024,7.664607640884707,3.4148315314288737,10.349933146480437,7.542731862246649,18.083924841603803,15.232580796742583,12.964802610230677,5.861394756932904,9.489558489941652,1.7679136916278027,14.97518617558764,7.561638494231477,17.32438520063835,9.590822356654897,4.565479098697166,9.995306979737313
20220220,Wind,250.7056861679872,9.75247676967466,5.026413629820401,17.048724035990816,14.96389650046135,9.498888253108975,11.521812792338308,6.722088043460005,13.847589899787064,11.644747384190836,11.54975489422211,22.088610283755756,6.540292356892486,5.066181225833103,5.068178989936509,17.66958294659289,0.3735537196672156,7.899357753740849,12.526717542510093,14.221865924775468,8.24508454069335,9.77393838386966,15.082654712799263,3.8416260173174175,13.68870465361694
20220221,Solar,152.567937940134,14.37377338354803,8.575345906784111,11.424824575813485,6.058812674147086,7.33012664695436,2.8825381689682628,8.833807639157444,3.9345286822129455,12.154980678485899,11.05710614270021,7.2274622539074365,14.783297161109093,3.86060373280087,0.7600876429906778,7.595731223520397,6.097706583908077,11.084543070458665,21.598736708286044,6.140180160037861,0.0,12.384295768204499,5.015367493704888,6.206790923887759,4.295224323377531
20220221,Wind,109.14522706798839,8.386961135991768,15.50195912027733,5.552117575224881,12.66061995674979,3.6871413794385752,4.781184508662078,13.083720116992529,9.055338730305166,20.94204735240158,9.975701936080414,8.585989817855252,12.730487601624787,9.72313831513441,8.873034764714106,8.37422985990216,9.17418239055649,4.247755599560693,11.433978527591428,24.117134514549015,9.379664138893935,9.41324956938555,10.836404470556252,14.363168820146242,10.953973480842972
20220222,Solar,159.43352237549993,11.411888755997575,0.882536324752069,14.638247443548101,14.374955926839885,14.14029112052813,6.448893345675298,6.455876178780523,7.239654594702267,7.611289106111939,6.268009951179278,13.365437967600885,11.579408906746183,6.578953141586682,6.300283832549136,0.0,18.008024233015902,4.420541785313433,3.052624194432684,0.0,8.233437057485224,14.076082003983181,17.66555482227816,12.08469424669626,5.433678494995387
20220222,Wind,196.9514578749573,5.418534764977199,3.7478572747970293,10.589987880720322,7.649508633281393,2.1221162541000584,12.700681609224326,14.432295510682263,15.762367419635396,18.35319579162946,0.0,5.915046351083309,0.0,10.486477692030379,10.607845806100203,5.284635624786324,13.925550293808014,6.905374421233478,12.012565694477878,5.678819269096394,7.80567024611716,9.545764867499248,14.49471569310326,20.25911503559238,3.8712194267169995
20220223,Solar,181.04987829363677,15.197206961152958,9.117964731858361,8.830783924329337,8.51982155377824,13.084844197282914,16.997208396019516,10.790917504236033,7.097889746072872,5.697925585497318,4.966933689241598,13.301061597246477,16.03338249234528,5.614217363032598,5.4320197475052705,5.219354885416811,8.489270120080011,14.425105843892648,14.788057132976569,13.405652488020937,4.483219126724957,14.861846970323912,12.996403337582887,7.011189164203801,13.113339634171664
20220223,Wind,287.1556436231873,11.45302348630896,11.768397977528522,7.61888059647519,12.67056704105893,2.949310124912593,7.069957758280326,11.90809119549909,6.239075143450782,12.44300096872679,12.785342331475382,7.4075266001511935,10.91984570492994,8.432586251437835,12.102640109352926,12.528358472171211,8.734889239465755,11.66786076268767,16.521149122159773,11.45323855579622,9.563102373887338,0.0,8.447275631945445,15.095942091573175,19.11527328706479
20220224,Solar,114.23312154526667,19.91256531848938,3.211837775255465,15.031677845525646,2.448351152928494,10.670443427916656,16.612293208041386,17.202526617750763,15.133410372358197,10.889363097659174,11.419817992006287,2.27937209999056,9.190104080219333,6.208034131053327,5.135596717936653,19.036894513230276,5.997334066984744,9.203307431019699,10.938496060231326,10.66956063342713,4.16776620686588,10.498447242931626,10.7569347620922,19.29104418553513,8.064829157267749
20220224,Wind,162.6115739959649,21.96149191834879,9.366053741670294,18.016847460036885,4.5574138923300005,14.669871610093109,10.237017753057302,11.78283438788099,11.298355079658851,9.370672244124071,14.826320002930295,1.2874848910475112,5.903336791624168,14.306128617331565,5.081488381201881,12.90378991987846,15.451598634203629,13.744326346746684,13.02219577397922,13.57780520566086,5.78973003304304,11.305461888094257,9.435995796174746,15.58979631343691,12.903769559625369
20220225,Solar,227.44589767091017,13.816597257165737,15.768842695442833,4.023237206501829,5.051124960652192,8.310333421988629,11.180690804626115,10.357059269576569,20.558911753158206,9.97170774068647,11.72590954516231,8.381048378093308,6.835428069721584,12.563114956952374,13.082174139351308,14.9539596507976,16.047712037552103,18.54309391623026,14.251045643058362,5.786122406513445,9.002790579113105,11.523176951755458,14.282843314822133,15.678529590248777,12.418714703388332
20220225,Wind,224.3079618509266,10.342126556039517,10.343257285371418,13.109761212394652,1.018418175872523,18.449599172534107,9.68097721136278,9.587057684459385,5.688792385967723,6.8869250404705475,13.680086212916509,12.088058479155974,5.545429552210266,11.23859610719518,9.767740000793468,6.443348980149587,3.308652872076505,13.680851720974871,13.011337114404938,14.199569716619587,15.107993177915791,4.580935014821293,12.63227789437346,10.6040012887151,10.869978752793813
20220226,Solar,52.49610367378097,5.269677439372156,14.695444718155652,8.138064072886774,15.424698870937402,19.58943162796752,9.013431233069673,9.32671520109629,7.405820352670003,14.51952277731923,13.823660105053763,3.1940512732077444,0.01212562570578557,15.267737114505861,4.064663462275262,4.010126850939732,1.396728168083351,4.91030481364859,11.591747875977509,9.35403758110437,12.05166245222433,6.386616622340401,6.862375020943575,11.157464580297297,6.5563171901325425
20220226,Wind,149.83211899800094,14.523749016294122,7.039429393324983,2.663638009039432,0.05934092904166466,11.185875000098276,12.196500183694624,11.561496821018034,15.609838687139128,5.786924797055458,10.102375851642497,10.892957112478378,5.912390995445725,11.315897621606615,5.240921667997957,8.789892794435318,8.407417667555523,0.5832433885162958,6.805744407454574,17.004796388645506,13.069313124713538,4.783448520325958,18.727175042219823,5.394495914651046,4.933484862781652
20220227,Solar,224.226038292435,11.05142281947614,5.950415716054092,10.738529103815042,11.71555331715683,12.706926852951366,13.701605930910222,16.816614920582072,3.604498143694892,11.58762960157447,10.137493768664173,10.90710860030642,2.004810514584112,10.89399710964776,8.13592753923401,6.881228791287595,9.02043934885918,1.2781331434009446,14.772107418636129,8.476893375370011,19.808000299984407,12.435437966287619,16.021768996223997,0.0,6.014076038832164
20220227,Wind,294.5321495199569,,,,,,,,,,,,,,,,,,,,,,,,
20220228,Solar,185.1897941875409,18.648936937281217,11.84632767328095,2.111233860999012,8.532020227933664,12.722131862427448,9.053497652152469,6.562714306645184,3.9627230890771417,16.921015466938595,6.717079583189311,5.368765090954983,4.2461956647904096,6.418759259005458,8.560325218994128,11.091303396160786,1.6265016994385706,6.211012572704644,23.012402975468294,13.18732355245906,4.765878653834584,1.7806352060151298,8.280527021688043,5.202398961825397,7.903548656115098
20220228,Wind,131.60683531517583,5.877883556683266,4.072019961127705,6.091297638877328,6.658161876343774,12.186216087992719,18.346375486116326,16.425199475990148,13.05111781605517,14.858847344489886,6.932986369645035,11.201184620751569,13.649670445557987,6.429788222819342,8.73628204752816,4.070398404593462,6.42191260460687,14.091885491135784,6.800887534594163,14.525898252834779,7.186252021422454,11.025865613892774,9.207903069339919,7.874581679347554,4.254534932914535
20220301,Solar,99.5398423781305,5.3784791575933175,5.995795419186055,4.861130410430732,11.164212253683196,7.379652986119561,10.885943271592616,7.169265300707231,0.7847448676736102,12.86214723198862,9.455981359295043,9.2883208082446,1.6783965407403723,10.735604204227881,5.414675520357726,14.132403424163309,9.587985982900449,7.726095060381215,14.012907549334678,10.186862271543701,5.7145108680338215,5.676935164199357,14.081392896947028,5.8696146489714165,8.974198856415653
20220301,Wind,260.93716787654245,8.817870308146599,17.822906205287072,6.766565734683044,10.009165002972408,1.563219124111439,11.433469272145743,11.08047433176352,10.225649199941563,6.811340184250035,5.348305826784464,14.908716706157488,15.973724745989697,15.089533961505275,13.250191674247088,8.002794321645624,6.105994515063868,11.940266644009242,3.612443791533707,8.56740844938751,9.32137023399056,18.737872056681194,5.9544401028908345,11.620359866621488,6.821472325618801
20220302,Solar,186.43707932328795,14.106005748759117,5.3772239026534185,3.370579615231555,15.017524312082077,3.0495229337526153,15.836342694837136,7.041012675920672,3.152347553075855,6.071124238467927,14.687820068791138,3.535967399674975,14.183074483047543,12.851818719849721,4.8980877538179275,9.773807682723088,14.289304700968943,13.505393355693817,7.616330651549657,6.124952092170886,7.9430317264371695,12.813085382711655,6.654058624085673,9.00196949761875,12.784806903833392
20220302,Wind,107.59665365572913,,,,,,,,,,,,,,,,,,,,,,,,
20220303,Solar,139.84218168331094,5.5215574415211375,7.609066513831502,6.433754359580137,5.406462619259361,11.612294789025002,9.83019689049374,10.991125966459808,4.6418474360224256,3.8286721528662726,15.512163208086097,3.6407845834425734,9.528664261234482,4.4692193538171345,8.907579159946074,7.66642752475942,7.306798026222147,14.113879826075511,3.1636734029187705,0.5134149345301708,14.620127965991454,9.325496831628937,12.793363878589329,6.3840570657260525,14.218754027760095
20220303,Wind,165.5093258414352,13.782764503512412,9.984120716164343,11.878069385728287,12.807884419580278,8.771582593043343,14.084224482992898,15.575839470130253,5.85571495509579,9.992979809278284,5.1942248236869055,8.814630048506212,5.728110809024358,12.614159312833335,6.701707713751003,16.327744118034143,14.445994994624144,6.701333396343897,7.127954989115571,11.544552557052445,14.977748387416428,16.48528272850755,0.25764487944106795,10.90287312509099,11.148604813269612
20220304,Solar,177.1903326944059,3.9939359055336854,11.472963104716861,12.967694931991577,10.2522372138723,16.316636295589547,16.194511156391712,9.689725741036376,12.677129781514363,6.36291648816739,6.9811010201342425,4.524600058156683,12.892996727538398,8.003962704746247,12.696827216636358,1.971095933460868,8.214132559459523,6.4899666163202046,11.801879117735767,11.91647266573494,10.897097889921096,10.285971196997298,13.287981233879684,9.044482443329743,7.516715282985988
20220304,Wind,105.0190671227105,5.811291628255712,0.0,11.300742883892209,13.760170795984335,6.252710135690852,0.0,2.59170718371886,6.995211855516308,15.996128172447996,6.600938234617274,5.413603834279373,18.999284115767548,10.878683132937518,10.172231290685428,16.41667498054404,5.349142347412503,14.105472816162788,8.762972664549558,19.370082222089195,4.990258922271911,1.0568842084288432,2.62864184294771,8.528888196863411,9.182905871785099
20220305,Solar,119.29047909372537,9.422713414054053,2.6864133228635048,8.822777710632456,11.310099881198312,12.915541337065939,6.316656045523134,10.545352915252076,13.499766785096005,7.105192042197856,7.51882995332095,9.980769252806956,15.905320055534101,12.760074349143629,13.799463483632822,8.264729944548163,6.438795456297427,13.160471164816563,15.964836849973384,6.696715765468858,10.607808448480561,17.586625836687883,6.826878365608727,9.614971701553499,9.324445442884011
20220305,Wind,67.353271881352,7.232843770123901,10.431665093935813,8.687862021538429,9.326314683793436,10.38596016780019,5.008173468253626,6.22024305677304,6.445549106671064,10.471279186858414,15.89318973020797,7.171868501766102,6.561359390263146,4.2189640007311935,0.0,14.603737234888102,13.843143886457101,12.300048332305238,5.342933766949867,10.938591038020071,6.940971415282318,14.064186134979273,8.175792174243915,17.60248326699696,10.830804408458958
20220306,Solar,201.9881144802391,14.449297443254673,6.378462181080598,5.814625062943173,8.488557784532478,12.300137505518013,9.380874483039761,0.0,6.060245216987224,8.676781157799141,8.364576860364952,17.333474167670555,10.573173074305148,10.787018577448952,12.584257141697028,11.006204706301526,6.7918804217973925,4.486123364655068,13.486617794234716,10.795314009859856,16.42892148745871,7.313194639916306,7.653585544675465,14.215436196483349,11.805096439753022
20220306,Wind,132.91907666148418,11.431892415005473,14.982906476373111,5.935026702950315,21.625275079377932,8.317950653530717,5.38663611703266,9.595581391382298,9.862206469597263,2.980712813079246,8.491721021960311,15.895823982161785,17.61131161951445,11.181311668333807,7.403614787638783,14.252483768394791,7.769715065275085,8.079649666025793,7.037125550758377,4.469742168692447,4.021622412763359,13.003570815807745,6.7532305759739595,7.718469898659653,7.748646893408665
20220307,Solar,173.31608245916462,18.827805888136304,1.9693955956593767,13.51801934039368,17.674731370157556,5.176528463548098,13.320527497549545,12.588420969440163,3.915347465199288,15.447204157901592,6.291016859197766,14.02376138826908,12.621353828691749,14.993173817633345,10.187921405789643,9.40794038808631,4.280839231147192,13.445168153709364,15.645885849365914,9.972463649762318,13.288038743593084,6.932596323353025,4.81112741943032,6.94622269632047,8.807371161127518
20220307,Wind,221.11292542881634,8.764073173227928,12.826275281289934,1.201487006747679,12.47752549047611,5.88564463430179,10.862051705244506,15.888527390659581,11.98183182333742,13.477410423224965,8.70103262959037,13.924777304474773,15.05056364944299,7.415622700147961,9.55914992222201,11.19218012262668,13.169645547012294,21.418626783925262,13.916843699088759,3.2922203080548575,13.182458036297685,6.7999974183941445,12.562078873591265,6.088270370585536,10.571778247445167
20220308,Solar,160.9935071186973,9.388989244796283,3.118893897978369,9.596375308435288,10.392319467242073,6.080578988698513,14.445950846770822,18.784273699810704,14.386492599348777,14.05261044461524,11.082242547467201,10.65131952232161,13.256142758787156,9.693928360815729,16.733080443188356,15.4895237858337,12.290800106359322,19.055820522840925,15.065018701450784,14.814823179165357,14.482233292013115,9.394275752382862,1.9345750064513767,10.578233511634215,0.0
20220308,Wind,144.3514762025466,16.051913045308815,8.239475029277857,8.382354692193996,12.690662746767172,9.985148438389222,14.76503978686784,13.254678386932548,12.764983199962188,12.974733301244768,8.924195634024874,16.523980134682258,10.38129119811877,10.849821410180585,0.6975181661562868,10.479244420084603,17.275138038257857,7.66035018890111,9.193161253992773,12.953650856059733,10.981475256607082,13.000013387921424,7.34156800318361,2.4191362481687326,12.764998618922519
20220309,Solar,159.69607384419675,9.545395984381022,4.67811117881018,12.995660506874462,14.13417358936454,2.2193240976302855,13.395430092079243,14.66783704302797,13.216404356891273,6.2025748250244,9.248541607396566,8.529786079133405,9.65267232625745,7.416070346819913,18.070472609037697,16.65039104190357,12.981505490964555,6.704437898307685,16.646784723743448,12.157847311931656,8.349485569238698,12.35227701168107,13.95543770141138,8.92237653214988,5.2314046713932765
20220309,Wind,153.15968019251136,17.47002623853773,19.512149402355988,2.8749400828882465,12.094133428522547,3.762856924889536,8.321047244449877,3.5771727496096672,0.37572390017333257,6.299755173816114,15.080151968022557,20.59685968238968,3.9454804895822315,7.324761227506592,13.532220489718046,11.760983683439074,12.064543348814807,18.64967312523514,1.70016471596672,6.815195915719437,21.965568012971644,14.69168936328771,11.987319256415434,11.91033486832288,8.554699616298231
20220310,Solar,212.30824989389723,12.704141051922457,3.302539185149821,10.062403527429698,6.243099383067209,10.677621487646011,10.521387693783115,18.10912900773127,7.6917612707047125,12.259938205965577,11.36824726270507,5.289042567618973,6.170926500298593,7.131787200217211,10.760682286210963,6.33640015338641,12.916402318048508,13.003468898966762,12.231430943757537,17.093823587496924,5.614699699427399,12.374081819666428,3.077115439228285,6.372730688117487,6.613185861275499
20220310,Wind,165.5419198769395,0.0,9.389701523154883,11.714921706795534,18.92255383862255,9.361624777930425,7.695630473400992,16.336800907857754,8.864674171781438,17.714597829921004,4.245575896307274,4.355872035711494,5.490975098972122,9.361384835039793,2.8323753246089254,8.225944445981039,8.720320561108398,7.660932081763118,10.6911228130503,4.5759924435517805,13.590539249976754,17.266671129392012,0.3521875964414123,10.20325307100163,13.742470960797984
20220311,Solar,122.77994902105436,15.88785207074732,1.3658192598992402,0.4763439068800257,11.231041138770095,10.951157671283493,3.176323430151048,8.164422575167384,17.272263358977995,11.929894489215995,9.573673796837037,3.025129160279514,8.243268130276995,18.73543609292305,1.639660966050659,14.440537861530947,10.550578510276468,10.633406500670342,14.169935839047618,10.250097779708915,10.09216043799709,18.621927750478786,4.553888265003034,11.327000894503945,15.123634029548676
20220311,Wind,202.3924528444875,14.563634065599043,17.99785061035295,4.628360135691314,20.069650151949073,9.774782328334457,14.768939235438575,13.408300626439216,7.093463058300199,14.892333384254863,7.30824909274976,3.89566680380066,10.497740110593467,9.539622869437503,7.1952664750829705,3.801097293534894,14.655958372498995,3.7532066346739414,9.621315170749744,4.1540386542554275,11.71446916765793,11.510794427800965,0.0,1.1890238606895132,9.438449131699414
20220312,Solar,211.52421781791762,14.756663030552724,12.006412080886026,9.541050765936044,10.93573743438667,22.594751034441067,9.579676863653514,12.90534091724305,0.0,7.370638338510433,12.605129787706755,1.8532208390185967,9.46032949684348,12.437699966303951,13.17551512054255,13.964400097334593,5.898918852367544,15.044947459305005,5.079750580242527,9.083956369371435,11.687702744808751,8.318023365952923,10.45838838622699,11.03214226915416,9.503118270430193
20220312,Wind,83.08346865897683,0.44510810727370953,10.684865447993339,12.570734538171523,8.771733239372331,10.633692169954367,2.486940179376936,17.351067552751967,4.98015246501587,15.489254549849909,10.514699036919664,11.070482626896121,11.079319031592918,10.157964429881225,9.96998692067573,8.171157909168006,18.508407572268666,16.99922258333013,4.54076661015546,16.355275798275173,4.5875516207803795,9.102727903182725,7.702490874872364,7.705681862605706,9.805474328561786
20220313,Solar,226.63919423840528,6.685050193644762,17.371564696458627,10.9124965555635,16.920700620232317,8.104601752563621,12.684747855438005,9.24446113920058,6.69403391306105,7.902658039326126,15.651554051684938,14.269109429344441,13.321176028566486,8.4623678243167,12.891200668102856,3.55140347178611,13.189919364155518,17.700394859529656,9.94095215486185,12.36203938315683,3.28863581500068,0.37268078186790454,8.087397534477764,19.237400601889597,9.921421440436374
20220313,Wind,168.23558866042427,7.056475832216151,10.73711220711306,12.802271264749036,11.505934790388835,10.505658926807548,8.88025541188626,6.268836811499942,0.0,11.200796356230997,6.299793586375133,10.170687055555574,7.922071622716104,9.879011489837968,2.6832180622162105,11.036281159009947,20.105814390413407,15.629097717689875,8.699417888763826,5.394880336955962,3.614024655489647,10.10319575626148,12.551967611557098,10.99055429093849,15.005031159812258
20220314,Solar,164.16349750732994,5.7943931621980385,11.097856780705387,4.603137436796726,10.667113172546447,15.099775212551648,0.0,7.550008151693281,14.843512603529373,8.169194523105931,9.037899188600951,3.0735454561093456,13.689983185879168,13.846728051550555,10.221998365538555,6.499048417417665,4.122723416031507,8.39801642429803,14.284623611293354,7.389635436791841,7.769874314982387,6.915330390189749,14.368112225315908,5.405477147265769,25.052047633597276
20220314,Wind,200.33123157982575,18.70961265946969,10.658626440325758,2.0562482513598654,3.998178971787029,9.751858053112676,3.1313536376766073,14.483979916819337,2.1520998390747073,14.44578086838447,4.6794292292817365,7.6516025864061845,15.690834420782528,9.732662821306032,15.476906875999022,7.141876649650315,4.122103990680466,14.470726547081718,14.769211347864635,8.102612315754971,11.241093375567619,6.475349967891144,11.191373427212138,0.9147454272877809,9.140163368736049
20220315,Solar,121.65118044978607,9.941160810881831,12.818171627215595,10.422529028783947,13.301089025679142,13.423641793181229,6.496944206694518,0.4006479492883308,12.230107741160442,14.5138099464257,9.790985333734058,14.207429751420552,12.075742828305156,9.195327353356227,17.259433851578176,6.871319002928974,11.860061075502971,17.303686939485722,10.239135391880335,5.828501405974818,6.563206724606326,9.810597992064595,8.885540092277484,9.752175724019619,12.842445564389157
20220315,Wind,197.70822570954618,9.817195286854147,7.537793080393688,3.853233808929426,7.533448085220458,11.980229822011081,11.05256029221943,0.0,4.538016371517326,2.616094599284154,2.3170949165660346,8.290356108181713,7.277361313548319,8.826133167775712,3.730163856262254,10.574465986838675,10.617807366185835,14.725450749236341,10.128337650132767,11.362944033862481,2.8180711973437047,0.0,6.487990177838471,16.530377382827428,5.766268118823816
20220316,Solar,131.16122651310724,12.760041551578894,8.928563463183337,5.673388369760984,7.761043954630129,8.547922115786779,13.940099925252804,14.471245034839894,17.53492183652539,16.626489171110897,11.607422829250298,6.008093183077259,14.733389440698039,5.032599298493623,8.240388133792313,8.050167622378593,7.71470657737641,14.26630844664503,15.323061872437332,20.919106142241578,14.59276118091228,9.105596967874352,8.245701157969169,6.974675776686967,6.223685057280291
20220316,Wind,76.25246601448309,,,,,,,,,,,,,,,,,,,,,,,,
20220317,Solar,100.11218604465328,0.0,11.386864757789409,10.945497783834256,12.195169173476513,17.99461057096038,13.014314774651513,10.092316681515888,7.604441727072862,8.22333658484355,10.775923690239651,7.886281297930326,13.094121456253777,7.765319645668164,6.868176219689504,15.062102261199776,8.6612473236328,5.47067609184611,8.979242787261306,19.649081536762026,12.398803686555494,2.322335120420087,14.62726452637741,13.701365499018065,16.697308082603936
20220317,Wind,178.35109164516135,6.768212314253183,9.428780429489372,7.1592754737229285,2.3231186321215502,11.215391475189822,9.828188141540105,3.4722668600577187,12.641272233283294,9.365992141683888,13.94067321847082,6.487186895228374,17.67585746976548,17.34704764841633,14.53884999434138,12.708440015836832,11.085627200019776,19.276625534291348,3.3862948843224325,9.981919373440864,6.242999647486942,16.77187155165047,3.0524115699166456,13.439245680746035,13.51788273093731
20220318,Solar,102.72658300026708,2.936057111043616,2.9973880448464385,6.509842476795182,8.945773286370963,5.069894879144647,18.611161552991085,1.4505511770235602,4.963497577396291,16.197148971200765,11.124012446478122,9.568134225777927,13.547213417340117,11.223529986947607,24.35737688680002,19.02654028233115,3.4575205648184513,9.816738429977345,14.39283341230171,11.61084491991835,16.087866108891365,12.214370760033905,4.360411247676971,9.979764326855527,8.07558487418673
20220318,Wind,230.50380615948245,12.001530465774097,17.490251422682977,13.104607784445824,14.90139495554689,8.402447864335624,13.49935621999943,6.827354582509071,12.877732369471005,10.333837276528579,3.6161123180804235,12.3818970133992,17.871355267448624,17.029426945895743,4.431427053346166,20.256742751269844,7.948104398979222,16.071014229694224,9.550933265318369,11.30431876335281,7.371975623466359,16.453494828626997,9.969254121946058,6.708750272974183,11.064656162931556
20220319,Solar,209.46417267198214,8.555537928329763,6.692729450246147,11.059854678249916,3.7716556532999626,0.0,11.11052684621145,11.808475496848407,7.591656875817538,9.980128449834528,7.220636122298526,8.58764343826997,9.257513998860178,9.000286548879378,12.123840369308617,8.54871869761081,11.912176438171123,22.390030382047573,15.684271509691916,1.5182370111349763,1.1971645038024326,12.17104633866398,0.0,8.70164132736364,13.82242061017078
20220319,Wind,216.67195830164826,10.076937822506343,14.936186192096285,3.927216788386545,10.864394804672926,10.6869935337644,12.832940528651802,7.071221436163974,7.026990766949695,19.484843669437065,9.59909214284878,10.924035981928336,7.842856430699951,6.33411212037167,11.477662375831912,4.236895627192823,13.938485456420628,14.542126068190163,3.964933953791708,12.273462655275207,9.802154853393562,11.804217126158552,11.426636307325051,4.650906499000815,15.980016294526823
20220320,Solar,156.2389289838706,0.0,10.878768258440427,0.2608813344952632,6.843002898645827,16.56031171891407,8.004824984221985,14.500501001210111,9.562156448580264,3.2285141929598646,8.359502649961874,12.36002574753968,15.744645346115902,15.21613844446622,11.584917901838761,8.554338669885983,8.568824087450427,15.874522303296928,7.542930910251022,0.0,5.798157095109423,17.610465783745955,15.282169552996793,5.286238734183992,12.042521087977068
20220320,Wind,162.893080864748,8.45073887654751,3.532747386350649,19.40900916320075,7.981534402671833,3.2929711593307296,9.71378199482523,5.2297032898985405,4.5516478200666395,6.0551843493313555,8.970209803225663,3.8509552426687077,5.071269642220536,7.194928919561071,16.664986180813106,10.591770337345988,5.9947421655993125,5.321937220163305,14.73037553162738,11.046110855783501,14.054221721293786,16.57727529220384,21.792038362546908,14.94862740370979,10.459782792974362
20220321,Solar,90.31440728778612,15.57565125916408,16.261377387653077,3.887603873412211,18.275761301949533,10.748663672540246,0.0,7.40327463420208,9.04554157706666,12.089114967779292,18.107262540760175,19.43020648557471,19.44204695152275,16.427684093401627,11.866464871063805,21.128855862076744,10.576084336015061,6.362976085697572,11.630950791516787,10.813937219732944,11.648687241130608,19.70811529542474,10.410349586523536,11.675633846938716,16.59492103491316
20220321,Wind,199.78917550787452,17.04724741551084,11.2727032319977,12.638482516500614,1.747554082274958,14.927159029346434,8.06626168761199,13.516005273421847,11.697425235613032,1.9022770306214976,10.501777230433799,6.29286196241379,16.50953690423374,12.893568749182679,0.0,8.125987490705608,8.96617373709327,16.324870459245076,4.084351233039108,2.325425476191827,6.854583984563761,9.379786054206656,14.29655141185706,11.438138934746009,4.482530624182932
20220322,Solar,168.99167275185428,13.594317097703499,16.67672678368521,17.55346466169087,13.828151690858082,15.45569316598242,18.799440078833868,8.115424917577169,0.0,8.134954082984683,11.911298082741588,12.582781248529237,10.438075108099799,17.322312561188816,2.8158770569910443,11.38965185233322,2.6747488984562526,7.252085035355088,14.61279602870385,10.323854554415062,4.986523479904882,6.026734670285213,10.109441588418678,6.413394317629656,0.39077696430039555
20220322,Wind,178.365281264613,3.322673532759406,9.087956496320405,10.737987844165778,7.610358656113937,16.399005861379155,10.74187638643548,8.363250198387018,15.456537647688,8.089171849623867,0.0,4.320078665598864,16.006368173519885,5.117641007744506,4.665295746263776,6.594193915167131,7.747452479186624,3.2931783927639646,3.476027762897563,8.535589030813581,4.512153630293239,4.2114522015771,18.09791832497762,15.986464153436739,16.28097607991492
20220323,Solar,234.4155905726441,16.29700901496062,13.520256149835271,6.997816617663977,7.361680074271663,0.6587308432724825,10.53369888680806,6.7825577317559365,14.079890650639495,14.808869101111577,13.730023261164337,10.550713068374948,13.311666641219514,14.782554406436132,6.257169651298532,8.266628546799792,7.051091558244071,1.6960605058077316,14.139801553784674,9.231564063977745,7.070459538309262,5.113103089113359,7.883861792277358,8.837816235062544,7.753796407220304
20220323,Wind,119.7018508026245,,,,,,,,,,,,,,,,,,,,,,,,
20220324,Solar,143.6929225061341,9.414054829677307,7.498920682031215,2.7999473183998482,13.769498186368178,2.472174074526974,11.789127078111887,11.77088676948105,0.0,1.5838637558533897,16.72827068142561,18.295496576855573,5.918544207322864,0.0,8.926460083507212,2.6863379868348525,6.331417548904066,8.853510432309768,16.057377614760455,7.05470962768524,9.281242621873401,23.631804045818335,13.018368249323766,15.824303912847787,19.5975046572451
20220324,Wind,166.3335460771084,0.0,3.635033338843642,11.88347424338193,9.04297691857992,5.008339317137644,6.067580978717026,12.418531473223126,14.209533128005974,6.534383291577253,7.799049080439014,8.83690497520737,11.428736314080531,14.479583491163032,0.883011367370945,16.80465333071896,7.257787867488576,14.989388593009528,10.564452127358614,10.378497863720126,14.735148863531073,17.54297259939576,11.942807642069456,6.386549443806784,19.269574992436986
20220325,Solar,103.22822972706466,14.767974753312584,8.126080749808041,17.254881614749923,8.411652931026739,14.10561129804253,10.118287560951618,11.135742187756414,13.822594542580275,6.549718579531996,21.405287118196078,16.4973477459718,10.797717903895705,9.967990317519483,1.9564886850092067,15.330985071913313,9.08911561542817,5.054377034921168,11.720255855474607,14.328315527857185,2.595622225430867,9.101883943357368,6.141759224459805,6.8233753837802755,0.0
20220325,Wind,140.62005893615802,,,,,,,,,,,,,,,,,,,,,,,,
20220326,Solar,174.64749052334847,11.730829105273905,6.977099561729271,7.221397689253179,9.148564371290997,13.631680371196868,10.91806085310142,8.992540500433137,2.865380982488409,4.512264051953264,11.532731382606997,19.260535091063723,11.510287536637371,10.460064956754994,2.2299324159733693,15.316912784540108,10.46405328407992,3.936928203820269,10.438377671753134,9.748740805957782,5.272875418167226,7.2330072866058,15.10604857083313,14.069579873513307,7.455417373893566
20220326,Wind,133.72893643135845,10.341969303183312,14.319210468193909,13.487405454055935,0.0,5.354416975991508,5.811250237980295,17.97967391710588,19.143211118717414,12.25823970985833,8.66281892106092,1.099503498598433,3.6564097571580536,10.107376078812425,14.95582126929523,3.4654684775517284,23.324477430868846,4.0701764078098615,10.414802674464642,13.245800204346756,13.285432380256086,7.544005086068497,11.256007503213826,11.71829976173596,6.737990831399741
20220327,Solar,215.4494704864556,17.691974922191392,5.7169367822499435,6.570263730476268,7.545879085113208,17.368015550814384,14.641473060168718,2.894583114502165,6.2249956659223615,6.529064653481281,8.53340565897361,12.410845911719855,7.273361771368862,17.48851734335629,8.647733984620114,9.133183947110759,3.6755437105940434,10.692284254296906,13.528305616842754,21.347964560229805,8.555639140619963,4.827869726800306,10.376472003404619,0.0,11.859942216304203
20220327,Wind,74.4537719091503,9.373165070012456,14.426183068249893,11.372414538142106,14.47720445474162,13.441669669205254,7.448796891143358,19.429456402143195,11.197382705091249,12.943109680018615,0.0,0.0,13.715318696344008,10.591467771842293,5.236480298208575,10.87131256305051,14.558430702225971,10.265697140285225,9.685158628249285,9.035973015575813,14.448394104850594,5.1608719854129985,14.45956099469933,16.39559593839468,6.866709412010591
20220328,Solar,206.1385620116671,9.92443204957026,16.548785829370182,10.209007250427563,2.466917679438457,14.446490596467298,5.876480454327275,10.498599230587734,11.258895109194185,9.985728780841516,13.937470159432285,9.709652650379722,0.8869220283662715,7.622498828611233,0.4121212086463488,16.330271170585497,9.609602161513635,12.89832386902563,17.311542091616847,1.4886323520504097,16.31905080896262,12.777011987456996,14.225768252026073,6.9500545013472035,13.74634555743658
20220328,Wind,183.05927374080022,17.89307695239315,15.067630675454929,7.9526597071097225,4.5503105007182265,4.5991661194243205,9.435840058442608,9.09936805011748,17.964655763986784,5.134624304948053,8.515008962637241,15.104962351907346,2.9432055315427794,9.558124421538533,4.93587981639445,10.987703671795149,3.028884908420366,4.121725028713116,6.319309615636537,5.5165623224176406,5.213870222721254,17.413404232609118,11.791172654580993,7.100416665739523,16.606648069592392
20220329,Solar,121.55857062217046,6.708888781249057,8.279054740851135,9.922309206317397,7.8660430230073715,15.857006201063092,11.826959095648567,14.766891694008386,10.62583649971872,16.941386513727483,9.059696560631437,17.22808439350277,8.136725767686098,10.788192767127486,13.03591330454567,12.723754471597848,8.108021697142608,11.765330597477126,14.303296043587475,13.012218316668385,14.171649031972796,15.205503837461057,13.177925524378889,8.999434768890517,8.989961510940418
20220329,Wind,103.77957158850009,14.071614257038885,0.0,18.815760573249896,6.371882906814291,8.419192116797985,3.9633400158007905,0.0,12.079206778372653,17.088633171415214,11.366688220692346,13.693122768016265,14.633576385180994,0.0,12.378320094450164,7.6501961588354686,2.4326335093322857,1.6092130875534383,12.820876525995072,17.56312136521401,16.94018697343964,17.288255368871923,7.374293739775945,4.010673472925825,11.794771367439271
20220330,Solar,45.98586913787741,9.00692138560768,12.910834983686739,13.02266472050478,9.86057258929196,6.943868649273046,7.393667013382067,16.901597872898755,9.614370612729587,11.451726576048898,7.927108828495444,8.547188952241193,8.91625954132846,12.455525815688588,8.737685475235196,11.319790119738004,10.413233876230297,0.0,16.16700204153522,5.271473454991287,15.16759354491179,13.919020530985213,12.66909549029831,16.09232694633481,7.709972739727998
20220330,Wind,110.2412493793083,4.987290189975353,9.37382642642348,15.462504021279893,4.5346162416062965,13.127317700228309,10.525811528467015,19.288629144741908,4.01700305644151,8.803968935779912,11.31913388601499,12.725644187957178,12.304663177344537,16.794522672310322,8.664806471478771,16.32180039827715,8.475057180560645,19.140106256473036,10.604607819733282,9.782900886262265,2.0302892367632452,9.828380718268596,2.153060269506797,10.86108204339327,12.340013685924793
20220331,Solar,202.35883275014984,10.005804933604363,5.108035299363233,5.406528195399695,8.060727380953136,12.916058873939695,16.691842747682635,15.439864337295496,0.0,4.7185359331261,16.015302547227915,22.581879281588108,10.024074752559283,9.755056058957416,1.1437397808272487,1.9174510711565595,6.5742317865016355,15.232770840302262,11.647121064619144,10.096430447993596,0.725336266328942,7.372355980914861,10.098802368893022,13.49690453015295,17.08608999802371
20220331,Wind,147.19571368606628,13.458525568039938,7.218604675647948,15.479680738037873,9.76002734200333,5.765905761213312,0.0,0.0,10.162899373969923,15.355566849362155,12.024066768475086,10.376893452963673,9.2957395597804,7.8962117062695185,6.119718478863101,15.680373152977594,4.699376754968789,9.981340651734962,11.590476200356873,6.155894542679613,7.75686886327957,12.884271200666623,13.736111835457567,6.127033979651782,12.049848066623646
20220401,Solar,208.14904401959208,16.768549199882557,17.172126582224006,13.195102377344925,13.244702081039856,20.2815050509626,13.07581601841619,13.820838989002413,2.938184547426107,14.113197675115662,9.23251431577622,14.805182178120472,6.731067181436586,11.938837593346955,12.777899171506512,8.950144953249044,15.083514756332926,0.0,3.920391899109518,17.67616670269612,7.946122053136514,1.6018524292391523,6.405854191277274,14.933086725034993,9.40466791756662
20220401,Wind,119.0064464687724,17.37346992672841,4.313298996949228,2.502019517203161,16.22394693049798,19.071752881948875,8.082172177969463,18.22999279009342,11.750886076569358,5.930020274934875,9.382524480586635,7.853238552424824,14.199128156569667,18.71773695469846,6.62592660258981,2.9702339557618904,9.201489976703138,7.709682299895549,11.96913409814739,15.82037811104124,14.214322754718191,6.9774157715835115,10.712119729551768,17.11843345365529,16.55242868929183
20220402,Solar,185.35530800532814,8.526179628872336,12.341545878106059,12.698953666855498,8.692264230732802,13.025175704058846,7.52694826552166,17.713743938678775,10.743750435920779,6.56593633159592,11.002967895388768,15.352139018529483,3.7286605812878415,12.345974310681916,18.117382024282204,8.664343528896415,11.047498797715301,12.24376023384363,26.34953368693471,11.72076669785041,5.161790178011131,6.061856997323879,11.50638893375381,3.6273837138880105,7.9654291401031525
20220402,Wind,114.12506989577892,5.063753839838932,11.089790878187019,7.433629316026614,19.44030120622913,12.15201711365844,6.594365199321208,2.9595537638680316,10.622168480236802,12.284602320878562,5.839248511698841,14.530279791725947,8.831714577950644,11.071868238249543,16.027827621822127,16.45040578521817,10.884337509833351,7.698881315413237,18.04585456814878,7.9004776590861026,12.078711931840353,16.220419260183427,5.546429894803053,4.375029221458268,8.08903422289564
20220403,Solar,101.72124968950806,8.406305502112604,8.21306167668384,2.270981618371919,9.08047709727738,11.648931131301481,8.18052208182872,15.08178415801503,4.735376902687673,4.122781263244164,11.039298506379591,6.947431666623277,15.730646690133632,8.047103756643429,7.731127897668966,7.588325082655725,10.540349388833254,17.806251067407963,6.100580976806352,14.781135869145999,4.583988470528839,3.1120824679345747,15.645421218654917,5.9739635326486,6.679181700363587
20220403,Wind,144.6436391414662,4.092346233349222,13.222663436565233,10.648878661638097,14.144375741282657,2.2500168699066423,13.104086004559973,18.97785201389574,15.182720381806833,6.871567881253044,13.422854462369674,13.886530608017951,6.1787705126344585,4.652517976400641,8.67316989358587,11.496698578193843,8.367264235631831,13.146152162421497,0.9973985896784854,12.569679975673461,11.725313655934208,14.647980483839895,11.601734095652247,14.623745647477996,2.156553400145733
20220404,Solar,116.75167443400018,8.913069002917474,18.161226294494327,12.69521295531305,19.657538673633894,10.564036939607314,7.316067644223624,10.147328593230096,12.373855486148074,4.797171675136842,10.437580480553805,14.123919461441698,2.2183132502049796,10.117037914703497,21.115376215526553,1.9340700902560815,17.588066344252773,5.38420159147475,10.26092075677683,7.814792760373718,7.714524269163715,11.937095600723211,1.6203202945909378,10.904990930412414,5.699748556836038
20220404,Wind,72.85889254813938,8.291673581901208,8.520142480569008,10.758040343222815,10.696542046179676,10.49770790947874,18.292960079068113,2.736493886051398,4.091501084677086,4.95832995182824,7.879335510333124,13.69971358134171,0.0,10.20788380310071,14.235974580651055,0.871668666442057,21.18160697023298,2.0208667825677153,15.416639215746358,14.85734125874133,11.79251856438373,11.998206731707826,10.453516145782192,9.668732161145943,10.275059969336372
20220405,Solar,140.88426496415033,13.637451020783827,8.784095259614494,9.454307075771224,3.132366892112323,7.119941568808094,13.119333921462022,14.14326296362467,20.34273791961132,6.399677529011493,8.564482400850377,9.794270291134936,13.331373029760128,0.3395136680687205,10.35137603186035,4.616304901583337,17.239497374896253,14.373176746337077,9.806759962684053,11.846164238349292,8.180868896073154,7.662345732528286,17.26884437821568,11.836328889012124,11.146007340638262
20220405,Wind,155.32177082156443,0.0,13.110324524951,8.34707330770834,10.454519286038156,8.453254139992078,10.989860625764353,15.26928984325875,8.946043412075959,14.530020772527713,13.260844201549345,16.145461289023643,13.668078058947222,6.366081769462368,10.928512874695096,15.064040048352428,10.107230500827063,14.205143712160528,19.445982905549357,1.6965397930297554,0.0,2.6838161581288733,9.980143734232996,19.660714730574796,5.161666433163323
20220406,Solar,213.41793057480336,6.331960269566801,14.591214107175007,22.33294004670778,6.941785558975447,0.0,9.169719410916883,9.303959178370487,3.328567496705963,1.2272675982981485,4.499118977081715,5.325373468916731,8.278848896890269,15.794306308804096,10.744461544752275,9.74584341107613,9.76254509005487,13.780319392464811,6.098758776225514,5.038868564598916,12.544851289141153,12.501363568314316,6.746713906720607,1.2713311139175532,7.448681720152003
20220406,Wind,196.840283856653,6.372408477790422,9.361463964256824,4.087153057356771,8.627839865137739,4.513635349375045,15.949271019140511,4.046382720680878,6.208240078690858,12.167421399894856,5.917714280768546,10.048740234407019,3.644858220448146,8.709652117766886,9.915132030182013,15.49848105940232,15.463787634508293,18.426736331092346,11.124863136302238,3.353051991917324,15.850188825600359,14.429406320022705,7.276817688194298,8.45032736324039,0.5372062803361388
20220407,Solar,210.99715996164156,15.935636262040127,8.473131319531758,14.364609911786017,19.924884412476075,14.60913145753645,16.680098433791574,14.909360420180818,2.455545692166965,11.289736664050988,1.9654949310962122,10.55701254308364,9.2695148035955,0.0,4.645112262931273,15.790568292688302,6.211843402922944,12.288349002935455,9.456876064916251,15.156002541913931,5.820809042695332,12.485756126344361,9.199406742835755,0.0,20.935587509728986
20220407,Wind,186.01787491967542,4.430778112994915,0.0,10.077114854444918,3.886182883880621,18.655984508196806,4.193089263728778,6.15595567189121,16.797134588434517,14.841718820424653,10.169993496699016,15.85686471213101,15.89047234180498,18.00587673702272,7.988418547454883,6.209242276256245,18.55157289206549,10.469105316154268,13.657069992988966,6.489257302522745,14.047649060617788,9.279842106010515,3.938088914016813,12.533096629240616,17.333681162315678
20220408,Solar,166.63063794749874,11.133286798244969,6.1099554381672325,5.72766746866484,11.502334111529294,5.283096573521145,6.49050947300455,11.986733632694353,15.402241634145938,11.285244935652496,14.309438378706114,5.167623865739984,3.653515418538201,5.542454611680405,2.819802405626616,17.83500508171368,13.957112687620613,13.82231996553566,13.999599123493276,13.135859587409394,6.9332049855863955,4.310395244158864,17.012180249169717,15.435051063308165,6.421095125098398
20220408,Wind,88.55275467640537,9.359357927901094,4.303441639662248,9.758004746857106,5.611393598391378,10.914243274879695,13.173151031960137,17.79083177506473,13.697397873681853,8.105803376669334,16.657409132287615,11.205475714542176,15.290872098361776,7.648663522964056,13.62405299141367,7.278102053259065,8.601342049836843,16.173916160496226,15.943174412296008,20.85936405632252,3.2504714924107727,6.8846426259739655,14.620324587222248,8.466685475562558,10.687652409149731
20220409,Solar,157.49360989676373,,,,,,,,,,,,,,,,,,,,,,,,
20220409,Wind,179.8396888665407,12.979159322552736,8.78048525699579,7.022547965965732,13.724211676022419,7.39892487052623,8.498297258453658,14.538819989846267,16.241710804081862,14.952058369547258,6.5476292890439085,10.547263340327751,4.315081699809263,6.289632751838684,13.877423832593665,14.797457511927297,13.134420517483056,10.15719767844933,16.288961437715976,7.90515444758956,9.080934327783597,6.0495180440822285,2.4822697715008624,2.320252653031779,15.122047760341719
20220410,Solar,222.8718974685218,10.606218659101897,8.584891972305359,9.76532837082197,11.590819717365115,13.381240886173078,6.287775701437485,8.967089848400997,8.790028937890309,12.484740421276465,11.25015482755825,11.961466755555088,10.546385048752606,0.15019715906815612,3.6278597128223233,10.325172577069964,7.86238962981896,14.841379772421742,11.724911404149344,6.2816185609031825,3.3979020605455625,5.1900223512408905,10.64272258115267,12.393275614193103,13.215333616747717
20220410,Wind,184.31442708659068,7.226665627059658,9.954718681885094,2.244414707004351,8.874838655192054,9.831051522099198,10.393063129832722,9.096733580077125,12.11331071739528,7.534321705918926,7.988438294079821,3.6078682966090634,14.738262668575521,11.087827649821977,17.11039631802343,10.333313548679982,15.171829593331871,10.480775708350789,16.79859870713488,8.468262656622073,16.748161489347385,2.7669531091921984,15.390606181735452,22.273367952772887,3.428791917815548
20220411,Solar,212.0191717302711,0.7382874844506193,5.649117649373,12.531912692440292,6.750998373676859,15.952009942126745,17.38346715372992,12.571582172664135,5.94054234808001,14.544558620833303,18.2382197611256,16.320302299363945,17.358213515265568,13.9842107737334,16.488550277610116,11.602303469842983,16.36414562079079,7.560387301758587,17.498229469515657,4.861191557297899,2.3458431004824085,12.676173694264257,5.265593095919164,8.090152394133161,5.129381193802486
20220411,Wind,98.40010543173806,11.235428278437027,17.76623593344377,5.181194795442339,11.58039096076807,3.5877463016568836,10.20517130026071,6.143079842929214,9.2327572377943,7.770608923969431,16.517231500529025,12.139156714995096,14.958782594067474,7.654447009224294,2.1278579817008056,10.57718682219777,8.68680497639968,10.60734883409165,10.091530714069693,4.27758991978453,7.292873126549172,12.571010854987552,9.638795928366754,12.087384400452189,9.651963420907197
20220412,Solar,133.67911869259524,12.652448992649365,16.490969558483055,2.741395209932238,18.538433585766853,4.477116856161734,3.6802961508743435,4.124904315356785,12.25038586583695,9.99529067253002,10.840357194886304,5.707019903345057,17.761324571774328,9.385780933541279,7.470599026116532,8.049314857527392,7.621746593116766,8.40453127078985,6.63049332661774,5.975176589892918,5.388726096070452,15.77077141904058,4.502784887207291,7.050375776680068,16.92154335004948
20220412,Wind,171.46753568306355,2.1256619376267336,18.09053391523844,4.597911320858148,5.493240286881881,11.397695844714056,10.547916137887103,1.0790261398466117,0.0,6.977581457276848,6.903221268943711,8.294103985832859,10.91030243964802,4.101018792292958,8.01335513229482,7.620494767516689,9.472945213420926,9.570759283545495,11.018407644693875,12.661049003494313,16.769002724059415,0.0,14.169624509457826,10.879940724630348,8.104503215316612
20220413,Solar,208.04763453712806,3.8315291783572536,13.417086156194458,20.879770809177433,19.55831942728886,10.481030499502188,13.913740356149269,16.158813547096074,6.9014461218264165,12.669209522001141,0.0,17.470982365805884,6.892060331729889,5.022682092371082,2.8105251827642794,8.089295961124702,4.215856475555903,5.769526417875015,14.953219936978073,7.395709822951023,2.4631339870101767,15.859306364457687,8.926816219881038,15.538784930811731,16.53771064680311
20220413,Wind,142.738567708054,11.261649866858379,9.852609424890314,0.10967929065580084,15.997487253625756,9.718380517533346,9.49311344325121,8.141639074455181,10.824935698870915,5.0290432490506,2.8320009124169543,12.079254681365773,15.92043184561991,8.391613500515561,8.700659784301212,16.091082056076836,1.6621210599244285,14.995078900013262,2.4747785493566523,8.873580562364058,14.125887899221961,15.567381295970316,9.537626386442232,12.996214809190068,11.554414971928319
20220414,Solar,145.87770204254232,11.69570843103935,18.073646515034426,12.180615443848952,16.846766837888836,12.879170801022415,16.290834062419552,12.84970206178683,9.612419670293129,8.507056559669243,0.7385362074619495,5.175601282414878,16.81752009848771,13.24306114531533,12.790459316607622,2.0582997685770197,7.83368246405413,11.069113119525635,7.5258268981407435,12.345932559432605,10.985757007333614,16.043254644318946,4.356895879357059,9.488290583957951,5.837003498122407
20220414,Wind,184.35701530014893,5.046763449539704,6.595165820435102,6.241818644903567,11.542161904648006,5.346752177211319,14.329245177587428,7.574839625591725,7.738018371272347,6.727231083744426,2.7688371504789977,6.0824745308445545,14.654115298787948,10.488873714982326,7.6528556953676325,7.515791225840857,5.200229521323015,13.552636592419235,13.412978498890544,13.636187174176836,3.7613328972060813,10.598083836830618,17.73996804347094,9.405457215149653,7.909450871439905
20220415,Solar,93.70645864274378,7.129676432159809,5.643955104834938,8.249359142412192,15.855648877549472,3.1528219418928574,9.691205381518225,4.191197483125221,12.94575969403739,11.318559808310084,19.394238089559646,13.123959912323068,13.062803418870505,15.100246495492796,1.435590459456193,8.370295995833967,18.853591262657233,12.411425963424907,0.0,0.35344738801561193,8.242141430456506,11.108954280597084,10.254623336878806,3.99186229955222,13.161896046127481
20220415,Wind,230.37022749117145,0.8175558071478672,6.992442426150704,13.019654643401664,4.955843587746869,7.499459459856372,10.215720098202308,13.261563049695699,6.461438133959728,11.942439591205163,3.5247929329413763,13.723977205656391,16.959858284226012,18.26805487548968,13.86244052028393,8.859508820719693,7.718956941875738,5.489208339942303,4.8291909254222585,1.3833363577254576,9.087158365306808,11.085550115191506,13.957531063501959,15.090734903639344,14.204934721181516
20220416,Solar,106.04319534461575,16.88631951906617,12.614356334571491,12.774093574194602,6.6597804607574425,8.058607206509507,0.7912014740838813,11.63981286862411,3.8904627000673164,4.4791953645416225,4.6952850258082375,11.81432718152392,11.70985577563223,14.432860850739905,6.041520686968374,11.483875094589456,12.278535509788586,16.61589213399,6.9348653485755465,8.069840187449287,12.924759729246146,5.434980737785165,11.920244365213597,13.745697130342043,14.65864996574513
20220416,Wind,54.070528822034845,3.5006279631577386,6.189474033061637,6.596517904191047,13.829069069601962,8.581264094710445,16.051133624560816,8.81550423006287,15.918830531447778,12.032156944123725,5.397379338419728,8.542683849268574,9.897343920953974,2.0501827904299095,6.568646302806982,3.2587527088775916,6.858960501277075,8.87408416122414,9.582560248470312,4.425922552274914,6.775184547510724,5.647418541894389,5.4546905898600935,3.722811360675488,11.070557844419756
20220417,Solar,150.50335042612903,,,,,,,,,,,,,,,,,,,,,,,,
20220417,Wind,234.92293511877824,9.825196519233097,1.9907235305761184,13.110704868503197,9.258103707511154,13.852086233996046,8.000216303618256,5.197577218779983,7.004254511986875,20.959865857194803,9.687738861044275,8.440545257681526,12.387898357007844,14.384978256357877,11.983271271457129,14.434769041772624,9.030471610451698,11.072423090286067,8.485512876268242,7.6807559214575685,10.243873072217632,8.754456974168749,9.043032821728541,5.365674575082831,21.282881954501697
20220418,Solar,179.3226565166805,16.447968098123795,12.40548832714122,12.761885965046721,0.0,12.666199345777144,7.250731967362914,15.302998872776557,9.656527151566516,7.442634653599506,14.971021330521307,5.726543040275464,14.426455608340376,9.402275271546873,5.954702490174453,13.371669721382613,3.781712085149491,11.17013785950725,3.3445020094831337,18.98806141533605,12.256061940378164,13.58054273275879,15.532409528528369,7.7222674556970885,22.035277897691728
20220418,Wind,187.55452715018166,6.038729536126218,2.414483164084454,8.575152456059058,7.8226297598091445,11.109997973146555,12.28348781245048,16.461973192672374,14.229948436785223,15.246303324844712,10.87697705761263,17.933072798653082,9.340318346134143,1.9032956540520496,4.054510417909906,8.962207057046209,13.351270424171648,23.003368696104083,18.848823204545074,7.5604131003628945,5.5938907671025815,8.217384572856844,0.15225293561021425,14.058053467769945,10.236865593885623
20220419,Solar,152.06928811535573,10.306263551701935,5.33919472567319,12.209721919041892,4.129731098508672,7.829057721422224,4.356534996186704,13.796522856684604,10.220171633653742,11.005831962829166,0.0779549119999623,12.443980721153615,14.54625157082451,7.24010539434584,14.82945280446067,6.308239976710558,11.297214376257692,12.982451713208757,6.960629888146948,11.543113508542804,8.794372570105056,2.656535009436455,19.74109232469557,14.948159494312982,1.159782039593621
20220419,Wind,142.3811251364411,1.5078654538132497,16.08583567448322,7.770852595122323,12.467671556557512,5.730274216082775,5.079136091437279,8.14007120453165,12.65103803435674,11.208977505095854,17.66319733824769,6.0760454412839335,14.288082327381309,0.0,14.485224804041158,8.373992038985214,16.01533706199447,7.572196008471146,0.48487893627463974,6.664698937000986,10.551153346260978,2.88998059645176,14.168536460874565,13.555694615151658,10.646601046511542
20220420,Solar,72.75453152034423,0.3073658153012315,15.901591584930552,5.864812174826059,9.044157357163822,4.014212896539895,9.737374491503234,10.296733973417046,12.377833968633723,4.169630370768713,12.00548375670322,10.671276183390868,11.066746380056983,8.612521878111757,7.466344816302223,10.304325546591864,9.229418855925044,19.49028629378259,15.67626179595574,12.437985016540548,10.408233971003686,6.1936580841027755,10.953502076794893,8.646873013903058,10.579677691202418
20220420,Wind,37.030687104790694,12.98166791932737,11.87156544773249,10.019810905605375,6.8584972791674765,6.527465747646623,6.8674333420756595,17.844182240673813,8.404148914225965,14.21720429540819,9.391435104923831,10.136472215001392,6.248493444771409,6.575393627520186,3.7049500729972062,13.33092883075042,10.53938374944184,1.8491433231152754,6.1245668496498045,12.548003573603332,9.802221062164978,13.630646625935213,9.420803419302542,12.302785069354124,3.687757489864846
20220421,Solar,159.81361692204317,1.0748708046514899,11.378317908676152,12.595163705457587,23.21455241312152,9.785390058195059,11.67616786686541,16.405831088055887,12.579620013407029,10.243235659571999,18.800637321724633,8.250412533264901,16.203121592954723,8.196770394859906,11.927996399030617,9.593443973210233,2.4630397029722353,7.589959073111038,3.9395249822994716,14.438751140620314,20.461496224832924,7.403686161068559,14.293682287062985,6.137056840328691,10.623015593715584
20220421,Wind,215.6274597170113,8.858912327827346,7.3452017642287055,11.546251347762169,15.190872383471174,4.225078999086667,7.050553603169086,19.969345452543628,5.175281869876908,12.350698443421951,8.267255311451143,11.167749387144902,3.9517126949578554,15.90737585705401,12.969609434262999,11.802263067015627,14.17743474416899,7.221642578975662,13.390036274521744,9.328596145183191,12.871472486436248,11.492362990904322,3.8964914202618885,13.763884417574847,4.775882107881369
20220422,Solar,167.20668524140328,15.056477239864599,6.135481681288994,12.545813400383363,15.279360706780297,10.847598788683046,17.975181321877933,6.0974057334341305,11.971371590392776,9.546428385774412,9.277924176216077,5.357361695212466,5.211471136079776,3.342993218301694,8.136299543290923,7.83045619543816,10.313566463990137,9.978594507165134,7.405736634819949,16.351734881039814,13.637255006982214,1.6386234701079816,12.21204096901452,9.908670389468812,11.883848308246524
20220422,Wind,181.17997635260068,13.733424280473397,8.188791511213102,6.19710563355437,21.011075723410865,9.027809363821776,13.467287533922022,5.648938580064337,9.629511717941632,10.650215314583125,8.27448639702373,14.368200662841305,10.840114238136934,6.408920843908582,4.484183012842747,11.43162928072511,9.379009456795924,11.73098689366387,10.842432478271013,11.498155085885763,11.234481974419444,10.810195222116525,11.540907563191801,7.62588817770988,12.974847665981013
20220423,Solar,229.18587728197699,6.677072560257031,2.431729127688411,17.909405623791265,14.010958913415546,8.013507942283987,13.404431061894742,10.671851437910545,8.196397840423705,5.564142028841158,15.381456426565027,9.969194135481729,0.0,4.2911878624202835,10.123793000685943,8.754000321258438,8.853545265590535,12.178350335993231,6.832213389821903,6.78424072991192,12.666308561494377,10.188912918353202,18.977097412686913,6.355986340810274,12.634632867119086
20220423,Wind,166.4383425720529,2.0574843179591373,11.262242774768318,8.288095723306878,6.145229952635671,15.807664506058185,6.97519123089346,12.0344787864815,3.766320652683275,9.235544615846381,14.069114660117675,1.952728384359429,17.714796670867493,15.356680397706391,12.308746603423872,11.339757739343717,8.588604731463771,12.085944863884972,7.6853366622687105,6.8199630390048585,10.993025938474096,15.951017204088828,8.173750801866404,13.392198919275975,14.946061539900665
20220424,Solar,143.86724498461902,12.547474308277643,10.24415562404205,9.405421742617042,5.560518241541318,0.0,22.02839837219724,9.288554174702186,10.658296304795954,7.9005539584032745,11.393094309309502,8.8592389704029,10.07346119726379,15.656186100025046,7.56450581990917,1.1652931567318747,14.245099754369917,13.149521291580902,5.037123531909434,13.644112814160712,19.088873522823988,10.771218854244143,10.22322174230355,9.315568014289173,12.3467572285063
20220424,Wind,109.07375971749674,16.711283914300903,5.332893666448667,3.406720453910661,14.824513793771175,8.081352273575352,7.804944928628361,8.051577860822972,10.192651388282224,6.472144011219427,4.741162262437602,6.920667610772721,17.69741621313288,11.800376329387857,11.309466048630506,12.435521866805894,5.372054798892698,9.698948051961333,3.929918860921371,16.32129941923108,9.699601661830267,13.814335395613908,9.66710858877432,7.5520390315787935,13.94316684075588
20220425,Solar,251.1106281486043,6.6888096066718825,17.84340959420679,9.03072421851358,0.0,0.0,6.430948613549418,16.336975914145647,5.801817689221173,10.672628698474567,8.1488320276207,0.0,19.02016799779866,11.541448013190967,11.804868478529512,12.700015564710979,13.717468084891916,16.447928555859136,27.357747384027384,4.389687665131202,14.156712657719462,19.728714727733195,7.415523657729744,7.532903710766515,16.45965523201529
20220425,Wind,176.327388957684,5.983435707964418,13.03456855143524,12.661188684257585,9.611101844952172,11.192813364647211,13.53371298477674,9.546339547264301,2.015640898906008,11.816934779092579,4.739578663826329,9.220928928085074,9.22584329301648,3.9983088725314166,15.727319711182334,12.644812351379139,1.9732771325704102,1.9402886670162067,5.860067009990862,13.75490493222719,20.426569912210716,10.199501616246426,17.391212962744454,3.7833238344682254,7.790357577982677
20220426,Solar,102.81991420403345,7.375490185655009,13.459209020044282,13.812553063463323,0.0,13.810907915994632,10.976140664701655,3.92394291040838,1.7776244968427024,11.253860048649234,15.801839108585703,15.18388922372251,16.74375527075242,10.99594493405837,7.896583765901056,5.062787445829961,0.4172107797557456,0.0,2.6858872216192173,2.5682200277517877,13.265249393180977,17.668994059752166,5.126758896530955,10.832627340582118,9.280505074126799
20220426,Wind,91.44161660993817,12.858043554035577,7.563300369804173,17.80970368593391,10.494217541947531,3.244468978930992,5.908078453794113,4.501554565322376,8.729635052202203,9.488696025817672,2.126363208136981,9.460925065156085,4.699442864048764,4.390447932407317,4.303719794885712,6.449346424713342,17.053640678966225,13.703712568853728,15.652294157605738,6.9125836438813995,8.577499443620917,10.61981033788799,2.411810219215731,11.436631060914149,8.223396977246434
20220427,Solar,212.65318634644564,16.142588032074563,9.993349609868384,12.601174479127305,14.270351253559767,3.884712080543048,20.979235810442905,11.235321625667508,11.532488197108947,12.055545275151275,17.971855940822266,13.540720275619906,12.16648561106865,10.205969770931384,9.663401647320269,5.657056947849691,4.88559491865071,8.343959598426123,11.332583232771029,12.448668539908525,6.3298873457298255,7.32865449285469,11.219605304113633,2.5916153955874233,6.273574170868722
20220427,Wind,98.12791517958372,3.8019659430973873,13.13686335093711,11.384565978998516,11.397077673018162,1.508500841447722,14.877997490964189,25.013262424558434,19.249857971504788,11.210821059908875,16.438264386995975,10.04247508688336,7.633051751307895,8.283257494504104,18.43751033325756,11.649903201668314,10.5289714502097,18.586663255826114,10.08706276814966,5.762436515332558,7.5222083275984355,9.456752477798286,6.376437230040529,4.619746362485742,8.508483810160003
20220428,Solar,242.69170787511106,2.5085909533767348,10.763911835501178,7.768524442428404,14.69054679485299,10.318209963565838,10.020026506339695,5.1202812812741065,9.774225774747427,10.487636022474893,5.4073555468248715,7.718146046039812,13.482429508984739,7.029165585099647,1.18437960778358,13.291124580486322,8.659975734168059,15.213239044837865,7.560424351139005,17.328769987826124,11.958548871821813,7.4666225243399795,11.270718826170576,1.7592302197492826,14.174740907013962
20220428,Wind,12.176860145464442,21.699981609662238,18.00950392384936,6.691297958834967,19.824134708299574,8.296058618979863,22.005550655416307,8.425629656634701,1.873069742107667,10.83075509984479,7.9175786818007,6.341992604116072,14.412867535375582,10.141511795299884,0.0,6.517185646366439,11.720868642951908,12.944070523817519,7.967379265292281,13.042899661736104,18.92127129843433,7.647099819596741,13.16695721722823,16.023077060905024,13.635757824741098
20220429,Solar,221.12975988949884,9.113386060549805,8.981062152916245,14.851242573340778,9.282307813689956,8.606726348042034,14.053900721441263,22.024023876330197,8.965409158768644,15.91501494883968,6.437847977828734,3.58602622806628,9.200460493761769,13.386309504093209,9.459807125503202,16.57806366464775,10.256995874503644,7.566248438044698,8.513084564346979,4.0923846434260005,13.018123285893605,7.132602264753413,10.730616009489474,13.091679842942124,1.528739759778418
20220429,Wind,174.3447405580982,11.26446397845155,7.477197338819447,14.755351758694543,24.038253916394407,8.160141802570594,9.940495151035533,7.578596350807654,16.256824492594745,3.974632192986749,12.151168988492099,14.628827130980707,12.724106695598984,18.877284590500217,8.103623483295076,16.511933831436554,15.215049456158011,13.379187912603427,15.682682602000753,13.277328139657333,8.067240199956098,8.48324469118319,10.119888251772752,15.519970528460851,18.577300212290645
20220430,Solar,155.9297211528437,6.540345796911805,13.17126438235713,4.614936495756137,11.063349780850773,5.132004678160305,21.40718822588464,12.277304206357027,6.586021957493767,8.407019150910534,17.062241133436622,13.653743546295743,14.72353151446101,12.754924688224445,8.958174973259736,10.689794106358482,2.8540103868857125,8.017956803218462,8.758176273972524,3.3981579171139664,8.475374063980782,13.553736577870152,0.0,18.101348720218954,14.235350412003259
20220430,Wind,141.22707824791183,12.44981154726358,3.676763638567441,13.615479435767407,14.745825313451796,15.659370119480183,13.294923667371032,19.379553612956155,15.593017887004455,11.690873043114362,15.928096581695787,8.608541547662528,10.939100676414746,21.389949025522764,8.772130484381492,11.854429694935913,13.354655607051942,10.298196420775765,15.719861003165818,10.018498254971684,9.252772015099103,1.4936508627140133,12.797649363862861,12.196215903692275,11.138113962412687
20220501,Solar,244.53649242970147,14.800304373507613,14.621484661540562,13.251918456979212,6.944686427174663,11.361703400658136,13.076226311601848,5.242606595480889,10.878623565174982,2.0863204875866703,7.835347632922544,0.0,22.69520159273474,11.00462518511776,15.027884889373656,1.6022475857389018,9.743482631337828,8.368539541380345,9.731670417744134,14.38659849752521,3.296851283421959,11.43566077756695,10.981133438172948,9.699592602482486,3.09403503322468
20220501,Wind,185.35294292006017,11.498980857864648,3.496440997040086,4.430955574929029,18.096569898153408,4.076682316111979,8.068261864197488,8.453698889892197,13.234407772604284,16.91292241663035,16.274035338722303,12.360419765207691,9.314306879467287,18.919436649594118,9.787691232247159,7.354800931625942,2.3387039049874083,11.295735478875773,8.974273018009283,13.546492506382524,7.711380962196682,10.60113239325775,19.371094530218862,10.97607790010936,4.07334594022635
20220502,Solar,104.83981955522744,18.704290385072174,13.19292333029275,12.702284023945884,15.208550992713146,6.497265920837492,10.247067428498235,7.578170331827297,19.294279991020215,11.274089378622406,15.859110172306355,5.476114600625586,18.27928139135166,12.177920438304735,14.097947002143302,3.738202458394553,7.350494350598403,8.745519240973401,4.893308125248658,9.56824263251397,7.492229990608444,16.922075385570068,15.686114841186873,6.776346121501803,17.515085520889734
20220502,Wind,64.05450219855592,8.36627705029454,6.758632229136687,4.752267702590963,17.35725651283999,5.639656127662621,7.946535020678925,2.410523185164042,0.8136804631586314,14.784508822118703,9.055830456230535,10.719411867476573,15.726956333327655,11.198947908808018,0.0,5.450068129098545,1.9805511483546445,15.003423943687213,20.723632548814127,8.278550928317433,23.890561170379094,8.17164931217649,2.5900781239902413,5.982109762750279,15.022460151277869
20220503,Solar,158.86486065736543,8.685587634823118,12.382920734916967,0.0,10.272522108869774,17.029639517365307,17.198678730207263,17.846829728443133,14.482520915041196,15.598809392774415,9.952707610385414,2.293765389521041,0.7005227749427589,9.158860023124689,7.354808890706882,12.57259422061038,1.6338589634199285,12.263453680519007,10.07489007829797,4.2109991627599985,14.63437192664704,15.658507867286136,15.303510019852927,7.897560643922926,15.643234951798403
20220503,Wind,149.9464433231293,11.15703175638708,14.536714730305087,9.199487931539752,3.722912178083553,13.556096363414326,1.9529292829126843,7.072978307650672,9.526494410593417,12.062264644553263,17.70857042323386,10.4599949248188,17.46486703964545,11.495504788510537,5.923519069280259,13.780287018340042,7.8168215131137195,7.454074137150929,9.993889803614278,10.91296624941992,4.634566366187254,5.700503598616542,3.501918120002209,8.759346662312044,9.336881915777743
20220504,Solar,74.00659813122455,12.324808227530486,10.767105977519593,11.289073526274946,12.30198719812703,9.367552715387236,16.82935216532424,5.61877162089054,5.254097333231844,0.0,15.29180940123178,9.343414594704118,15.369724964893738,12.157892494615822,0.0,13.989289323109988,15.931686516913699,7.7629289526006655,19.29434392176345,14.02244051898864,2.1539709630753903,7.725017740759485,14.168498495408027,1.6990392013654165,16.53304361047474
20220504,Wind,147.2303237258832,11.139736310313046,4.001895241796599,9.424645975584435,1.5149009333824204,18.536105924769295,5.613287356510282,7.777830559647891,9.496826815384466,10.73847110865105,16.12391992254618,0.0,10.5707295938664,2.912736030736908,10.516982902629874,11.208457336310282,11.563111769504014,3.649869073515646,12.08253062206199,20.32363172345619,3.4699372032496125,12.08328253125129,17.26798660893236,3.817879164987149,3.1519622728196186
20220505,Solar,121.30326834628998,3.5779248652245457,5.51612377746424,24.335534085939873,8.319070981890238,17.26021797599592,9.710393984182438,14.644157025770529,18.454854715757715,11.05943456764299,22.92692056025051,18.089793472181988,11.844367447037467,13.500270269137445,9.498450084810099,12.616872639612136,16.49689127610018,0.2385880878648039,12.636110237877924,7.719336819231896,17.06813902326032,13.03884143953616,19.3350578514815,3.648460525663139,3.8330209536676096
20220505,Wind,150.46450341533472,11.562575830977806,6.356704294831089,11.894256146174872,10.955402183161254,8.84644552929115,8.52391806087885,10.564467685039403,16.674729898778264,4.565666222142979,12.73633508156186,8.371527593774504,12.46395464193617,2.5800309366824905,7.664761955323303,2.0543326623856464,10.379755526661068,14.663898061977031,10.298652515913854,14.233321812532516,3.2548007406364707,8.674174657042162,8.019665388768372,3.4389171758872106,15.043335443040315
20220506,Solar,186.2961805824201,8.129132075982813,0.5249655320111302,10.735709096493501,21.886121462553838,7.947173389380952,7.399237567523966,6.04166847284818,0.0,1.051632716235914,11.628323604553946,8.70363958889731,16.87654321701907,13.505856768365831,9.370118819840435,3.552339622611922,17.748837265143525,8.219219215330641,6.129509018207965,13.822380363634045,18.048678815227085,11.11421141126528,13.530061727727757,13.186578125134812,5.4119263808383975
20220506,Wind,224.63049737320176,7.095114929626773,15.637389293659645,12.147956516570455,11.592743059709703,8.188180220513257,13.448920740677465,12.045749224575262,6.150801469920834,12.308346514006768,16.789687306628302,12.673384855816542,7.9346173290412745,12.994767155584782,10.516952915962975,8.953913273115116,17.232973886699284,3.913294077219973,16.083798836669065,7.617543414109896,11.19866716581529,9.17825611568767,15.0474385374247,8.328046179202028,9.800598598530419
20220507,Solar,195.44445181846436,10.162410273766218,10.550537928781644,7.793404977999511,10.697687345415194,5.2362670201553465,9.974053933355956,14.062973488742863,14.714471177846839,3.75404831391032,19.93910455733503,9.746662009045327,17.930012105064908,17.106237628790762,15.065493377221067,12.98743122672277,5.250010609497273,12.222192596536184,2.9182323185252046,13.60483015060829,8.770104841835574,13.95689796807451,12.35309857049056,9.036182051384136,1.1252443329979267
20220507,Wind,113.92796250848973,5.192386563353929,4.322409774055026,14.647395310467694,9.684837879823538,18.669872242335813,6.661506199255569,9.881177060486214,9.891279611084837,20.30708604483393,6.9430303474206925,11.819899933180677,4.579706317468883,5.6894875603960315,13.212648759926859,7.763680973742344,10.355003278517481,6.392709008972326,5.116297284114316,5.918229052318425,4.276865710336297,9.2670394134412,1.6427946963012585,11.913942095710938,0.0
20220508,Solar,168.4457564414597,4.323043380633843,17.278374287291786,11.805009730885507,3.2895454761749123,4.9679374847056135,10.769977650888968,8.826195355671702,9.909933300613844,11.31568640906578,8.990707394066863,4.278087064913269,1.1993326591663922,5.064487009704956,11.642773636753168,3.196082633399304,6.387859737781594,9.6534893387908,6.114765875569058,11.285104938667835,16.319201834196903,8.8852827521572,10.772267696994847,14.114167563595327,4.892061079737013
20220508,Wind,153.1553560746012,0.0,6.493359499309184,11.575858519462452,10.429129200065038,14.341521577137199,6.51956636666745,15.0793796919111,2.158367721036747,16.757558587524546,4.907146897264559,9.289092205810094,12.967429108831517,15.536292749656193,21.536193669479943,6.541186550054344,9.2759099568931,3.5389659708734555,11.256292710023116,8.943532523437694,12.731086232804158,14.956381383779942,12.845188160016413,12.278241889054177,8.105875329816145
20220509,Solar,83.39355226845497,18.736186642549455,11.252862445374356,6.879398885665305,10.514413380683862,13.452715654544146,7.31112250499289,9.104073767432793,6.2726157885048615,10.155816996838906,11.713749872055837,0.4534140695281619,16.295130956380248,4.625803713567452,6.459635301124675,5.332574441691349,18.291061216060744,13.245407024239112,9.920812259424578,12.217748845206339,14.50051666962467,11.051277329098436,9.992022636741007,18.18860031445612,5.375724106488444
20220509,Wind,169.9116392346136,12.778656595515011,5.873647274018991,2.178348367754533,5.156957522731414,8.47567010888217,2.5136845548059727,18.040957531450115,3.2089712648304305,13.757694139881414,14.446293019120363,8.811764154053563,9.102083096250938,4.133833460242724,3.2004932093529623,1.3775566584187948,6.791934655417545,10.44027536382966,0.6865490490671045,12.615841517601492,8.637400678974998,13.341637217635638,5.706628795047294,10.197876406253073,13.102323471473003
20220510,Solar,242.83361689588568,9.416179393468475,0.0,7.493069554613546,4.0662719278581765,19.050225518322254,7.748455032576184,6.21182563954844,1.733412609592524,10.26631965614859,5.255613576827149,17.225339432299993,0.0,11.043089547013034,15.870760488354756,21.12196315573599,4.069207157677947,12.498674672821217,21.586992506765757,7.356389326036561,13.333231358919308,22.492837568827717,8.995560308448088,10.986415437978128,15.05448403712596
20220510,Wind,151.6213302093502,6.663883815566759,3.1777972057436967,11.413169281299462,7.592146586161333,2.204518394592357,12.471022631972671,6.09543267119604,3.7113100830123646,15.027864651878367,15.668977601108352,2.470067395031035,2.5452984524037237,9.76654228521004,19.334190564485937,16.16435771282294,4.399987128364061,7.861631375827881,13.79916938470808,9.951633391758396,17.408094059464972,0.07401010892366222,14.505964529331033,6.973753530033679,13.050439608092054
20220511,Solar,70.29086601372997,0.0,7.757547845667844,7.7765026012752685,10.324664892863465,9.601543495105549,10.185624589790187,5.481016099578271,5.359511212768301,0.0,7.733365437145809,8.246258572201869,12.181419191325297,10.776776677667828,6.824039366713293,0.12170430131433152,8.022662156821688,11.235634106095002,7.54510379656458,9.356835717965318,12.976351234458637,4.8626732862387545,11.967635773162717,0.5288702195139205,4.217276959340628
20220511,Wind,151.51343355543096,6.357355618892578,14.491484356030238,11.458635835336855,7.712229093092709,7.554799175297478,19.075318344865714,8.805767716550086,6.194432655459556,14.440739219447105,7.326046230844703,0.0,9.949725239086108,12.688633505242487,16.88900922350872,0.3897429827720633,28.726896139879145,2.72316005000913,12.166672846754395,4.5526947148644945,4.721472918780219,5.361089018785532,12.327307130977708,10.394951340928978,12.623725725732667
20220512,Solar,89.31439005133748,13.579331685820382,11.732665734096226,8.838190615718476,4.745622751742394,14.802965751354265,23.06408736860653,10.012520306831593,5.789351389697876,13.343820804671083,15.64969126611884,10.039733902193934,16.421402254915066,12.716551539876448,7.332720913054761,5.970054535271786,17.364111528547493,21.372558880227498,12.234937554356978,8.151096531677267,12.599632197193921,5.7321504649175585,8.756939390893521,14.319421600903357,3.858842383306489
20220512,Wind,193.1802753443144,14.710871517969345,10.701025630856227,12.152897423132618,11.446361260021527,11.76782932187584,7.678908018396385,3.3718204521359296,15.102280367088003,9.229241709584896,6.874297208815631,12.330872983146481,10.364621981631194,9.610635698483001,12.923765077534156,2.553331910248575,0.0,12.07376605168932,8.349307895773851,7.104755626561724,13.773975474424171,17.115667345222455,12.132390509505102,6.288568522676352,19.31642406320561
20220513,Solar,176.24324958625644,13.211459968016507,0.0,5.115879370623429,12.694334120846145,1.3635241066675374,5.833411211478557,10.483786339570928,5.464278974898206,7.954180576676034,2.9825076138844553,11.917378711648032,6.297058538628543,10.240766432618084,13.201364626063729,21.91309361828084,9.820976612501765,18.537467466225863,11.969309582528993,4.364470811061189,18.384297710970124,0.0,0.0,7.446022845583666,10.24402538033792
20220513,Wind,141.45449732626284,,,,,,,,,,,,,,,,,,,,,,,,
20220514,Solar,133.44178670720893,16.519370729656895,11.11839848247778,6.795229268243014,7.185086430615333,12.427308614622838,11.676041210162728,2.672542226034853,7.580120612055205,11.413834841909994,9.341488515534259,0.0,15.078060296303729,10.176371790738349,19.233625067511632,11.807701699654634,14.931613442376173,4.750666913716566,15.457097732367023,8.708715689228443,15.507578975547343,2.336409331236713,8.09528525011925,9.755064140180306,10.26444219944591
20220514,Wind,139.38828491922266,8.357313889557298,9.402911650539199,2.3085852893468193,12.974205106161293,4.822540690185346,15.679371385074866,7.394142868095572,12.195993298754594,16.07019682327983,15.990294165885118,3.7922056047242436,16.75617215270944,3.0627554799742596,19.807913118844166,7.471019964843856,4.104983697195657,7.54228312161508,10.34530377183122,10.2751205437438,13.08147670830761,10.127862052030062,10.135734155520604,5.38328086841387,10.841048759042682
20220515,Solar,150.41372471711603,15.425944580671807,15.662115549944478,9.174229384858124,9.047313551365095,8.251604476068037,11.994153656022545,12.8374286428449,12.355715406994339,7.32905396111244,14.16495335381735,16.28237764669459,9.444953208704382,13.781949800401229,4.89396745692069,4.16407791998064,4.817810566280657,9.780911621874065,11.608182341016516,3.781622656192135,3.225147435575134,11.296993419410096,4.135979014105872,5.210306223919742,13.537609986862746
20220515,Wind,111.3882489329229,8.077087781398935,16.23748361784137,17.681587869090233,4.0545814632742525,3.5005754251395893,9.028210766621127,4.552903670620397,5.510782896036014,1.4911645442059551,1.2585081960918298,14.394895440521013,10.337120978164204,15.245166894943193,11.005271231907564,15.236735934711977,7.142568808513628,9.41710358278569,8.955664525611091,16.00149657024808,14.146923017090518,14.531443743426625,11.851251194992827,13.281515124141782,0.5598229457146486
20220516,Solar,80.61234594992816,5.594293455611188,15.772951238045955,2.7071179607700877,15.181221775006993,9.145809871917601,9.056574758906105,8.420107390432685,8.359547174961499,22.422904921225317,16.577672116944598,9.543302760948324,13.896359658258447,13.187146108346429,14.572511376904846,13.27415287455439,6.541468198158354,19.307811439016405,7.832895777919403,13.066738830859492,10.59984723730716,8.672373287746616,19.611942737487855,9.344136389353912,6.519191315543147
20220516,Wind,206.9349473347324,4.971435097887395,8.764567516483561,10.596961251970997,11.76754009633245,10.750589836799113,12.163883891830253,15.440917844668986,7.485280815298231,13.357872822568446,19.498749764234773,10.811466073122826,6.25695832907095,12.802516179168087,0.5870833111327312,9.702158164089903,13.257723308897768,5.721358287790158,6.152442754160985,9.573999213518764,19.984829352135197,9.134468263522537,10.403815985096115,9.273310184121764,12.407916822018738
20220517,Solar,130.72995117515208,4.677517894135236,4.982617196079023,13.987885316321123,9.403548471521304,8.326764206830257,8.944430521425701,18.97591381563009,11.862203564054138,8.043941929790074,15.168017546321162,4.861906173438032,13.68386704250826,5.046994247753176,10.131153065742716,21.909673655489968,8.327244323467285,6.976139224416674,5.979787847846327,3.9053782789018685,2.803640712189066,0.0,10.232611159162769,3.1014280814943715,13.893972819114133
20220517,Wind,158.35215520845722,13.295340144012426,14.944614585710365,21.500153425722257,2.1447389758263746,7.747677500635729,16.09750621598935,12.199576056245636,9.355777552910782,15.944233594985242,15.369302117735181,16.45316451955344,8.839796593347435,2.923710375004066,1.7341108011489414,11.175275494543206,15.016236266621346,13.565020052895097,7.675768199255203,8.93725874050695,4.339268919232129,21.400711783055225,22.538694510390002,12.385038020420478,26.352461787116933
20220518,Solar,164.26409755837471,6.286272144514608,3.174727784647915,7.535335087766562,6.275698604323941,1.936298154744106,3.488313802494021,9.153733570861931,6.2580086302650955,14.668469509075523,8.761639595461226,6.404252388695199,9.622121478368795,14.154463888272405,13.337421265804748,7.7176562434757585,5.948281953134246,2.066678592867097,8.82067839630241,8.63370951049523,13.626987760902766,11.532135429440766,5.262409242415123,15.162387405906312,16.891762148406432
20220518,Wind,166.1010239827607,4.8348557748252805,19.73628369332141,6.839996976978436,20.092828561914637,11.68620730751604,16.070718180305484,7.493009896821363,10.595291443296551,12.461411868349499,7.616523231827003,12.186378814557953,10.013382026291561,10.142842197344732,10.429865969292155,19.576365386418363,14.328793765275766,9.797472688255969,15.02945961363393,4.597609747049183,17.558049845485755,12.193933851026511,12.47452241235019,8.187932353387607,6.556658863842144
20220519,Solar,91.30910014507879,13.568676098306799,10.139997725972815,4.166539020303668,2.458289690596515,0.37772701568523637,0.6329962604198169,14.553770493857737,11.698080415649802,7.614741540027526,11.062223475130947,3.360493330318235,10.647949465134936,10.84766191564001,8.131154534967447,12.019379126828515,4.214754351123981,10.708602166622635,8.103552694892885,4.191221459805025,9.39867377055168,15.36517800225289,17.90191126638733,12.046627756004398,18.871266861553522
20220519,Wind,66.20799177240761,11.639851952361164,4.69557872150208,15.702581674231094,8.743253601791539,10.15539759118631,10.72551143180611,15.667031995578348,19.250223392712936,13.336612594921688,14.59952679010263,9.10896645828523,19.568919400504335,11.072458097737103,2.165492957954168,18.13959817723974,13.073768241110926,12.166748700457063,8.336946057206097,13.832289623724444,9.425068759241308,9.662743669592192,8.048272721408924,7.9656027599888155,12.899644319537577
20220520,Solar,120.5653737654004,14.81295991422901,3.8406572292169483,5.662928353804624,9.918321188231902,1.004220879837695,8.344786346882255,4.217821014411761,10.340632280479506,15.447794118463548,14.473668040598241,16.2421863599053,7.655091622046288,11.28526382948618,7.006990930373538,9.80455706037084,7.5005744668274845,11.744366797265927,8.538124794955982,8.3800047045737,11.035742948433507,12.119298704392355,14.264325743349705,12.969313705154777,16.832467928564053
20220520,Wind,169.78557662084768,12.562997556363992,3.611975879719702,8.14701784112325,11.602383947057774,10.252524452431434,2.4182214817440952,14.55213407971966,10.050041734042695,1.3996363385457733,7.811086761974147,5.265334512400578,7.912530176808464,13.23270367260869,12.595984902675486,0.0,14.458177061223724,19.93868679705377,9.760491129828566,14.427849152744152,7.579279984860553,13.576735998757204,10.833971826975331,12.469238858211071,12.333782314668174
20220521,Solar,113.60250662628435,6.2344420990134415,10.701814533604216,0.7553106131437237,2.5141453208679296,9.969404977061258,0.0,6.964768491368894,12.141993052300018,11.122474909860557,7.304204507521954,13.746787103518356,17.233687950739316,9.522858642101632,9.795149394853244,2.206230320326956,0.0,5.5761873614613675,18.49090634570532,9.934151170449974,14.937687114618779,2.62621488282449,4.626844595533446,8.078455055535043,17.185388992836945
20220521,Wind,132.25393231503833,10.380512082342937,9.968038399701065,14.41985921339263,10.870881282023001,12.016724838392701,4.512426649474158,5.702221130238786,5.252988186685706,11.490878513887344,2.549232768081465,4.596169139074173,12.223454226473834,0.47453262413866604,15.962654141694092,15.413552667657694,6.0837193363806925,6.778235998867022,8.104281752203752,13.75839788695539,7.586924706390741,12.653158022033052,9.178456275240272,0.0,15.414309877840395
20220522,Solar,256.3648706874784,10.625664953848386,3.820389132454035,15.791291403890131,1.569472687641602,14.311428584007965,10.228421632801696,9.23177898224786,1.37245199482254,11.330383307144363,13.234599626777461,5.490444843661624,13.837778550329496,13.442027571244399,15.638792661521643,7.054685220905494,15.841625007196157,13.047251653817861,12.805557911094516,13.591633943205292,13.501666684066567,20.37583183242092,9.841059807513998,6.002718738673222,12.761470799804234
20220522,Wind,57.728805759773216,,,,,,,,,,,,,,,,,,,,,,,,
20220523,Solar,112.24830020447507,4.476875129530037,3.1603230695432885,1.97337359323141,6.738010404952089,1.9497870031203501,4.79525549414411,11.547026624198361,15.360495489888704,15.93036537676951,8.494776014432544,14.858200561569669,11.232170894070997,3.5267771893461717,7.311156586972661,15.669236993453733,1.49371278342743,11.756140358277634,10.310370493977835,15.91311364894844,18.59266843715065,17.660322051074672,1.966984049137227,14.419886893726371,7.79227627931054
20220523,Wind,244.83020342869642,6.5963919544114775,12.946509029720863,13.035755203896532,5.67065366541095,9.708969734334598,16.76140541461193,11.411658323954084,16.167758565843457,8.94341533461418,18.639375898887526,8.509071788344066,14.051878733155752,4.169766283573406,11.474876463412635,10.897423758718947,6.465060549987975,2.974240335729421,5.209441704890929,10.501642118090599,0.0,19.55264679896765,7.9404315267310315,6.976320561680635,5.250203136255091
20220524,Solar,147.77006640023882,20.182911783360403,9.727033669436432,1.636648076379995,14.174085793337937,20.05470442280027,3.839076610357192,11.762208269998405,0.6030764713426107,9.986072753555149,12.991944533921945,13.092876420707048,6.628151852151859,14.41495636634681,5.173828799334262,5.702996048700886,11.917922777508068,20.905393015639266,12.618326392127027,2.526322863023692,4.683723165024103,3.7020340818466146,2.52457319778179,16.722650015881168,9.628064757018596
20220524,Wind,114.70074172505447,7.936279528892255,8.107987470412763,10.290201510321202,8.821968783180589,10.595502842488536,13.395586657747232,12.338290093451807,13.330397402467332,11.578326590392281,11.614493430845705,15.720676413682932,13.142464307196942,15.595368109638576,3.7003279292434077,9.94456646572163,5.945439966364153,12.257630441400048,0.3718148820972256,3.3239243602873616,21.267211285881334,7.3756280971361985,12.708475372422999,17.46892517329983,15.536122581191808
20220525,Solar,208.438445850556,16.16433395693357,3.5594463496623643,11.025387899918986,12.368554024537858,5.843259298493432,5.555014958088977,9.429243912367674,0.0,9.109652363475917,14.15098645237842,6.1442570804561765,8.978012401050975,0.0,15.909266989961887,10.534659514441243,15.805262645633043,2.089534052033307,4.897227747324807,6.736003956443694,10.505103144487787,5.442843157228561,12.745960289483628,13.491686175949365,12.90516801853446
20220525,Wind,152.76152182405556,7.65669745260101,8.499221998886172,11.550916090541326,12.534134556889088,9.601494367803319,4.385970334207193,13.15944382695993,12.29590277416293,3.069993716244227,17.1030700372124,2.3741720216996343,6.772896042346261,12.204215299397404,4.0673798878746865,7.959222160325769,15.425503914568287,13.056526725445574,7.291995118961834,13.709738804942063,6.700981917261817,27.47556606774469,3.626378636151771,4.320061519801259,6.1245407541799635
20220526,Solar,132.5845802477997,14.444194097699961,7.926360593268366,12.673182663187342,16.34976744477551,8.081670298429694,6.980806865385546,6.701589020124822,11.99679656448328,11.070650218444664,1.912596199174671,8.2224225430745,15.065957214519937,8.89676824781699,3.530231404495513,3.0751093162227336,13.338572072964771,4.483208850185219,8.877352769394548,7.999723010341651,3.6144741497213695,11.219613851807278,10.409982451539129,13.556798784560531,14.840600379906638
20220526,Wind,159.61844635187555,14.512458277789236,11.588633506047984,9.959831982203639,3.9587112918948764,4.11770921433923,13.099580236020556,13.255038254727644,1.380099852422284,11.12728188685729,7.171857815257781,16.365442503655704,15.689565637432471,10.370821160397227,10.5259732802947,8.222588448326114,15.154201996274544,14.645653924265593,10.420355661204177,11.026539869122242,7.819679616475189,2.9286972223852437,3.2798263936177485,7.3079902660868346,4.1197997667252215
20220527,Solar,117.0945595308617,14.762952539760223,10.835089890584804,0.18785243635723758,14.595078312598783,14.34552094103504,3.1426712170095996,14.284926739169945,15.000230715658436,8.174174592922753,8.83932600711655,5.93671443612586,10.643644444553466,10.656388993785347,8.646620600124912,9.535929752368988,7.424097356238057,3.422028793307544,16.956140640362616,12.678384789034778,11.448821121598474,4.491661502813025,8.190596434110455,7.033805227908277,11.66215080701187
20220527,Wind,99.1254468555961,11.939136710044792,13.960300510396712,12.675605043997662,10.082308112190235,12.92176279137681,11.437276302533506,13.495682972834896,18.719179506454594,9.33842541735349,5.108290338482301,15.074748693203729,12.25352197634442,6.189286365311881,9.078908568831176,2.7840918996862154,17.43561635927601,15.030263844093808,13.150843595407178,10.822014306382034,12.433499823215474,10.535545509057615,6.6559010650807515,12.264869770050277,16.974189910821607
20220528,Solar,144.3201536182626,16.886832893905755,7.577117282474688,10.48804070563874,8.10937709815203,3.32745463943936,5.196200011643068,13.755144158470491,9.687598344987618,0.0,8.673892135030078,8.68749734635204,16.622945382510466,13.263351342511823,21.528272536976637,5.409543805022906,15.378153134255681,3.8961003498698044,10.844346988200751,0.0,11.61131967732127,3.185266493817526,12.401064848139878,12.14279060522882,4.119568534085992
20220528,Wind,99.45015199619965,11.891769846763639,0.6979424890175279,5.486901043143834,4.253747404048588,9.53362708091549,6.096165648769742,12.324328201150724,10.704999374884817,16.042030246670674,2.2443254931318037,18.781060416119605,8.022564708009416,6.559252806468431,5.027668244960426,6.415746435681945,9.355613348335536,5.128372457097454,8.320376504117403,4.065434881565916,1.0687806891236573,19.343413616725034,1.9034617440220936,12.280190042422735,10.852581257485882
20220529,Solar,150.53466558982402,18.567648646701397,14.9554643829902,2.153012894316956,13.032954307714308,7.1676817540893865,12.003207945205325,15.86721457671307,17.39558101493453,14.505150879302997,14.61089630149522,21.22711026744311,11.74290783676667,13.735064037333663,12.47516605709638,0.6981907567405876,1.8677390498390534,10.688377321665177,8.373115518494073,18.82957593490611,10.694659292787822,13.952594107888476,14.915444069090253,13.284699081949153,6.506857038018468
20220529,Wind,167.72032837371694,1.9004009840578329,5.319837434759097,17.700110929621793,5.388877393330574,1.992037427375165,20.867414149722386,0.0,4.3683398295600995,3.3108440975874123,7.412477046327843,15.157312569009996,8.068282734013042,14.845145769275607,10.433462789813202,10.641178356573995,0.0,6.941712456629651,4.327476972181178,11.630300239466992,11.694903502897091,11.565433722815182,16.138819134320663,9.715317518177804,18.14186380472781
20220530,Solar,192.65302280258055,11.741431238334092,4.465414734923723,16.156502691453415,12.589032934885715,2.925902712620073,5.444915050062004,14.268729787825809,4.494612711885536,6.622663774862189,11.004781989430866,1.7669859431172397,4.907710005453928,5.639205081435554,15.04669463962282,11.184784008344346,14.948352179065123,7.22786296817399,0.0,0.0,11.743160828310044,4.731981142100173,9.278915589407582,2.7557540856788676,21.24817985852353
20220530,Wind,206.39624927584137,11.416617962678332,9.78441727443124,13.529787036537273,19.63915386483566,3.67020088099834,13.599402918285007,19.87728763578938,5.803082480403995,17.242606805207952,10.256543098285963,0.0,8.026760988580019,5.761403189454156,6.071055634915018,7.2783701174866735,1.944679195639305,2.3508668770463013,3.623602307103213,10.34860598039779,10.147317280801364,3.394732616798831,3.272509016514351,20.41352891148231,12.776473417076474
20220531,Solar,129.7131749183874,5.317400770972544,11.511352564772585,6.618500443826484,14.899885201796641,9.707851232786014,8.4364381138352,6.890522625205708,10.185410521554962,4.2257466133952395,12.787097005620144,10.30588614829541,4.37528222232762,10.568277680432033,8.877675819950465,3.156923244593497,5.393489874387071,8.351214141303608,15.854219777573348,19.013178198800404,3.855101905072902,11.745834276994977,0.0,8.045399797264825,14.391075474644442
20220531,Wind,174.97073039695346,12.897921108818691,7.3458179714265865,0.0,16.957171625753244,7.710234998983217,7.626282726016017,6.331350708187482,10.172079221312401,12.39229344618067,0.0,14.533250040616378,12.127779943459357,17.51828303188085,10.570733346899436,12.034932727727846,12.385408329439542,14.41923577329086,6.441433207605583,11.36898146612816,5.392309275562454,10.687264151004655,15.476338137369858,6.435967661975265,16.831738361153842
20220601,Solar,174.62617231031783,2.5495866221169097,7.3065365926593655,13.823395877176175,6.404976113874842,5.204060189520433,15.356880048750769,16.43159506486902,7.233548623598731,7.539916344597777,12.251318605289837,12.505050028275924,6.1390987746876995,7.036454879241584,2.830894068847382,12.73039876840275,3.5011914735659024,19.391855209743095,7.3765049231096045,10.221980529469425,16.06547860852784,3.583216950372907,19.919539973727712,3.9257362811429406,13.82461871044598
20220601,Wind,166.3909357907992,6.729078371198357,8.044868411172224,11.833433869275375,13.813665230659975,8.040584851895245,5.782385945700549,5.366303302603589,8.497597942712309,12.050709783425829,8.624541399103439,6.382035287963641,3.0147313350366733,7.984017676215533,0.9722483532985216,10.492911685656335,22.171674925219854,14.137796543012968,15.105237315127656,0.8581895406090068,6.1215428647396495,9.73074309680624,10.217773326499803,10.758433503444152,5.883119500671454
20220602,Solar,126.02702945247708,0.0045609355109610394,17.08270175496572,8.126688454639117,4.278925224318048,13.737674859227388,4.229433866026224,6.666378437122738,7.302158825246234,10.250690125785326,12.03431963607347,2.5700715396508422,13.713534228628228,11.605360711022596,9.89600680324829,10.207808086210495,11.187243193791382,13.423978185291729,0.0,8.645591028576206,6.389870840090265,9.74360803210808,4.186247019999028,10.178497411401306,7.775857851738584
20220602,Wind,98.59660937679446,17.793132584814074,9.986609562209338,15.624031533489381,8.83258548712693,11.78348048636028,12.30087897609543,10.849742598488982,7.540999943096942,8.58384085361454,4.1027339613082825,14.648954807158232,13.388364350467212,13.28390211281436,16.688187183058453,12.969717471441577,17.3904649621037,1.5574776180936722,7.069940464253859,1.7838904173116799,8.518701775332474,13.69032897528054,4.524230076225288,9.398403638800191,7.740144383097951
20220603,Solar,175.10009445332798,8.842252530273523,5.160185802691018,14.23998766981425,18.7063602810956,15.009344038109514,17.973918982433734,6.005243949234696,6.157392698607068,11.94260936625727,12.068370351699032,19.292992264839743,8.348675002510484,12.634836655145026,8.238981344507716,9.522656663435372,15.212935342174978,9.856240425225431,4.510385950788542,3.887718089170038,3.9168406749159446,20.5319929935337,15.908080961430235,17.491904954453368,1.335503836815204
20220603,Wind,64.6568718903475,20.834420174081558,5.211083215485163,10.880477441154246,6.960788967867579,8.858435676403756,13.749973526455758,14.375122509967795,6.197801307629075,7.534764070757763,16.492559298621064,6.6497207073643185,13.516008556701877,10.161468093389932,8.92457702448147,5.411209789016666,0.0,6.741916824093427,11.46789141042411,2.7441184758438375,13.169030699880409,0.0,10.844719213320761,13.292874580306268,14.88933278174733
20220604,Solar,136.60802837158445,14.014749632597475,8.745579102088154,10.175292089355564,15.556780920865465,18.01278595340822,2.964913096317333,6.045989388714102,0.0,1.078835635222628,10.948831298995845,14.126063235433062,5.969520298438144,8.472405126447255,15.753528632330092,9.648579966657806,13.722275517731287,2.4465165433849845,12.784498888527374,18.697200119080406,3.6577157391787516,14.00587397919679,5.1534989245965415,4.911567469387989,3.741337874898024
20220604,Wind,22.318449217570112,12.240491066755123,11.189289670140036,10.2548385879984,15.078233664998574,11.74039941849246,6.923334780155411,11.803166738533402,8.88162452811008,5.361388656231327,6.41379586684025,23.01467020847278,8.13841781539428,11.659114033262723,9.255920399863799,8.039740280987244,9.919319557172196,3.639462521737716,12.86580111494262,13.640184213333933,15.420028003770135,6.517530460901712,21.49594995329271,20.369413140016608,14.14302828020152
20220605,Solar,83.17987883208683,7.068861528595004,12.419900809830953,13.39969936417373,15.37370625110419,7.555412883293046,14.897991207884045,11.42241231498253,0.22210338891365478,4.760706875595271,6.632343035333434,9.051397987312768,12.036650720689952,0.0,13.884544865690785,9.648423021435846,9.687656316020453,13.339901796587622,17.541091306900878,17.00491380256963,3.2760144715749897,12.107709046644407,15.227062202281983,2.4237281467803076,6.365645436418838
20220605,Wind,106.14330307762877,4.768249821562901,10.620793019236077,5.712618267285059,3.6649901193936363,10.464759048451846,17.905551089543003,18.31944036204235,13.752795593537108,1.9794042103956389,12.8812065044762,9.152571634509439,15.169009106933533,19.34626915534042,23.33233855265079,14.421331541078803,9.873002179618219,7.2132946926611945,12.769977138604963,3.3826569660438,8.602098018011487,10.653546562942415,12.747350179123613,9.421257474233942,8.88853741110794
20220606,Solar,204.8362103814642,12.614857869484727,5.790633245414556,12.129915608925183,12.626004830078399,3.7596202370509135,11.143556626372108,15.826509331478642,7.2004107792742005,11.847000331738526,12.848221560965404,12.798660195892042,8.087803213951327,9.070970413045089,7.114678499425938,3.9896077572729185,15.273571436949183,2.6248341690029777,11.24469888468137,10.95382648280671,11.718895358535045,12.500670690556069,7.21014252963064,6.3488921390147315,12.790517651465391
20220606,Wind,184.40540122021343,9.642429953635089,7.8802935021960865,5.397045277652047,9.217007170415684,8.469074318761153,7.104137329461034,7.352362292731732,9.402952106418363,9.136166546947464,11.782709913633765,8.578242501298044,7.020451155327155,10.911488739310029,9.11472639453041,10.887372375092768,18.226846891354356,6.818500446131675,22.16693504814657,4.959531823844245,13.952839882099033,3.7845168417747477,16.194910255697355,11.852396742717877,17.637737078029254
20220607,Solar,122.30326580788788,3.3036484225734952,13.66953940932312,16.682775858761172,15.442484287645557,12.14987115113304,18.230094196843094,3.677537967638772,8.133951836240216,11.7697053290491,9.812374850028721,16.696164931195593,14.912535193111058,20.496899055914422,11.981090719474068,3.73707275728852,4.039392285732623,11.44733121150198,0.0,5.494402064662914,8.874964199245388,14.848106420458425,14.40943794096546,13.180687272778286,14.347310195753895
20220607,Wind,186.46848975648754,2.4157079174584073,4.269540197734523,12.660642857876173,1.724998001365774,13.058347540492946,9.627032074224159,14.18984420988718,8.779431123258862,12.603756778016878,11.014799876755454,7.97996287092876,13.063432089071686,6.293445528451571,17.45811878127353,5.409096614037711,10.386513382332128,6.628743805257852,21.0035441678249,12.34721597815334,6.486333137718686,10.204288938116907,9.467536008145885,7.935489855799447,9.410523680160294
20220608,Solar,194.38114816901984,5.206481354282081,7.671233034612688,6.558858691805352,11.838939445328016,7.949188885844016,6.970957129228197,6.733045826233367,16.31687407798359,13.782344183801209,9.675454583981438,9.84475482449555,10.743617500783964,21.660588508050928,9.42436611521921,17.869188173268967,17.009620820287534,3.9495334567209217,18.70967329446868,10.894016267055829,17.09522411122022,16.958664806750342,15.441757020736445,15.25227345922654,9.829003450809315
20220608,Wind,141.96675758126392,19.104836126331154,12.987314289406763,10.40297912014875,11.131876014200335,23.669452137613174,6.125337309124835,8.321616310481243,3.2425179403635918,12.034608705743906,8.095594803667863,2.7877778955037966,15.905594241116471,13.698305454770143,13.646346248712746,12.286532271369554,8.962943318045827,5.398974292295003,9.2577680844486,11.43115019677642,10.907337880652292,17.962234749635066,15.228730883314514,10.995342070430127,4.1146745875242505
20220609,Solar,80.7810927893155,21.06638959005652,14.376407133175881,5.7310680998597965,0.04941631375532385,9.138961284223557,4.024908265055725,4.70086154968182,1.8834153882875782,5.101957016028906,13.787384550767905,8.822082416888847,19.735027572390337,12.232699847412567,11.739425577571897,10.804705985714044,11.014904804205527,14.42230138894284,6.464787778088795,3.7193746314250307,9.146738331579245,11.184186178432261,11.369716322103958,17.305019429686592,13.183643906594655
20220609,Wind,139.60438449669428,11.024945736544549,9.035423144543087,17.52056418850398,5.572898219525114,1.6080297892842332,24.167902147282994,13.395059653934165,10.59686163331982,12.897627626254877,11.550584205705531,4.962101702826213,11.829583892641512,13.219493474205747,9.638800171362098,1.707640617993067,11.086426776210091,0.0,6.708532141671841,10.637958625167794,0.9067971698822486,14.949441345323113,4.265623974529782,14.64538010438586,9.589747490784733
20220610,Solar,145.1053797413932,10.744713981206441,7.94396594714592,18.114379922356047,0.8492389344157447,16.06633596004249,17.10478932730295,6.767534417812461,7.520601381303406,11.10902369603853,16.452708309611346,11.73031998950032,7.05064116567168,5.792575038231984,7.897892030555247,8.821298661373106,20.573852216563928,8.65986245165951,8.557351489248536,11.738530792066452,10.95785420584501,14.516882253688983,4.893228506883767,7.643747146913091,5.347968526389763
20220610,Wind,88.3772804584887,8.318398140852395,3.3894102927812995,13.48111841281424,6.368223490385466,13.035636519248385,6.718533419748612,9.824791558486057,11.79811960671973,20.950523895624137,15.58432690092016,1.6788390590587932,12.48654553268763,1.7552165716956347,6.9539236047540856,0.0,13.74179786278759,9.424249335151286,15.981782589745464,6.624000657843626,9.975082647918345,16.693537125746488,2.076087628283503,15.27586402060254,13.891163192847209
20220611,Solar,168.3523396464984,5.327573258452489,12.628199613635472,17.783282838272886,12.746085423325738,11.158444104776251,18.65912963360958,9.902484670537671,13.582886198706577,10.039591699365026,11.387402661720222,14.899437972842787,5.900330567236,4.0976815908270545,25.327629491879595,10.18626361112989,20.353101356209503,6.220566973536411,0.0,8.6403215311207,3.220592514801899,16.33159527791904,16.623056765114477,6.773778225943495,17.09627754496724
20220611,Wind,163.99059271511777,16.87589528803622,16.593898425733947,10.758979744362502,10.976827878243038,7.675395544541111,12.666510867015756,10.917803099569557,4.468283717174074,11.914498928664662,12.976903165981565,5.644134827896077,16.210813830896484,15.437082369794101,2.2947588751653814,3.765181505418526,18.71798962996612,5.2093073558893295,20.048676748424384,1.7735294919581779,6.094359904493557,4.180074100170858,2.6959994880909957,13.132522126352658,9.1082997288059
20220612,Solar,172.25213499470934,19.36788196948568,22.825770292998456,13.817562835873986,10.847000402967744,11.966732580132208,12.37054000659574,13.308192508598239,13.016944216324069,9.525871955928489,5.2140636763205945,18.920643500975558,6.491752830852913,5.322142349277719,2.7685515973952377,12.789218717796908,8.864791817982956,14.917145301006101,9.995338507043531,0.0,10.46677374175619,11.391173079983815,10.17050955663518,12.632459235056823,7.187607067528487
20220612,Wind,163.94615485837218,5.532904570803573,11.932230917590232,16.12362260954878,4.801259455343088,18.095081229988153,6.4104148494198565,8.785898140528895,4.890282565402469,10.244479253482739,9.612052610193757,16.85378696692746,9.034297870482792,1.7295081637182996,11.223702239465398,10.806519577759696,11.503906695473757,14.900058073760446,15.883972971124297,20.041599387199227,12.336978650491746,3.0583422995606258,2.0454423548063563,7.4148100245068,7.108988355346083
20220613,Solar,186.49215175574915,9.585808107876993,9.745601741780094,9.971282022420414,15.60225245755266,11.008164686700729,7.429364109270271,6.292862090567287,10.372875954690622,9.906933229584519,11.713314150421523,12.678227344114164,5.811617841283065,9.603416791225587,11.016329994673958,3.9195364805179223,20.260777082548636,10.526596010621592,3.851995091000109,11.024181206417172,4.908007567088823,7.390457532265786,18.418254939216023,0.028336399096441367,12.008236518212556
20220613,Wind,141.03359860634842,7.75066849644916,5.4009469342454635,10.355519286586725,9.9059016081933,2.64983206594537,9.787879827083795,0.7022768312227678,3.815431382030975,7.826882118996739,2.0863197236297593,2.3100508436361675,10.910866328854326,12.87351165410223,12.131764149297313,11.907965882272363,4.2913558049640255,7.283146808108365,13.61820837153993,8.205414025669366,4.9558212624351565,7.593312534134961,4.187367305974491,17.388555864771682,4.038085904204779
20220614,Solar,160.08925536854767,7.8988046256751145,0.6057154312842528,14.668283007144488,10.168519061287542,0.0,0.17225502779938617,10.51314814683835,10.660718785956641,10.886768288774581,12.147110301595687,6.860555708662336,11.087271439675108,10.193256424347139,5.627274912996617,20.466941321194934,13.805561849707606,10.563110542730866,11.933676504711302,13.99117442457046,10.578271302790894,12.925518538289195,11.613915578861103,12.094192212329727,10.377620440986606
20220614,Wind,130.11298578772337,15.92954127714931,10.884796248699166,13.232489827979967,14.701997844730652,11.922797803191928,7.5658992830046525,9.215004796909858,9.895613595390497,13.108802210615545,5.2038651270853205,5.518553532662204,13.713229771168196,13.031935151412979,4.867637524808025,8.986372813277875,13.85587490684446,12.021918311789834,12.820089014009124,5.649448202732558,5.793910583545257,8.849190018248436,2.1602345637888276,10.102762615224785,7.969926128006189
20220615,Solar,120.77503921890249,3.4401922731693912,21.751695600771516,6.222696398994736,5.043271261537307,5.070432293699461,10.022448156167135,6.447635849395039,4.485352556969274,7.902466603146706,5.752080547357507,6.14436784838823,10.598210939804977,15.77506688780219,8.572515854324383,14.401514761429608,8.617994397276805,9.44065223499583,6.540995768796539,10.550774531519501,8.99656926815675,9.20185339733067,14.354001430685281,10.093683140989189,12.527289706294951
20220615,Wind,216.91248153810378,12.332348454681531,16.354061148284565,0.0,11.142738849359615,9.501436413020981,16.547594532336188,10.312762310762679,3.2079432932612773,14.177866442551132,7.352572214173544,17.883927679315743,10.23133523846515,12.85639291236053,14.538071194489618,0.0,8.097864534652086,12.156766684897947,8.086717939407722,15.53125383986737,18.87659196590384,14.9957526861652,15.42382803816059,14.873882420270645,12.909242339422407
20220616,Solar,47.81156492367518,13.641190536529328,15.582821345568991,9.12235968701476,12.117312458007099,5.954611884933004,6.917262269657145,14.27991336307443,13.753192920484944,13.571551647998973,9.847466668796713,9.236781044845612,7.1305995580280745,9.229735961161424,4.911327857782152,12.338479722564069,8.783952607523158,8.231877670985066,3.8246898707050923,4.489672352880277,9.786700793325059,14.397132255739443,10.087920383365741,20.926383359407012,4.386501994882725
20220616,Wind,193.8379994577132,9.289244131990904,11.228014085289578,0.0,7.27215924853076,5.59545507901701,14.060690555572366,15.559440424735897,7.734997736608092,5.598688740866768,3.3598572148426973,6.710680908256914,8.568263452866416,7.27841164176725,10.755624084486252,7.153636545341881,13.512234369378536,0.0,13.820465626294126,7.539991414656409,15.11374974373172,11.379809605764942,9.670981904353395,14.513742208380659,13.338615371642234
20220617,Solar,118.97295622771696,14.465339134933863,11.79761580140161,5.044913319472259,13.26186690379888,6.173629333568664,0.0,2.3243129078780433,15.060154811161729,5.181551371909278,14.28321737306914,6.260452598703784,3.0354350950669726,13.854023076323903,7.43870230433841,8.654925883941571,17.364821956616577,9.032900684155383,16.71275440292523,3.0961854109820197,3.772488662125176,13.745845858522687,14.054796298585519,11.837786668288562,12.288849945552595
20220617,Wind,112.49809111784396,10.738259202687251,0.0,5.628565213998079,12.385615853147836,6.62562320041717,15.835150877363676,8.195693494923326,7.283031350876637,12.240767000534634,10.887091196810909,7.340811229869088,16.96850454009655,11.37657166502533,2.377595460223879,12.975572489435809,13.695070704777045,13.424678841596588,11.411568822303702,14.17610472804569,6.160757027088313,13.229705541678662,6.951976283276514,11.429830092219417,9.047044807252579
20220618,Solar,163.07887420327035,16.08564960578056,13.812552903819984,7.156788445299368,9.494116438612872,13.881179942414176,5.498265164441178,14.805126061992135,16.51089867809605,7.062321075104267,19.62489515280256,12.663097463761952,9.52849088769786,5.69616741502606,3.592961591654519,8.782591811805784,3.7111508448989996,10.153294419592013,0.0,11.026877783193449,6.054700382684859,19.824261779124644,15.444306434547148,11.820145875470843,7.847490440103608
20220618,Wind,75.51951938244986,2.3889734753707295,7.103297152120922,14.102190720817708,9.33924554932569,12.868218965682923,10.6513648453738,17.98020517261512,5.258052225060847,4.771446763652534,11.500402277599582,1.8645480645287338,18.203482158017348,16.510911032438212,14.551738900380347,1.9128097294889268,17.529270890365453,11.718343550114,16.783560448113764,15.85844535925314,4.48031697183536,8.956097361142158,11.48264051496758,4.981069856044648,7.876257374276608
20220619,Solar,109.19884640268985,8.256123694965654,6.491363267020563,15.188397703651301,12.617738289356526,3.9600558859441337,12.031715595896095,5.913681734207913,17.363732787556042,18.584487230767014,12.854025889514974,10.490893049696457,9.394854762612987,11.310815752418275,6.980835216050657,17.636101796593508,15.964636797800418,8.643345293323764,10.59566779430236,14.214118745286457,1.157931315969516,6.2401992975945735,2.1348204816832563,12.92516149927394,9.144211316023423
20220619,Wind,107.5430176743504,9.640934285744827,8.383715234756963,12.543703599036037,13.942355200065952,4.6413263681649575,11.050897786779299,16.891614646162886,10.87185931529031,5.168362178506574,5.730678661236842,12.117734164825459,0.4893784071482332,13.264567381700543,16.21904340108839,2.7489984116589197,8.771992308654088,9.035071117245916,0.0,8.692913094673834,10.96533492517031,11.01948113716311,19.233447911778946,3.447062506089696,5.34342418806676
20220620,Solar,138.93008709074527,0.0,8.214977552744926,13.162534880309027,10.314499587033202,11.895609522346863,9.466101206730174,3.249518588826905,11.998983703843557,2.3820227592038035,4.090948544433585,1.3231766974129655,7.748030387962637,8.039907326674058,9.813761900554974,5.802324047109638,6.727616723222128,10.854198671213725,1.4836296727577125,12.053900594198081,11.934436128884142,5.248137648519414,10.920058349651294,12.209392906114763,6.578261460957994
20220620,Wind,109.79311559196559,4.570236332107326,6.411822040141688,13.280602281843231,15.600947302034236,15.262511827177608,3.7924185731335527,15.741422815599726,4.979876932777865,6.081533057894427,13.095780612085836,2.9123653741274893,9.986968844970894,15.65357557276514,3.1608688639275107,10.64059282017982,5.459096508286399,19.717783533321246,4.731665868466354,12.107346943235347,5.271611902536184,8.160252582105267,8.309009366682494,7.641911349554096,11.021690643547531
20220621,Solar,230.05593428196343,5.932003728206069,10.06936036087988,0.0,13.292629812152917,15.185706799570628,5.552295408552536,8.591218338973292,13.646075914653935,11.15824096861282,4.5335501724662315,9.761463283405126,10.326751808602983,2.073208656641973,12.38599451482224,10.68716760723406,15.37168582763314,14.211410016938316,9.997952753072497,13.667282664473248,6.274191028759383,12.250611318776743,10.826844302317037,14.328690433886363,7.142198996283841
20220621,Wind,239.8508258248977,14.74102997411675,7.208612018959734,10.050988410035583,1.0576802513659245,4.985455796098842,14.98215971610802,17.814116328218752,13.819640662055864,10.367760386671067,13.209247427761573,17.2049132368895,13.384186133814909,18.37748748005398,5.9932942827142845,12.139862333497652,0.60309285409473,13.549874345275162,4.892501147586131,17.332079334683293,10.389846187140819,7.463221671327714,6.408031261211887,11.903386704256947,14.390865598298285
20220622,Solar,48.90032386259684,6.465783268426996,10.50161477878073,1.0177063941499742,2.975516512289288,14.946557159501124,7.013112706032932,7.679843918723531,8.377825712373932,19.436067150824158,18.5326223610575,16.0136406207302,10.869402422280354,0.3058026990577134,8.115773885317079,10.666343369288802,15.494351187479758,11.024029059255753,5.550254080908276,4.54760354896297,10.104040005883657,8.859518179301693,9.235574826621718,8.24599448233906,9.343554775861081
20220622,Wind,177.21613523828682,5.909605063470114,2.5641109272498355,12.545697378357703,15.911176095108306,1.11865182840575,9.483522033182538,8.450546366198306,0.0,6.1580352611361775,14.728843431218651,6.957651092996764,8.315018682737605,3.116890672187237,15.663620664220648,15.74209914758014,7.743351470050695,3.341399954425004,14.569643106586199,0.6184027497038846,15.165448624229734,8.635156570219621,13.946666821319903,4.947340771198973,7.625556559712966
20220623,Solar,192.93317195387874,14.087428903280959,8.929711146839914,0.0,8.766134342645511,8.985577914949804,2.53956871454709,9.33303685398076,4.433357170433164,11.180782034939615,12.85223308117687,17.04644217167396,5.425051488239813,11.259151189231778,3.551607228378828,12.451492805682205,11.424527824554296,16.128222779748953,15.936924220850482,4.743874848011491,15.66853960350837,7.833593547183481,13.43847654949526,17.380964187818524,11.657565634822493
20220623,Wind,177.14926011955527,1.9104467710497275,4.518522051568744,9.097807323246503,10.82087911398737,12.435132213043264,14.292866807624629,2.314749226385533,4.432596693040206,15.642444441945749,11.347485549047102,8.401866497743846,7.968158203689838,7.346219335973115,7.751923831273267,4.071498691267063,0.0,14.536277808896436,14.747414208712504,12.363908141794342,6.658435299434605,4.517639871864182,13.098474223485587,9.568181288094541,7.970352906573106
20220624,Solar,117.09432534541527,0.0,6.792753407510669,12.738848880097933,15.696452588295724,0.0,3.4025847992995493,1.1876366462067,12.246764087706739,6.704920757533258,8.08020020394142,8.358965649831946,13.022629218043672,8.358340513656538,4.582339986776206,0.0,1.1333096979827118,11.829626223466933,1.8200055458518583,12.068793351463038,9.661758752243427,15.061169901357554,6.994843292465493,18.69913622615424,6.101429589849874
20220624,Wind,137.79522189207293,8.192038499653268,10.716994215167652,4.411210258418441,9.967943913140795,20.46428462042731,14.579814043010536,12.550770965203558,7.674838302399285,13.518621040344858,9.427194304934254,10.470077513567936,14.292063545508638,7.344548095820142,4.048335374478248,10.7554390332841,6.603148785373253,9.78076651417463,14.715006635005919,7.155936538195606,4.995881195044226,16.850393190990307,5.696004502948703,3.8445900725736095,8.310287116630759
20220625,Solar,112.58626726111522,2.7614661596082235,1.9800119262252103,14.8085798025661,10.186338047946744,16.63347591488308,4.686441196782822,14.942311736766786,7.771951418638748,0.8391444957051286,7.172856631359553,14.197324565695133,6.630714930630763,6.084623055057881,7.6340440585792715,17.330714152364774,5.438036433635152,12.729579940612615,7.605494676031929,8.641139373244478,17.511201169191406,14.758067383002464,11.939462810422151,8.73532889469072,0.0
20220625,Wind,128.98679844205856,2.9516035267017546,5.887963113639313,12.533110849758733,5.656353836041356,13.235019861802945,15.072540151638874,13.037887514205517,7.168438650692913,18.793772697053694,3.422978911830963,6.955009024239429,15.034982281063828,11.584887271914384,5.712151284219959,3.7381354374017315,13.792121277397783,8.844488595323924,19.812765070655825,5.828515115186187,11.331540182477475,14.71367041736881,13.853898877720036,0.0,0.1459486565939272
20220626,Solar,89.5017485666412,12.86716895843991,12.84482192418167,11.904123479189549,11.849972536137603,5.174858962175393,10.05096457653163,3.7301219291073853,17.34645138910979,14.973788807536076,10.177136712908,8.009753505837123,12.84532036911391,9.757191206173033,8.630464884541697,4.7502539116956335,11.516007024815293,13.639727477261301,11.3013852377335,9.464528778030411,14.968820721221865,7.921513557699442,6.33698413342349,13.781220215079061,5.398415626194088
20220626,Wind,144.2605589182725,14.379869189562896,2.934110790670995,13.490007937552658,12.932561094834117,9.659481877114336,7.206213017764548,12.40094372536021,10.226759804149237,6.596625013955142,15.539445307776504,3.7591619491954296,5.5645789939407155,14.42417002929294,13.194200305159008,11.774277776308251,19.670317202133983,5.810493695625137,16.081972001668607,6.5313625193479385,8.183671516375313,10.876094886417178,8.861045704206814,14.190903324173126,4.031615594493917
20220627,Solar,74.85991443474651,13.944321079260625,18.88933570139404,8.203999561166722,7.110590814985719,13.952100848815109,18.00200877724062,5.048980131481478,10.988701677916485,14.14908888916858,3.5560074296445765,11.755132571718816,11.233525252782918,10.400859161450237,6.245697492108258,12.414966287681356,12.566654256674699,0.44973899279484475,12.780735235345329,18.184043626306003,15.103792717840603,6.103133371952409,11.96242023185734,6.97449783359832,13.250483238465362
20220627,Wind,139.99327228859312,15.543883301536164,16.022039780653234,10.759594318784044,5.389893108470666,4.38669216500093,9.655725035908835,12.038263541118324,6.903052442810056,16.565914497299666,16.99248216401663,14.666695949814606,11.848835314964035,7.915921798442659,2.659086341687842,15.611423420789329,6.749593683576235,3.99412591695115,12.16418352347133,16.614191838673705,13.721775209866301,9.325983173303513,9.521244248922066,6.728152623139823,16.299219519523938
20220628,Solar,87.57091554501177,16.20567160007401,7.527364577738604,10.050257861170996,23.131446275976142,9.097628843809915,8.190938533720104,15.656495726012187,9.851806714964018,3.5566570809163576,16.08592116430789,14.97312386674524,4.677785993934188,13.872340943982666,13.207379980053759,18.205551316161717,16.116732742350408,10.705110328501753,8.159541737062904,13.618943699616949,16.394512820107604,9.770412882871355,15.785998550767957,8.05784966078981,11.623974409018478
20220628,Wind,160.34081808957018,0.0,6.063951561074683,9.937255276919275,9.535457650758586,14.551919249054912,14.545589637990048,11.837334266675093,5.121553286473929,7.0006105051260965,11.98499412005948,3.1670975551991654,3.206811863046579,0.8388121469713905,6.212106485710338,11.180423974704748,7.684682659382325,8.491305471585267,16.03729479858616,10.15624819894499,3.2809367079573146,3.074391339940852,3.460247462262931,8.800586489809556,0.5164816793354032
20220629,Solar,116.02902195285546,12.252059799647332,11.00969951667741,6.639844616764615,6.581538301953543,2.5270249911347498,2.5977144424000196,17.34266951120966,11.718623387789648,16.73041706921466,12.025226741371988,8.085517528597292,12.369095227019182,0.0,19.138845006818446,5.366495726024038,7.3975590053543865,9.261292409230691,14.654975186098191,15.695993710847175,10.373997477151192,10.660737416524917,2.7350574091908095,7.202505281276722,2.9511475656119543
20220629,Wind,164.52901739372686,7.351959002152206,2.7626887148642023,3.7873394263864713,13.532932226461309,11.662123555102275,0.0,9.250062643236275,4.267232110134848,10.337364447199816,9.06876800244893,16.227339621695997,7.728620060275043,2.060889291734763,7.955019306393369,5.519417477589189,10.01061473729218,3.519591692481754,8.344652962922176,10.493693514240446,15.487703522128868,7.345793341160377,15.47934173470226,15.40459088721992,11.750818917668735
20220630,Solar,204.0790364182391,6.26287877004782,0.0,8.315708253552625,9.74602982386054,1.2261518518940984,15.789899868184383,8.916753393478174,13.721099227995792,12.180830828497417,10.21008301667643,11.160845864141624,17.560508552668193,8.282391149474694,9.32012407477645,7.281862466616974,18.095960822773506,11.50968007998813,7.798213878789953,10.805880668171051,5.321652476345219,11.32614542602355,13.08554439594949,7.655749382234359,9.141569946036084
20220630,Wind,229.47234680523542,12.802073161043527,7.703324379737167,8.040260464028664,4.571168383689486,5.280766222106733,5.818489606739841,10.336756488903903,6.325238636141196,10.350986143031452,7.682072631843679,10.170523755099115,18.60533139167662,11.957340590902728,0.0,15.15604275617713,15.255253399747664,4.816985992111417,6.437758005103783,1.3601048820002182,12.609398608295106,8.824534034751697,10.452658395597314,0.5184001312769737,0.7170789580159664
20220701,Solar,23.599770548975485,1.3485226005212414,9.329756167489041,6.316345062415551,12.415267858257225,7.477036971619528,14.323112126932497,3.2867945810062915,14.741964064941017,14.457444218329055,10.158190387895864,10.052665961797084,12.359946445507658,0.0,4.191331520988585,7.4995813261598006,15.099399194814879,12.482880104461156,14.087759636422522,11.303385964790344,12.856663217391889,11.732087868565731,8.330520479711762,8.725699235186148,5.713373374114639
20220701,Wind,108.29029530631087,1.2444569706384,10.472136121767653,14.260268909050122,5.734395154620906,12.567778063593893,10.230811858890103,7.985244621914412,19.53647128840988,12.564658202740166,10.699130805687538,12.707292734215022,14.758700533855592,9.941948940793933,0.0,14.80788656676972,19.80256317845958,2.92619438709092,11.181724411455171,3.5441229428631416,13.505237633955087,13.488952776175749,12.35334044534932,7.437925791884559,4.625971066715019
20220702,Solar,134.8456961443993,13.167863720408587,6.926296919410578,4.138966910721935,17.88229001077817,6.496054487468982,4.180052679362609,8.424334151299677,10.005505557625794,10.531086319610013,19.406220001757028,11.429579659020078,4.880732767183322,8.227110989623181,11.470436605213566,2.3758302247072436,14.98089333265553,5.806320288730817,11.438313353008535,7.985853531323185,11.668688710430768,3.7331099892768673,10.944285376171443,3.46096714927123,17.285104041427
20220702,Wind,173.01639091907415,12.438930087554489,16.369733647374737,9.142454205543793,12.472523148762011,10.627741956645755,13.036412098370983,8.580000283565598,16.558075610714447,0.0,12.828080221893496,7.123070383495435,3.340516569707024,10.684810552696716,9.591016242069397,11.435803582604857,3.857730940498356,5.134171612257208,8.197498689124389,10.844827591158245,13.088016503627133,8.401944188315458,11.497271610740555,10.945499015800815,13.526385281635742
20220703,Solar,67.48227479227353,10.683663279357551,2.524301707580583,15.831698557806261,8.61559787736958,6.5638593109588355,7.949149048844612,11.341455835817062,13.757244744927094,13.200053152574709,8.95298465752961,14.405297580429515,9.292928439703509,0.46209001123013516,13.150616052154277,6.244540186618823,12.691614042652509,12.868986024825007,17.288982759870265,5.506537145756763,12.163735134821444,6.76007923487364,9.66201353607895,0.3697424131586591,8.562559900389815
20220703,Wind,100.89537965998922,,,,,,,,,,,,,,,,,,,,,,,,
20220704,Solar,156.5178601328555,13.719148172910621,12.433179780724057,16.081469425486414,14.516440605490967,16.253307538930745,4.743518139016237,4.271930080697496,10.554638887592539,3.8023056362148635,6.433708658415428,16.610622120560002,11.538188543813844,10.162535133881581,14.807359677421948,8.71862867409377,2.408874621832686,12.123469618218273,13.910688855118993,15.258652753143242,6.41150230404237,18.488919531939484,14.591739686699192,9.834729007018556,10.728971326171294
20220704,Wind,154.24441207633336,13.40151446030238,4.191763071814294,7.046097113128865,10.929806267803993,4.248859108788807,1.3358062291413564,15.660347983192356,12.505993528446114,4.142005458821986,7.257854379406668,5.520228940796869,6.081618146772871,3.9141062225121512,8.874799063976825,13.98765398582317,9.923149100466343,15.702117260573713,14.909623612751648,5.580944910703905,11.702064858881855,10.212106353995003,14.5197322141366,7.183255511773591,10.395916492784028
20220705,Solar,168.88092032100465,10.426522575237271,3.9983977390134164,13.921440628638535,20.61054728616774,13.795769869735924,12.015124410913689,0.0,12.988576577131479,12.587992978347984,14.553478458714576,12.739449710204877,10.952279034982935,10.647206453816647,10.427063902891938,7.8254308580032585,4.660743143166465,18.90007204986377,8.412869990072373,10.586958090802414,16.093964131014236,12.022498023543994,12.286288473063443,4.270419060833831,19.133204818522675
20220705,Wind,172.1837863444058,4.113394793651143,10.616773961035818,4.685148015109341,15.679337581977622,9.99468057262509,5.3229962777740365,13.08185534436422,10.891034024874962,10.971625340671347,7.530164495846781,9.176185245184952,9.134490409238339,17.474200631970547,12.894710106894152,9.870134247210641,10.642349427126296,11.155795035698656,2.7507264950600794,3.767690123189973,6.081385689214503,2.630098342202766,9.981555423915445,2.6831350053501124,17.043901147493436
20220706,Solar,166.92972165579312,7.873758271352466,4.7323868984198425,8.620630220917297,12.43803683780561,7.122231555460047,9.826389361475725,8.132201596011583,10.826556981636106,0.12603209039169783,6.912320266426951,7.6181109993016936,13.186761860968161,3.566753030890312,6.0263599004641115,14.040407810938579,15.676177873444303,4.490272328426885,11.912564373217604,4.165381209999024,6.544445530857817,11.515468219727982,12.222574125848706,14.408512225608737,17.62450759888348
20220706,Wind,159.68276583157464,14.189168387622214,9.334577860396564,9.091220946099034,5.31507063245758,3.912385837949409,9.091387527438133,10.800612408317258,10.025436790576169,5.88989147927211,7.037437019849469,16.787854612999105,11.63169390197713,2.5259868671995878,5.309937766433798,9.490541705656986,16.713681659732647,16.25614321598129,15.982447454135494,11.55017465223521,12.621835442199773,8.706175201565545,15.975223652190033,8.502625883714195,11.6539400449886
20220707,Solar,152.7869886663184,16.635956114008934,6.5007172017112165,7.120798939009949,9.265559480490046,4.268818464504544,5.292216594101647,17.790493926669697,10.665880429968427,11.569215494510173,6.354104739116709,13.714530555471738,7.980384294492914,9.409800634862009,17.70033619871413,10.29155264297597,9.079065995251332,17.55677719255561,18.85988456237939,13.567182823528867,16.910465000885488,16.79276920377991,9.227576936747436,1.6064493352748699,8.310934992714703
20220707,Wind,183.23815448621815,8.367316983118357,5.691681483136302,8.190930059577374,12.394374850262263,6.306774876210267,2.385501429305897,9.344086070673386,3.881605148504772,13.383384345844341,15.635925376717596,9.705243348839941,3.1580716745074855,9.836485952365937,0.969178958105108,13.802375457703503,13.306939214063622,9.700785441159208,13.285546185110295,2.4538214874116173,9.328714424966716,8.862566324423257,8.63767212392542,9.94106452114264,3.796682315077058
20220708,Solar,38.03386667178874,8.751635160958688,0.0,7.533120362513237,5.885692921209308,9.249727963894289,22.668554145650646,13.126940027528846,8.81894609510661,7.07840390087099,10.713515379309925,18.725856898288786,10.812552939295578,13.547024085708037,12.500020426614315,9.616236126111922,2.479683729487717,16.5931881324049,6.931352291464972,20.24328902255683,10.47767635311466,5.8970216629782435,12.467879879424954,8.634057238906955,5.023458319272463
20220708,Wind,227.21667434856172,9.191554459874695,10.697815764106686,5.088030944491523,16.467134374814748,13.017548180782008,9.757337370108758,10.292834838409577,2.7350932259423577,9.262717557508186,8.588426877492457,14.898745965246134,1.2876172956655263,17.37646424659174,11.706058582711764,2.075942356056167,1.2577408806503143,11.666492438963408,13.466527284696214,7.5156170343046185,11.819254644232588,3.2859858626746896,13.691563007855073,17.064866323295277,15.070508225605039
20220709,Solar,39.7758974559838,11.37446504455486,3.764050039435356,14.282067530028957,5.129213291109797,8.498803700388189,19.116914763801486,9.453119151233476,7.51186158623012,5.60323947152689,10.146408199283528,5.972613675327786,16.230534554179375,13.900004160320117,4.3833971271438035,7.1447982096480125,15.597976682861223,1.7040859712244738,12.502651576127093,11.03700903869303,7.566135286619953,10.905285319106506,9.497524708322882,7.940255111281801,3.6286886196291848
20220709,Wind,96.0419091547754,7.094663499699882,9.158788982347401,9.087749985628653,6.81387150977049,8.833445740588905,15.824683918633951,8.834123510798186,7.045972244495557,16.619618370807654,11.086452548623377,0.0,12.64467040152085,3.061565752108809,6.660784707695438,0.38274766797072646,0.0,6.844991347804342,11.609279510700665,7.329413304598008,20.96868462190465,7.282806311612027,12.252547232149793,14.897010029093,9.102482077519063
20220710,Solar,138.66196016749277,0.0,7.439475508257175,11.00718271958643,7.188504075525593,9.580048883388475,8.394173492547957,13.505291742531133,6.726685131647297,10.872941387630046,6.26353239461724,10.534302491090097,14.213872861434874,4.6447908230722925,8.215794850048983,8.750290586334735,6.563370493039232,7.474173220995915,5.576819477442757,8.578027574742913,5.376858159353631,16.086466050201103,5.798397517700724,8.906122918774388,3.074004218762888
20220710,Wind,183.6306445544921,15.963845008235483,8.967459706500584,10.818884355964274,13.719122303165665,12.383888457193644,10.904823186699044,6.3419906693932955,4.739959211054762,6.661558585926267,3.0520219631789267,16.9174902741117,5.152579833451514,6.008496751846372,11.083361428818993,12.356562774957508,13.384534588223701,8.18158729966278,12.992330904518763,17.591732916023087,10.45022629702211,13.166214281488127,9.945176627976359,4.09186112031355,9.513356474368612
20220711,Solar,0.23665546001918614,18.97344473581275,9.251623129933696,10.27363212555011,5.975318164146135,13.224014095982552,10.75957890983574,4.339884057243683,11.346386368984435,4.21849283912591,16.69251359069297,13.05325332497369,11.780405524882642,13.88837735728649,11.758356346100372,10.622991681475018,11.103107262569283,5.332713131538938,12.349518772460335,17.527356470906128,10.530586872225589,9.495148923013403,17.76468271387326,12.357729127072794,4.693146226769348
20220711,Wind,148.5937838029083,6.938000701971437,10.968141254591316,10.464022730282148,1.0001171479047255,3.0651726221407607,19.2210034446622,10.372374867155438,8.409648471440695,3.665563156005157,14.940118716282283,17.869818607167275,6.666985971085584,13.033530500276745,9.845352279101807,16.973285611100174,0.0,5.176557242394852,22.138321121005795,1.7477946213177153,0.0,13.136353165421108,13.038622789057706,16.088061919951343,13.319943847265348
20220712,Solar,189.61975197078672,4.6667331554061295,6.361203492542785,8.472913899844894,15.440194178808564,8.589626451283442,14.149168458217064,10.963920017942476,7.8978687212350005,19.057773596261654,11.88901296931818,7.008435759730346,10.74534856591281,16.307684921086043,10.941963160674904,16.41334130992083,12.628290583118082,16.729669880168714,10.437516576321936,7.181678282766023,5.7884102076029995,18.715998654956525,6.764827831986738,14.534446079789884,8.78029054145584
20220712,Wind,199.72590580142383,9.314497388048888,16.213482396366842,17.091984342574314,7.778068574472191,16.137020086739607,5.963636269868646,0.8792091730051999,2.962130027518617,9.13244077902442,14.595969683310514,9.413879180554233,5.007819351243256,12.790567700595233,13.297251341885193,11.283677770623594,5.693556582300224,1.316591127075274,18.47685323445588,24.753203186262326,3.2390654323967327,4.200452888549918,7.434287288474819,11.569810859598999,5.955196444760954
20220713,Solar,115.13351707512706,9.062480581356136,0.7629996957221163,13.803723808176795,4.657461839240314,3.4194002314002283,11.758094182773624,9.947562856946682,8.510694039015052,8.002394549108756,19.571820242154637,9.53529196573408,9.58279069676464,6.862644247756217,13.06631614922834,0.0,10.60407735358569,6.379862195898156,16.95653040613604,7.8349070396809255,13.601378322528763,6.8245558796918635,3.7824988375149102,14.986433117596357,5.218348207193324
20220713,Wind,134.9582356522484,14.977592885814797,8.867044407363855,10.091910163855099,6.2257072339873,10.371564452244794,14.021571707101264,3.8656153939274454,15.727663999579825,8.933780927341493,7.322981484219108,11.206106141553226,3.1073474984340343,9.015996613323555,17.671532032407942,13.356724665945194,6.880002313659908,13.105245123941923,10.249710282060974,12.113406437362213,1.5339888247482814,19.708271849333045,18.11746939203595,10.851626142132401,10.669008032631037
20220714,Solar,119.1925935553686,10.27319720822519,14.181154882054336,7.764727820169684,18.583813745921752,9.145779981016096,4.123404755474628,13.134215537239102,15.804031549301707,6.848951069315889,4.3998297126546895,13.837213911780026,9.199847048295222,2.692891267026626,15.215678679211024,6.141472117328988,6.539062438670833,7.212585748644366,16.185977722239556,15.68193263551117,14.709396207885746,6.227843817933694,5.027082748609778,10.409613699898653,10.253560612768588
20220714,Wind,130.36626732369578,6.036885848144084,12.383862765013019,9.405895786354598,6.714781513635446,7.166622050316943,12.470746724026759,0.9815757205168341,11.867562898592228,9.464947534607118,13.307583106388238,18.161848337972877,1.778091334898464,13.140721101911277,10.088956619634574,14.406141960981481,1.0018486928074566,12.00169279763266,6.083067862992585,14.266254826889055,4.101157313343772,13.311637447065515,0.0,2.6369472281802597,7.238747019311078
20220715,Solar,98.40867246357826,3.407952747209755,5.125822117357016,12.08810758185873,9.383159473115493,17.95391325521679,16.7274447810256,19.625379149315446,8.524230124400804,10.174642018024844,2.6658701503071516,19.21347110834813,18.735568544653084,6.869700770397433,13.20341033794731,11.56325163474067,8.20485749321624,7.993075031430274,9.039128850653977,0.0,14.80759694093107,15.93521724875089,2.9671466647489355,11.061550920417137,8.4091574866934
20220715,Wind,105.5373918764541,14.328170924098368,5.9587725350598815,17.49970046268156,7.76540818856992,10.184179044339373,5.71263674187427,8.309007916820864,12.794914151122628,10.07501766071094,10.189863269365897,18.33285384439898,10.802024935344745,16.12149142428123,12.119115725485313,13.28041824236842,16.180943834422163,12.187177135131147,7.321105578326586,11.669820065292328,3.0177226914984043,9.921133420582528,10.265039107630953,17.539764367133476,7.53577376835625
20220716,Solar,171.7188461014184,12.997556205821247,4.966037203366981,3.1347622766747776,3.8366872828312184,17.55572535972157,6.403407162077453,5.675190257563438,6.663232059116543,3.6870110066177277,8.507842918196216,13.345405561309494,10.02840108069824,13.001484900770178,10.822032901779261,12.508346882409,7.886819687187056,4.810229670436458,9.212333316340477,18.746540869899807,12.120179189810994,13.447252724725956,6.4149238657157275,1.8199121868441015,0.0
20220716,Wind,156.5807686636371,15.302799390459095,12.996138153321946,13.298873793208887,6.286407188765184,10.02813602622205,15.802362526736697,8.585137698159034,8.503738720583097,14.462154900240968,13.369438922043816,8.288887547262908,13.380285277246319,19.689997631245568,5.657007840266357,21.95090458041382,8.114047351769855,0.7073286175569848,0.0,10.146988233130877,14.675699495725073,8.530362077183232,10.646772620808749,3.439142785294096,9.805189991544584
20220717,Solar,174.57932537952368,5.159066246394531,6.300381357422458,15.633618183893173,3.4944579649675256,12.301279446588659,8.228818435467536,12.781354293169457,6.287387787014554,7.235202834297167,7.58862601121386,11.12949215887447,3.503465896388789,12.098979550408588,10.811279372858683,12.605916216548055,6.4774560068703995,7.994538997493391,18.99689654729253,4.794096808719763,12.865553826726684,19.083323837633944,11.707556075732096,8.364585014319845,2.220960318994434
20220717,Wind,160.70071948504184,19.192184497641648,11.275615440617251,2.566407650473841,14.77940637840357,7.113892455365097,5.089957932904506,14.452350446174686,14.54183213582045,6.706683263945932,15.998848888517411,13.276163801668318,6.096245165500107,12.005366251266615,0.0,3.59930108609357,3.5694134170354253,1.0591174728765984,8.47746776538556,4.8894315376372,3.894406388703273,7.790613562617993,6.880077584755545,3.221386920394708,5.5630183630268455
20220718,Solar,185.21693005737978,1.2815274647138153,11.321507070379775,9.094245616343626,10.504395323067978,7.169531623511231,14.411365215170377,8.628443449875816,13.900029804958184,6.480869917337287,6.2655824723438505,10.67534032506155,12.655299074737849,9.087408532725432,15.361625921632177,15.35656221691838,5.011087672864259,9.665663982997627,13.934750097285688,9.004655273033258,15.648855669838134,5.2270456701203525,5.40145988802182,13.42140106284282,11.60425238250172
20220718,Wind,193.91069990774974,,,,,,,,,,,,,,,,,,,,,,,,
20220719,Solar,62.9141690066948,0.4520861640154916,11.566256299008517,12.152648058385171,6.455446375047054,12.138487288167955,10.471969537480389,3.938514331889096,18.65626154645282,11.338988326436564,6.667931446692909,7.688141756098905,6.401749598126313,8.706740794068676,9.20407483221632,16.72596510162088,22.29623561543719,4.376500749168343,8.641862910488571,24.448181831573475,0.0,13.549777205402556,11.492031054395643,13.402982113883905,17.640128369373695
20220719,Wind,107.28451747928187,6.048343091507661,5.944279926247683,8.20824533822224,5.705698769271902,12.989935332959273,15.622913142243519,11.431938493703726,12.062572903854734,14.4749098617,12.742272476124363,14.3402100007502,13.24022854905634,14.99574012371132,7.896408615126229,17.714425266987938,14.87769484046786,17.360156279038872,3.6142759639425917,8.551056877940237,10.553467945749462,10.74528240622852,0.0,15.021707734694095,6.013571336690294
20220720,Solar,138.43120212549806,17.805114652239794,2.6992486896680044,9.349304665599373,17.668798841776646,11.883391434772877,15.978176215972779,14.936635647552258,11.781137731681559,6.385053906830934,4.926771066528147,8.767496885851068,11.513656435886327,3.2569476690891905,13.27251275271877,13.109227494267218,13.100191680107574,11.368590873488653,5.429718788301928,12.809839614860223,24.16855583075972,10.16524713607717,2.3139587271894912,13.284512365206862,7.944052818179618
20220720,Wind,148.86612372563295,14.156821272379947,8.620736426811273,7.94472096360763,15.289885160340674,3.3178953649795764,9.585885455886102,15.58737625792059,11.24560123270044,0.7843710730911413,9.87943078414291,10.12086591004199,12.527786363495606,10.316636013349479,19.18757040101072,3.6118329035080956,19.957480033685655,2.3189001300052925,8.821643990607628,2.277090854006328,15.582408056877497,7.520020211749352,1.0360498810725471,10.102175309000645,10.811270805973777
20220721,Solar,116.49547130909832,7.26889792256409,9.404570787863408,13.600817163841343,11.92382510885511,5.968156616437922,19.871631937763517,10.840462877053909,3.688565911333781,4.864427011957881,16.610457950804143,9.607893107749378,11.948692401249906,1.6683431354431644,11.875399483162193,7.698405642981913,12.339641710695767,9.758463398015975,7.626793576211907,1.5752249712724764,7.5049446162721845,6.326585487938542,9.202588946817489,12.671355094714567,9.81421456661057
20220721,Wind,195.60118354941528,7.405814785891559,0.0,11.145164802990692,4.431542424558642,14.249714430743476,17.916949767134987,14.836497830907113,5.528600842963147,7.758570253529738,10.575026000708705,5.5390032435274605,6.592985000747501,11.864875744471505,19.511239278596996,16.7037575849179,15.373139574995676,9.285241425312135,5.131075663999355,7.515449649065037,12.72016487974308,6.971356666677778,11.01408780361999,4.223494136067293,15.23826859602867
20220722,Solar,248.99741841452993,10.50311055417721,6.430729198534934,11.154633820198278,18.72498133863967,0.20767317298331256,0.07850775054695447,19.561746087960003,9.726810231568948,3.842823442843737,15.915385905588241,9.143646363514387,9.620761815893164,7.707351921387327,13.921771077699825,19.995012936871543,11.069624850245004,0.0,6.5645363009289435,12.227190373778413,8.035801324792933,11.56351745964829,9.142514126389639,11.29855936358848,13.200574462174469
20220722,Wind,159.3080977790867,12.570704953803613,11.486762714137765,10.803109125407268,9.63948420114826,11.463036207528017,4.849412882834093,15.95173856368146,9.768082606143496,7.006341554989644,9.868627600362913,7.710913712142522,0.7147190469519371,12.518109827505178,5.972987521793509,10.309630672468927,12.2601115851725,11.738258808487533,12.305790379178404,9.568370897653915,15.072865159648162,8.966292392638543,6.857939260437755,6.90802745153756,16.940965996208597
20220723,Solar,154.21705160991056,16.257896913413482,7.338221648669126,12.862454402260685,7.846624357524821,9.440599504654093,0.0,14.610189507021857,12.948813501052182,7.242365878596331,7.474753698449281,6.540964029635898,7.4458389816466894,6.28750925167581,12.438646265987673,8.626002922539794,2.9574693643189165,14.764110590689302,14.384440378893299,10.266301485032493,5.928984590945785,2.544864288514571,15.109682054513138,14.453858601509857,1.92132474043762
20220723,Wind,192.47281275521655,7.718829976957528,14.843118928529185,8.690140725718383,15.714798684591399,14.247909337361797,8.376425026376229,5.96721408453858,6.6606644547280975,9.922549889415363,10.859912472812251,4.708455103929559,8.773283513475352,8.715107883329637,11.950340447508374,4.099362791819403,8.450148623471732,7.8857627450667,4.1676366759766985,8.627543584987565,16.042868401211575,7.897462304846334,11.602444520456558,13.551145554450883,13.931336339590269
20220724,Solar,56.7080122398282,1.9410746825639924,2.2082177763974,18.503873937704633,9.88852439373135,12.083105930353776,3.9439090084996833,14.813098102140016,10.35343350378272,2.725227668738545,13.09198327941651,9.496983857873586,13.133767166602997,13.161780574415388,5.970039406075829,4.164753309475894,7.190381563242174,8.53968564108951,5.599531781390863,9.86129316039201,14.602008702160024,8.936532574907474,5.439402868160138,5.948080692499697,5.093233223956345
20220724,Wind,151.4234470219205,10.7848431352438,13.384414100766083,3.8260262439074024,4.171649571840587,6.68009860145769,5.928408006301627,12.306162389443736,10.442800655517415,12.900566864961528,0.4723005616592135,13.090850507354775,12.560754515152876,10.629406390278605,7.961368220459888,11.163910689111843,6.9251766196131035,7.2139901429358355,11.075117304359837,8.530816122235084,13.213097057883031,12.548977712691986,5.764199546635488,11.758293696377384,12.223012765873644
20220725,Solar,198.95179127337585,7.712845812458026,14.569448707629764,1.370407759151756,10.201512997492909,6.453249808491683,15.45284073391436,13.253228141835692,10.640975408880623,18.30469409349895,12.611425221793395,15.602900475964814,6.239590995182269,17.713966679756094,7.8622485382261145,13.503740761361385,6.631701384953816,11.927270610714121,9.182708272755733,3.2517916632520114,20.35411633850837,11.460033103346724,6.1891352269848685,11.965579382793036,8.780945045390519
20220725,Wind,117.84230013994441,3.4968314762577632,14.782482379207682,0.9565971569571341,6.09325599214618,7.386082635015404,1.225854701324599,16.305531394722557,10.082072585266408,17.14558602740051,5.300824135860004,3.0292615384495694,6.128970305830404,7.592269344746815,10.501127395800447,2.5632250776761545,17.155052474612276,8.752686773566852,8.168763538332405,2.5424749216144105,15.029223504403909,18.777140340935308,8.262867854695926,7.629632247607064,6.556485430998587
20220726,Solar,88.67197100490174,11.488344576563971,2.1707180767281065,0.0,0.0,12.900315236853139,10.648678705154065,11.792789241840953,2.9807999072400193,7.079779263508712,4.057811085196498,18.032018968019802,16.53487149419001,7.1600615546489665,8.599806124248394,14.146684697429537,8.15729236296784,8.95187376689209,14.611993745457982,16.797007167094364,15.107920942819264,5.102424824579443,10.175924561873792,10.112277139318989,15.86988723317878
20220726,Wind,140.7097194950111,8.934431229536054,11.572763979286922,13.365849074101261,5.59144903924934,0.0,10.618382212402073,9.487268346692684,0.0,13.343275805791796,12.692883334142175,11.464727444903353,8.53045800262033,16.183959050518137,11.34333422809765,16.86138666528489,9.277705539965524,5.952907262277231,10.924065872706787,5.88389018699384,15.632008865762119,12.765244180174655,12.066925145098645,12.557699586608084,1.6128659986949623
20220727,Solar,146.96572833990396,11.532561032348973,6.656229407392425,12.756838496413204,7.361322145660746,10.786897221785308,9.58805356223928,4.6506709616954005,5.291181820963702,12.751269029510055,16.69251463739736,4.364856379906038,10.571249595760024,8.16406733521413,12.153431263611362,13.152951039370508,21.323700974669794,20.20667194780315,1.8842300926752642,8.797271832977342,13.568753804830939,13.173994315013823,5.883362867813926,7.7164604291020975,19.06447171850797
20220727,Wind,104.56738590422708,5.527778999064098,2.9692877900854944,16.038882458877975,4.22177445353476,5.584827063863163,10.653893409898865,8.517418411773376,7.344384886005477,9.782374185353845,11.082030924064092,7.98151083272221,13.92624320012307,7.933908648576463,16.33834216856673,18.264309166470753,13.877289907385652,8.701943374976322,6.002541166722974,15.949748622458968,12.320981831292825,11.396291101569416,3.218176332750957,5.570711186867116,13.155823396185633
20220728,Solar,254.80806380254754,12.433552651627494,7.930661375131458,4.71680892647239,12.876232660570189,10.954176489036284,0.0,11.06426133581342,4.10774065474781,10.885028205875619,3.222963240734508,0.6130711605754013,9.602491659805096,11.915507531697482,12.745698960790778,11.777349124064648,10.039803413085718,13.50292758575415,1.694582474618207,8.651886605125117,6.613658943862298,8.514426374094226,11.967463865678402,11.139216805721198,10.84548385271206
20220728,Wind,126.06518094960272,3.414509016225107,5.475110040495953,13.727307273727504,6.112761213356092,11.722488932516843,5.95222742101154,11.388096700912643,9.721630655628253,13.415218984295219,6.647197448554854,1.89120798232436,9.241700389157387,9.180730699183785,6.490295907013714,11.826833847794818,15.291947197904369,11.327326374766757,9.10407334217767,14.38741764596382,6.6823299623473975,6.582193615587564,14.144525236011924,17.416950426331795,9.25704014856572
20220729,Solar,92.31703242867157,5.861343051517085,14.603752340819348,10.28412031074653,12.392131004172281,1.6883670853565635,17.715004326286948,11.21938149335162,15.450534843940993,14.416879021867206,7.908664125704422,18.607125110119732,8.423340587785539,8.442273369404438,20.55551457203237,11.731314190514434,6.654441477036587,0.0,3.3594166212315715,5.559833259355351,12.160252484018057,9.79603528573377,18.550779284791716,9.237115610295906,8.146986325560889
20220729,Wind,145.31893404646942,8.785428844563612,12.565316715067846,10.832932495779296,3.833401318158426,8.865667864996844,4.0156445724515955,14.797549298805219,13.630165827139397,5.941638682991365,10.980484701143677,6.503495281802605,7.454635002591355,6.535021336511658,6.522663829666219,16.797115337312757,7.876706126429843,8.146500983237207,1.1944679743811648,17.776934461537337,13.046016680185284,1.0604113233799761,12.023737854702112,8.239117347647618,12.342485259461943
20220730,Solar,195.39303188522456,18.709092074798573,4.237777659455661,13.128114476748038,14.546094605412693,10.777851784001234,18.333054067820996,14.326823501085606,12.331666477068053,13.738456949913415,9.64060075831853,12.684461921543965,10.714512635856716,16.811624745073434,8.062038108369883,12.68819724624914,8.191688345218049,4.235124185513433,0.0,11.135084041163768,10.089122631025626,5.3804541852896195,6.350332333918299,6.036951022362647,3.031240729675032
20220730,Wind,150.87071244991154,13.924126842742469,6.378893430845355,6.218591244687782,3.617587366667542,10.439750476375739,2.965887941107969,9.689558792717014,14.926553693312515,18.332312617427228,12.476149017217528,9.444044463630178,0.88768169996427,9.246783019457705,12.987479101716366,7.351231323115,11.24777528103227,14.88367534941679,19.922011450220992,9.86578390589265,7.592103243312399,5.1258490940003,13.053309799540003,15.750375410073655,0.0
20220731,Solar,174.27969600220013,15.385962521338948,8.096512871916882,22.936245677022438,0.0,9.388995234420175,2.3647968379383943,5.76368946272026,5.376884778348851,14.410908210087698,14.999864153214666,10.089048634815496,8.194417669658474,7.189258053094138,24.476498439439972,12.117158489627615,12.33356792945112,3.668097971512122,3.1731674087851003,9.175924181113176,9.31946121724078,12.51851758647715,9.245831018699578,14.37594727648315,10.428513827367118
20220731,Wind,106.42447028334213,17.08538516671572,9.637974263410515,16.65940152137677,16.186312925816136,3.8955624009299417,5.241105913679518,11.91678968388786,7.7160186516453795,17.682314576449304,11.723722890954773,11.840135695844987,12.701254414284927,8.515582071320347,12.007927257458585,12.16723721486449,5.253928305099356,12.474100828476365,8.421711980530505,13.825214042651602,9.735827828929821,13.126922269268492,3.273874998641524,9.268903834011974,6.270515195693081
20220801,Solar,224.38442232017567,28.014160679054367,15.031891374018903,7.341470230023198,5.720530981344144,4.656859846767291,15.645414841434594,21.231687738077273,13.074234315291111,0.0,14.490403462890518,0.0,12.118394946826026,11.774607493765687,6.792090639670386,8.93833016254897,12.034943174787502,14.98246162428089,10.297395417749847,11.18114809042543,11.375298686744708,4.638610476344885,9.757686169438363,6.0631147712144005,5.419850631896526
20220801,Wind,178.08555139592215,,,,,,,,,,,,,,,,,,,,,,,,
20220802,Solar,202.38507844388047,17.102004615649278,10.2569598448742,9.560479190976542,12.82295950604035,12.770227854198769,11.727034942195713,8.520380238133901,7.9008675492443485,11.321256349541029,26.479522299637754,9.50645003692762,14.18708754504426,9.154404272068247,1.4708785830546167,10.457429481400286,7.661500297983446,10.01888466853893,13.104460824986186,7.759808249221265,15.828543213015093,2.6841933180550512,17.167887254858027,5.722854837801071,16.021133242721305
20220802,Wind,168.25803162375846,15.063176272009706,8.696755750525389,10.911292217910212,13.951316591906266,9.422145790966994,10.36818461008602,12.679180762335804,19.31209560954634,15.13542348611783,12.765902969181269,7.478597634099685,12.041288530081273,5.686028533169595,10.054790938125484,13.526435095068642,9.172362933012728,8.020448266405133,9.744960664524026,11.609892159371636,9.446528254887586,14.888823253111138,10.356733041418837,7.533669592740018,19.10306712620849
20220803,Solar,191.2442018864392,14.980162516537629,1.1332298269626395,15.328076298541554,15.227362502330363,9.741233803536435,9.727689086348402,12.978681293806368,10.477210389316614,4.371869212107989,13.4202431572682,12.340032353318755,10.14331471010266,19.59434627133588,12.723728848088712,12.54880138840743,4.315245303524302,9.382491903566535,7.732001041442466,5.158963550384553,6.783410242913218,14.575308027553694,5.923315157954708,7.196154968850709,9.741367282577135
20220803,Wind,106.34737201613864,18.871198090200906,16.459988130630283,4.15639544215837,10.563396731245346,1.4725327807755295,16.37059046303787,12.92325300202888,18.81813100100369,7.469294541141412,18.788404051939185,6.394406015547528,7.717333988368666,10.677754822046296,2.900933316497224,6.371131641793747,2.4554282016271403,3.2995070638986688,11.09871530879537,7.480780073715717,9.596014555339966,13.247491995007536,0.5654366158518809,6.309567606576972,9.221723451905111
20220804,Solar,125.42947916552188,7.9034348450776175,7.764517010671714,11.427434715995831,10.620277089192694,9.831986013693973,13.857589704935195,16.864400975228506,0.8835166679861506,14.502683664903241,10.440894014293878,11.041059851415893,12.516341267392443,9.47036306739479,11.109861006887963,5.102249508409923,4.264391727683617,10.889382471695468,11.047153842630141,8.059954957043455,4.493061021510706,17.516437287104146,3.8545578289908233,15.575636022839044,12.115721532284514
20220804,Wind,217.32402977780148,7.5065748803181025,17.774201202131287,2.3549248779260545,16.406700120971543,13.168185359913414,4.285484014188119,11.930464784767352,6.845668476983528,4.70165721271084,6.77245844299857,9.173004364840416,11.617447654172205,10.35917298953982,3.4321398420994464,6.423682531181552,13.603184857027838,15.257439213861366,10.253543644727856,17.974883978218042,20.066614004051353,18.889393679107286,5.148855156353504,17.926322987701905,11.816951044329254
20220805,Solar,227.98709736419818,11.598827567409307,10.980546460659177,12.181787967055595,10.55679247849049,0.7908021271286036,8.622146082041679,16.627061177051743,12.044082903259639,11.211571287256906,16.532170229594694,13.555050551109458,8.12858983186009,3.7727000782458866,5.377975818892444,9.59420954296605,12.615095145427247,5.638051590235495,13.204454651580948,12.9890550231857,13.277576880717774,5.03304860308603,18.331262470968905,4.55339228391781,7.398931033034573
20220805,Wind,92.64672001404615,9.086501140390565,20.12642104310722,9.462478897709747,6.35911576601695,7.322968706275147,18.71719910015416,11.15117056868755,10.468662898865396,9.915307085472255,16.825714833006305,8.93026850074187,5.664541588631128,9.772971669154616,13.158741603079582,17.957635184439205,19.63772132464979,10.091923308486667,6.871314182549036,11.645220324844383,9.936876607923042,8.027962516385085,9.04512079559687,7.143247466265042,16.06482719289369
20220806,Solar,162.4868033931906,11.592504264990865,13.031607666831581,19.683398811428816,12.928792800811118,2.1482543422759726,11.597808945839677,17.562491337544365,0.0,9.020346665669932,10.767531525289574,4.849898771336317,9.734509272878693,13.798039838127123,6.2618678511558805,9.762941206793329,10.191382546350907,9.482686251716965,8.996016277450915,4.171067832608877,17.082288196003965,13.90138836717904,9.552003986319889,5.2604684324368565,15.661783369852488
20220806,Wind,128.45280997573863,17.813743925265058,2.839901843895606,2.2699872789016173,0.0,7.898589626350565,2.4607701795434,16.03367597869802,8.852104097138913,12.86349321048445,18.798137689221015,11.811709329423408,15.780034817135505,16.100601263528123,16.550408667034603,11.86877326960729,10.258549670111357,11.563221852787326,3.3709043093682336,6.576548445593522,8.974775257419497,0.0,15.505953520888923,11.59242363627011,13.714543708153844
20220807,Solar,115.14842653175693,7.609266386468608,6.9279225986939394,16.853041907450525,16.59779400780107,5.495040512145385,2.814805488116048,14.608997057764503,22.365087983093517,4.42249606310317,9.583570953774384,8.646927377873848,10.551036898656488,8.208947514011669,7.078109686929471,14.365078876068557,11.685721013405493,7.317844787810615,8.775332574155042,14.25130621498558,9.832689133178226,8.746373210672221,13.013186679347118,8.301008196815033,18.89059455676299
20220807,Wind,164.2419847677725,8.476605187031348,9.154325196640176,1.4808433241689078,16.702195679825458,11.904544168208014,14.45072654283112,13.945928678814502,11.234563859150487,6.099416091849371,14.661414745615739,0.8950137687453996,10.141987543146843,10.939767097581152,15.547209275079137,8.205734667248256,4.665203037367078,2.4572683590100497,6.809255974768041,13.300529773820134,6.47924472073779,14.813366646451236,8.689603915954068,4.8468839344633565,13.871430587973022
20220808,Solar,207.0481466182704,10.871555017632886,5.63108556445838,3.363948627967479,15.990833340615394,10.846197817131959,13.512186585880318,21.50758838535209,13.022179999993938,9.3037560227652,17.57766198376836,10.988281462585313,12.115834934495044,16.1898687272272,21.32607591888721,7.92663884043127,14.517024375469687,4.398816452072252,15.276795129400847,2.897393251594176,5.297259456196188,8.256892471433929,15.732345024276492,18.263060022568062,6.718982371507344
20220808,Wind,172.5831236642097,8.858407869874153,8.11469591408978,1.6145272076391737,15.798859811888471,16.45752202817022,5.393172124313342,15.38308794333216,6.780284160374287,3.9940881741454293,10.491645077114075,7.3127811704095285,12.406602844887592,10.187644242738925,6.271593110148154,15.257895597615468,11.91042305633973,0.0,2.6877180077060006,16.99703397169558,11.054126388936407,13.658674495315953,6.579950696398598,12.438505747927685,10.395336315437893
20220809,Solar,134.02437750404826,0.42997085993256356,3.165304207089453,11.25176304225527,9.579123373294385,9.729610753497532,13.738150894871733,5.75341497687744,11.216420736981705,16.15460901166521,12.283990549181068,11.728783182266847,11.244536310907174,13.597373655598206,22.330143367903656,12.84085133380687,5.263198855170783,13.880292070172136,7.623866347859615,5.696787202183925,15.320090126429585,0.0,11.418313223536469,5.102763794478907,14.699671113550092
20220809,Wind,175.743058996758,7.099361786505302,10.028606405495612,4.131505946231332,9.466588077534889,11.692439010521367,17.996960683596246,11.229502757341605,9.938359008823394,6.006164312849787,15.1300755552688,5.724736716902884,9.789598343243943,12.121556363189235,10.067430552639692,7.180055742698178,11.85836508775218,11.988286757044856,7.379135038900957,11.791540407663522,5.60866256949701,11.420187157571284,3.7237073160680345,17.533531192929058,4.742278528317565
20220810,Solar,132.00119132095494,13.436866211187523,11.187059745054698,3.2583424735973097,3.851799551145719,7.211462591757611,17.289294198303004,8.676416158863692,15.59407215869454,13.93164800020447,8.169075458938927,3.9680821898942984,7.459089783672957,6.678620606061644,6.837163493737503,7.938271976394861,13.792312333753241,9.92731995749677,13.354034630886003,23.667528569959238,8.803636370117474,7.6955641881101045,11.301056303999076,4.265739050381331,8.636071987413786
20220810,Wind,170.60571503653009,17.18773375466323,4.979452963969406,11.013838008116903,18.74020625855524,4.484676743857106,18.021390184112285,20.322381583989753,15.435004433899136,5.622483465263423,5.929241422407538,15.900621489945346,15.024283621055137,5.41932708054211,8.51979446087011,10.4265835258864,3.3427112369557923,6.514678646778861,3.6181124507430673,7.908110324485402,8.98219895361541,8.873624632883159,15.088712221106338,13.072257679542954,2.0841138145487004
20220811,Solar,219.82328502278665,4.226907162311367,19.70127146740956,12.258876929373452,7.574909134868611,14.173812173450434,12.777443875314024,16.257187797977288,12.0375807241037,13.520986030713757,16.664909050887726,14.215739913891253,7.865191687707549,15.296606176418322,7.982773173836229,11.648104278058431,15.286522062954573,9.189662863855876,10.018604910837649,10.837667727498504,13.857742226482609,5.260662788228403,14.356507866080435,22.0892064427047,20.057690780580675
20220811,Wind,46.14201703495861,4.203588003845785,10.317566306402295,10.199246520751629,11.699426548759405,16.216275267735398,9.111700904350561,20.159755123105427,10.354829077972724,1.9557566277655225,11.533829173310464,9.967102067539718,17.861642939307842,0.0,17.00895149942678,16.2198885651547,7.748788450624727,9.857485410425832,10.393266939375989,7.20604830677787,7.842824509566104,17.99606631893808,14.510728397163492,9.344035664637044,12.036166832872624
20220812,Solar,189.8626149270017,10.151169013586678,5.916295669385439,9.188904254892236,11.27022641477389,13.528278496191264,7.98759959766582,6.2000273588260875,1.6044623205197928,17.04307700522254,7.472052300012276,12.188835438343412,10.771793029929183,6.656885687180468,16.589186962351967,12.659975056206454,0.0,7.393660525571518,14.618392812439314,10.876269482224341,13.765621917305918,10.344678458707442,24.438862716954016,8.558557599951149,12.981719981420598
20220812,Wind,73.04725392147657,0.0,1.8523035001739119,19.144548162185888,3.297904091979218,10.656140615647663,9.913065556935784,15.508373392749814,1.4302228145225326,15.675665025533169,10.470583858403671,14.052073332673062,10.263456125443223,3.0234976545604364,16.52984075813173,5.082467417471742,14.859817890216032,7.584027669371075,5.725528758233796,17.125631293035504,13.57709595897499,10.728633172977558,8.662169021957883,10.837982617094257,2.457453186742745
20220813,Solar,211.41638552722307,7.775148985064363,10.299714446985842,10.729181331209851,1.2766248793839718,5.129532227573619,5.61988347771567,3.1773550848198386,10.409554566987588,7.237082459387238,12.542661479832717,9.949051498949292,13.799892099197825,15.303969434974064,3.50293545914326,6.068607261563115,16.71367312787326,16.547447130707955,3.4629906186965096,9.027283504145807,6.6901813739968405,20.307958123517686,5.481268345315019,21.12745048089849,15.560039384401467
20220813,Wind,118.14871950635697,1.3197897022430327,8.697557335933238,14.028457369611246,10.027933104336741,15.70814086713473,8.203506377404848,2.0393383293100866,14.373170557308278,5.871796839614331,2.1535033088552415,3.957468557988938,6.734069232914881,16.82390736263039,10.946513454029946,11.548612600734403,4.3822709033937555,3.74591618442862,12.375241732604579,8.528464480594566,8.534802705072401,5.3755912728541935,12.280221996971202,17.381116340850202,11.555243931360474
20220814,Solar,89.1164311196758,16.845306499212327,13.915204536432215,10.714610628449794,7.7312194119424555,12.897546578185061,16.375598741488005,8.01521933762953,16.658730284780855,12.289012562500604,13.579964487920472,11.49734659057904,12.869336204929164,6.378336937108967,2.251528449226016,10.713904891230118,1.6449458378385229,14.964337757105902,3.025925325061759,15.51775072467271,10.402402831414568,10.699565773821325,5.598341044717553,7.7830612484252715,1.008023643152931
20220814,Wind,184.76346135443737,6.1533442282479776,9.28314867514016,4.510618558726579,9.552815703783324,20.124393046647228,1.9546449578125336,17.561875687478526,5.551306248131895,2.3694688909812545,12.04223101920954,15.011108406041707,10.57629127600405,23.82451571577232,15.055492665851508,5.780140185023609,16.639292465499334,1.9243609326060873,7.38630458876353,3.6838462044168194,7.815000200112695,6.5939323423626135,4.335449100623632,11.522664327959768,12.28383981545156
20220815,Solar,168.20850315712053,18.264170931695137,4.0314060886563645,12.749438409510084,15.327078151016163,4.227880248800469,2.296651371542908,5.036924795230441,2.4538070317936067,10.173760433971255,18.275495405547886,12.96590691070903,12.054406711422876,16.886082711847564,7.581733463747656,15.264485287997308,6.913193024153859,18.038886079526264,8.806903717154537,10.415590132921542,5.525746048015348,6.3518841134170945,8.737989461721751,14.614560995537987,5.110873190002201
20220815,Wind,100.0406548519171,15.567606767291695,18.353591480887907,6.721013442651039,11.124720752685114,14.3128325062369,14.152653022092142,9.915940765883784,14.664795764472911,5.962057825410802,8.905043414206927,10.296519184434432,6.582027480609577,10.985776530182639,12.515390752864713,0.0,16.72441243751369,0.0,13.078721791795662,6.361530291286503,17.412050927445453,11.53905204358528,19.901393319001436,7.85507508726885,10.282637595880068
20220816,Solar,87.35001214158031,6.768413511512916,12.178124397535928,9.545069309803818,13.792612703823654,12.74553252437399,8.249135376582627,15.944214341029431,5.926541164508204,8.72844942361013,16.885587167541292,12.826455224432527,6.5351479348617225,17.499947571205826,7.490707467066115,11.678120696891233,1.0401907243092923,12.326943877413969,2.291216411272506,8.810108984088302,1.086770484935573,8.590721153941585,13.44516801110082,4.34203555343514,13.763827018752101
20220816,Wind,140.62592562543588,4.640201815769612,8.729456442008207,11.527013409467132,12.226640810877887,8.28986399875972,0.3717848772083321,14.232065805796516,2.1146586616359233,6.780756144631658,9.776772293340937,8.883775349394849,0.8374120667841778,6.791358534211968,1.220735259611867,2.265197691720174,17.02578060133246,6.706516884781399,8.519437837552895,5.563268344484031,11.164054597127471,19.89106945198781,11.902469856550995,15.42174249028193,10.974567560169525
20220817,Solar,89.79565249144017,9.032271254162056,10.823192657248692,0.2929096655667851,8.418329033800841,16.81917440101552,9.693329218297798,21.080932893564295,7.531609209404496,6.008156835531091,10.695870443296943,15.220876076612779,7.7137327903211625,8.617046331635828,14.425766225602782,14.40349228393896,15.366761476885923,9.16488912544481,10.130214046995636,2.855938116439729,16.82266579659763,18.911290576796464,1.6360982825657233,12.548805414296076,0.779343344875536
20220817,Wind,96.92635135381862,9.476766878708984,12.37020978280829,1.9524893805413557,4.990984164034681,12.01172574212274,8.979392075931964,10.016859961049304,7.444505166378773,18.52397078812293,11.404756244289977,16.735902902449087,7.4514680790838295,12.316052047145638,14.811955733211764,8.67504985985785,12.702817882754804,9.323927885422908,5.694841760281626,0.0,5.97147253974934,9.187589523926139,6.885390446772027,11.594324016951239,11.322563526470542
20220818,Solar,155.78103952107168,11.730734719762006,2.8557169305328243,14.547295862487818,11.323589340567342,5.315534857691731,7.84457761754333,7.7918522768466625,16.600855381536736,13.90271741668486,20.46626662714061,3.519087236414822,6.663148326970999,6.53974162991965,10.69684561187932,13.738632957959021,0.0,13.028089548020361,8.211907228385652,7.7363837769036214,10.131754759318572,2.294900149118928,17.162799763384726,15.534331224548332,14.261177735253131
20220818,Wind,101.70641828724517,6.117283552349106,10.78847109981405,6.681267767005279,10.419463096730457,9.408304918627952,13.42853013240742,4.527594594605114,14.328169573407676,2.6006850891392705,3.802547011862046,15.57967210767063,9.42269142843211,3.578448244508886,0.0,8.0450290139026,8.18796701582508,0.19213302547364086,14.44524500801469,11.1397403253132,14.513928686798154,8.544178484756667,8.650158336413497,4.27357936579679,8.998227861678126
20220819,Solar,171.32696450132715,13.731974367611015,7.749382633530542,6.9183900544556955,14.575781687523737,5.255705964484437,3.334022156042015,8.160000299413,6.313064486183347,5.620932976162957,12.475375894154341,21.186421924007778,10.321326858068579,5.310040285851957,13.75177155620367,16.628717874096072,15.0375634647884,9.846033850570894,7.464622351577368,14.066197845229786,0.0,15.23759672015963,20.97469536087614,8.841442451530465,12.57878383686606
20220819,Wind,224.50717979417385,,,,,,,,,,,,,,,,,,,,,,,,
20220820,Solar,142.5722292549709,8.29802421642068,6.299090376968609,8.071637014390653,8.513292274422387,13.519130767698664,8.945137526937813,1.0177736004519278,10.625129289571767,14.843434219022539,9.857324194125137,14.918786469050783,12.828946431209427,12.34657672377363,12.582881568161651,14.397448256517956,7.388263117876618,6.693486580924256,14.428046330192327,10.761517483120658,2.1385560365752845,18.02322369022501,9.247674935341983,12.83825043445809,0.0
20220820,Wind,156.50755309927922,6.439796722909884,6.976490724514587,12.087941908213947,8.852503081092001,14.946370226171082,10.189126139558521,19.81696290671044,15.304178176470469,3.0745865217357693,12.915053796351447,6.764517342850437,13.25239255188762,8.31054767026945,7.5469860042292405,6.9607586706267135,11.98224469111905,9.444718800147255,8.9094462809902,12.796274251117463,14.816705120255154,12.905823339056413,8.43011650118202,13.140066949580019,16.251750148209148
20220821,Solar,250.90483664177435,9.075575084506571,18.314355492820287,9.744391056334779,5.406366824972771,11.106061668946825,1.339069209316398,10.244533996376962,16.63589254061106,13.493024243456517,15.530005356511275,7.481465814016359,13.461497726990203,1.8007878796150645,8.060194175118653,11.875499659414457,4.205135064829356,6.679362548497694,16.691702639633654,11.800991519016785,6.037846501562145,4.14572127680032,9.674746860249417,10.529212125958153,7.201806021131584
20220821,Wind,90.61994413113266,5.915493740862155,16.15456045441068,10.993014750902246,17.234549724102287,6.249625617052338,7.3867555592999565,22.957334356145637,8.687035499652358,11.325145580665112,12.658160432909444,8.95245192470547,11.376564978792599,12.351602552921081,12.48808752330814,12.085449630598097,16.50251138272503,12.773864272496965,1.8080640721142494,11.28875387372292,18.92225199709306,6.699480790554976,2.740897071888233,0.7943628326866226,6.377576835845461
20220822,Solar,209.5617597590371,10.292193474417937,0.0,6.490708048788737,15.698143773078808,11.908042101976786,10.098845955186139,5.803557816637581,12.856597870635085,0.29165017467199017,16.176023504980172,7.987753418776861,10.276134415568954,16.366870701395126,5.895475380355295,3.0378939910412206,15.513037093928356,11.81976256871822,8.633070677070952,0.0,5.225336205192784,7.405942726375373,14.865308832769001,5.910022039986354,6.525326304558124
20220822,Wind,203.5428798956241,10.42719342609955,15.783809912321558,10.967974116404639,3.934850855209766,13.616998189788186,12.705798181489483,7.855956956479951,7.966207677832913,7.984011408033454,8.745194036853963,3.4408804710756105,14.645518044759749,6.700276049245093,9.166579370529524,14.987074986990562,11.210954968634315,11.084914886868006,13.881454609924434,9.402029231693508,12.248253155000704,5.9698815353139665,12.208490879055825,14.5672690283665,16.152311012717867
20220823,Solar,192.71586695868916,11.308536417381697,9.631739868711216,15.52544543417722,14.019740709862747,0.1394412738014117,19.231982527062495,6.123154941214475,14.65051130959634,9.319183418247487,9.757238906544858,9.136693095708718,13.4664292490337,18.313952970883374,12.547994291580657,11.968512371489872,12.17012879044596,13.311938953684015,6.403293475806936,9.588607164306607,5.618072227569549,4.272697845652363,8.71903613824763,7.2908662744513535,17.368457209717782
20220823,Wind,214.58739253663157,18.83121204835927,6.459089685504942,7.161258919429007,0.774974680338173,10.582393875154587,14.029741943695104,6.796219675036178,10.451375719018614,10.242459026836741,4.995644237956096,14.181915252124554,2.5901707871277857,14.344365710848784,20.83224564158181,10.584705285766285,7.297630226852886,16.23593864988742,8.828112274224262,12.726911107042694,8.813512270824342,7.12465647157341,9.442445240705885,9.150342742152887,12.361940995285185
20220824,Solar,164.02874829793095,9.337776401502138,4.964126321461749,14.576591501360756,14.926446165555113,9.049051008003344,12.305776003167075,14.368018721047218,14.801611095328482,3.3970860633998856,19.914528450457688,3.5073810807986963,9.136059972798748,4.729209702672649,9.627653410029863,11.925890772769709,12.94853998891397,5.042459187374416,16.316542383783506,16.93746851095176,9.97868675717199,8.096516077980281,14.048950777595346,11.456972340799558,7.594651014034321
20220824,Wind,120.85352522003662,15.022989335622412,5.254411858600058,9.742198408386754,6.518247744461623,14.768556277047862,16.357373961401887,12.831619831321873,17.623783319092315,6.184922479076466,9.06643765461721,10.895659441884236,0.9829977424481429,6.76045281870379,14.197446574011213,10.62615767321972,7.011402449979803,21.110662338215274,6.126565103435385,8.70434235003123,10.12898172477184,16.495469174878902,20.14883221278796,5.115531000099213,24.545598192983643
20220825,Solar,204.72866456102838,,,,,,,,,,,,,,,,,,,,,,,,
20220825,Wind,206.64211058564476,8.80877849050773,4.364337081590782,10.643856591765555,0.3524515522916405,12.421758507363927,17.769640818174278,16.711357960759702,9.53270072129074,7.321621416701246,13.033313618134322,8.49342118949338,7.455624022898744,9.073616370647137,18.473164221696805,7.642889064769109,7.537955644483584,7.494272168171086,13.733261267607348,10.652652119802855,17.136692996681465,12.490906412314533,10.928783757082405,9.937141312003448,6.737103337922513
20220826,Solar,205.2656950746644,9.40420365024383,3.2270016946367885,9.832945399510368,4.006478841610248,7.590445168095189,15.596363950310577,15.536775220837416,9.615860617050012,7.405012763735919,15.53539730361522,12.482627206557265,9.360035403640342,0.0,5.959809539275151,14.180918658662103,17.17762785158241,21.49802198433321,10.38317872963067,10.108908195498897,6.253099446828697,11.74799300043996,5.886949564242997,8.146086520224507,15.123352395706975
20220826,Wind,152.2251041159618,,,,,,,,,,,,,,,,,,,,,,,,
20220827,Solar,114.19027431933367,11.398838538641082,11.616969275328437,16.067987811511244,6.495459083086098,14.71842484901944,19.619775878666456,7.380907181654867,6.436028400843278,11.548183075552087,15.933437386139834,8.13783576508598,1.119550597189246,7.231828356771926,12.55607687055784,9.139911693029319,4.982773037129412,3.944557672475452,4.875420907053639,12.645404817870606,4.1814373191651235,15.735549684995156,10.613471089661418,2.840962223833674,20.45252259777801
20220827,Wind,159.56811270558055,5.203396173905152,10.250450742853985,11.180486471075378,5.800185648139006,9.675601335148617,12.234676574533392,10.607414050358187,14.662867601676709,18.871128622572897,8.483490889003132,15.304453096984513,13.87547938821508,19.452799526805315,6.100428956818595,19.2312226195624,16.68812301889869,7.450880619315904,13.65518683498127,9.119422031490563,3.0432980785859853,7.828196153602651,6.083814505220637,7.326419123785104,5.768310018953459
20220828,Solar,197.1115008783918,2.6732980827751653,12.77928225775928,12.392654154541987,16.97930848726049,10.87334777865787,20.96484488030869,28.639166723815936,14.849406035074178,14.354443767732832,17.15309777113719,12.803052134386345,6.4652864208661835,11.134628131875386,15.404541995739654,12.25800817901437,6.009910268830828,7.210740958024254,3.728325623688712,12.49619991451407,6.665448395408857,8.32078401824906,10.775990647599667,13.444659631801528,9.096077485848168
20220828,Wind,201.2175894929983,13.271486967371377,9.668150803949729,8.157575432116493,21.054796056364374,2.32021350778967,11.515911271416531,13.862000710656876,6.327161709497359,16.584316947548764,7.295454981582219,17.86737558802649,12.446880983855769,6.009923098696339,6.690963263711672,10.975000384208146,19.264349960269627,15.424685592401316,11.956192090494621,8.90613515861024,18.41665724146097,11.895574626492628,11.453241826228561,24.729028864416286,17.664040009455753
20220829,Solar,128.51619364627024,14.490619162906295,3.4666033467760418,17.85443236997513,14.685069684097416,9.657299818363922,7.19035070244682,10.533444042033947,10.822873088693678,7.596221574881586,13.677236623641967,9.667857052227582,6.602811330703119,7.807346409986663,14.15311961580602,12.869804088114671,17.854752938683273,9.43605756604516,7.407992299982303,2.7477544115026795,1.5620345679075565,22.49868435345637,13.58463339982261,10.596556942240868,12.440675399966693
20220829,Wind,165.7686448063695,13.728179164014014,12.47220461746803,13.201685554648359,4.540597141324682,0.0,6.162316783232967,13.366373608728757,9.053667889602563,4.980384248785351,10.213549099572313,8.391177391687503,7.511838227454237,12.125437760576203,15.338509868512775,9.47616355545426,20.963861621554365,10.50043982949496,8.026283629981542,4.218903272274832,12.881522621039657,7.173133077707113,4.142346743075241,13.354211742119126,8.518417848622033
20220830,Solar,84.5610847757022,,,,,,,,,,,,,,,,,,,,,,,,
20220830,Wind,199.24750515029254,13.836123137266444,13.23307150994467,9.38673163872663,2.1928387017580886,10.317577788634496,7.143525289851669,11.312127555011523,21.043073816729493,9.918945300576198,2.92017773683423,15.891584387165544,8.254264178310713,7.073269054473373,13.542154839221435,9.89321205150979,8.597557913769853,15.830645932007641,12.49748515715246,18.313541360560155,6.283947642655218,11.446677199384183,8.429056428620576,11.46729345457159,4.320207221556335
20220831,Solar,110.83456216374681,13.567145130085711,4.170399985215196,14.889541346365553,8.47754272962337,13.835153972422853,16.356942784793468,14.773310924050364,13.542342890009621,13.651589000647684,6.285235696886964,9.256514833905799,10.852537901809486,7.233957474824866,22.654372745794237,14.097141405459954,8.486183614317948,8.387140346484232,17.809712162141768,16.426273811482957,13.224928774227648,13.4192789877957,11.302503760620315,13.410143163869424,3.5263376168245464
20220831,Wind,189.2627679785774,13.938146794774774,6.562616867982373,6.968979614773703,10.273888834936866,5.004200282740121,9.855128777248742,9.855021577293295,6.649112727150429,5.588498877074791,14.962784459569159,9.561781059413116,11.3866118868323,12.398651871874987,12.082721358306685,4.658599965594358,11.87590906339692,8.974872849911774,10.55667287346473,15.173517116885233,13.202145808371109,7.828211187310995,11.007917145323296,5.205720410387151,14.858976440463454
20220901,Solar,92.5347711304919,5.702295893289432,8.193041797160426,1.0856249186433353,19.620189219193744,11.86842071735051,1.9298866371879542,6.217233729764061,9.607902359546634,13.24288549383821,0.28422402116903833,19.80486561549286,2.864350462257569,3.091424909915801,10.549196518728017,1.0208980045929772,4.929912388841233,6.556600350283027,6.399851908627378,8.918065243551938,9.812644125030282,7.031253621284034,22.890362600924593,8.214169350056338,13.928111329466057
20220901,Wind,201.5707953217004,4.515241014226845,13.372024005284743,10.361997997122277,14.563295687758627,17.34246702181064,11.065021579358444,9.61062973660154,17.009641265513658,9.123752567950541,11.669729866129572,3.277606972206825,12.388943652633776,4.565502953605439,11.681164668627577,12.013167643994102,0.0,7.896480666748311,2.802228741834658,14.883385392170444,9.248050719573312,3.6433256503480935,0.0,11.249483070886198,12.605360746624362
20220902,Solar,166.09175950113854,8.057153766238647,10.879986260636976,15.950022865571718,7.681211526002401,6.796280671421888,10.627565215551432,8.402116957019082,2.9566153780784488,7.695495077658653,11.23445261256992,11.784100634890025,5.311928571548146,5.36177564761291,16.356633592014624,8.080967529150493,8.001678297140536,12.625787493806653,15.799727750431574,14.488932745122554,8.77242308875457,11.685233270072947,15.551171957893025,5.16813717454872,4.474878024144129
20220902,Wind,110.93211521915268,9.913079452286723,10.100006610754622,17.95654405592337,5.275218646101251,2.264735391386713,7.656961894154947,3.214362901645514,6.924711672555705,8.166221171749942,1.5885218423537906,9.692721262436496,4.444684610104729,4.479531079015099,21.64637642796516,9.036685008742479,10.204639568381598,13.643281750453937,10.876869117389756,2.729132779385756,5.780353222188649,19.72166262943487,15.293598026626606,12.166640489454364,8.544687673340515
20220903,Solar,184.56781905402627,8.790394364338553,19.428343925276526,9.4635302828306,15.010963269016273,11.449199785285442,11.337960109921353,7.14223919903696,13.549819660033549,12.452167086239388,6.015524279892837,8.746955213828025,6.366989229486586,5.881830610726387,9.167671273784595,0.0,12.777632679890342,18.499155022541203,8.841932526005134,6.068833679641878,10.826955856475141,18.56227939148975,5.423506512692623,0.4178035202824082,11.630643426301848
20220903,Wind,120.48191540973346,0.6165483433106234,0.8150841938742726,10.217938319708917,7.333205213898223,4.040014967318536,9.779452834355514,3.0359360683477776,16.47165626602696,13.870706581721949,6.006075721568162,5.2331868539543125,14.072439967947464,14.484311090957846,5.438103373296771,18.503127693741323,11.986122050879754,9.479696343177807,10.292576799670389,12.68742299954393,7.4744374052653875,11.504107840647503,7.638393922721784,14.060882295785369,16.30345540730918
20220904,Solar,187.47775187225642,18.60846306067571,4.8081117864972445,12.597652162579775,11.083700439324875,5.905007132632401,13.168826836882833,3.8160255475198768,13.044839511368064,8.167929211395712,10.263457355528704,6.680403000096688,1.9981515276827566,15.181779403701094,15.812747182852886,10.522784909727001,10.704136758820688,8.681159336389856,13.8333169588115,7.554543797682498,10.807622967395499,7.919035007549933,18.807872020832257,9.247950056748161,11.80507531725535
20220904,Wind,136.29442623096392,8.629770055571322,4.594057609805043,8.678252905681175,3.151117553704422,14.61668470851243,12.874894693416103,4.2952775606676505,6.966525423913471,11.721549142116647,17.331678913688542,7.95954651435644,13.254989207205588,11.358535263615371,3.1845593211237624,16.672872639451068,15.84735434482846,11.985812982367122,7.949642781747583,6.463802922455097,6.949709078520995,11.909869680153527,6.889166679753475,13.470554124098546,10.659548856277715
20220905,Solar,63.94764371851686,10.863522082884769,1.146738450388628,12.582029741955743,12.846289276121002,19.384496376883405,11.82451428199536,14.76725649112931,12.682676506631964,11.70408197166589,15.374809636489125,12.478702562744186,11.69776482285377,11.07406388121565,11.28879389301226,3.03710487406593,5.6368890892639865,7.6557052497527005,6.669935277720946,14.118084060507494,6.7136100691154805,8.375590816756109,6.972250316977557,14.984562400465178,5.358613276149244
20220905,Wind,100.87918797595314,16.222744953815294,6.402402435569863,9.572991244658661,12.443475728737393,4.996549418292574,3.505720481149676,17.445825316797503,12.071463833682904,13.69168430015813,8.198457757839785,14.262205562969658,10.371668715712065,6.650090305999844,11.52312549566943,10.493244672567934,6.639877476968225,6.7963560455899765,3.450320200212811,5.858445422686394,7.276306598823788,6.796885618995519,10.599669045340562,17.048534949670483,14.508384207287786
20220906,Solar,128.4792645656358,0.0,13.43884581898353,15.056841285950899,3.791899691709142,6.312901299922933,20.59508364071156,2.319601614808864,11.7541088351146,14.93457596641577,5.852912553430506,1.1059525804241888,11.233382490225003,0.0,9.46331429401384,12.03759694575012,20.54587283840266,11.617961955007473,4.603901336814872,22.408011642944718,16.3450735343411,10.81429538920671,12.56172613039309,11.34342165672119,8.608330803071496
20220906,Wind,218.40945118742889,7.44153064044144,7.041763007421242,13.614902565489118,15.158115564358202,7.800655187955903,2.220071483338446,17.90091833137245,9.514631615188298,19.056106936363562,2.208130838603124,3.9921752206412062,8.549482807794442,10.719258166231741,9.75729911513151,10.669835600277116,0.0,8.04088323864624,8.276213114536285,17.971361895571423,3.1130555951683214,16.389610640898802,14.98779991653894,1.333791319025165,2.9512794778837605
20220907,Solar,195.05718152646125,8.064413632100976,8.334985140068452,14.051139161512165,12.773729041213908,7.260959732372866,9.35645411592455,4.367029135197269,10.264971540928135,7.674148067384939,8.106957582258833,12.739444305891041,13.411436744897559,11.488682273830584,1.7375319702740244,11.16748855076179,15.595159109755546,8.552377284671245,15.373373146290337,8.932696635109178,18.8629178796634,9.053466730955277,15.203407547263541,1.1933070391722034,5.577263922006299
20220907,Wind,231.1930706161071,8.318449772746776,1.3872258605985899,8.97341177598956,13.70012126390049,19.666462569060172,4.527833243255986,13.734400469861791,5.4625006973062105,17.300049498300925,5.506063902702835,13.161295966983973,7.867196513832625,6.631624561916594,5.6585931303433465,3.050424832017945,12.817049219213752,13.02844610575199,7.457582783184979,16.248032477287133,13.840407702999064,8.99460212223009,13.909254635894543,3.676613264386522,13.41772916909069
20220908,Solar,232.6817608014929,9.132567046430236,6.017372124198264,19.629636602511304,8.106606536249346,7.347160851561068,11.981690808300627,11.292792853831527,22.401021124987462,10.585371875306699,9.81926009147243,2.681701020546531,1.8757022941748303,4.619640660275158,14.685454140536654,11.585057254548273,9.993082278863461,11.550576990885723,11.30295641911414,10.932670303001874,2.184849440602734,8.676202486422211,0.45990914320918064,13.601219299749248,13.580259442634496
20220908,Wind,123.26245977045426,17.23567399222422,7.69150642206208,12.41955971189736,10.894782056432211,8.061240427369356,10.692028624036542,13.179257723564268,10.784997203385947,4.525993972941507,10.008719315387347,14.371443535338766,9.613890963271208,3.632922090748729,0.0,5.786598189110041,14.480853325021894,20.00265049338974,15.622594625835216,7.920838500965533,7.1085105874826775,13.963185566644112,9.793277637339333,2.9568146799878914,0.0
20220909,Solar,140.57565701205854,13.367294378636112,13.21200211273557,11.236470267434157,10.316894344326622,18.080887365874126,9.156169576898955,4.171284735945189,12.742561405254051,6.747577569763639,7.622070337680476,9.93014303167226,14.006783167676204,10.838178529827935,9.57002893798366,6.911427614976667,13.592463397935585,14.609094367981045,11.908818385371188,19.89034004054861,1.8869987990218084,14.260779519896886,13.324346159402136,8.828948946310769,9.542321152466286
20220909,Wind,129.43600378347307,14.790176343144147,1.6254180104088944,6.195285097165142,9.259147976228851,12.883381557696506,17.58886391968926,0.9382135866394703,8.910443917858291,12.329800601081068,7.726779097548719,13.735359516407813,12.460193332312906,10.409520825003188,8.437170579709221,10.082538807798224,2.703502998583942,6.1632848014178565,19.86852082559447,11.952351088801507,13.234274934108836,4.618046771569832,13.423758361737613,7.889017590849439,3.5371483452206576
20220910,Solar,116.42446973494617,10.235601359054618,7.724956271394309,9.51464089925723,10.85251639082923,14.929496164746222,15.542479585885582,5.985457949337143,14.226551646897256,13.61880355962737,6.531025894823859,5.741314471120914,19.072009598871293,15.972781597525902,0.037806727034429555,8.240441048839342,5.1303944905739005,8.00119396297959,10.338752643758514,5.527511391312804,16.38322568258896,9.117071172786355,6.450160574676108,11.804292979894907,11.978874072869747
20220910,Wind,57.92526453317708,3.003134769272494,15.434090150344451,10.57189880351318,16.282214868981914,5.469435634888043,8.364423284542347,12.134343249803285,3.507835292189325,4.9186607163608524,7.437602517282001,3.0498813921348478,8.734060948832026,5.9727846995467075,18.46188224468511,8.527909575491966,7.596590515752809,3.135860299918225,9.215095313649655,12.300296279231715,11.145962825302863,15.531288842885612,4.886607474265411,13.576213662272654,12.942401566989213
20220911,Solar,149.26261409915787,0.0,7.77458357188368,6.0616135178785,15.374753193519634,7.34910158412132,14.02067320958127,19.7845208774293,1.2719723224291768,6.180578716908851,17.179576753527066,8.456731716384422,9.196240799024013,8.560325043839514,4.848659538999662,15.619878979277956,0.0,5.135048062032027,8.091572556822909,18.38726927741444,16.09526591097936,8.326819588007833,4.542212361329275,10.474587561180218,4.630010773769015
20220911,Wind,85.72172031444448,2.352961383841845,0.0,8.53841427115456,4.090696612655717,4.801408211605198,17.82340128919227,4.851382011569603,9.847642462879204,7.334416715705434,12.589040209181434,8.678621985750702,8.83345351788304,10.086002961755199,12.74463356626632,9.219750616785877,9.956796468100707,16.311115494820193,19.96162567644908,10.011762136327802,10.91836543353189,16.962493732009094,12.327637521699423,14.008779868753821,10.049406451797894
20220912,Solar,148.29140592328363,11.798828520830098,16.39587888674096,9.170999909484951,14.927009084534697,14.00630773017908,15.506725197714815,9.505812566758449,20.270276375588658,5.683159890509682,12.656751377223578,8.39911039129134,6.118445367172599,7.250704608102709,7.655511958834716,8.015524719936352,13.187564869668376,8.611188850320822,16.097247524752817,11.047848063642924,14.854895145289378,13.432406524170455,15.036280481675895,4.49680327576793,14.180490996001424
20220912,Wind,255.78854047814923,10.158848563488174,13.674484712691665,10.27960330461609,15.955716863740177,16.126216038917217,9.31890707266248,6.254604007451906,16.04160417269897,0.5995750487625662,15.059714539966642,8.049013478109655,7.634268600971871,14.195079554788466,5.77570110517673,9.384896174167254,15.82866139166144,3.0694683574050305,2.7031554130727264,8.501346949474064,11.45988064423746,18.78192910383741,10.709370559236584,15.104009832078027,15.118236062650455
20220913,Solar,124.53274518346456,8.949181762219963,14.346985875393955,1.1864650497919793,9.244111633238168,7.001128154092434,2.0484954928524166,9.91386908611828,5.957767851347798,0.0,14.617612996009758,18.46444607430272,4.805574093026005,16.190730470142707,8.820097172904564,4.442562087124589,10.389848474139793,0.2639568268203929,20.55044186023637,11.759872353962583,10.070217279055704,8.443764708125933,4.650368460158907,10.657186369890562,5.773188978098894
20220913,Wind,159.73870028140337,8.157115466299317,1.28108176627303,9.323647296478677,12.542235518988884,8.178793385478619,11.6232395245993,0.3460731948516904,12.580437049865466,8.090964422508142,17.123821959864518,1.5009673826274494,0.0,4.47216457310028,8.218229603924254,10.812811549734036,6.252149248253224,2.641555936141197,12.489902242629507,5.111048796154774,13.868324754195285,13.508756616946426,10.898022160241226,13.798108768999798,15.394833478227193
20220914,Solar,195.33241929046414,20.058607877213735,17.562278629236072,8.113269084600342,12.47000833651509,8.39754967480671,13.34305167696995,17.490216676949508,6.820052610847207,11.260396448131832,12.942090547582712,5.775629746760745,7.098886005462256,7.709584097947206,9.066332436749443,13.609202640014876,11.120023833677248,5.987334758826474,10.645228265461798,6.022386858464344,9.218394853874052,13.664390623578944,5.240577129613454,7.41405603898739,11.289617271890412
20220914,Wind,164.01456459829535,5.885482045117628,6.133619574444011,9.895579251875501,5.750166916628494,2.263880033609121,6.151915498582393,10.120180391431528,12.13208343722151,13.277928033793254,11.025722203568208,7.907081506476288,10.117442295465905,16.6227748106278,6.065241079048637,11.569918370757318,9.606358898306247,10.018592349742867,12.591378981325319,8.288269488588256,17.284709166227515,15.387278405998106,6.315069491510724,0.0,7.532618256421068
20220915,Solar,164.6242093971148,14.639097280580295,7.452805278898845,15.176382830901279,8.09021856235836,6.630889611201733,10.112726335290207,14.585828319930425,12.521969381230187,3.1883296301277775,7.0461435105984815,10.119925327054533,13.15360422707942,11.615819843798144,4.930077116698971,10.183284068192533,13.925406565337527,8.017284790696745,5.206060760998145,10.838418010520321,8.422708259374888,11.766934911794504,8.156921109697244,13.328046384015915,9.547217794154363
20220915,Wind,131.879878315596,10.009564680104969,6.486114170039982,20.261977460606026,13.754051194258036,13.866331073818003,9.585560956169878,8.838989883154461,14.632395604490666,3.2733044130365085,5.879240041090244,13.55506949633817,7.121721707865528,10.586058999081095,15.022282119897936,13.007387233352672,9.773093246155973,13.49241011909399,10.98447106461007,15.562169560567385,12.835806000966242,15.567015162719466,6.007392437948408,9.282859655055127,14.001077956220318
20220916,Solar,138.40610124693836,9.695302441070016,14.734685909776037,13.391885998223135,7.520888815842744,5.62290747777453,16.938553179026215,10.953140380634716,2.171681514211957,7.360356984478219,14.411286308648895,14.326809421379851,7.179720543201633,11.706201830173528,10.034678110963167,7.229438458500201,14.447277011507015,5.320848572666944,8.456509669410824,9.264174667925397,6.466668631020978,6.846099400700111,4.348911341942215,16.009167754422695,13.915483236298588
20220916,Wind,101.99947389060857,15.88318774308372,9.101008237473522,3.827889139668319,14.877497796311538,10.464909311024941,19.269080877950447,15.644362463233735,3.6720600557257366,10.016712264442859,9.444725111977158,15.382618057232758,15.153098346607504,13.279447214777928,9.69843266527576,10.196239032270354,8.692894875853364,16.132267621532375,8.19828141542965,14.137232804176884,2.13400494163782,9.720960359678756,17.74686072885775,12.109303529409916,14.537658340015913
20220917,Solar,192.3022504444704,,,,,,,,,,,,,,,,,,,,,,,,
20220917,Wind,62.92541716929521,8.80225271557581,10.37950511442184,12.979816544155456,15.718359209902355,9.279995444355661,9.572221584119449,10.838531620577276,4.8378833216772374,13.5886103459511,0.0,1.3498958576357778,9.183633925256167,11.067975062852327,17.871994285643467,8.52962127465156,10.887722457619388,12.29149861271276,8.677658280319633,12.943498015620769,0.9800709377045314,8.651269886888905,7.042102624822766,16.35442466925277,11.121145683294552
20220918,Solar,198.5544169191101,13.99601359621071,9.524789981535397,12.416452482145116,19.899023015847284,7.183394227069961,15.738581234739083,6.030294786872506,4.451389650075386,8.160859144264686,20.738139093907403,1.6781606517771341,14.786273405089043,10.047875261080648,9.562857119673913,13.039430291805468,7.010562688440611,7.399037508157901,10.498199436343308,15.994915762847635,20.745822868858138,5.7447581006989585,8.92109056580091,8.757272200724769,8.800866341420043
20220918,Wind,79.81508076273788,,,,,,,,,,,,,,,,,,,,,,,,
20220919,Solar,198.13036370383261,10.037185694049573,19.060702936538828,9.51324502854702,10.886005369845314,13.951930480775559,9.625502118091298,4.935921810795323,5.41982217776816,5.782303804349147,6.568806413402824,15.413132588402831,2.332321906114009,8.668579708936495,11.379118237199979,6.211611051506811,13.635213844734157,3.3638497316307525,14.718032986546776,11.756336343089114,9.611157156216517,14.930318207545834,11.473335408645424,5.642980532109934,7.465162630395322
20220919,Wind,132.30912368939096,11.021274713285129,2.6830318574738543,8.182498778172471,11.6033152388132,14.233136806005094,20.461951445016496,6.309912057601674,21.28828445194229,10.371728778249116,16.14038961481161,13.18010536472483,18.534247906203536,10.006185088010136,6.179030821497907,13.439708281501781,3.6463763119831483,3.83024904903139,16.34012379276762,7.068308278355123,8.449828809213416,12.823102974150729,8.592279160797604,5.312005174439096,17.9370561337453
20220920,Solar,88.40656559334599,6.559955925775812,12.061269870173422,18.762120019580195,9.698010375046307,5.1523064388201245,6.309907800587497,16.256145552320838,7.334170063530485,9.687883534832283,3.957126833349079,5.898650727898044,13.996476594120086,17.75996766087208,14.554169813274381,6.96575868803676,9.352278050102809,5.1524141126741325,10.074115813346161,12.932203845777867,10.703867862136162,13.901112333080876,6.294042932224865,7.394896915338072,9.909514537554864
20220920,Wind,178.96493225398183,8.469503033344576,11.883282960536395,10.293353016848188,12.710894870508222,8.919082679031364,13.019544878047713,19.04304655003569,8.648839578961537,17.02151144913994,12.657050011977399,8.387392732794506,14.151843521447342,11.628632572989039,15.192158122135336,12.145314451638036,15.346031470685816,15.879673656688878,8.10862838476594,0.0,11.700927332123737,10.477723711460996,15.736360273217251,9.373330628695012,9.304835397659716
20220921,Solar,196.43837675378873,7.096823601236467,15.771781430762127,4.916628119894426,1.443979854940055,10.221593415362246,14.197803227769617,3.7636255768530447,11.487702702585684,12.467775419127289,19.109884160243805,8.00567774259558,9.553452497943377,9.66707129830603,14.61466886081947,6.885197568070787,12.584425581444632,8.814599908789196,19.51897717332665,1.870258583250617,5.800608774086587,9.296224965690639,5.96687612650371,11.58883721480834,12.22099971287871
20220921,Wind,128.09606759482315,14.5068835821446,16.94045016189639,17.375668285164604,11.024526943462597,0.9261910643607529,8.562505802381333,11.975858925183877,2.4602230942712655,6.146074769986486,20.56915143870587,4.876343364992692,13.203135466460163,13.153733433277607,7.692965472380437,11.405301485355901,4.245940778221392,5.258048279490337,0.0,12.863998146141064,0.0,4.13508677178886,11.055748295162743,16.870671364903018,15.545140261753023
20220922,Solar,186.03052743394667,,,,,,,,,,,,,,,,,,,,,,,,
20220922,Wind,35.74577526653249,3.511429876924809,12.651971529623763,0.0,5.186883611962109,16.431422181833906,14.727486251105725,16.984842833578814,11.707338249169434,8.334542335526,9.939815535870395,20.777348239808173,7.813530016096137,6.3044238853510475,11.243028110234857,10.559690782539883,3.289976445320293,10.859997794151385,9.279735702584045,7.555301130540498,7.573749133070319,2.460310832542035,12.400266760703753,3.057455072270232,8.438425069336175
20220923,Solar,83.97018551266997,6.382813884184561,18.82436855226255,13.846933790187869,13.664449055149568,4.674365517487146,11.223172102639571,10.674301090889598,8.253472423111498,2.1776699777846154,8.018080634892065,7.521864224456509,14.737848801590106,11.225508123574082,14.463306586686334,11.359805939498345,10.93270846585106,4.614749212275249,12.852525556186023,17.016894529889353,11.401113586289725,6.684490676074894,17.85553853004459,14.154966483063692,14.450839178557043
20220923,Wind,214.62044652343647,0.0,9.674116165388739,14.553504855123157,9.004418807754899,16.290915541258478,12.362477816713907,9.962621476295658,11.369636537981417,8.849898109266052,9.910248526569355,16.48387149881222,3.0204770811626904,5.956163488371027,4.811234059837485,7.346723402215509,16.899238591775152,10.79782476012637,10.204168686428645,14.319558719254562,10.917780214822226,14.561893522092902,13.527474359898918,16.661359304434217,18.707979236088985
20220924,Solar,138.81653629010418,,,,,,,,,,,,,,,,,,,,,,,,
20220924,Wind,56.889333677557616,10.188225325485748,8.077659436502893,3.4877195800397507,8.89611698199435,13.294138885702015,13.98760055763355,2.341099804537927,17.175953561501498,12.332634394831858,3.0034376286506204,2.3166844735744965,11.598309653838363,11.193884749760072,19.339614695007732,10.408032326580903,4.340441011302428,7.470714825490075,12.09562123419764,10.376942456536069,1.7853983958071706,5.8915327515124964,18.378532903561766,15.205635313339245,5.08004048571948
20220925,Solar,115.05669097790032,9.319320755665132,3.476770006927664,9.705650723788397,15.532031581955778,8.443484462448323,8.85510665403097,13.80469241374744,22.50130733990043,13.060626760744254,13.239783980126203,14.937478712306454,6.078616092049973,5.308962947979065,7.323031984268008,15.513966447098795,9.045052898119524,3.6683065588706434,2.89525756127593,9.586322953464522,5.536214162981889,7.647873741597097,17.89907423854974,13.85132930632472,13.864537061601018
20220925,Wind,103.82997637374596,19.900771757656962,11.859084054973613,8.609157132230644,8.804596471893483,9.146168654228166,8.441011083035727,11.76489287375722,4.692495061826638,10.494582046940195,9.022511834553837,8.90592945216098,10.036875958448329,8.036845691514536,9.869646152112058,12.916219681753422,10.97233643634904,14.442722148367245,2.6701664932785096,10.050722980820387,7.7952261537826475,16.441050016002006,15.69760718165272,1.4581016867892171,9.649463051642261
20220926,Solar,141.70191342635377,12.874530204575183,15.322281040703176,7.313554945538053,0.22540755218438346,19.27967956766982,10.102800769245755,11.887220702602148,3.5132629502922805,1.8500365668021945,16.842505400140958,16.356243780556827,11.92842460728994,13.797891253258545,23.067437774672243,12.236238418349673,15.460526995421835,7.6560095426922,8.92477214419219,5.375798146329655,17.620569378219965,9.808687519993533,11.410178770914461,6.816758199184369,16.36878255699808
20220926,Wind,131.46245080961762,12.652259265445753,9.394792539662308,17.060347154046397,11.126962910056355,3.729066828406591,15.91834437099155,7.00336448670701,10.513748056540077,3.8947673442613198,16.577099507045155,17.35446726598188,11.50986246805877,4.544354828715056,8.793816935144141,7.44556527329497,15.41564156770052,0.0,13.03815808974804,8.93412929714122,23.602563637377635,10.674943220871986,6.144451836468688,7.616224208737014,19.166832203251797
20220927,Solar,158.94658644690804,1.7836548271486108,1.8951997527317976,4.766669706841555,0.0,12.973990981305354,1.263184256645079,9.271157772449811,0.0,6.974475382002903,7.964342504394722,8.607960178319196,7.996284560936085,23.60232173076216,2.3060297174198974,10.932456061468601,4.553816644906959,11.780101314519131,16.53603962365174,3.6973653360890912,3.257754281656444,12.053499633797223,0.0,19.943015921121262,0.0
20220927,Wind,146.52669741937126,8.176789729414336,15.108254175288387,11.580522265531998,2.736395487337963,12.76744831778911,5.4531534164459154,13.955354930567918,13.24707615912752,13.261457243174446,9.446094741323137,16.715081184116418,5.854735803094381,2.7237357816382755,9.713096857033682,5.847521345804386,8.379559025629447,11.90461090390969,6.652949112472236,15.865445710161698,15.45811621898244,16.97459705172008,11.05718509942535,12.543030530131812,10.067679132760386
20220928,Solar,217.98696275185094,7.566685963381522,1.1185051921711064,15.970234918312874,5.58526735500715,26.772866945831886,21.37885024142721,14.91056314865556,10.565403815364286,13.092619855373291,14.463813717165687,5.619725562127404,11.980754329867063,14.62827440425691,18.364647777290045,7.882060609896335,11.968343054332232,14.664632356881208,0.0,13.692241011771383,10.434462477076469,10.418589966024053,13.869967841546329,7.482999425634393,7.717106878609465
20220928,Wind,171.22742998598346,6.069594005959961,2.2702261103847943,11.90720762659519,4.961452611149063,4.61434589884057,11.375942083871498,4.107641920407349,11.836432996306886,8.752808634526161,14.916604969735914,5.5410043409471745,11.695761493252098,7.566953977492725,15.283572997707328,11.785493020369028,6.9761547865239155,12.066161153622478,12.155404923888366,4.197606065144644,12.780913939724888,1.1736062347541887,3.314407788785463,6.514287349486224,6.446012746107875
20220929,Solar,172.8835805596793,6.000596672433268,9.108308062526406,16.20559186247687,7.274745977918574,6.8700760324828165,7.9648197651864905,6.833259647493013,8.482140324400266,21.798652048834363,0.0,15.361372146249908,11.450135066347148,5.955668492392085,5.1015449039953396,0.9166833387452256,12.491916073523292,10.692089442925576,10.211811890540933,6.674812644393237,3.3780201359009765,10.634644621581625,12.077423510579326,2.1503862281273864,5.3846827792089975
20220929,Wind,208.2578561947261,,,,,,,,,,,,,,,,,,,,,,,,
20220930,Solar,130.56156247852093,3.6207339765933577,12.111237493791771,12.146748352460145,2.9702366820716364,8.998680703990685,6.074864998989872,11.006322062966827,12.361197888219342,16.199596989259526,18.232409461037935,9.992205648860775,11.700727075304073,7.730214523523001,9.120775745927887,3.3291485465628003,11.307021178661117,7.580075451961712,4.49396267850708,11.355575189214013,0.0,13.205148330376696,12.551251434854118,11.978127626857432,8.552814352212216
20220930,Wind,86.90612783207574,14.370467013824745,9.669302239767633,11.834174344160735,17.70917872420387,7.684745216341253,0.0,14.421691560516143,11.000117028332955,13.503290772963162,11.278046830569128,16.24826721954227,14.384830512151371,17.957764253974293,14.06016864087488,19.44357654310932,15.136604806027009,13.37925825000613,15.963966909259454,4.752476867858707,3.4264945466142374,11.075138922898756,6.917252927591174,13.097231168939128,8.246460913379163
20221001,Solar,210.34851623161245,9.285426540034088,18.800218825674285,13.067216333250752,6.609277268040521,14.787557441615826,11.773999738736943,8.606422414752906,3.274506922687288,12.29270876920857,14.750882113277841,16.58395257306829,11.54976235319748,2.9935406250234973,6.9230128313977914,5.805486335803394,10.26975211191462,9.216108425329459,5.918438376274987,10.33053736587293,8.651079166074608,11.76870792975832,6.369729603276506,3.5721143942871123,0.0
20221001,Wind,156.79208740540562,,,,,,,,,,,,,,,,,,,,,,,,
20221002,Solar,156.96756039494642,9.97294332673646,15.173340508764678,3.490630740636067,8.195408134953714,5.540704648092912,10.506948890649499,8.323490730973543,19.26982343024918,0.9748543581876656,11.107968546873911,15.046152922641538,7.365696446741488,8.623887415423654,19.551264116979695,8.011999488649158,14.221542681814018,8.279031451852155,11.378461914189073,13.000110439649124,10.129134460665862,0.11707989552400933,4.118072328650934,8.809626109970363,15.276680091575429
20221002,Wind,118.33350392348818,15.836953393505755,13.93477282047349,14.770217057316547,4.376344709862231,13.631050773809905,11.647003949192346,21.531566574882433,11.204460292399316,4.743578216026459,14.071154049376887,4.385344532701714,16.929390501834288,11.481394440698958,0.0,7.8028843169209985,7.779479687367999,9.728764829944568,12.749413521151862,18.42328001704347,6.5764835091543645,14.470571070269436,14.807823938151431,6.364359912617795,7.210833144944122
20221003,Solar,119.15723334482112,10.021052604378928,3.535631338977352,15.80871150252883,5.575161863535934,11.876440040139304,10.710580847828886,15.959640499617741,10.685278063840823,8.889316066257008,10.063432486816208,6.663151504907027,4.384826382747448,12.570474157327343,12.96446297119322,6.974943401228288,13.110173666503652,0.04674749869611805,6.276973025630377,11.250310266386656,8.216798269902034,16.4283768486243,10.101209415985227,12.565500397515985,1.7911201312334657
20221003,Wind,192.33611693854218,12.701870654655192,9.151347563572394,11.259894054530218,13.551712406762425,8.435767021970117,1.455022939440087,13.654985863648305,17.800188289454127,10.639362477054538,9.739159241982993,11.152047677225061,8.986050809176275,1.341907390755357,16.595335370401916,8.147151857062266,9.847196986090287,13.733875941467621,5.383181479535844,3.7957222902582033,9.077986016809566,6.8525336021731,4.2770984050545255,3.9995550789977976,10.4765778084564
20221004,Solar,199.23278990688053,5.766975788058713,20.616602566405096,7.258121901828149,7.759211906073911,8.198492406199893,10.131404212937042,11.60033947791336,6.271922211175638,9.377717385787035,6.692292862355929,11.888755566141896,7.454632072896127,11.17003533209165,2.2183150881022295,10.45857570778096,5.459544865721989,10.003210974769836,14.265294697473912,4.677325091367056,8.883288699361977,10.966459712666719,6.922101006387557,10.895191273217044,15.303509388479185
20221004,Wind,189.19117028733294,6.906850246266404,7.478245730298713,2.2114144173518104,4.237016993910574,5.425466975297186,12.223009706822035,9.936292676904758,14.448388200433858,11.361383906054993,10.865112234671049,4.761365495576742,0.8644848544551009,15.445266971910184,6.397015716135009,5.512898778879168,14.511561780338923,3.1860191788917214,12.763174018771451,16.280903306127893,10.74291172416772,13.103973868019656,12.95111835296862,8.672746687759172,10.784953121275299
20221005,Solar,189.64808027227375,11.769884425318377,6.626897378216547,10.42903549961694,12.231267549786223,13.62548427557671,2.999703683878775,5.466839179523103,7.349213234739129,0.0,19.434284175547514,19.311383276893093,11.7690643574528,12.331935648100426,8.031481804091454,14.203569493629015,17.00462513491631,8.512798335233207,11.675338241282361,18.054695973702604,14.480420815670945,18.300328851055767,8.49283303977432,15.362626733406291,6.36454736343097
20221005,Wind,178.45147686298793,19.46326854168557,10.85287790738511,3.255248276410143,15.749704153045428,8.199460913728126,2.404132205767331,4.691547878459841,15.43291671672568,12.528321514096667,5.487525459710543,0.6126858185766948,8.983691150194844,8.156147505576879,6.345449264655968,17.061092174064356,15.792609737255916,9.488600404086895,15.628783086981887,9.825651311159742,6.232143558465595,9.600297045884696,13.54958838182503,14.459457190524255,4.753846524491493
20221006,Solar,156.5761365039078,17.14887429757437,7.657400353699741,2.555062486810372,12.684360813199223,6.150770482131651,4.654877070728017,7.160446617433943,13.990240772337819,10.310687779059979,13.084364622923498,10.271019399776224,10.159380506047848,2.930975773931804,5.97093168288671,0.2764671664265739,14.511277744330343,14.729721422951712,11.708487186218818,11.911892584308664,16.73847822500674,13.688870073172705,5.024386375321583,10.45433053508652,13.53000926560027
20221006,Wind,141.231015783951,,,,,,,,,,,,,,,,,,,,,,,,
20221007,Solar,210.51619249707767,10.75716880080359,7.5835830285120664,6.181152494059928,4.42505248801493,11.96077178954418,0.00842126756214645,6.960935189900773,8.67019436833529,14.636560172634635,17.37413884497784,1.265201673777686,13.76638328979901,19.38053587697655,14.258474214977257,13.862699047012532,11.81473339097324,15.390417676257586,12.589946946948112,8.509497899402756,16.305212321335592,8.597755621147112,9.63898505933253,12.993024430094968,7.404433293169391
20221007,Wind,131.3139564754783,17.005346778135856,17.160048356843127,11.726547780823852,10.237242653181026,7.457085105435014,14.14886925572177,9.490521869402112,14.889057707091139,4.772333083152218,18.314466551080912,16.620647008953362,14.407327307879449,13.309345094512956,17.43826161760312,11.287803357663117,9.530900023085687,11.879437588960059,12.252345848711693,2.5447164167796164,8.287461001964557,10.323971142675441,21.134531621247202,9.954497179924816,6.963876879974958
20221008,Solar,168.49896069403735,13.97339161522562,9.316906542612138,9.203521987190628,8.778502973679924,0.0,11.96027874145115,9.873492057185208,0.722745493883411,8.81552573686004,5.378612482232182,6.29761800747299,4.493671503054092,15.788594585646795,16.513270435604632,7.128842364414959,6.686890288054031,6.732654350731451,12.37777510816825,12.386366456154171,5.6688042233325655,4.472114811492691,6.3602367445711,5.911502538633593,11.09978748335708
20221008,Wind,109.79935010228768,0.0,3.3596248362264403,6.96682716888695,8.363624230304017,3.983656051779768,8.712490247340426,6.898093623077628,7.790354450526509,11.422092056992437,7.128922740468485,10.492275944365925,18.82669106631711,14.665083697197636,14.969004200602031,10.83308119309995,0.0,5.463912395662481,5.584679470920327,18.909752560968506,10.401155182616293,4.723592469475864,13.132671149817412,7.585437981414536,10.584703991813747
20221009,Solar,117.03504815747748,4.73034576072389,2.4412673095591786,1.4754245963551715,5.08621653579583,8.832015321705088,2.5968516879979364,12.476047773201024,13.102087418122585,5.734943456951794,7.402068687516833,11.640191488367028,8.79912472547861,8.0346056769628,19.160575465601532,14.48726507456377,2.1632113766958696,6.496455843409221,5.1046670913567995,10.851080897406892,22.81950984551665,14.377234167920449,12.357320234793855,3.8971164081219833,10.271546838673995
20221009,Wind,138.19227160713868,11.690701626789659,21.034024660272348,5.735559370848212,2.972079584612801,8.972311675414161,6.017662275543908,9.054968139258083,8.45946614302507,0.0,7.579003061613367,2.728710209257513,12.937902385388343,10.452439982654141,20.156638223388736,23.04956803835429,10.072887609703995,9.67066139736177,14.400798646849848,8.490240797226768,3.1742031765543723,15.969405389564685,18.738998169906225,14.62704216665161,5.175768902760773
20221010,Solar,109.80308116364182,1.0651621722451388,8.883328152829488,5.919317549744547,20.0389085890651,8.782288748146748,13.909520260053172,11.073493155890901,10.674316901034624,4.2347994482730105,8.007757566412293,4.63930857183973,10.901572211976903,14.342615967485104,10.830295585169582,20.959667946480593,3.6180350220263935,9.87429346229411,9.257996221066042,7.841613600811075,13.386622314278002,15.818133021155045,16.797875694840403,11.989516371641615,4.873245117288537
20221010,Wind,189.89259127391503,,,,,,,,,,,,,,,,,,,,,,,,
20221011,Solar,82.59828742274853,6.5009252817101295,6.1431138683019535,8.354778523788076,13.210608944337089,2.620731386317944,4.8431859117936815,13.464362772550038,5.72760952165227,8.754901281685633,5.743065125779164,9.670841787770014,12.78417767823887,13.258715245876694,12.119595992609119,8.96089494405171,18.736942687730387,8.728262721182919,3.1432033080755826,15.755528514040613,12.020014209028526,8.971529745367706,4.753473057502983,6.375694313739889,11.450561005599857
20221011,Wind,154.96148116905366,8.719170468770832,11.604929846357079,4.263740044126742,10.031255867919045,5.627257379254744,15.709317551418893,7.32576949874208,13.397263360759043,9.908669754166453,6.446042528479125,0.0,16.591586955958324,16.294589108378094,8.918804783006191,10.38762139052988,0.0,0.0,3.40737154365927,12.663368286472995,3.9712254917854573,12.39237947446854,2.9212498729625045,11.18160932748217,12.747585594039624
20221012,Solar,156.62540484210905,8.562848958868962,17.29664825800766,9.181286263543925,10.231743493189947,15.918884932420507,13.429376163540642,18.042771183693283,6.244963114677933,6.703615779382697,6.047048447433065,8.49039174968389,13.885284491830259,9.7432036786659,9.751156438149518,16.717778029317714,5.137523255088167,4.036754146246788,15.336623745416954,0.651665305807626,12.28566998189576,0.0,11.17986740572562,2.9350955899537166,17.333008337389156
20221012,Wind,59.460021084015956,8.554397864165866,6.738684081281226,11.20205606834328,9.689483000953564,15.18114063426533,9.965814011176077,8.875043229544163,3.487701445889936,3.4386808372343616,12.463122463497644,9.835490544798875,8.783269567358495,14.07009892784263,15.062587329162984,9.580724319864748,20.929393044278715,5.121125885014745,9.758114703580045,18.711873078286672,11.477196387809093,12.284898314230885,15.069037371888014,4.656614386828791,5.816587179108954
20221013,Solar,127.94880897381957,14.126537586201568,12.292933899742913,5.869150228054111,4.397770704627839,12.889758911720255,6.31072435179799,9.52657969252738,15.308042664772978,10.685041291039639,9.681158291643337,11.096853240189558,9.578755572545651,7.228141531932544,17.327955825503135,6.223754215301311,14.17112475601771,5.116468599882081,10.176776479497487,14.166324752056143,2.5821912248201917,19.402342469989225,15.719072062718627,9.902067469734728,13.627770285389381
20221013,Wind,162.78497690240712,8.673880672747329,2.97126862054806,12.127043147092923,2.427552709828762,12.447513020203342,7.09304989360005,12.967942431711137,12.578420270348513,9.167385027568054,8.793492724114182,0.00561131934044945,7.182533210687784,10.191171614232461,12.902271825758813,10.268944529339876,9.441671497366837,0.0,8.233751455371511,9.099461997446188,10.656235298302711,15.683460589389327,8.694534692123618,22.205517112717487,1.401175477689084
20221014,Solar,171.4363996647034,8.07684933964383,20.11433059183396,3.1932106437614816,11.931126868724935,14.523779540327459,19.1146130807715,14.05925096727493,4.5573332359145455,13.189174413808317,5.790601510817803,9.853456893743942,13.575956516165771,8.634438288560617,8.019810575283543,8.07332564968398,7.340551527234725,17.847303398870842,4.706145848481617,7.348423692806798,8.785176802561294,0.0,10.221872734380646,12.26197046728902,11.750850669444137
20221014,Wind,139.7846395699917,3.2541394792824185,11.342679651222873,4.439113008018547,10.939212036355832,4.396026312539498,10.892209071065288,14.597968400956656,10.692519222160493,6.261576085361058,1.9797296416312593,5.836739625837182,12.949509395459543,12.29906345583396,7.552605366315772,14.93256791064029,12.929071913444064,0.0,13.798987701990963,7.766284781756766,8.230769720390905,11.986721712912843,17.130252202970144,10.926495988723214,2.4379537962681197
20221015,Solar,183.84441022403578,15.121731009929123,7.93603077823854,9.433913511876154,14.691404492298537,10.164641833784744,16.649341710054543,18.87794016506985,4.720261026373565,0.0,18.157668636715414,11.10517271506233,8.28941332643699,9.477371956324609,0.7335775910705844,21.937958491514134,14.896024480011098,7.131280678731343,13.26163701144733,14.313230627618799,9.771837852336187,11.07981763357167,6.1840214205356805,4.146091142681325,3.8728303775046236
20221015,Wind,144.53418713819795,6.6425124302625695,8.510629383569182,13.435205459443193,13.676804133210133,4.398664246765199,11.207789916440705,13.30942761702017,9.237704715621922,0.0,8.556361560926087,12.531680023177433,16.63254629388931,1.6191030452629163,11.80467015971953,14.5527951293374,3.6530627077161237,13.291981194148283,6.477463932227428,0.12265254777722667,15.438366014724085,11.358305470508931,0.0,5.3348331782004985,13.764917177919823
20221016,Solar,150.68264560375283,,,,,,,,,,,,,,,,,,,,,,,,
20221016,Wind,162.58269344932768,11.065452874344855,7.705474179382534,18.061953110787798,15.662956544609358,11.840324688734706,12.92045090217568,7.3517704229909135,5.957518003998022,10.63954581058898,13.863956954504923,17.019866281556936,19.117530552156246,19.71254296178745,4.77681324745981,16.17794132605289,11.992312987677485,2.651581834995574,13.724644954574028,11.402733011087092,4.783030912330059,8.367716667666455,4.1981537413356715,7.690538781088323,8.414987056157194
20221017,Solar,196.34998143670845,6.165293688084686,0.0,8.11705562591245,13.825135975772586,14.733752195679376,20.78917536039946,9.330858584001609,13.711664667626197,8.83843739019085,19.146264165087864,20.95285067131392,6.05086581800409,12.837675913792344,12.365524602748101,12.27270349421513,14.690713028711953,16.03369982051784,5.730825015688731,11.33293955465516,12.485538372483825,0.0,8.547070099452528,10.353271582282122,3.0300094879194974
20221017,Wind,116.2140998792234,,,,,,,,,,,,,,,,,,,,,,,,
20221018,Solar,125.65890637408512,,,,,,,,,,,,,,,,,,,,,,,,
20221018,Wind,116.55517541353925,8.36758688110222,12.443307686302386,3.731168340044885,20.219793812540942,11.058921635227684,10.952544911438132,5.9049594177045295,12.069910757702006,0.5531889764639153,7.0117122097001,13.71530871759634,23.018560173837216,4.235893220558466,8.391280111255515,15.480012578120677,12.227154430363205,10.136257249330672,11.561966930028284,21.22193457460249,3.8015599977319514,7.22319667040993,15.40169344705214,7.461523348539817,13.617073828387706
20221019,Solar,133.39011419290333,21.558046876503173,7.384281267792368,11.142860431637624,13.44956883277443,6.116072337917442,2.7524099181384365,8.90506628233219,2.735855808156286,11.836373904972998,5.1158004230176,9.36601942910264,10.049212926483142,14.466874048637507,17.04522859321923,11.444687746008782,12.58874410855442,5.431418629920361,2.856831926190422,10.664666771369072,14.034970944585227,16.292870750861756,23.356636691478144,1.376100801855169,1.3168449726072107
20221019,Wind,221.31171290398822,9.62585728340401,6.1448184292948875,6.120642502768786,12.825986029187648,4.56635724063164,2.6406307858004165,5.838422652266301,16.810936134217638,8.861993851052572,15.598255084929676,0.0,16.325859954829603,16.461170872761333,6.834097379739334,5.088615716511072,8.214496006121985,11.262087613935568,6.474770070882736,19.679779699500216,7.147549064110892,1.7990686163020697,5.96477535360147,3.920967806697213,13.100585864470396
20221020,Solar,178.6362659664911,13.08919109439611,9.961125277735125,16.16189600008645,15.408275908848402,15.09065742092358,7.740081265307269,7.956140075789258,9.543375059717654,8.182408426199702,11.325170245203312,9.037266446992474,15.173838059045917,10.50845011877224,10.08820841256826,16.545610211264496,13.242322285875645,11.130829524316878,13.971987522804156,14.516721295423729,14.540362704015397,1.373392952149286,10.669456891210787,12.934105115785105,7.288893238600358
20221020,Wind,93.4455127415579,0.2915297625352742,1.9381594095475807,2.688071340663046,7.080231151648143,10.642295578699075,11.737442920704595,19.031172691732554,5.323718174372924,2.2912452254144045,13.08250520391736,16.17073493730981,9.580279521020222,5.015535554708345,10.80228402181956,6.1294235893582965,8.702203079479423,7.566409990604264,2.065702834339622,10.56207074815537,4.617346098538105,10.424936390504662,10.02493821264276,7.807305951249622,11.45557638086556
20221021,Solar,119.97765172056626,5.69675434042635,10.71711593767292,12.431766029123482,7.150853712044749,13.38023689084741,14.391864848442564,8.509534801850204,10.729179062279625,5.168717000449944,14.073117524743683,3.026292788368443,10.27755412121755,6.424180967238074,9.868319023239902,4.363090585355911,10.003289283610851,13.227723401291906,9.011268080393753,11.159492701679879,19.97386108062684,6.591463904647178,11.564019111861363,13.342485524193556,9.68642174020139
20221021,Wind,168.6383612138201,4.5654315254164395,0.6909037023913955,4.971303805914854,13.367107035459567,0.0,2.145434730093827,12.058242825814723,13.727349961944416,10.225521747548703,11.77987193862899,11.102522566383712,12.61391571772948,13.146290696481678,13.443520246651978,5.6155231028609425,17.81955330174038,11.657558575762911,3.868657060743849,15.401673186187828,23.16864913464476,14.860206101528135,6.982987468686802,2.076054046474632,5.743704842390962
20221022,Solar,104.67461095336148,5.228101383486856,15.60409324415398,5.897757666139582,5.717619554362138,11.223360171734692,13.263487600785686,1.7090157500213232,12.561747835269848,11.423079767325278,7.640712258492994,0.46319266867351216,16.289216177945637,4.3225783252049546,14.676108517624998,11.531931694297723,9.819810889571334,26.06653698816774,14.566015210863972,15.963960587197544,12.711441156489858,7.862166359279124,6.749071428628909,14.056629094924013,7.940487656917216
20221022,Wind,113.73299795926215,12.077689969185013,13.421349778303874,12.695560326260154,12.963847427616276,7.441129057518815,9.408098722348974,4.487813653407683,4.576548176057845,9.17879933962419,15.063512355078,14.350148209496531,9.139972323787154,7.090534255121516,16.322913453435753,14.863620858141852,12.06754025107017,5.491697871168618,11.716537405508362,12.379960814471657,16.482141616355754,16.79018821086106,6.8674144702328705,9.801726254099055,5.614707497163916
20221023,Solar,217.24798330870743,15.177825338887049,5.369070617879934,6.620597819460458,10.78416083268095,3.031202320415678,10.016568907662743,14.663418048110005,13.788189447587492,16.896247130811954,9.00906576348841,11.207821405935407,7.457098552146429,12.56446990944648,8.432510358974813,11.273501476725741,9.12612590061697,16.664522715070817,2.6614872829856617,15.463860157014823,7.733004242474878,6.389867463099444,7.692686795624864,2.646683743295075,7.373832710309761
20221023,Wind,119.33121857634066,11.723152523172555,13.305690066690184,7.4210796624004995,5.719049477039406,9.686588285257873,12.943059230164229,18.340142192724446,9.69670459100405,7.122530520718498,10.452846323588197,7.159581107236532,14.661422000559043,6.744126349512657,12.619333027976696,7.215714374640098,8.170867118331286,5.738420449891633,4.787889419100902,15.701675387276556,7.238513851731412,10.718539809672542,7.771756543308224,15.645953252271507,5.454573270150325
20221024,Solar,197.73334080146932,8.866776882168455,10.557571121269406,5.939208182242156,10.129332551441497,15.459067668272278,18.730526600586618,11.107052986442621,12.506020911920606,16.434359607549016,13.586953033188587,7.910252343826716,4.265656743755892,17.103906912186588,14.199146436401701,5.960371234435225,19.6435602407422,12.637235850017646,10.069573108361713,11.64824118328615,15.97031503949972,0.07750171291174612,0.0,2.966699103253071,12.0078641267163
20221024,Wind,212.76615947654693,6.845724806437903,4.954948844575701,18.925148958067208,16.525407960692082,21.331141432098594,11.51820900203049,8.469918703051674,5.992242497093501,11.084333806459998,9.705182965755297,2.504659643913081,11.263700675877395,4.8096028060094795,9.408332840899359,13.855602931375026,2.6779087684697735,0.0,0.0,6.981025271688369,10.757014846227339,9.733726581244179,10.443071032780502,15.386506387397919,5.7006121975110595
20221025,Solar,113.32689544155178,15.567998755932544,0.0,6.912568444599952,10.411852253269185,11.210762036612552,3.2163150864547974,12.480808154444047,15.22955794693326,10.540667211437329,0.9107607083507052,15.038160331003267,15.300864667657352,0.0,6.4041915244171745,9.536455633285627,10.260518606160144,7.4382319565225945,4.499341621185843,12.485625643277764,3.1398541268338453,10.363471326903852,8.494031854520154,9.83842510759846,12.788850235655463
20221025,Wind,105.50187217214292,20.35627727077431,11.582178417132262,10.257761087163816,10.432738238089883,6.454267050192389,9.064537435353879,0.0,10.91357763132411,14.662613582396991,15.202937522767737,6.0032460412141315,12.151237655584312,6.10889616092999,10.71789093527573,11.70502183296606,3.990906581614402,12.360335756610876,5.880139064036588,6.258539539069176,10.386436932697038,16.047895594856552,6.407786013181122,5.531669688221629,26.328791453358672
20221026,Solar,136.19339567594176,10.675278523918454,6.028590764324826,8.990431998594628,11.644926394522983,6.152487217407666,14.260670115732408,11.145606717590214,15.944116570691149,6.879363262579096,16.274644149575256,12.501493845138882,7.165122857416543,11.550617065447634,6.971342342332277,9.298646914513796,16.27196490249837,11.199555551299499,16.42419189719195,8.098003386645237,3.89063738029407,2.444580579431548,10.465175000488303,19.24202201141587,8.715487656216519
20221026,Wind,95.56861396631876,14.696815320357862,15.474847848480398,11.107085308621306,12.295942614458045,14.815661810325997,14.425216984582734,4.7694469994624935,2.325659455719389,8.353982704125187,0.8444195419977829,5.190448130616737,4.993831270408613,14.316649561007528,6.47885953074715,11.497205265169478,9.69210117722648,0.0,7.116657722478338,11.987736942045897,9.074217934305922,8.585073947811463,9.972530640762667,12.026148086503806,2.089864874356352
20221027,Solar,156.05169392513713,11.716851748977374,10.070168669409256,6.926315265170324,8.345797669594035,5.015629404235541,13.329121870451537,13.97046491112021,2.9929044019249353,3.88229216979071,4.7835439716923105,20.992013832455015,15.935367048284704,7.958056997323316,11.10066954076689,11.95123964101348,7.655935147703284,7.940555755960978,13.296895068106293,9.603874631981585,15.244128013755493,17.264164758244444,8.011638346067743,16.073662785856317,20.520172386827063
20221027,Wind,139.7174044073307,13.777524532327947,6.502086517513414,8.99591382729175,11.75130523983524,13.112136897638814,7.449844223304655,0.0,8.79986076682347,14.676062607527015,20.119398087427555,17.798323691654833,9.121671167939676,8.613849153365862,9.058418408886185,22.126872881730893,0.8249417593982611,17.383588578028235,7.635305755609855,16.57765724813787,17.297070191265636,17.926934974986615,10.043862803867457,12.162960640149123,11.745009395760725
20221028,Solar,168.02900079431507,4.177266109449418,18.98919366545236,11.969760044969677,4.754648202046332,11.468405949798088,3.160873511913529,6.858120120453598,17.33812509986391,11.677527206175647,11.16017339251956,20.368723077398233,5.492965558409561,9.845568055949807,10.877609473649114,12.012439196949597,17.88139429299669,15.144722718182855,13.7227110008298,6.697897467926536,11.381376411604228,5.828164600222084,7.0905297586577145,8.917780535279592,9.349212709139154
20221028,Wind,219.84717281164106,7.55931859928938,12.882232463015026,5.684964309985041,6.004644715830559,10.915506959414397,12.947538779119643,9.795120809460025,19.814054488368626,15.48896675952309,10.017756366351826,20.95264614779156,15.694287228543079,18.709561217984916,2.2438671581488814,8.063052604188565,3.3609739354276336,14.80230931590439,2.2389374689006347,0.0,16.690160955231118,6.571550823535674,4.155024859927423,5.64628522770854,8.127578719103518
20221029,Solar,190.87424903851596,11.97734720022792,0.0,15.446606783140771,6.6442544596218855,2.1594070505960383,3.928815702010342,6.191044085220231,5.557868504626003,11.024317015733548,7.868082964752149,6.8273957012860205,14.005011020111901,11.893794763723207,9.122264353818224,10.878063485339466,12.433791985780305,21.76101711893975,6.383633921955743,16.550177497984468,7.700293954788253,1.5016530326296973,19.805416136869418,9.094002169854841,4.7441280628827345
20221029,Wind,174.4619887706178,16.062454720409896,7.568041156045668,15.927402595208163,12.34881344817054,8.215208988868376,13.465055082125918,8.122577999059288,10.265235158057365,15.515211075956586,4.846486745716828,5.579343655675261,4.74129442716756,7.536134187257291,0.0,5.251832096295312,14.658893087427934,1.275483925044869,9.453411269577838,10.23757913966224,18.50346404872821,0.0,7.5203142656039805,10.81709950512939,8.30717132273553
20221030,Solar,51.6975793516041,5.909328891811626,3.0795550399378833,13.032463130793698,10.801164137781385,2.7092110432119365,13.466446793473171,14.522171753382539,10.775759876403276,6.263554378601092,9.027911788468083,20.130672602978397,22.571525476897097,20.258825491011,4.772649126817848,5.207866644314653,20.869486398141046,8.027929143386455,10.889184911409595,10.475320037197767,6.385260749735362,8.055585676816653,11.327708372788335,14.083076468181439,6.100501516628791
20221030,Wind,172.16879910511875,0.0,6.001010311398457,10.349381917982416,9.328202113780234,7.058762993416171,7.661535316344848,9.87751992741371,13.590788065190273,14.936198284852416,14.872113695828556,9.294645139831765,7.297340158920979,10.05604119192171,9.555332242676407,16.248384261889676,7.243703793124641,10.155365209392649,11.618933954411876,6.057928528567459,5.954003321523666,6.773607791573381,22.982300113782117,8.03429426074107,6.146603909479603
20221031,Solar,236.13138303522746,7.508677867793755,9.27633800540732,0.0,13.453849947926434,14.585693307602561,9.437683550079239,5.347095975177125,14.42481333206244,8.010925362731799,9.921610203095003,14.166089688899595,13.920246683118037,0.0,16.065612823784157,11.520801474716748,5.722582096994632,6.344068635157476,10.96352963076323,0.5818254416706736,7.695532377105459,20.307597424230288,7.931513852654972,12.567721744987974,12.929445050632859
20221031,Wind,0.0,15.05065357174125,11.770242542937732,12.121455663272314,11.894310413711679,16.155289516777824,10.993389335597765,14.702000330038958,4.428009035441659,10.012659681751218,13.05142042946524,6.896593588636584,19.93292157243684,3.0658661966743783,12.684254305834639,15.595042542442041,7.863623152795914,10.624336989747784,12.5297640486782,5.905824564473966,6.262786654322151,11.738546160287918,12.300996326634209,18.392474101001234,14.856405971106176
20221101,Solar,184.46912714878127,,,,,,,,,,,,,,,,,,,,,,,,
20221101,Wind,142.0320712621768,4.115400539342078,15.38936538282401,8.768627942912302,4.823845785900941,7.148297437830074,3.0915998294497338,11.462437397924983,0.0,21.6392062147393,7.097609097769036,14.149791659008377,11.295897211446267,1.1138638768124831,8.116275140707279,5.1223569643252445,0.5819098073308393,10.551619249774914,10.870231405319348,8.994211249206796,16.261297415219985,13.279997703244765,1.7502205516624403,0.20466724619389365,12.510069917997884
20221102,Solar,107.51024984885277,10.779592930255559,13.182991887543336,0.5131133473859173,5.901455993866236,17.94049666180209,9.803903614765476,5.53744487385948,14.053956415202023,14.10026436855524,11.514374503292208,0.1506310811770828,2.8386654894726595,12.49025542306339,8.747037693733759,11.49114062768597,18.177258674824937,0.0,4.933984668875211,8.33720686049507,10.077541790261623,15.142284577773793,16.669112167771026,10.242520947485435,20.477974556982634
20221102,Wind,190.05642919559767,9.420143736192681,12.873734645627527,12.467942429370963,2.665952673035541,7.0820468312191,10.32516305239923,0.0,8.306900658379814,14.57173067476286,15.021967804678388,13.91587487269538,20.205144703612067,6.100160194719372,16.528895989397697,5.87820173542825,7.909748500084664,13.384540332371056,1.9096833170678784,1.5034417507120734,11.55649979470475,16.06837664845647,11.110620793202548,9.52651637847961,5.79669168791318
20221103,Solar,235.48529503036653,12.972332407766137,11.007461615666372,2.7570947658652276,10.70284775075413,4.3215675409549785,16.80523681826526,5.469343833218138,3.973089603489689,7.273110227325271,5.335481832667017,12.622368998911787,14.325682680058044,15.88858066002864,4.468257019147758,2.880135661904472,9.201627539113222,9.925036397368276,4.410709263967413,19.056408557199855,3.087823379711608,11.297901967311471,7.47410069416016,9.368262649734396,1.8308391742395413
20221103,Wind,188.76153644188767,3.856366197772104,16.433994263629508,10.592122729956971,5.68930608773164,13.482414839583917,6.090039641860704,4.960657109822585,11.66273404978406,10.78498995479794,10.890264140329023,7.349227923250393,2.925730667274858,10.83756433272215,6.3723086971923015,4.605446182353723,13.13728607117183,0.0,1.5649618444798097,9.703521520981424,10.481314072818396,9.881852625575139,10.242390308423818,2.021660437279722,14.16395806209151
20221104,Solar,131.44040243692368,8.375107029156661,8.418617284045414,14.523287409549205,7.523385090080646,12.288670212848533,15.342480868905556,6.933515214096391,8.150653784972517,9.520663663325669,19.361622623131804,10.120916230282228,17.723133649622927,1.8148879540228546,15.333777049335724,8.394180811723208,16.93047908964874,6.92248878112017,11.122188799553452,21.70960874140341,18.853694442995387,10.79094618615996,8.190818972879226,11.382337790740188,6.3311203583978415
20221104,Wind,102.82650877959219,15.975927012015488,8.548483656324047,7.653359093412239,9.36204659685568,7.287120445370797,4.26465260536782,5.790721670038474,16.307305153881117,17.038330672768126,8.298748097700923,10.904272661447443,10.3057611689278,14.571115229972513,8.28036426649127,12.065509963854897,4.197166637168741,1.3215005272829639,14.695461206632917,11.833870761796646,17.063461650037812,9.70764057557162,17.881262371506306,7.3405511728887625,7.363068370105692
20221105,Solar,157.2313816894772,4.035519031816081,0.4721332351373486,16.080258626142204,15.219975956653428,10.501126147847836,3.2769890015061476,10.56349254523483,5.537089322268926,9.270329023977066,15.341732690018947,11.185138260984626,8.611710969690533,16.817987759171494,19.69542993053413,18.575794997453485,11.788095688494916,8.560864536122326,5.260676298413498,17.755373618988234,4.526120173607473,7.3538616771241285,9.919947203107805,9.47234454652639,10.615211467266102
20221105,Wind,193.6584646190794,17.384561481551344,15.28082021905018,6.265048108964098,14.643952991584097,12.210799944258866,8.495687776453625,14.404387355228515,21.114776000304673,16.6427092617468,9.29431561395114,13.45071528987211,7.139481852796855,3.615833451619629,13.453499419861771,4.737036374281586,3.921077506896297,7.480337440551442,15.042530253033895,6.411048469082552,7.809277983685561,15.215952514992022,13.489104100580017,14.740018908632319,16.19566299432934
20221106,Solar,130.64734868831363,4.662915070556556,9.615371221104228,13.002165383655008,9.726457643730129,11.018394205259082,5.29545494695139,15.380807136764396,14.272777714816748,3.4917664664030488,18.99793508658495,5.925087546965777,10.855808754118666,5.986056594409392,15.774785316702859,4.995506964857608,11.66824172773574,2.374267084636191,12.258962923112643,2.428118045676687,27.032670422171098,9.035714497114732,7.355474405486786,5.942372279495756,10.655158360075019
20221106,Wind,135.48085041746018,14.246907886888055,24.66802853085636,3.476071242707363,16.327517447001497,12.294694774822903,3.2069209631077813,14.186059291818141,16.43847206592086,16.99388662524921,1.7726605558144726,23.488628155471083,14.039818944907324,12.511920913131453,1.8718623959870295,2.7453101685716366,11.461070632160627,11.255180684092657,7.231256125883132,9.067514019032187,12.090502155394091,4.928285771829188,11.461855429730493,9.488028785213684,0.0
20221107,Solar,291.1000124919199,8.135207448934372,7.972336541187711,15.155652173402617,0.0,7.471425692200128,19.721651579073868,5.511875120941477,4.855818992257745,5.692995767409053,10.32478095505142,8.972029760004935,7.52653655201195,13.40857447434126,15.297133113914787,12.865572777703711,7.634939854525707,4.586568024059466,8.253053383032505,12.800051807368245,17.576534775091005,10.102866565622959,8.085964948507225,8.98869176421953,11.791167978042894
20221107,Wind,203.9325972979863,4.275458711805117,10.442890647083676,14.379951912896448,19.386102748832563,12.631225221197994,7.741761818220289,10.294503966599194,18.942296885668796,14.269420787104016,2.6057265242705507,9.346528938674973,10.637918212471424,21.766228193327812,5.753051583755404,10.624049473555427,11.167277622430968,16.620172706305734,15.577402153935164,13.343054336955046,17.968868460965925,13.583319773830196,2.900408565950112,9.17113818914815,11.157758221859183
20221108,Solar,207.5064339196816,7.515504764237008,12.732524768042069,12.341789614818648,13.462498571522925,10.08778918791641,21.556517933781244,17.82582924085026,3.937262772958665,5.678347687653967,6.49561591859553,19.72344634443149,26.903072445287883,14.45454276605775,13.578822851207256,5.175834653501587,11.258936793360906,10.84097719896055,0.0,11.972623151036107,4.421316597127946,2.7203049312724223,16.542039331212834,7.781294615694003,5.698831150147039
20221108,Wind,76.9857046970594,12.724645940894971,4.490500135056435,8.033579316930943,10.514016425099648,7.6409473923182345,5.026331005507119,2.076328335135451,8.950941517732124,13.091736286653346,6.465906073524026,0.8547643487163947,12.37849824136383,22.003920281505767,8.181493496684766,5.845886322172574,9.591605702897684,8.695916679461211,15.557097623068138,21.45885857880391,13.619393100220375,8.655639062642175,11.740620430971655,8.050333025554306,1.488676574619917
20221109,Solar,114.64056603532698,9.965730025492546,11.792738569396139,2.9899968828594403,5.543201596239685,8.770576188833626,1.457267166835008,16.741150222125654,16.523283137033797,5.187064197413522,8.66521846433073,19.671281238778125,14.829540021930463,10.097054869661783,11.114017092802664,9.380356555968048,8.977004734284302,16.27034695729407,14.480102785266281,11.959153624397082,10.936437840654536,5.989445196234493,13.856124224583828,18.375311718884618,8.088850578509037
20221109,Wind,153.73408197271195,15.592347057216717,10.173307160285926,8.046798423902713,7.809663169347679,9.51049082037791,16.45644859464162,5.019483318051604,12.533845362522372,15.182404707116367,4.058543246523401,10.46730054030422,5.208654688982231,11.918133338300079,4.468848591731974,9.663209018695271,3.1781347915714395,11.301211410949715,7.053865710772341,8.449587135955296,18.708343315423424,20.91346125669379,6.357903749173886,7.885637729446706,0.0
20221110,Solar,99.94312210574252,17.178700304674408,8.481559051615811,15.551535878740614,13.046754477890206,2.773108314693604,6.366716838698755,11.468826437920415,3.8041904135201907,14.22622732968564,9.64130221220244,7.349117718731175,3.212985152274449,7.159355994107136,1.3970980038311198,4.801598522699075,4.54642421019126,11.73301704970455,9.535726639514888,8.832261227549248,19.810769938700762,10.458800165681627,15.923567497247738,11.353595948108563,1.0662713529127232
20221110,Wind,230.0198649444647,4.084846673410748,15.863019793715033,10.649809357845577,13.160396917657069,6.816703767150358,10.694328990994096,12.063925584845144,15.67705030921326,6.996562878672509,12.302332522405889,4.401738300703691,17.32266396093907,7.386985377124672,10.7527821522965,10.885938892883404,6.928875274634835,9.674926637697135,18.133909440876167,5.97338386987683,5.841137024931291,17.760973797744384,12.339164847034048,10.524792671785614,3.24501554055328
20221111,Solar,220.51561532953227,3.7186542754482756,5.481256410446721,2.234815352437751,13.341966852953934,10.324527577963929,3.221832574935586,10.949565182847353,11.699772263712688,12.890422544947558,2.34048433689217,3.6544913913400845,15.895342127738896,10.73550165291207,8.531000537838453,3.1187152378020455,4.956610198336166,8.431615182043037,3.450578498313839,11.46587033398201,27.20759797919523,11.220599102138163,10.751160375241426,10.364248526701639,3.7369554561291887
20221111,Wind,123.3227331307973,3.4760311318957915,11.374510565411107,4.376361802900294,6.357516328167698,3.2450448230557383,9.809434290349783,21.142364471012893,7.9189988197253305,14.737163241612292,6.825337549852642,8.290882172696554,18.56929080013372,7.087479167946821,5.531021883255401,10.245065201156388,7.133559343516179,12.020908983840034,9.089797687721704,15.407826521521352,10.845154257336455,11.66724589566046,15.146352403759684,12.401185342585547,14.395831015433316
20221112,Solar,239.19593033037424,5.504019519759904,17.273321456925228,16.2657570042614,5.350761434923951,6.900381690927097,3.141869650714538,8.495840497643536,2.289953719751896,5.383404731881679,22.704960663815115,11.38991638517805,9.602020197681504,0.0,1.5897500599616043,9.112113821374706,9.619216447417486,17.62010441886506,13.2361668095471,17.044908165137198,13.161480693621357,9.692920660666314,8.353756636974122,6.83520446497143,9.245939221443734
20221112,Wind,149.7873951640029,15.521072604098723,6.466891220218508,12.439563760639428,10.976026221762533,21.923224891859363,9.630463011445178,1.8025606253817916,12.173752649364138,4.829985778707665,11.646185694329244,13.112482697366064,16.271569163373425,6.665996593089238,0.0,12.005545673601782,10.441249912016588,0.0,11.04853157855854,8.515869964295616,0.0,8.884937884536587,16.473659738541038,17.0070841966686,11.74272589725474
20221113,Solar,279.46948586945246,12.801809753333673,8.515570086538505,3.829999396300361,13.849269788857367,4.353708175894029,7.6303373025575985,11.782235337634226,9.18286098516787,4.643476345155606,0.9112939790911645,11.330080912883593,0.0,15.383470627000978,12.61779615392552,16.056395782202245,12.808388543616505,19.341409019910365,10.260277645694554,9.735718389627563,15.041546061915936,9.630641156311905,6.688739469805437,5.399728521568373,11.04046643663718
20221113,Wind,157.23430652625183,7.274862135387843,21.726522817359143,1.1708425191270322,10.015924247524293,8.080930436747852,11.15133865193052,9.149800076377701,10.781546743736174,3.934986498122016,2.9976706762010616,7.448960980571451,12.706104431127345,10.36404510111649,8.724675898634363,8.146617595767683,10.784417318993414,4.959744212823316,19.083841011047912,6.792036875859693,0.0,6.7130724282130245,10.16637038904143,9.17733747425369,2.306606858304734
20221114,Solar,178.8096375164211,9.944487046885829,12.371955325780286,6.874789326999667,17.407421234425836,5.831413607356344,13.128456855544059,12.774006041095861,2.0739931991470417,4.619535769932063,11.129521226864304,16.697562384562328,15.165132471175905,10.392047404433937,6.980675141779132,10.00199513534156,10.595039627436462,10.962107653367163,4.459089183203685,14.8415868303235,9.280365474719595,9.944702268333838,5.317499371027832,4.067187755209262,7.181674997710056
20221114,Wind,219.99517205847792,17.021527525829693,7.469012616786911,0.7432064600504029,10.165687310950556,9.415649980233315,11.205399995996101,14.410476209368664,7.906714708218265,14.623941045766601,10.503330192871188,23.36901553743704,6.558540941183714,6.182775355471481,11.064057524232485,0.09659837302020358,12.682031601152241,1.414850894826426,4.683216159322284,3.8271022522629727,7.235559471101721,1.8815414218500115,4.2589117766423845,14.485198527168237,8.858854169717569
20221115,Solar,213.88166749039047,19.540054254895598,14.01312380039239,9.220827549964998,9.99645678083507,5.9254082843251,12.255232710810745,9.831551641477686,12.401523107707556,12.789249106319973,7.0627859914956,17.473124930191975,15.279169427120594,11.664751723628566,15.072021301481069,19.85860433019483,5.415560649220627,17.457187985365575,0.0,6.390005637409323,12.33061988007722,10.867227590157418,7.671196208685144,5.394088187159838,9.335078246007166
20221115,Wind,175.5366033067947,11.296921667214011,7.159532242044871,22.25812685918152,13.352799955963345,8.783784383537835,9.45483662300238,12.181552153211491,19.38232305652366,1.519989064041939,20.96657478443988,8.203544544851347,9.101054458735257,18.293291362205956,11.347832634603192,0.6970352670274549,5.833777761789661,3.0861770140956954,4.606674094572497,0.0,10.896629739057067,3.9758398933820285,9.195558558434278,13.778499653434121,12.395089154287309
20221116,Solar,142.94298402780822,0.0,2.175420379199645,2.0152196215041407,16.096150687960193,6.407264824250535,7.823406492171815,10.721189661185152,8.973591885746847,7.449165072968743,23.093644104343266,12.51039366709005,9.601496869364395,17.003531875187537,7.7843548838856,9.58565622431983,8.133945327730599,15.611650982159716,6.674600560405331,4.103818031100768,12.934699300099183,10.47215513989682,12.758889249991741,11.32449026771449,14.625382538943116
20221116,Wind,175.70663499965596,11.486435473799865,16.86181972632585,9.069871683968925,3.2537237009772757,15.275639081849125,12.35059341394784,18.95943722037356,17.216495295340604,4.210817056383584,8.678083200751383,12.830874178742055,8.707001776404853,11.829344550517073,20.66244247558344,0.0,6.513980110676322,8.794108141434634,11.59930786107121,7.044684764659122,16.22966248450575,11.604790919039315,6.784757111396629,10.880944287056797,11.849109083641745
20221117,Solar,109.19079140619425,14.673740647706738,4.484703679344928,16.559632876656256,4.409941459822009,10.408185188597734,9.44276092060908,8.147191235661673,13.936742104249232,14.307650982544239,14.364784329633693,18.018382045448284,17.906589467074692,5.731379780205055,6.821236587550132,5.871699514397248,1.234652160146914,9.186442881537582,14.798755933410238,7.446129095087009,4.980167560572886,17.085345889932007,12.934539776452144,15.58120573450285,18.808326533182314
20221117,Wind,157.6066859432058,11.123161579280376,22.258563124986456,13.745439291500476,8.433692811279808,4.985136715183898,9.633451089429283,6.564649009950686,11.168924831266741,7.751771319069588,14.615830856605012,8.309096163468316,7.728179827849955,18.835990315190372,2.951845463707631,18.677238465594,12.879933977471591,3.7039988810485203,5.1803922393682384,3.5255926737670853,8.977970787756764,11.583852112128188,8.40025803519804,6.977448143464271,12.19259847937768
20221118,Solar,94.53462337510025,13.632574593673919,7.553338122688973,9.25629642600431,25.794708922943318,14.203982619163465,11.988724827234309,14.40365451555614,4.938291081669428,2.2778628858972505,15.279365697387886,5.175412828150582,7.116676768720549,15.296213456308077,10.499078188598029,15.723548953243135,5.008408670319352,16.095838433682214,9.286630093020257,4.350735301487445,5.7728211705172665,8.668235237007863,7.529648772569754,17.334972995469535,7.32777897268618
20221118,Wind,60.95591799598493,11.78532687230192,20.666323407809276,9.268256649159015,8.69265718729534,5.208666919849436,4.833922009887411,5.354100923286417,5.147607282345218,10.850825338852898,6.7995733911304805,15.669256457504474,5.713851241579214,2.595779865078894,8.722196071449076,14.925058987796572,19.05803152467533,9.262656969130806,16.97963096139678,16.307849032662887,5.396463916387397,6.855666472712587,13.147209709352065,8.08012593676506,16.42038727935224
20221119,Solar,152.52133820697216,3.8267729125906733,3.1566446573997107,4.2204510878771035,9.391085284947156,2.179599055441744,17.148055470472162,11.96078902791273,13.087704353532997,13.032460540656826,19.697246086102684,12.03188547492798,8.157121281269058,1.2160289879495978,14.735471216380393,9.03623846838361,10.826838238612721,13.588362221828696,9.062517065910615,6.100366847595876,19.663448351037363,13.581609569743543,7.277809512224449,12.15854826248169,3.9021787184952226
20221119,Wind,213.11389453358362,5.568807833182686,15.127467931331264,8.661721149972232,13.09175964903959,9.984787562835963,8.753217097218686,9.15205423165423,7.367522129473936,5.231507833807823,9.657014018827955,4.456193433816301,10.97501605579505,2.8728427513012478,7.368556544625561,18.254642930565968,2.4913711335455,0.0,12.593504971559431,0.9536709849880198,3.6553845627224666,9.50439276934017,19.126024645296166,9.033116740304582,12.670559139138682
20221120,Solar,196.29023207980296,8.394239064349218,12.49863136492325,11.21720357120065,14.884644514067372,19.536322121699897,10.620908079850356,9.493396577290333,6.923186406169499,8.675420416592903,12.109960405125555,13.527868295074645,13.192945011835704,7.53165839223747,9.174230467259086,11.286803315961011,13.33466659742746,5.5437932265039755,15.604372304471816,4.785778120649413,5.889534663440592,6.237976045123696,12.161659586755981,13.086191767577386,9.249278847780312
20221120,Wind,145.9043852137196,15.327073891191759,14.188731127775759,15.525567716370452,10.848925582273779,0.8616793554205626,9.77740276034711,22.186523120050847,9.096948304828533,5.488022576798778,10.010217551141551,19.19127730630877,6.233545250162439,14.508914100609852,5.671161243795339,13.449216447851287,10.166388816623824,11.253528673746018,5.350571278357176,4.852219524851385,20.97130772676332,10.766928684009297,3.162017058653009,4.986434764398091,5.709167522530757
20221121,Solar,237.34948490877485,6.170579658396897,14.840113533381304,6.89912188242622,15.821737475201282,3.3450603921545143,13.263715769510599,16.170433724611172,9.180845848304038,16.22023696059391,9.301569138506206,6.5312023073426575,11.864519549458926,14.389757336893016,14.038292609636281,23.23454640036057,11.454906290973623,2.110640105267686,4.333286026885422,9.64825864739172,9.365820649739371,0.7152844914954759,9.404042725022801,10.535572883066779,11.046446626608077
20221121,Wind,121.54693045767131,12.279513165838235,7.511274288594141,9.050824359682688,4.0301440848704,13.762628315804223,11.695908354854197,15.10789766659716,14.503839880968435,7.843209315640341,11.3920222996893,5.544992076529553,13.059854369291083,11.703599225906487,10.717849990920097,15.451611041903906,7.512167843057764,11.806284197959798,18.10516869700641,11.79808176517296,9.677757669100084,10.39998807694851,6.763940729642451,10.09109615206907,8.572599609526831
20221122,Solar,54.10836691009886,11.518462969605984,3.455780789985008,5.253932596216588,6.169557876286375,6.788393001940198,9.750380265652526,12.652853202384867,7.472511508698948,6.390809013687995,4.070572131032415,10.15031875848621,5.3361231776932,9.297729604053997,8.624076186289576,9.672710473553424,5.343771083685615,6.69067707761292,12.896067204558992,3.2320936228579167,12.002611115842225,6.097846806460264,1.7935317719181076,12.180333708830865,0.7712673165273753
20221122,Wind,40.89493528995192,17.93098632539565,9.74541134830391,11.126625897702526,15.812434752898195,13.059742836232717,17.24377058068436,6.542429392799123,14.00620018012158,9.743372530754286,0.14423490413175366,13.401497472697901,10.315683218893179,21.85654022007292,9.250048169504566,12.552144376839141,2.693646736271671,6.111493526430131,3.365128588136871,11.501511330056118,3.975323485926733,8.368261282824966,15.289400933669526,12.027364629166936,10.920993314831565
20221123,Solar,90.94045297021415,9.791601109352927,11.11515128792567,13.918897251544816,10.05471557391737,5.812555465290265,0.0,11.307408433688604,12.198525670272018,8.96225335016546,8.933097619931367,9.625433341178695,9.575757636171682,10.169940189036069,9.89344750421564,17.020671526019783,3.5899944301421916,12.563719918004882,4.716696350649982,16.998695728808876,5.389651986282202,19.970969246223085,15.404507655965228,5.697147107678485,4.8390640563278104
20221123,Wind,190.83123716311144,1.2262079086187072,7.640776894222476,13.148240067149475,3.687746974956676,10.709810887045881,16.213371902334735,12.91662150414335,1.6300200631897432,13.442466969330017,5.597861815383654,15.672126378989548,10.369248463704684,9.565073330760766,2.813195212066603,13.11235572489639,3.159500822955014,10.853837377143115,8.998146092526035,15.080127759385185,6.916910823482568,7.573555394875687,6.3761775428061815,16.531100497505683,10.612418365941043
20221124,Solar,118.25986582663069,13.23435232448389,11.387769850799309,4.149064622788224,3.3873103419139627,18.722369626927442,14.6010770259548,10.994927150696844,11.472538314916536,16.08023612964444,12.737518389933202,11.303536453872566,7.350052413890009,7.462107135557346,15.813541907875724,13.915312908760576,8.21299486879549,4.37996702818012,16.968234091380303,12.896114075387544,15.211108467868504,13.949180742451633,13.55311246614922,9.71230530923841,9.364217183665653
20221124,Wind,173.0479320928651,20.690276058170024,11.648127655873703,10.734316047282075,5.945295973276476,4.027051764890645,0.8209168359877661,10.473751636719806,0.0,16.1181162551125,12.168950793558244,15.058268351144804,9.322501375830297,21.059966538728563,15.520141558701132,16.439673162014277,9.741963370634728,15.61570856154061,14.90866718675829,12.03861238397052,13.357832808876022,15.246069656779369,14.384833615447999,13.65249340850166,12.152639077014106
20221125,Solar,232.31416917919887,13.561916724332281,5.44986776728067,6.613437358749058,10.010627710789581,15.11880405068652,14.646416088586262,8.012753506052974,5.523883691740067,8.090463197037625,10.06740009848351,6.395876435518581,10.155354196785032,13.604499551057172,10.203401947013363,22.650696052971288,2.2645985248880294,12.527325136842682,15.335322433920261,8.41561589652354,6.8487681174159905,14.268804766300205,9.93677364423122,3.695590095239243,0.0
20221125,Wind,94.9951518711097,6.061692040947964,11.974856408452329,15.055250078264168,12.336897848633942,13.398533983160434,15.292337227797693,11.367293248406414,12.315384232811242,11.525568165738274,17.407873952771926,3.861391994640985,19.320239718057522,4.827559982410574,9.669047764371228,5.325975494386493,14.513389385749626,0.0,7.817875024572938,17.09437633242121,9.332449448824224,11.85581973444253,14.761401288914946,7.926675081527497,5.045505792311495
20221126,Solar,173.92498658979449,4.590270604105175,8.66393988152677,9.19343638613231,8.354700000279303,2.553778744505456,12.808817449405282,7.372143242732367,9.946784498703126,17.442499551452244,9.96886160568515,8.299831539032152,10.223695809663804,4.235184306492168,5.016709934475422,13.510396904688978,10.708223727538451,8.48411088586893,9.961702747822367,12.146198358003499,13.897192963583603,4.4618659399995995,11.47256633615804,15.393050072754837,10.53722703936005
20221126,Wind,176.9481536327861,5.235155832462973,6.500095498983144,2.4024333087945804,11.924995946197596,12.794502618708867,2.2045627815929105,13.517115897836302,1.1605394701922922,17.634994041875025,2.7092457852705176,3.267766647358389,16.692070995600556,1.5998131498428692,18.63667481174852,12.297934170570478,22.13558485431407,11.86624157705305,6.008246647261681,5.978106425320389,0.0,6.747260618171589,15.72721961148841,18.17674677132255,24.41498727802069
20221127,Solar,106.96310057634484,20.01655940191023,13.936875691119965,8.900986471961334,7.814667566531925,10.364030644313031,13.41326358782113,0.0,4.404191165132261,5.620469226532323,8.881778791727921,12.046622372175586,17.070554936483106,9.516151872001208,17.427272825004223,8.071542178641797,7.974506065402113,9.444161897920269,7.921717668355057,9.246166025260205,11.511241322739103,4.171170214854909,4.137641038514245,12.12164898718656,10.694114457393743
20221127,Wind,217.71054626225416,8.36336279739282,6.115043941532278,12.292362845994406,16.119601008084587,10.455470049568648,15.035984280009643,16.793717832249712,0.0,12.961226083216722,15.85483883427505,0.0,3.4051563907432336,2.507614333585612,11.97197366704193,6.76308814297599,21.164856895992163,0.0,4.3859510936583685,6.621500179109365,13.789764092638242,8.240220422611284,10.739842408523415,9.559566766619438,7.79983159591904
20221128,Solar,135.61464722252617,6.686783030859862,7.716662050476368,11.220030315713997,22.759200472861778,11.682587832258514,7.138967526095639,3.4416704906605524,3.287183714778581,12.116027863859134,0.5787266351972853,7.736363926736827,8.544053993730738,4.161986021487883,14.100240433358035,18.26027228189716,13.729925676561976,10.317557261258036,5.640470324031171,9.305662463072395,5.407831399073376,8.298400940566612,11.007659705505962,4.688690049538897,14.365642868800895
20221128,Wind,130.81235095434954,,,,,,,,,,,,,,,,,,,,,,,,
20221129,Solar,255.58066092089865,8.415464756971492,16.871558103271195,7.073633050644269,12.399664053994728,10.350494794711988,8.233960522402741,12.044270928108396,7.2128353071242675,16.21808783918894,12.877310172794777,4.7668175969206725,10.905542313850196,14.45498156515685,15.137350274603886,2.9547598026694164,4.046644723234355,9.59288057592552,9.2744989589691,9.118585149448588,10.07500429190518,12.736766547859812,4.695753371027816,11.532622375019102,12.162980136980483
20221129,Wind,176.1383371183359,17.838251798937517,10.96392038862149,5.062478008918418,11.992054120750561,11.207262125201442,14.426884952584212,12.699709151773312,10.84972770863279,4.795119953528973,23.261211672638918,8.468231555764497,9.418080623877438,17.457009894091566,5.719025142756996,7.185071418567525,11.589753805978873,10.277397740438184,12.103492913227464,6.027021266108089,19.053485986572227,7.532868136455292,2.079748872006306,0.0,10.259978184879477
20221130,Solar,196.2645274842749,4.927612544918485,12.641441662373337,8.02625189832347,10.693477131299627,13.730289694427643,8.432466573861284,20.391389882021844,10.068221907697486,6.546608474827123,16.04128818463803,10.02135790350324,13.750149762973695,2.648398637738315,8.444367547887586,1.090490594147283,1.262043749142645,15.099517320713336,18.33143942678885,15.20339954160584,7.3846862459648435,8.186195039582241,10.226014603491233,1.3360517107702607,15.359988591194494
20221130,Wind,217.74464657609195,15.903216158302234,8.511787320017518,5.721605167370987,13.266254726706457,2.364194833109594,7.099412685769938,11.48142264654563,10.162915352497944,14.538043781537963,10.663081916822428,16.346163968896175,15.33762604070715,4.988399332517423,12.340910929697332,5.770591042008518,5.518716529516527,2.078812776179727,8.17249428421009,16.382640917256456,12.954465817501935,2.155718975600287,7.798282619815428,11.751330549058826,13.308112061854022
20221201,Solar,117.47630002703916,10.610460482255423,9.607551878118295,14.850429930886575,12.394105944899136,16.45442948245552,9.803517286651404,9.79772617003583,15.115662115565257,10.740153774249933,12.603796131734734,4.796320274808545,9.853144317146386,6.857176935010694,11.016624661542256,4.737217650556278,2.038312000577541,13.68208686950585,12.939666291269535,6.073224240581049,2.650135345487427,10.346387808638777,3.546176909896772,5.839046950523265,7.604169867839799
20221201,Wind,212.49105485268396,16.035132567138426,9.755613832402029,5.494313046341918,7.644732148075526,4.223548284703934,3.291739397583213,10.95649689271412,8.985446789144879,0.0,0.511523198575371,11.786686455870456,8.608729052757884,18.200424788466727,13.765295345098382,10.430231252454913,20.693558979459933,11.697969016485253,9.103900340927963,17.39971360174594,10.37600005330445,9.528888156228364,16.086293665075928,4.802148158589006,2.4896929366364406
20221202,Solar,124.9052942501165,17.913095218670257,11.466531180085122,10.611422311811005,16.582728863113438,13.808142320731935,9.307090083838192,17.952438806438888,14.553341865299531,1.6685877892710022,4.7513890704701875,12.778793894285867,0.0,10.314410592240122,13.218627014961113,17.227417202833575,15.493139783952435,1.8817382571961405,14.814375056306467,14.812526032296384,14.076482664315416,7.002618016071558,12.001516078352742,9.479754226520736,4.6539971557710915
20221202,Wind,122.76883053308514,10.423988169565476,8.520162134758701,10.271519516631663,11.008331237433879,10.3972254963639,11.810463686791191,22.121999953321897,0.0,13.312865706494891,13.254778355553153,9.894157244148545,10.235267488959366,19.11012729231672,11.234856641324093,7.053709339101003,8.305085701744193,13.488645919401229,3.7234734528484736,7.240423258954619,7.372976664804469,11.905605844924606,6.377253377329984,11.716017518875075,11.482002237868286
20221203,Solar,136.4000013845932,8.424681952004171,16.699999427381048,14.728337239424556,8.075997900848183,3.594218286006512,14.349796346831756,9.075998505455074,15.557129784220233,14.195554612858265,10.80583698328159,7.509791519028058,8.094221272519137,13.13722106278801,0.0,14.325507810818568,17.562011474727772,19.030988009657086,7.322134956583078,16.094469218963567,15.597972664295586,10.594334331449826,11.016209798851808,17.15218583599592,9.741075571243321
20221203,Wind,118.89675825275226,10.330894159325515,8.13416880748929,15.446841444791854,22.216012619237006,12.640727348520022,11.244783693190998,12.713862080860562,3.549609539451113,3.25256147859868,11.443705932986965,4.305040677180033,4.967362845075342,9.437893182248954,15.864181391454157,13.756313097279367,16.289540851555874,11.669118405881761,13.314233465978768,3.8405209599620704,14.600973647274653,12.937871925197669,8.810086284766827,5.91291479914485,10.136415540080522
20221204,Solar,191.10782163285813,9.52614663997434,1.4637943239731632,13.479849716406642,9.418933114222,5.272966804024144,2.8369918145680115,9.628054077522368,4.635301384608392,15.495837810639209,10.170573268386805,19.492827293420007,8.973324081059825,12.86918970678531,14.195179078744808,0.0,16.55169928938302,12.772350034575824,12.90785662021105,7.591460556458911,10.719112339611232,13.163285530350544,2.188070691445202,12.179043502587382,11.270786717341203
20221204,Wind,163.3605327572528,1.7151677213063599,23.713983021850098,11.76464171645065,11.274719207118748,15.3439777757882,16.761355691148815,9.528668293730671,6.47691255254372,9.014263344541742,9.974545512092428,10.363202513242305,7.912940592803698,1.3530949697068384,20.346070644596903,7.2403893522327385,7.203345109736857,4.673080458871203,12.999734028596226,4.525285014854563,8.643666760848117,13.575287508780477,11.369323809411675,4.866956803977683,5.905739198152574
20221205,Solar,125.43877926914435,17.762401868925366,8.36315654528124,4.756769269529711,10.877201722901681,6.4458258074937795,17.180792531871194,19.395253119323836,15.419276104157184,4.887629351059841,10.514653242393987,8.422220050561947,10.845824868546584,0.0,7.612512072142099,8.119939033521197,8.455570533205734,6.90700942625385,17.046210522440745,5.116829663533041,0.0,18.34347809317033,18.199288977292607,7.524232137426213,9.477691131796051
20221205,Wind,183.7252516577411,11.228925086905951,16.56584893545674,4.655649561308712,9.350526945243962,2.5250695119731126,10.562836276353911,5.371341380682552,5.553500754276711,7.198520549757381,4.719824078675973,20.607750457714967,8.60498532669243,11.296288553278382,0.7854693504491994,11.907288799229558,4.517038710657154,4.910481262725847,1.3314134243893572,14.255449426967672,6.756879424052177,10.642990732207677,17.0600367512644,10.944462144080438,9.94999822674884
20221206,Solar,136.2408781306827,4.184504074744729,17.02395420979879,5.771545901175255,12.243323525220077,17.669225525181474,6.240291894256726,0.0,6.720556103818229,3.8862838697559807,8.855365138275339,11.111432929979555,12.234986875517501,10.072010218542577,9.09775829820065,12.850328281193356,9.431428270258518,11.979130116783633,3.727774663291136,9.92676617934774,15.504038818903286,5.269664577614423,10.516912445164055,9.261761501058881,2.811430474530151
20221206,Wind,133.59648148176618,0.0,14.72607156125191,13.759604998139576,5.775000454541875,10.906618356184545,7.341910317692273,11.587221795232766,5.191561409871105,6.920445083094685,3.779476842855792,22.717488811917256,10.869528280254524,19.668087673062747,12.283401694386587,11.65413341624283,5.937212240951656,7.410140142277812,12.806276834531158,4.444617342085021,8.63299665094555,7.850247486320592,7.820046874308696,3.1691663984500296,6.941337355239137
20221207,Solar,152.43419424507718,0.0,9.009863902012986,10.36664964125318,12.982716932615288,14.335955628806577,8.982388011409574,16.00503264381037,11.27697400429719,0.6555101455568813,6.902017716308794,2.91840577217644,16.36774673842219,3.105251362274374,7.789805690702551,5.52503486595873,4.629352602623533,7.1015324133776305,14.067060875010656,7.051976987473627,12.259413809953841,7.983766989444613,12.814327673215207,12.567278072894268,11.957137593131769
20221207,Wind,173.17301778331085,13.852402183437517,11.433424099371717,14.343286203677813,1.2082298580378514,5.742640606233164,11.3933422809883,11.099483131255154,13.71804167443834,9.63083525500942,15.979525046022665,8.814305666344271,7.328510506748403,11.862262260237596,16.858968340460635,6.833399726609276,15.657986837278182,13.518729211321585,13.275464331574922,6.676814841625089,7.680011679190105,5.400929924582535,11.33271400401265,13.706196598937535,13.494873364098922
20221208,Solar,169.49238246887097,6.905112157964524,3.627448953475364,15.014013671600415,3.5096512437143543,0.5409473164589962,8.477573592451302,12.51101775604006,18.521622578803154,12.935593439639995,9.096238447512182,3.1499037654846926,18.89924516794979,13.476392832092749,6.699302574593425,2.483787361014569,13.358056082574787,18.34864649588819,23.54346589644454,11.254261064968714,2.865655436551491,0.0,9.306939485612254,21.796389759510024,5.961102345662727
20221208,Wind,131.83754088735847,7.7254966594743335,19.95073886909138,6.37024049850376,19.128622735842576,18.376012120438887,5.708062330494121,13.761966905634466,21.999087498933857,3.262875162706532,12.97919737640404,9.389383599311646,15.336205904232283,11.714063886466963,9.495573382682586,10.33192700722376,5.587930635462294,9.561720153411777,5.420630057302383,21.365592524557957,13.739358769533023,11.156119169412165,19.300622251332975,11.109568694840604,12.497143304872345
20221209,Solar,192.3555603719701,12.440771322694118,5.740970009086651,10.160371637785936,3.719099866391068,9.967865939105257,15.115049421082187,10.554555367048028,13.250903765939848,10.085101353114736,10.57647277056275,9.365460380811673,17.43372079683227,15.494730024555516,8.770050364199276,8.164072208614552,14.727268448525512,2.1253720651110797,11.846035892118737,11.028691222452286,3.858378203614914,10.168333248971829,8.019466136773245,10.868681897198455,6.927764012456285
20221209,Wind,138.8802924460172,7.419759219491107,8.730495186295622,9.935031606582049,0.20020573981569645,12.456759470817733,11.286429440370505,12.781538117241627,11.828270934346842,5.976739859117907,8.075541665533626,7.7098403979084855,11.26384027286052,6.838138780169699,23.871557296400482,12.663338184030447,11.544090240747089,10.200838011023537,9.645550157683106,11.359659757287313,8.688731355249324,19.56953109232088,14.78559385313115,11.516308167906608,5.604573424552828
20221210,Solar,117.25077556956404,12.732622080267566,10.494932435201255,8.361061551878924,3.842919154669062,13.282978902991346,4.738139887820258,12.6980594932683,3.913301339458941,13.344004176821192,4.957156466957883,10.269443034112848,8.59341764636221,14.161158194592225,5.469611699412203,13.484398610417458,8.423179739002064,10.95780451773658,13.106907717711865,17.705790746280222,11.821795841465892,19.252054666927936,10.719292623546117,3.1791864418282056,19.55090171387189
20221210,Wind,76.59891756163243,,,,,,,,,,,,,,,,,,,,,,,,
20221211,Solar,199.15892404995105,9.579352084253818,6.715633588533029,15.923777517055285,1.0406912986364247,11.131147738077582,10.809354143895408,10.569334468648957,11.07701554666973,13.559444240244988,10.915892229902623,9.448133317607835,18.76194870007209,15.829271288921037,3.99396247420017,11.410493370693713,11.526913492466399,8.382418617370513,7.411986462083214,16.66439576713165,17.85181729784654,12.813403899978216,1.7453655832790271,9.586949611463718,2.625762910969004
20221211,Wind,150.61950380970038,2.1362479715425553,16.971695260273442,10.259858633577505,5.220929087042246,17.969762962527223,6.4097354402780455,2.136085835202511,8.554675790461816,0.9112170127348995,12.900767220621299,6.221038875876225,15.48330734636941,7.444182147917916,11.714823742238927,8.920904388965587,18.887605044542692,14.405041631877099,11.939008055821294,7.877490281578267,19.861537345227028,5.851825146397645,15.507086249786688,0.0,7.809824458929192
20221212,Solar,160.54361792552575,5.901343217805702,14.751396417441399,10.06572394279884,2.7090375784150655,9.83779385560335,15.975248798054933,9.809142474462888,11.937658845267768,8.950298268883031,10.61168432278643,17.214107373757354,4.959418401058854,4.068983262240993,5.227664099711002,4.432561149566551,12.829523044100524,13.638198284389343,10.417344888080777,8.198989368839452,5.952214662764918,10.943164023347876,14.183775554217386,4.346402581917065,8.66871941305807
20221212,Wind,202.2901457849758,13.01267682793433,11.610236021628465,5.9861116256570215,8.629354014549957,14.710506582097874,10.67444603213658,7.523595255802829,6.818246363025595,6.455409417586505,13.247401589728556,4.456252957820529,14.888076566411724,6.857218849698797,15.499722826204865,5.999188544776576,13.259361390066946,8.509598698079998,10.640978181304018,8.351518571035427,6.148495363290067,9.417328130683677,10.940095384033084,7.512128336020234,14.563616906885635
20221213,Solar,126.1296884201092,6.589890925679743,8.002234720016249,13.376062152067522,7.819895509096318,0.04376509984689192,8.916891789589162,15.17005627183914,0.0,8.196485365955692,2.3991494872014685,11.061818730144246,5.873199631485141,4.684708517850037,14.540643079088243,0.0,4.620738855521398,14.101527940930769,15.668907042032998,9.46492250048987,7.807494299524162,10.728873344235451,15.173995783176705,15.044058990608063,8.20504858348553
20221213,Wind,81.28003757629358,16.026847778922455,15.321379359222354,4.974462495809925,7.596217466364832,15.618803151596072,9.582591259622893,11.222063796049987,12.859014604668008,2.3530462161128307,14.333312787917508,4.036774185654116,11.62145378131174,7.175110081880163,11.357601282152734,8.021273054532426,7.21448212861867,14.650903924736783,22.403408467194378,9.125329075117483,15.76524176581458,6.155338538458324,12.077730413282596,11.296760857922662,11.891988296626264
20221214,Solar,153.48903511076094,21.73200661996699,7.677656836112172,12.274527644223411,19.280668997025682,2.389978509970132,12.219583979274132,12.365964230441145,16.71236925966952,18.30068820256891,4.358718296490235,5.825274754691037,14.129662973027049,8.328583458432304,3.04285264037608,7.032279749537711,17.28732036239298,4.544391739038653,0.4310491437143593,11.79127785873005,12.429668218527631,12.095575859744727,3.5129809976703874,2.4103643777074977,15.313973985656341
20221214,Wind,165.39807760401476,13.281926504206613,17.85195920168908,12.411146800275812,4.0046234118122594,15.047044120167502,9.63908292734948,9.042746410188746,12.784613176004733,3.5671846119483144,14.917523085790107,6.358676730218008,17.289880575171775,5.443042685685761,9.733978488655701,4.524316173091676,15.8096829403794,14.801774709582196,16.44420699772647,7.878572898433815,13.754961006837435,3.1532894700337364,5.147028871475375,9.798631985415376,7.082776537085199
20221215,Solar,136.85754669198136,17.46415945682579,10.556104577417138,7.937424753382157,9.489061101414446,11.953156102256356,9.597281634805624,15.260906313031814,9.96460434999173,3.9617319701213716,12.512029217064216,9.34109814538083,11.187722113866187,10.038867893993013,8.479311482607057,14.095895259820288,8.20833471913558,9.400118075886873,13.212369950648183,10.502272881560659,16.576629229859382,25.177467055834274,9.696923976727488,12.917204260779316,11.454571605107926
20221215,Wind,223.68687890380846,13.60363619148034,16.148907634863576,11.588260405915898,11.693006231603672,9.52039661963061,15.329825341626895,2.0133732973863316,10.066358761956803,18.974102925427587,0.6490521892751688,10.877109107065358,9.330019591655104,4.104914545415541,14.151964321236449,12.631405173492222,3.2353129054349594,8.762727513081296,6.291629298644189,1.941736864320468,5.472203670747167,17.235335744503374,1.5427398152197924,13.570879795956545,9.685204551479803
20221216,Solar,25.691671613932176,7.328689886639061,9.430898369082087,10.928347795222436,5.098953689639281,9.502058893960351,2.9079783625636724,5.522487739393302,10.861398738581434,11.61350818037832,13.68481412092465,4.466364544581557,10.220661028599475,9.633997883584442,5.487557935801451,12.768737045741625,18.298869749438094,9.460256877015857,8.187101634715608,13.912081857668195,12.51369989114944,16.636127449978915,15.612168883389842,15.227548657199616,11.126233225511315
20221216,Wind,206.00283189498916,11.000758324037124,10.357665910204721,9.803196875949252,12.432949906233013,8.736344533213327,3.7422343020251936,16.431535608044015,10.70827110544292,3.728717382697008,14.975486699164557,7.932467701369763,15.334232311474192,7.523888781450816,15.775307405762229,13.458121179116974,15.333213695195685,16.206038389587906,14.410314180694769,15.660128986755225,10.256582001929324,3.6231233300132706,8.922249281699363,15.990263569078314,10.50463272016227
20221217,Solar,189.5576825182113,20.06660473048721,16.127105307293334,10.064719900726162,8.00094752723346,5.896652402782183,13.884816799959685,7.821757504339078,9.696493412597226,9.356061620480773,16.289392301729528,5.044272935420201,13.941908477735513,9.393844869364045,14.836935340767187,9.991038920240173,4.277874443533065,16.19225449592577,10.252678397749825,11.107845701230149,12.15047739909183,1.89645332351561,10.68465085259591,12.849516926730388,10.730702103779054
20221217,Wind,172.83853888502296,7.382231286862744,20.96962575902222,10.308909115967607,11.87154533094928,8.970118606849768,22.07924893541817,0.0,10.126714397344255,8.821352653571006,6.157008579469885,4.823451149976695,9.918331244826037,11.966789867166005,3.1279953624799015,9.939617528855976,4.277259014099128,12.38164156171683,9.755018272074034,13.73927685988036,15.745716323516577,11.373855484328988,5.092554672494469,12.435468938243496,8.572293825955352
20221218,Solar,0.0,4.80336350560963,17.801834087524405,10.649558363360244,9.460003742371734,21.040295387545445,14.382477250760259,17.263206383069427,17.77506370220232,1.5617458121268457,10.89705421035263,15.667798160804427,0.6832506653696735,7.908844659480927,8.901984597737446,14.151040744472652,19.167760774662362,11.347947621279292,6.56672678555031,5.812839010517592,9.241470276903124,8.477747530979672,13.232486931537117,11.162772712797105,10.12581832803339
20221218,Wind,214.1944391635134,4.3290278844236525,14.38567309688925,10.301210156718534,0.0,16.51153355392365,19.321043980363623,15.384680356798988,12.361366071732665,6.208687029908856,13.472246915243543,3.040073319537724,0.0,6.110187145058824,9.743322650605618,13.336365085924015,7.461915653106833,9.478508448421474,6.204529028390866,17.587912710728727,6.516259166747778,19.238629771041722,9.286429047609245,14.211903258311834,8.635976636336617
20221219,Solar,98.67829446820573,8.912353080832254,12.946417164787983,4.480679048939291,16.530493563828706,5.64498410738783,7.828141931421361,13.554847033053663,10.52573492012282,9.868096440623496,13.681634337060395,10.373423506598874,11.126680089621233,6.727357146673863,15.029739296798672,15.137078196001768,7.550826126577372,23.49231952562711,5.171522049481627,10.95097394116561,4.744492693977182,13.138847393049208,8.369590488559261,6.060772602288152,21.656053016381623
20221219,Wind,124.61540108083065,4.982639556784689,7.46525654870187,9.238945244971976,20.352291576770355,11.33843701163644,6.814594108310911,10.472030034758513,13.296134481479585,16.332089529187762,12.047603809314843,18.49036683137961,4.093751673086441,15.115616380350346,6.565896634347913,9.781960136045829,6.597377020315832,6.576065928296864,7.45043278508629,1.9743472487056701,18.770924134243753,9.79378946930591,17.05476627455177,8.977911925302791,13.025818794846161
20221220,Solar,141.47036676049655,18.370097137186185,11.476148705527162,11.324743005984361,9.116229090325932,10.479895816182157,12.282665866230257,18.303735090793484,13.296494933916216,9.05585078386985,7.866818782716889,16.030792133674986,7.355780401427134,16.38157514088037,11.038020846338478,5.068101677530084,11.777349789889849,7.764089064822658,9.357416059034103,16.076940792139755,9.789880730202983,17.399416337646745,16.547164306766533,6.503097279943992,10.011462792732958
20221220,Wind,170.37090173259878,11.081782672956438,5.434754080016344,10.486443642696457,5.51023974066698,9.288532784951641,14.768244799135152,16.293092145312507,14.729989813849295,9.431773961929963,14.939718770545735,12.126792675980434,8.865289107315865,7.425505035600218,15.495292593421805,11.185516086203721,2.998623065617262,11.512197684839723,11.772286517502627,13.58866952495761,3.160752034748915,10.910633334686088,13.748584923026053,12.167739670970517,8.310435354048256
20221221,Solar,181.9714021096275,14.858631548802514,11.87891066842387,14.768751296975692,17.53006360587844,4.986112216812604,3.442245493588225,17.73928034396005,6.215442940835699,5.924166645199003,14.969099834072583,9.918730134722347,20.38242726453778,9.227334368177427,11.256346564643298,7.108737119006208,11.187979963730175,5.466579092098306,5.884800110587799,19.3581597039692,16.914956542148218,11.144981921254221,11.045274816650563,8.705764206700099,14.893471960313816
20221221,Wind,194.64202771596482,8.506673047101508,12.200253303467868,13.100432947497271,19.451914514337357,12.229489924033262,8.933908135850833,13.477502402236153,7.5973604692610515,15.479453906041172,9.228608469516988,13.68321031182648,10.611862514856181,1.4780066600768504,0.7133952744210847,13.26767794287739,2.9663137014806895,15.243775126382994,13.777585578755055,18.31936276895306,1.4503413796770837,15.210609179475139,7.419550760572399,15.067194782906265,5.9233890092255645
20221222,Solar,190.7926755039258,4.299014011219409,0.19577429265904223,5.64795232473432,9.156022942050013,14.230358149573183,9.864914161779733,10.613979256255409,5.932212729028741,14.511608757504757,6.082225979794693,11.846969507843491,13.599883980897593,9.090296946160418,7.527396391331235,11.439002129948543,3.00148297136698,2.6432639643055245,5.460410649336622,16.709079102985054,2.2504178547911478,6.61251134886569,8.555858523738392,10.261183624909398,3.5830715228871335
20221222,Wind,162.6463602106563,3.4530302728336135,10.193693045958534,9.166864459728025,8.906596923897427,5.830506574666099,6.605648921573129,8.004175644926004,13.833614617468458,13.946673864907588,6.36048330400928,17.11312870171287,12.522736702466178,2.7422225035943546,14.521162019534435,10.257204982897752,3.171825517233029,6.430671682138691,13.844475841589139,12.369898869067354,8.42005416810705,15.093470925374534,8.326236144363568,15.317601260553156,3.207656090914466
20221223,Solar,170.79613295287953,5.4600412891093955,12.074374495445527,8.44331673276406,9.600444511642504,19.777707086446036,7.188890867271281,3.6553807876706412,13.589354872035125,10.559194325347908,16.82408857666106,9.331405382392004,0.0,7.558312766599921,13.896877343328333,8.039866590577589,3.364126814878646,7.991286075279406,5.669947030860852,13.565138670957632,7.265799786339306,12.830139715337685,11.9608529316966,0.0,16.487459671305537
20221223,Wind,95.46231420888766,11.737627470133555,9.58145071430489,9.97825756686408,1.6272555537734756,17.61001624617777,14.215346505295965,12.510228077331723,3.6337856373881428,2.0071321904816175,14.753391924592131,15.005508472977198,8.00254480960523,15.386862069646106,0.0,15.003382137697885,13.611820885185866,4.976650881326501,20.085424174273605,4.606799331750805,11.559662234135232,5.3963444303239125,9.84136408213042,6.400880367487886,16.227754179684872
20221224,Solar,112.44865965904889,12.59941465883974,11.790244194282854,9.9850930008065,8.54437060653386,12.740827794756163,12.348422405454118,12.926786673978022,11.954189064101614,15.433349494215175,9.899801086399853,8.371370731251448,3.8998488224094063,2.4905018556959635,11.003688953050782,14.61950083418465,13.613455661082297,15.20487881531602,13.241601063596917,8.614986487305487,0.36817337574513664,19.790270477230337,9.965993772039829,14.690845920231995,10.799140515096843
20221224,Wind,194.7730111837416,13.015980365293425,3.2913887832184296,13.057608346199244,18.574709437746225,3.841401486655933,13.99225710929727,8.251093340463381,16.861169339339366,10.286648739688907,9.004133962395017,19.467481603585256,18.636015478357255,5.489946197390853,14.730022803410076,7.197557596392495,9.186486837162803,3.4250530226421247,14.205133991653538,24.921169724801064,11.63036763754797,7.7126527791130925,17.704445705172763,10.10161874828036,7.198674697793498
20221225,Solar,191.86047433643407,2.5566365810907143,6.120678472198707,10.886641815705719,9.156556696147199,12.007043129922812,11.68437345186387,13.068405140583167,8.823336806377567,8.457042392568281,1.1590661957216108,9.19076792488939,0.9034282197774335,5.51451286528313,12.694622440798595,3.8580852983024028,6.842191038975095,5.184075702357864,9.139990156946368,1.361657754291572,16.392041793216674,1.827591496034493,15.718611826824983,15.279374906218873,7.252510409217253
20221225,Wind,186.18997082222106,9.99795407050865,15.174690815819663,16.152725026042752,4.799827360638974,11.409890007822327,5.633716615737309,8.339110842004281,11.569866369631523,12.242295309463158,9.577994478109542,1.9053254390599006,7.895880043646944,1.6557328240445701,13.267874983727104,10.897226947468734,16.908987673358407,6.61558073743863,13.035572463924876,11.551207258860753,5.090433212859325,6.112063974764617,6.094030419549621,11.254512463683334,20.210326781608792
20221226,Solar,124.27916191717362,4.869690845538037,10.002858328228884,11.2050156883118,12.4834280965224,12.565776381092483,12.115515259195856,14.337138456734804,13.652428514122125,11.12094851914008,4.04442422722913,10.388525668479456,8.696363053878112,14.313527386274737,20.3115821024742,15.929512649988585,13.47419808723132,14.214976022602155,3.739208846837707,9.802772606590246,8.108172273686995,4.821352196829491,11.484885014407602,5.330731142372898,9.545993770245188
20221226,Wind,195.5246065971848,12.007329837922642,11.699394906574542,5.847047398313618,6.664006007529439,17.95232136144868,5.239535488112457,5.589463534286406,3.3972088030063996,4.654010032190502,10.79499738245879,13.82300903178318,5.070801413675918,11.386190169005369,9.782734302089015,3.6910559366238136,4.106571269426849,17.262353231366436,5.119734747840666,14.266727105176328,5.992238145200014,10.978467516343391,6.121353138181222,18.967214178794833,11.715224412049366
20221227,Solar,91.9377773759821,12.39538527748726,7.267394196457106,7.663596899158902,9.667739381660365,9.120129726916899,8.441233304828291,4.72444232495649,10.759940794955511,8.396010692569778,15.926236233807204,18.143406177499713,10.50712022001343,19.04427107520728,11.523882725533229,12.35181103223448,11.752800402947875,12.611964147164715,8.463249746237448,10.993082184240277,11.601913801981738,18.112588859895382,13.013524673931956,6.682758823912094,7.800119775856146
20221227,Wind,203.86799049311364,4.1391347648678085,10.097470116384281,13.018945353658792,3.6557560972636036,20.23913289827872,4.818756725908875,8.797106363906762,16.360580948707355,0.4795360379216862,5.097742235137795,5.019242620860732,9.788609883327075,5.0234080033118245,5.3025224422270085,5.895127159688372,11.49493182923921,3.4315333442082574,17.58947333561108,16.072854164103322,4.622680527884206,11.243495776264087,19.646039421294535,6.271796932016461,10.45208588905535
20221228,Solar,136.9564599377055,14.84014803598174,0.0,1.929158677471573,4.81687919406634,12.03252172996875,6.945561039645664,14.143926977511432,7.033955916179259,10.430133172994788,11.19293380194017,1.2778886039022974,10.815228238773118,1.1392431390686453,6.826644385198317,4.915478842828204,13.5922539938815,6.899055883141568,15.032853602394665,10.075730410886102,3.996018907893845,17.929313506484533,8.219702023175184,14.098446165889163,11.889289870939248
20221228,Wind,234.2085203170316,21.694114707641223,14.230059692103833,3.270597926199774,13.688296274317965,8.547684121693676,10.452394236772578,4.206072676704883,14.162330711294143,16.6506388365057,14.98889881004963,12.483565899753016,12.512456511465517,14.70659409401005,8.340128810702163,14.655922609216653,23.745038673813326,17.86040732967193,0.0,13.87132596978516,9.244468785132687,15.333054774518681,13.952988844490001,5.442996817889968,19.031284144262322
20221229,Solar,73.92789539672575,14.174178687923312,19.039664194762352,10.053486035626152,10.579333897005439,21.996886033532057,7.712546977523393,15.248435095045977,10.135808035695597,1.021924312657625,11.101476976361257,12.32885030134504,11.184094304144896,8.19581087684155,14.24862828422391,13.251708315150001,5.907839623275598,10.144311110439354,5.069672059400877,11.828417770645467,11.685158879879104,0.0,18.067794870996345,3.5339564593141928,9.565281056282702
20221229,Wind,238.1702022959261,9.185829802244477,4.674912253926796,14.754610592605827,6.119713065785918,14.149459500100448,5.584187949877607,1.7870593280739377,6.627476789331629,10.643140349057381,7.380085190748716,2.9446403672986863,11.902381235655096,7.666879612252204,6.2619561022346195,9.23854786674367,12.772115949939622,2.7709738104717774,9.566048353543346,8.54193325014988,10.752443071650523,14.497345358764555,9.318838877965643,6.1617065647731915,12.583338737599073
20221230,Solar,131.92678354182692,8.417271483951291,5.2983390624521585,16.53517715977439,10.597675651524515,7.726330565212636,15.6889873579104,8.766270622028546,9.517457245927922,13.342392668972614,10.051932026360568,8.352011610249944,15.561058162676291,17.39013204774451,16.173115448008502,13.947499235017059,17.480097771966435,20.970171356869866,16.281647293619187,7.829831054195033,7.802019196908988,7.095082141339371,12.47151288630246,14.10082395209809,8.213469753462421
20221230,Wind,131.0260371994128,8.954680091637458,12.204399491187413,8.914471264891143,6.9642664563637044,10.421082944732213,9.402041413110704,2.934619364486796,7.36936037956884,14.081784918622335,14.786243561139385,8.57623310362728,1.7516757609758526,10.84881181223502,4.534168841270785,13.417598385470548,18.591217519022184,7.151067481508294,11.220945136619012,16.389304990125666,13.341647086393031,12.56352127369766,18.5741602741632,20.69786831424208,10.93097455976594
20221231,Solar,159.74194094927984,6.196330766114947,17.369396452533728,15.30414343492942,6.081199153149153,13.17616510927267,7.360359767835378,0.0,5.55842979118567,6.269051195895608,11.31288929948721,14.115600129732362,13.49983247305888,14.520979070381243,13.198024514608624,2.5687602866540127,10.902747884549349,9.642340421648916,0.0,13.124733610926965,11.151826102152501,9.710619435280368,5.319696614629293,10.024428249416262,11.709400741262657
20221231,Wind,115.14605435996516,11.261991033260246,9.989513413085277,10.361339548844489,15.82017198624153,9.245694866073292,4.588004446490119,11.832259023876269,8.728276137734458,4.488846351674981,9.983147087198285,7.931471820641636,4.771487719527169,6.886763241611296,12.760332794549582,10.4213570907238,3.4617853291997203,6.5762817002265574,4.136727010425302,14.981011199536017,4.154023494621163,23.930687348183323,4.8166196425798615,6.379257611138168,8.977433441144449
20230101,Solar,146.38354993488466,4.307687044228478,3.85340989593748,2.342925088783847,13.914387765943859,10.669539345224752,0.6400255742842564,9.110944456844427,10.34213156193061,7.0647401743873335,15.780715631058131,7.82244550062093,6.78800506579493,6.374276753647578,11.287390436608192,17.06402627369123,1.0255167562174916,5.222139882574981,13.600344613902584,16.27397454527181,0.0,12.18034223389306,3.7786771052913393,16.17302585323983,11.184482973631098
20230101,Wind,113.11868673645728,0.5515110670104983,8.956913816810633,9.959617317608153,9.893635751844526,5.913981981686394,8.889764931344393,3.0145053358475558,9.169728087255658,15.954355149797259,12.574589349752117,10.573132088493116,10.605427967014357,8.17313408106498,14.923193295234974,12.369070197311899,14.132339317098554,16.47991088417544,11.020486650761482,7.411065741040015,12.608129821401006,12.91901559082981,13.774769322682411,6.923574477435853,6.4537830654391595
20230102,Solar,114.94682345104064,11.098008409067743,4.850339598441037,6.905459376892244,10.721686686248518,1.5740273459604592,3.108906482400143,7.416930710076102,8.673132094355797,1.4522217733801823,3.985487855250266,3.109443713113007,12.056605082067916,13.351833040164326,6.287293157478957,0.0,11.71264472164447,10.981138024611411,10.674599247585492,8.64586694302444,8.717118605782629,15.391270213636737,4.934311590187077,7.779301595823831,12.513585937578522
20230102,Wind,174.3442975150286,10.106165328879106,6.655768535656118,14.591154402388705,9.958009913328283,10.53209661372356,13.560182296804765,12.209126134646569,11.129979414827996,3.920165024740947,13.157063309909974,19.503909700552995,12.645270201241697,10.254500443949743,7.669366485696996,4.6467539787546634,10.640642850068108,11.576538642822232,15.559880052017995,8.295980509375603,4.450258321058637,2.554433025178847,12.799239938851287,12.082930513526566,10.278134379250288
20230103,Solar,104.9217252348242,7.144149917814029,8.479794504233418,9.871623698227566,12.435046295867695,10.700139111129436,10.147455972992644,8.159251665054153,12.657029874905241,7.70615257737109,14.74779377391133,14.670340999580603,5.274390773768019,12.339804874499553,5.183233959130983,14.978869843964818,11.413228322998377,3.602395899773673,8.269147586794235,15.15564472950068,18.1268146050071,15.417288181379723,16.798071271521266,15.705504072538174,7.238011559869566
20230103,Wind,111.59028824972589,3.586516886948167,5.353377058791864,3.610434467217647,6.0024917077215285,12.635597957789273,17.791803895690677,9.006594422158008,4.279523835801301,5.121643910439318,3.81341806456256,6.491009919513731,18.155968784750627,0.0,10.045060021497868,7.214174537410517,14.89257956118848,8.503622079232565,13.494006878172296,10.45436946513532,18.074352866236616,8.921977119592295,6.690609781855584,10.352598766591766,9.412934251642652
20230104,Solar,81.36043751267955,11.448720134570173,6.1104713791271745,2.5014259454572043,14.312523666843216,7.119051464469016,11.115371366185657,8.007717148384748,8.73802065309696,9.791636322929808,0.0,4.411807017924935,7.910737537372721,0.5901583670373378,9.400289565516614,15.606695703308993,12.731717029458714,6.8898672948587745,18.209222791162855,10.916301954698502,16.36779893717793,6.542747910165049,6.189580308714483,8.226420462009955,16.537380378470615
20230104,Wind,124.80346600193303,5.049124807147746,10.372670001111217,9.895100212927744,11.767829189454064,3.2972285272966753,6.366711013701753,7.0884893428502025,0.13229545003075494,17.072629697143775,4.790336656108243,4.799203029257857,6.402964060974926,0.0,14.28227529251007,20.230512418172538,11.933276803826645,5.8717279566797265,11.122197266029758,4.726272671236598,11.130935589699813,14.100154808770995,13.349601733994024,21.606426665734762,9.477281387256717
20230105,Solar,215.5801014861961,9.305278245673327,11.07517906068615,0.0,8.684718310552242,5.173377651263257,0.5999619881577534,7.0233136262846125,9.189083204828984,3.980907765958782,9.487501561581926,12.933707395133977,3.6403206741760394,8.103530728570021,11.934058452896664,8.810260928381243,7.032086393750844,12.336562420750461,5.5281118085588945,14.120181143892381,0.0,2.558383880312023,10.239303531618628,6.646540207178803,12.138050755996494
20230105,Wind,107.70331799485157,18.824859270632224,2.8800983308951644,7.409173550860496,7.561109842457291,15.278168784199122,14.032719318708782,6.876513168521322,10.752645230358107,9.268169117511167,15.048941725239676,4.948097473934645,3.14743408922903,3.011700627368903,13.447086621929884,6.910802331723181,15.19739542520276,8.310680094345038,7.867460697736276,14.285734841654325,15.876333802876982,14.694694553933868,0.0,7.201334061323689,12.123374286971034
20230106,Solar,113.41833674063793,13.25594884787692,11.981908612546688,11.15515162871421,14.205654708834041,6.666943438962143,3.5052586973230495,6.23428561963463,12.848900060827187,9.958745152997617,5.545239829084356,8.753363716552633,3.001004325726143,18.44827381758491,9.014354509070651,4.969242081302573,7.113497802511457,13.463168791055306,5.483825271644977,12.805050887907457,5.397229969072314,9.21257374801369,17.6593821778716,8.058400634932779,12.898976890460181
20230106,Wind,159.6960973240768,3.154336688091517,8.090330684343009,4.714917479723209,9.247568419249468,7.78959507098119,7.959277386551192,4.9135270115459875,10.770524032481523,8.327068757160195,12.775601333272338,1.5458875357736412,11.57179187575165,9.89307516839587,12.028372374558336,13.791216845902284,14.838732023392424,13.603684706343406,0.0,10.814062910323539,7.204206619386719,9.49929672567144,12.759989522353552,12.75569679380878,4.476916885711796
20230107,Solar,131.46017831002368,3.6257421449384877,13.601307617763045,14.969935784526648,6.505534520850813,8.43793218084444,18.370441232774567,8.101438411410854,12.74087822027124,2.107875119593893,0.0,12.706331343547049,13.020895446019308,11.083442264511712,19.06367708743955,6.98659959701223,8.036726087888907,7.824935663939532,6.0472558247896915,15.21622972847706,14.496096104350508,0.0,8.09816551950402,7.6644168139224575,4.824032119083887
20230107,Wind,261.40772166748246,10.759095463718793,13.902487603439301,15.95503274875346,8.077151165128381,6.903619153566048,13.054916745243633,6.800360738359915,10.326124908346388,6.8108723891155485,10.901533601800402,12.893747398696695,5.678974894952345,4.5510394180305,3.2722895806507557,7.988817317072373,12.947145785745706,12.269790915652582,13.177517723578271,9.754955586304483,20.159069799601983,14.50210225791641,7.895648248337602,14.086282760576541,6.258476834336086
20230108,Solar,141.87360176618716,3.123396589704895,7.2772940952247565,4.916495236240241,13.8460232444458,6.533945862335834,11.949327272674703,4.6415068474215335,6.622408109087629,6.825818242251021,7.96629773057285,9.07715562686061,4.290605916750722,4.395059546199173,0.8045286369536508,4.457143941747938,18.818060717610326,7.689012885206072,10.046985352146013,17.0979549188528,17.705399214837925,11.2381324362852,13.5013558508291,9.741000527548731,13.034433074719981
20230108,Wind,166.7609173108686,0.0,13.070738470188665,8.509779129017566,1.947233993769799,5.6443821768309475,14.721612215600546,13.830073276784765,4.420324158051503,13.167519778187891,20.492993908196993,10.967789519946782,8.94177222502127,17.756193184380884,13.184565112161033,7.8371774488392605,13.302864445617761,6.060449479850939,16.794360639292616,13.574402172893137,10.863297921028197,7.66411133758316,9.77560471953239,8.404700705186512,11.309771641601243
20230109,Solar,197.1884392399661,12.661860056483617,5.81521980150585,14.973465756607357,8.222955472097638,17.003282872840998,14.53524909452764,16.16317985958358,8.684986463557351,12.097896488492522,0.5395685638367276,13.978705043997964,10.486432015547427,18.912061622973585,5.7572863321776255,6.466419063859551,17.081748945063012,4.698675907665453,10.719618272514625,3.6888832993786447,13.694769168172705,5.362809202269071,10.286244734864452,7.190034422318167,11.058654871478781
20230109,Wind,196.22889329314253,11.604678771604338,16.61881031417645,9.993462328724554,15.35291334837882,13.400503416714649,17.90473215977085,9.999486126983001,6.168618982965215,2.240521252346012,9.927492585978856,10.833383475280115,11.314887421376005,12.07911006245751,3.0913435931001043,0.09008367947964668,8.142830546406609,10.429862084720785,14.41807215889419,9.332246997525463,4.471376130885803,13.907905678935627,10.753548028635269,9.874339881049591,9.395511403248555
20230110,Solar,161.66437907786894,12.252991656395661,6.004318995717676,3.027607109504901,9.15891613948371,16.239103865751186,6.989103247655656,10.332364939654195,9.40140442684515,8.064318209916106,0.5088932418779435,13.904265038933257,5.178566923722964,0.0,12.669538949232168,5.806623473238783,10.480803681525282,6.2900391652785625,1.2016551542897314,11.62466569363879,1.887035945272767,11.740913885716894,5.904746769453504,12.23559434763562,3.376369297680435
20230110,Wind,141.94362566569995,11.31517590908952,11.763748043127565,9.283394657178235,11.364083661389206,17.24669878230419,8.116579232846174,6.537180170652012,7.540614982562853,7.49872395908122,7.251461334187748,4.160116846531357,9.164018642191035,7.872609346881077,4.978119249274359,13.730948119890192,8.22692978370617,16.890728078184885,7.806858431091105,6.516822181885625,15.399865147618048,10.025917138601045,8.19624683855194,9.824335376987706,6.9981033934645716
20230111,Solar,251.20142681896286,9.673446441638026,9.0619542767786,5.735358388520804,15.433844822685973,0.0,5.388076854691564,15.335156783954986,12.09540506282024,19.77347641858623,1.494225171980198,11.893471186684598,17.8358877690875,11.566337432461745,17.695280425501036,16.744978263462027,1.7014991454765604,18.129923371817046,8.655239114433794,15.397801448569322,11.612945529349952,5.058733444309028,9.058372631484927,11.16259506776228,11.055834844139234
20230111,Wind,145.01198623428667,6.689057261616696,4.915527428811997,15.540989482129428,14.46164826698585,11.717273210140382,9.836511818080133,18.6909055753817,10.244775122286171,11.461565901508111,21.503943700454137,10.967256913663187,4.026179440118174,8.86016864973104,10.782348069880474,9.4666512336698,15.343551133982226,12.374618486367671,5.8727711869059265,0.11960324353682994,2.7584178940803583,11.513932945935254,6.196808321952517,6.124193546913847,9.147657107692497
20230112,Solar,127.91549477857598,12.580674830439715,14.504578808926546,13.029660471622943,7.79970613480039,7.069106830508406,9.338836354149029,9.181030854871691,12.237471681286241,4.612807904847324,8.22226065969506,16.009924713374975,9.854358070053044,0.0,8.986970836528169,10.168475825027494,12.844389178045613,11.217556509516688,17.628737184717036,14.01896359109173,9.760009654992137,11.216200501109952,11.373622987225605,6.420076760620042,10.89334157890184
20230112,Wind,117.70755058529907,17.64941744202575,6.929340955666045,8.43121527367186,9.348032238980819,15.584048221766743,1.2252388133221304,7.392767358037392,12.211923616372806,6.116010386991746,8.944852533449913,10.151864279366603,12.499905335598129,19.247577880210603,5.892097912754113,11.42991231390127,12.48961015569665,10.0928801831324,0.3503436011274452,13.451750250123963,13.084740699229052,16.579450498161535,12.421651647927504,9.976178819750224,2.214088274440665
20230113,Solar,63.6598398646622,7.49385496278273,1.4996391751084681,10.710740062650203,14.523819508645067,6.292643983787193,6.7304962145272675,11.707376329774227,9.101634781417852,8.107273004023053,9.786331374473482,9.51319586091932,5.160614274363262,5.822530234775734,11.075941869155452,19.813054165671524,16.158829370003932,21.868653145517108,9.430599257901617,0.06252738192922158,14.533924392517203,4.012757860722472,18.4324751899768,10.597899058520285,9.933975064444672
20230113,Wind,191.08078761185817,4.896298948958507,0.0,3.459392115137568,14.697347436419493,4.729251218181451,17.19558267099483,10.644655220191945,9.408318275393398,11.81183787695771,4.3386160360620805,7.214336543000921,13.056571731993492,3.2942543632544408,2.045393306649599,4.950748105026904,4.322942139235712,19.812147070514094,15.662553372328356,10.517522866226136,13.140853211507505,6.420839362111171,6.1951357600448285,10.238895130647633,0.0
20230114,Solar,32.59658014495868,4.324402902943804,5.6247765278601465,6.231112707211942,9.559749373425294,2.8297706967344896,11.221042974435427,7.499222622713552,12.508022441606807,12.42460473081119,15.276193668303879,17.45614322741689,3.3038232554840317,9.845619020090593,0.0,3.6892865462350253,3.1231732552083056,8.977078488064796,13.81678877303996,7.8251326779208386,8.184094814420197,19.718065845494962,14.452285475384972,7.048419857129842,3.4802116223900157
20230114,Wind,149.71385795475396,5.666348833331412,16.879542096494866,17.766395938462466,9.732271738537866,8.48662544510599,13.576993090433565,12.355979165161752,22.229694653370625,11.002413213457228,13.200970727431711,0.0,13.17258650065195,15.921267322802525,2.22922974060195,9.742025733280263,16.20683606498882,9.005521791541703,8.100950070353319,17.087649048527076,5.758339794640163,10.957714904733947,17.12465262834411,10.36439417796287,5.143394515871215
20230115,Solar,139.75696828643075,11.01299262238037,16.2886923375183,10.267573262898336,11.338418472669257,14.574726312641555,9.397276660746593,14.690788036949487,5.054344265322087,8.951173771818677,14.589691813358904,12.555852621771214,10.216782594711711,12.56508228939357,15.685950782643294,11.97104707584056,9.648292902161378,11.634659667882222,5.499901414216664,5.812536489799022,10.585602671056305,11.263646790365149,14.747943874745586,10.127069851838867,0.786482046421566
20230115,Wind,261.9982596115724,0.0,6.40700798826234,14.650429023956827,16.834503450086466,11.280836084306559,0.5645323790107915,6.070907993376101,10.208757439947298,9.319998379048288,3.9101905898185505,9.898087782098862,2.9028961814876633,3.4217967341078745,5.379304277124698,9.833163301708732,11.074252540370265,4.102016119460781,15.455005341799263,13.99586993197838,14.010704395119332,14.82979387744226,7.509653325830672,9.39420102551781,5.99214135195674
20230116,Solar,58.41743856431868,12.195852122161629,8.127725426493102,11.16006544204014,15.337830603289781,3.9867586743192804,9.356820390852304,22.71016989857802,4.0214582638798015,9.355153867929408,15.676576076220256,9.081938888086032,13.438328339931703,2.597031955574182,2.8274886693117773,3.1772912680454324,2.6644914468742353,1.000517043713901,7.3944867255868,14.991602959783842,14.52624129090169,19.061884510229206,8.453632012823002,6.738997380602534,11.384466232536578
20230116,Wind,104.94483565078215,13.21956505148078,7.675434622219885,16.57140921514762,13.466933518995091,20.763295451809455,15.208482787604895,2.3352892145108606,9.895438252210443,1.0854505135705717,15.099206396631539,8.35338780446531,5.520698080434493,0.0,9.555992986644574,14.42403723958566,17.360624648078783,3.310208254470579,5.847410496915959,8.037033235462449,17.901624953818132,4.190732246357819,17.58965687765915,12.596256762466084,15.830782357967188
20230117,Solar,143.1951770659175,1.0096082002856,3.332839272752157,0.005812337003900936,4.606653619680542,13.24769319745784,4.071581043780453,5.741546368295495,6.629695481728129,9.6935418917816,8.838034825045913,9.72072497928581,9.233445891248785,8.54197694339662,21.123438144951837,9.309310631526053,13.356277253438872,8.491504689333528,15.000405267694287,16.488705703650673,10.175021525422665,20.90917057627155,9.067551312949384,9.940799003499858,7.322579399080048
20230117,Wind,140.12353312654156,5.104097818612003,5.255840641883285,9.058912079904967,8.625832967258715,13.887050578788433,13.735194633718185,11.169840151511815,9.400467944739198,7.113729721028138,14.47510537771782,12.392731353578853,13.15083444558501,7.634545328033983,15.459473043303799,12.7718863302871,7.1219981896694975,5.275186529056651,11.536892306235067,7.922384352094565,4.4485906720410515,9.781766696051974,9.849364127993553,6.248735710127651,6.716444039874318
20230118,Solar,122.52277045949776,10.398404899227069,14.905747597003923,18.223908231081946,8.888566631550486,16.42514413673829,1.4908416535366165,21.234365591882746,10.776551669739293,1.7358488960763452,11.363358116471437,6.024804318755986,5.177782118238531,12.569353023232376,5.997776265426705,17.76395824999212,20.428510432582318,17.274284386478094,8.239895538347378,16.662701122596847,15.432491400487914,11.31924748014107,7.566459078681187,9.37508457117191,9.398629118603326
20230118,Wind,145.95060452989162,9.28265134847801,12.519439356897003,14.78086717780322,17.092425163017364,1.7989220568711028,10.100956191161654,7.187046541596875,7.553044437880193,22.089412890182423,2.0300023392951214,10.67513613916623,7.35856250387461,6.572448786103263,5.9076794742666365,2.683561213876362,3.182663962105461,2.6537189400288286,11.62608552020314,23.02180214757803,10.414865846166283,10.300324024892298,13.869091792048728,7.086220257257526,8.659687009986602
20230119,Solar,87.02186355651294,12.598187341342953,11.365444292649444,16.626861293950956,8.80567804410181,5.442829307060587,12.722592250733147,4.671268437022066,1.0812066190630876,11.556518029935594,9.085970490439799,11.753804366630654,15.630796136059672,14.868537471780654,6.020224439428946,1.4082014076374094,8.352915796512297,3.322676592781769,12.225662154598496,14.651200093597742,3.5865022179370443,17.48907006841585,0.0,10.015780862164494,4.935276612882367
20230119,Wind,167.85964394974695,9.29431589241817,3.324266941695707,9.966177031717546,16.267214115388068,14.115056784621363,8.43943737865304,12.746207392143727,17.127678385764035,10.065516291391486,7.592449811101763,5.231245853425042,0.0,13.273420943128922,5.448676848559375,12.827822982235395,14.934806792768082,0.8278803320078421,9.731265061875892,13.060849261377609,13.118592146766355,14.792290551216478,5.949969335544049,17.14131267403257,12.708043667573357
20230120,Solar,33.92573289612108,16.323847633874827,10.503516070169889,7.3144679229330825,7.146506647344578,5.946308359892615,22.36235770226675,8.757027961409644,14.196384898996548,8.144360047021053,10.427096440239472,12.519358101764977,17.09336616224322,6.355591772480571,12.71896649052602,0.0,15.766386233907678,6.773449420788109,10.768630211317388,7.6344300703182135,17.059370269522866,9.27520559548027,5.100523727938014,10.739354104097544,8.528502926188784
20230120,Wind,148.71153220613715,8.39415300478159,0.0,4.864177701560358,7.545580211696205,8.62493263872476,7.534047814556987,13.326278474772158,9.347203855445676,13.651112293243433,15.10563143866654,11.794613699645598,2.67872803995031,11.955872972863897,8.320257573035764,8.000610572201262,2.5343277589172217,8.008386872171105,0.0,19.285267350996993,11.915135807246589,4.365408179311663,17.941922022529397,11.007376517002703,6.7048980017961135
20230121,Solar,119.98216528682134,5.084835066401231,14.214013456302665,4.515359541692448,12.407270529065704,9.6112967358435,7.1079188116089895,9.6460972504979,5.526335008947192,4.188498703964928,1.7932933223472725,6.00517497538946,6.503647664090221,16.644860456232447,4.434300613262673,7.143515852992574,8.583156955152564,9.60219943535357,9.471997421917271,14.441178609179667,17.120375954125343,8.785516389666777,11.161067583798998,17.12162006048981,7.156029517956226
20230121,Wind,200.81439713783178,,,,,,,,,,,,,,,,,,,,,,,,
20230122,Solar,237.76555353166523,13.677342546408445,3.273837739500849,12.56605525210426,8.941114353660614,8.1959140893318,6.225134320813956,21.744379852071148,11.804944125207042,5.239145586629631,5.890812835193301,5.9394356127126615,13.015699253150899,8.933360641569664,21.505168046066764,6.66945831757051,17.365299981784858,6.891053233250379,6.0033107858855175,17.495575478986815,6.3622991430751625,14.455572468030036,8.97993681390135,12.168661957831619,13.873757335872924
20230122,Wind,133.44739156248212,10.148105709784582,18.0821277874502,9.6671327533482,0.0,14.572516086759162,2.7933120309234427,0.0,13.850059078798044,13.607814268356764,6.105543473446467,10.676884485159349,11.489950133937441,8.836059038615184,13.693731106884805,12.459830895008288,16.94461966291641,4.737715834554422,6.576608520116966,10.549424255953076,14.272617142297992,6.607786774101173,3.0921905011357333,10.721651710117671,8.302516721262677
20230123,Solar,219.53629645707156,13.168579503625974,1.0191767041570932,12.540953274258403,2.179082988305565,13.647269449089206,4.511651125388916,19.10119375174886,14.31111082200393,5.866294270736731,5.884454755832162,9.620342288232644,10.236326922516989,8.211424814308108,5.719549302946586,4.665054048321261,13.502173315796458,12.094283778846199,7.516802596528131,13.384232176095624,8.236234859877463,9.487746376937011,16.780975234316337,8.076322903211674,0.0
20230123,Wind,134.19418596847947,13.065612496145922,12.651530911248011,10.712258795260304,11.489807780822282,15.565073309837341,13.789933797739476,14.666309521169635,15.253381526559233,15.506639058168487,10.340851777402186,16.96961706958144,7.8197750308603595,14.009481548757593,16.061797337313102,3.789604069300383,10.44843196146296,5.501492555063256,8.514284509420843,7.947984182357068,16.026018746859027,15.865822689281382,8.243164704585023,12.240439792889406,1.4796980851245922
20230124,Solar,101.6936738435455,0.0,12.77585884489331,14.811088506997416,2.626019866091159,15.049379368953982,8.475302205623226,6.272053542363927,1.2957015525251026,9.503623061981052,12.615877264186697,8.16435477257878,17.806453803104514,14.405412893137319,4.2380541293295,10.096414726803776,9.103121723261545,13.905833995781466,10.830343335912637,5.30706576497846,10.85383072376488,14.035327619820585,12.96558527499859,18.51082629267158,10.432453960752984
20230124,Wind,237.29518160928097,4.299586994882782,3.8016478032375964,14.76343377454085,5.672185868017937,12.02936962851292,18.510104752509633,19.362100524168827,8.47678392989428,13.872450484135282,11.741624794447628,5.554506084847273,13.86478185573013,12.033365955745106,9.3144475327502,10.52640738296931,12.490598804281444,2.5879564665499877,6.332350483689885,5.567020884623063,16.09354389907993,11.915973720357616,6.717446213430997,3.395778690120459,8.546485041179427
20230125,Solar,176.03882223670033,4.896874797480897,9.810746545949415,4.670629497575788,10.061709753191286,11.633392491548497,7.793818774637325,3.142904003778697,14.965504103058137,11.999294421854373,10.928341037795782,13.285103145774702,15.878024497300498,11.794675537346798,8.767179061742361,11.476035451930828,17.170096600321784,6.259183715896908,12.590431114966714,8.093075683104587,13.156348803861134,6.021809233281607,9.700191126682103,7.713972338182699,4.2394801841429794
20230125,Wind,150.22192613049071,5.919679057541188,1.8158607892356848,11.36822993734895,0.0,11.266653800533089,13.552551773661488,15.040554810037623,5.381841486810176,15.296224169977595,13.108722439128217,5.099874397626661,7.893213501307094,7.188957889758363,10.911630834083777,17.397882684952375,8.929895041774465,20.211194504805565,13.67932434736327,12.565893648764018,5.499726489659627,12.425990936188677,5.405641623147288,5.735009812356098,9.34015352615402
20230126,Solar,184.35887375493243,7.89822336711737,0.0,1.6556662490295893,8.101371053372729,6.864764163730196,12.554209897309352,0.0,16.096337885908365,5.3241170198573835,21.90163066755194,6.045826890753551,0.0,11.652639795061562,5.289488972559042,16.403049880412944,8.634146637375816,20.892989619191138,13.628035683702608,8.509547734021247,0.0424070726063952,6.02342112803566,8.759789819071578,6.293665000013718,6.276506318687508
20230126,Wind,163.71075175650836,14.99574797308593,4.660618865341707,10.66510369045298,4.175957210698655,4.850276381396932,7.719245964099894,4.270609035148124,19.051888075691377,14.528115924733203,10.679457071569436,6.111274481668396,15.100151604331513,3.5741517791424062,10.642456244098524,12.258085995229816,15.726267213184022,3.194687179828576,14.675670819957164,6.0435272413082615,13.909691577307338,12.471769990398334,15.20391187693956,16.11718455182822,6.794122093086798
20230127,Solar,146.5390296029241,15.992411761919495,6.916875288690014,13.021521398507927,2.504101410496248,6.552013269400499,5.605955354170453,4.258190871760613,15.956271597295803,0.6870567338536826,15.105692014066369,0.0,11.782167834396066,22.392710060169435,1.2581017789507853,14.046966144154641,15.308045917313354,16.037263169394485,7.1582168260508166,5.244441933274075,12.825752162743221,3.4647445230600384,10.529107837303625,9.208828520581918,9.13340388780976
20230127,Wind,83.67825863460018,8.535545848985016,13.221280904053959,3.431403276034196,5.989077803909699,8.369853417212655,1.3409815053702612,6.246716697856005,13.307952035516074,10.215633810568429,14.820917172855935,12.83433332423486,10.914306509663646,16.751331978323744,8.116340429906195,11.310695213967964,7.500522578960041,18.067713128383552,8.646507079039631,16.332406811676403,4.9101758909908515,16.03584999977879,11.870622818062241,13.61483408853533,4.919404937901545
20230128,Solar,136.47316314193665,8.743595693376278,10.337040425304101,7.917686322695839,4.653955374652844,6.720870276286119,12.765603898400464,10.05790557689329,7.762468863185758,7.270390338484926,18.888970815153087,14.69990497476779,7.163125832467395,14.782683547407,16.676153848248454,15.897511841886308,3.406212022333964,15.31558735910389,11.232999577690405,9.387502344885187,13.992890423378345,10.997749677397366,10.313256907472244,6.664842773575567,3.071612537387982
20230128,Wind,181.16277117292364,6.4728313797135675,10.467727296930734,10.047631886099012,12.347401089961513,12.069158692419578,15.991298662750726,5.870118179459211,11.408174018739361,2.9772930800248156,12.80259432475036,14.583432986633918,8.259407066454477,12.041686894533251,15.126762423080626,11.819412917578031,1.4327817705184753,9.665886095962867,7.875258910237025,0.21175934994213552,16.95305334644146,9.936142510572889,18.155787660360275,6.775767550902744,3.228332321333233
20230129,Solar,143.86142871565949,10.445938486192722,4.927891883582075,11.169574581866947,15.98263393341442,11.009476080321255,2.0503466412288285,0.0,3.2695267563968833,5.532389375033298,5.778419095130328,19.42714183426573,7.004751254466591,12.045910084143902,6.519929533551642,7.238787569137156,10.65082946129773,0.3503243227465569,4.207525152502755,9.961278530031922,6.463411997544106,11.95592847756555,5.917302793251559,4.911559996092095,7.974747712884269
20230129,Wind,195.1162880565193,11.012604413669683,7.349943479793067,8.606981483875826,8.177865741944686,11.546617493601088,8.147775325016628,12.317253843503392,6.094446677041219,6.796721368603332,11.524409605109392,17.535152963245345,10.225839153080535,1.5493939619268438,2.37032058592768,6.237674783039406,4.477012886431476,10.423534751136977,7.488200950326619,7.923063061555463,0.33235200924175423,9.422671059735908,9.309506244509105,17.225213692250932,2.084462686224681
20230130,Solar,169.18275119333944,14.032377775011327,5.350366950654195,4.13855923797664,7.01937110476582,11.757040329578897,6.665408349036256,10.244754614637396,6.445982587442648,9.017241589480669,11.255693717087738,8.330166666207603,4.3216126438592,3.7069423345137977,0.0,15.754906315444096,14.481303564728577,12.05750077402677,18.17345458318059,11.022321759482514,14.853104190978184,10.340033483228055,10.93953965900656,13.875548594586917,20.951073623549178
20230130,Wind,106.09318409572965,13.992193629912764,3.8751299648509585,9.729963990403709,7.928974994210506,15.978319688922664,12.75684575160104,12.0446367044909,10.309862869829736,7.375751740754036,14.07591304393888,15.546201839626798,13.81305440249397,4.3301512911960796,13.087354281115124,9.084573710656212,1.4163229606561012,11.19207782166991,6.284189092911253,7.163877289453003,16.36210935553845,16.456492766239098,5.020168108803272,4.747450820054891,14.667440792684468
20230131,Solar,84.04140210839381,0.0,7.031502865063714,1.7387821652951096,4.459064460307687,9.957135538064497,8.356736560236662,10.859589546329886,8.039113672858544,10.400129867698274,5.633016652502894,9.511798433582841,20.183145435108433,10.291753563496668,11.391947663408173,19.583986019167654,18.068150462941723,12.384781299635653,6.031272976792871,16.43437913290139,6.330573435843992,15.285658702498145,10.632318962283014,15.711340523996949,13.598994319708465
20230131,Wind,142.1410750034916,9.23727526181441,10.37256192548167,8.836792816589275,3.5562905219016097,15.041847169173057,16.614902852089084,14.771176409925829,11.307999783100321,5.849208422057151,16.331605369798094,7.870151168903916,7.011737022213703,8.592395709312193,11.928365939857963,4.47779989253306,8.316019211116988,5.939502898817096,7.265395732601475,9.233042564910237,13.870021003736005,13.564930753236105,10.14822496290792,8.70249984381651,5.574390835819335
20230201,Solar,123.78857759477062,16.92050015445052,7.136807402878984,7.793131931515352,1.7722277355333138,12.582926789895836,8.07803404516575,9.622588234194483,14.389134124386292,7.615711494993331,10.0261857457006,6.222111267503497,2.0360471138652505,14.056641762636056,18.45301401779869,16.25719938672379,6.006343239592574,7.580901972971367,12.784593436248436,8.94800667573927,11.658083660484762,11.259932575017723,10.56956078910966,12.266089812608962,5.758695529724195
20230201,Wind,166.8160904810843,,,,,,,,,,,,,,,,,,,,,,,,
20230202,Solar,114.09311706186351,15.696209091816444,13.474574054556951,7.203390112621586,18.159955035563147,18.07314917193286,7.655973373945939,6.12151675949386,10.743005464685256,10.910481111653784,11.548365790368164,11.644861249051894,11.576116682805523,15.133066948401424,11.140410630324734,12.03632912359136,5.676162098762668,14.45110747852839,13.531191674698563,12.368443759748661,12.902822127060663,15.364473586110222,6.64200450149246,2.8168908808673168,19.191977842761546
20230202,Wind,119.23038371225614,8.467740999944056,7.496227906546482,2.4615958092189985,6.547894823182709,12.88324789989535,8.206926999206233,6.406648103305734,7.920155050910318,14.244236409187813,10.61295389160001,17.905689956911658,12.26626947152547,5.898098579516777,3.0131020414313237,3.4913456960379206,17.573521377541507,5.511676861708446,22.662658851416495,11.974663751271237,7.489699506303815,5.447318225829566,1.877131382994045,5.861283600246764,16.716952449792633
20230203,Solar,202.65348587974563,10.87461733720982,3.3301668450605426,8.16828339705244,0.0,10.518841248359994,12.630499727473309,16.880196976990966,10.950812468285909,14.268315035326895,11.169282052418852,13.643225391926526,18.012552429928476,7.910181815127006,18.119685345831762,0.8075257975357197,13.358149191733297,8.754557500213387,14.105262132628967,8.045786753966382,4.493295912865579,18.91992247593932,10.91540822131992,16.769720552702353,13.361605998372184
20230203,Wind,157.4101484313949,4.315546538004255,12.817267608006196,14.654100625186594,7.064715307594966,10.48653908721654,8.132404723172579,16.778343291136444,13.430862991059097,11.187419959010825,13.359960056906116,6.14345832458809,14.079014700747,14.477223782293423,9.18021090618568,17.399928204794012,10.48425625466691,11.265829745310128,14.49751188397587,10.119277336751868,12.02920031068109,13.5579598086841,5.5331098610859675,14.696498955143399,9.394730272867033
20230204,Solar,114.86364672863536,4.503757212167426,11.329248242541423,16.307304019944024,2.047927316195892,7.649169602190808,12.200482567001888,12.868710713904164,14.60617895421106,12.151265083027992,19.793273970357095,4.779357297314527,0.9420904827296439,12.523272934524638,5.915619561439132,7.806578474087867,3.985602554193389,7.197129880326955,24.298264480067427,8.734930954029155,11.340623066301394,15.909168772295368,9.537775137229977,4.891704162735486,8.058914565794321
20230204,Wind,150.88209043675099,13.627457861315072,11.643297490861572,22.196671393596333,10.297424699985815,7.481139267119719,6.047578639554906,5.554460435700962,13.351520596465193,11.559334579227377,0.0,12.84272028565174,3.820132839181589,3.742720056195675,11.03928321683734,14.926856033598161,9.724785172188156,4.63741939021363,12.447802535184193,14.24854053023234,0.0,12.33911621265684,6.257787875389835,11.039921114433106,12.52957359454402
20230205,Solar,218.94556215008413,14.409091401003325,13.129193287678548,18.45825204198832,9.758231723814976,14.510585816557676,8.526616601026719,5.151837823521218,12.069928144644969,8.426789120682267,12.700014744620274,14.51187181384007,12.028268922678816,15.32030311563522,20.00155806170183,6.717773365331122,6.14688673710172,11.279251452575,8.0405551652295,3.556060343089352,4.09424092504149,9.388316522208537,2.596212898411948,8.926763562491008,17.98867735526779
20230205,Wind,164.68933441373613,10.132144531002464,12.283207636539725,4.015310366659479,10.279428188460273,5.1816485377622215,6.074828616437394,16.640319811806354,2.8989336349023533,14.502915013089396,10.219838980003734,16.137380367771453,7.729234327618318,10.444931496600505,20.675995948849494,14.933640987392799,0.0,1.082669827480568,8.485664891065502,8.296964206985804,6.6389922139163895,14.741763278483303,11.803170703781035,15.709770574000785,13.214131408889838
20230206,Solar,179.6475404712565,3.862378786808044,10.14364346235652,7.957811993636702,9.796369606274077,18.07386317781113,5.7667920516193085,16.3633246378908,4.5936703522705535,5.427594537581185,9.114467163976977,8.656244348035345,17.57563529617746,0.0,5.148002121961658,7.856883882326548,6.531970760218207,13.834250624077189,15.28398730920606,9.022257196848788,12.62461528333166,2.963235925077682,13.50174933060929,8.975616362257966,4.435500003189768
20230206,Wind,112.38827317362788,10.219022783036072,21.957263314260466,9.886071825811115,8.136448476901254,9.241383735479902,16.374167786420063,9.682103211649375,5.879108600997545,0.0,0.0,12.347514288990363,5.314336565545662,5.786590459099264,15.876858040103032,3.9476111529035984,13.026198703656547,13.302212292283889,3.74108267573681,16.973411319892588,2.3870034095223436,7.056869357136129,15.516442158324708,6.159175108143612,6.168140724753707
20230207,Solar,201.32096885673002,16.286174803371388,3.575156268490228,9.572200828831502,2.7205193923000683,24.310389465614072,6.424352142703656,21.709424634849267,11.793101034037624,4.792553066228219,12.901038406275088,14.279133278884572,14.80354976555035,7.951867386233036,11.67865727468594,13.232424454752113,7.8693030635734775,7.251391358145129,0.26703716348130624,15.876719890080334,8.401875100805073,9.044620380049379,7.7647453263380335,13.685442821826067,12.339891655513874
20230207,Wind,265.9051130231901,18.7143323502588,7.067913607557209,10.347666649481129,9.62672964014288,6.534422865851914,8.261976089261173,12.294500359730696,3.544975438047302,17.015604075521434,9.375146815593432,3.2447037519376676,6.7532990883665835,4.153307863460119,14.93796092123395,14.723002605311734,9.275052298895698,7.52986163684327,5.894674038968025,11.960769418002917,19.688339044243783,3.095352296446804,10.198450012428415,15.945522713148012,5.681632053662732
20230208,Solar,110.42661787435733,8.416460338370428,14.836671823390834,22.037957107737792,15.094622945678468,11.250944599901674,15.223022299747148,4.464003129844402,11.687611640839288,8.522834307511607,5.827857661618135,11.388857590815013,11.31096594098528,16.713563216926236,11.383581544599508,13.202159529398903,15.204970311008456,5.061189315041877,14.099290440077773,5.027931314183381,10.333974841610555,13.185177691053212,11.703123970682695,11.967706435782594,7.64527078798693
20230208,Wind,90.90530128140054,1.7006607487110492,10.712931460477872,4.589742271038013,19.06836541897602,8.240753648757904,13.750006981357648,8.621844501660542,11.322346285663244,11.370645030918837,10.212399863587427,14.52173637433215,5.860370698092103,8.126205755303971,13.074424440406439,9.276235404836536,14.309757040218834,8.089032185699955,12.963631246032802,10.286207649304346,10.645451996538512,16.329419841656172,15.106111290077985,12.860511569076262,17.552263901819185
20230209,Solar,158.77711219175742,14.201817997773894,13.78961517005619,6.432344318928506,8.810043363469969,6.034579542283641,18.206036083307673,10.027352890026869,0.3215544724015762,8.630249917148978,8.5360488446756,12.551957227046422,12.794297888373732,12.300914905725556,16.606526242893835,1.2557147641858468,19.804586062139588,8.99584385349622,9.200037057240094,19.398236374454346,9.694968325328757,1.4558061416529844,1.249635076722767,4.024121984141997,8.429355188099901
20230209,Wind,193.77525249222052,8.620184517724995,10.848782147684357,18.219129650445463,9.351950273581574,15.319001754393593,12.41400932252089,10.431993183745568,4.56198589116224,12.808326644131789,1.2880341649092097,9.596766658211074,15.363556526010827,11.032938315962367,1.2541512953524936,4.655265439044754,0.0,8.407653011667406,15.345942937091056,9.256526884165261,14.910271226063399,7.922518723891742,2.656401527828982,3.610411350247581,2.1219800815240353
20230210,Solar,145.43051639748694,14.7152032078052,16.870282755799906,6.920093284575739,12.502135895444466,4.472229028010969,6.998003051569711,16.250016089258537,15.219377874283747,10.353563330031886,10.440923595790627,23.049725836618432,11.264976068014418,13.528726900848794,11.801869876586428,6.4899474607853245,5.788561301007476,17.24332739908925,13.041478549309213,10.643090943502882,10.208674430159082,9.152088819128423,16.941429258257624,3.2500117721629285,24.428745348940424
20230210,Wind,97.33968019786687,11.405361125088097,4.962445721833771,11.967903251678578,17.46620779736052,6.6196274651288265,20.285723244779497,5.218555436678204,13.487045741974566,9.657039953838737,12.900367648500069,19.65259333773209,19.54566268692605,18.36525320782501,4.152439013593108,8.708692961893684,14.540708507717445,1.254720185092748,11.719875130259837,10.932053724629238,8.900500203472642,11.614672741773887,1.5746767890439262,15.253967486729675,15.438337906370322
20230211,Solar,144.5707919109805,5.58277947119075,16.712299447033548,15.173286849341043,7.568516947477264,12.931598544574554,12.91040372277634,3.342438504438916,5.748030014025329,13.068891675252225,7.253832926596368,10.046978723381544,6.397818910383609,13.378502752026641,7.682003503180777,15.65399566115563,12.156976938505757,5.4598882518590655,9.91364758507604,5.751144838031977,10.76095849560973,14.274785314851199,14.58684660157968,8.063836423307087,9.681725747209626
20230211,Wind,179.90461363887272,10.291221803296905,15.854982466021333,12.432495083660148,13.463256584751688,13.724804054747024,9.22652330599167,13.011618415025477,4.825695072927749,7.671610306905882,11.308564163425617,9.051366029911415,10.48984273150303,18.713070880927816,10.004856422269897,9.41317726248082,10.497331391841362,13.657116814948346,14.48175936540926,5.9551233598359214,16.628761067504666,8.605713145777763,16.655056814426953,14.131500975648885,9.963679413639845
20230212,Solar,129.64840865269704,16.54169183527164,3.9485544288481,10.958828165512461,5.885903672378057,3.0405728938623957,10.287327748502602,7.465077455370731,0.0,11.860388913485258,10.54055987280082,13.50139324101316,14.22924700465408,13.511259596153526,4.960839738256942,0.0,6.976042931543117,20.27452051774379,13.776546732242569,5.949986962790927,12.010301385026967,14.704293619492535,14.01700815868829,6.9987248311592385,0.0
20230212,Wind,180.36275088774607,9.25423005516378,13.153327049438365,14.693053848469921,11.649244951327514,12.90838442607687,10.896407897253576,22.117530617334122,17.356488438606572,9.12639169461092,15.227461112853877,9.712355846121914,5.251110729233058,10.657659719689041,7.093061017316758,0.0,11.132257355898611,5.6799257854581695,8.634720106485625,8.508637159027746,10.287389337730993,10.441910380070725,4.983881548228134,9.927283096964796,8.035200562891626
20230213,Solar,208.2355392619955,4.825974182773112,9.784800338817053,5.534657217475148,14.853020883091853,10.644499567081695,8.815940626053376,14.716101907378164,10.205271842155225,9.46286873393554,9.48153803165663,16.357712043062946,10.311437900229405,11.607280520869304,2.9964176938296583,6.526220724298381,10.84443420354677,15.060651245898791,14.06705627344917,12.211011345471563,15.887979003798561,6.985770077945773,5.540957546650972,5.971575425446518,6.279280304395073
20230213,Wind,162.01153128852238,2.056779157016717,6.967089904404681,7.518184352519993,3.5456969672610175,5.4113832106923505,3.1207219904141636,7.373017738298798,19.418620276726003,5.907012503383626,14.005459195801151,3.6637329369093363,13.320199449575922,0.0,7.033600196303954,7.433378764604691,0.7400417281058402,4.249394290906352,6.7313994536674215,10.849679956857225,7.389125623033669,11.153013806428156,9.712081901146833,8.362150781643447,10.488715449414252
20230214,Solar,148.60261143608537,6.139176565676742,0.5569040514114021,12.678187942325819,7.3742763899089105,6.05559232332223,18.13360526123291,16.06426869392103,9.041644565138716,8.920221753068637,8.43323622090571,8.79650176061407,14.645999300788315,7.724222697759191,12.55925755629078,11.778238220679151,11.068168935378484,8.053272153822508,11.174394908943267,12.536893903259239,0.0,3.6836741384869844,18.757496095768033,1.4520980799708627,18.13840716072945
20230214,Wind,191.4671962613141,7.94931869114509,4.945931644413416,0.0,14.773915483475008,0.0,9.890829619126146,13.65205397541503,11.41294649444793,7.293787248764094,19.836609807475945,13.426230186855273,15.709216203421306,9.282087223348451,14.327263293595092,2.7375131811209497,7.414847944033084,10.050810940615673,12.002021688214938,20.80205380542904,12.238696578844662,8.727151002902435,18.7169159634076,8.411766046290385,12.200566047694364
20230215,Solar,107.1949586281385,14.099995679586295,13.540560700922946,17.082919116723463,13.080806152573974,18.58722213898789,10.917482563513216,13.16848573731639,14.456492357142979,15.64960089380547,7.815792006800562,15.018741240731236,5.654685658420437,12.190271511111881,6.153106238755782,3.086626476604227,14.20532127558752,6.547421184271716,8.324895380662923,22.97429105441406,12.180409953943883,9.122529977725051,11.49466648871474,7.970276115462755,20.151524611034382
20230215,Wind,102.26450831535388,4.3957536609418915,14.069206346302787,11.516961875988905,15.179730701574275,15.077102074885035,20.390720296972397,9.388780342057537,18.19421343090455,1.5796416807061953,6.575004378338491,2.5954114713736773,11.441291975637672,9.872451903226256,16.63895668713124,12.267949968131857,11.72328200086767,7.90382379510879,10.67053032611828,10.469195944530673,6.88887844167693,6.97591319939964,2.02806320557296,1.5254599382742273,3.0191274376416963
20230216,Solar,136.67138575355074,17.768759428648178,8.946447597119143,10.76515876390575,14.242198232270335,3.5542749491089056,6.583573683912074,12.102254258192328,12.50510829242212,14.446299457222313,9.49753940278031,5.229685389327264,3.425444692720582,11.669379905140103,12.88692112183361,16.671030536463142,19.779526426229488,3.1820100102769935,13.040203497953812,14.615944834499143,8.655207158699199,22.663003487050844,10.81154688901964,12.123945472676244,2.288989000302516
20230216,Wind,125.40602725927664,3.3142389457940427,14.084925715716421,1.8474356117947133,8.294482360416472,13.994538363958979,13.277426623570522,0.0,10.012036089691463,1.27871159655509,6.359905472447135,1.6187028950214988,6.378128943161462,3.384050275573091,17.1669453582422,0.1823104886216098,9.999632929276448,13.371471042037196,4.587834036181489,13.295524651151473,16.289756290409166,16.507750931657974,8.961252267578297,12.87141457114316,16.21023961362628
20230217,Solar,109.83290123547623,21.657430462784184,14.726300389470687,3.56695437300131,20.995950741973456,7.129888280251667,6.038506582150084,16.585447021110255,10.139788305576818,12.686078188049809,3.756717830530827,5.63410776345037,9.129434557592953,2.0932856387839447,1.146110619559625,6.1553047961814045,4.543444401015097,5.5097666958491285,10.91999068524668,15.384703561941311,12.269678645757354,10.999038419654187,10.113729735838362,6.689799478133947,10.520182213835087
20230217,Wind,241.52342374993873,18.627592783772357,10.773199793131736,8.007081678495691,10.684549953766973,14.5740526817485,11.605105812727192,0.0,4.770821988965325,5.811348828937859,13.638011771289374,3.613927766833549,15.72013791975722,4.084339118488748,11.556254377907226,15.556198160711217,0.0,6.680762460525692,21.073758363189285,15.208462004941989,17.373322965424542,12.138293839911489,1.7178471545390461,3.973817544659285,12.336538704181297
20230218,Solar,258.59966047471454,10.70583124693996,6.388331880748979,14.037149251477995,0.0,7.519632154204588,11.007528731256789,7.789384529870424,8.090585665671746,12.831611320841704,0.0,12.695655489814984,12.639576180312849,17.855972204248722,13.056065740483564,14.665379144514029,5.30862136811927,6.090280740984558,5.868326795935557,7.358941296979415,11.342793659951955,12.584674867695163,11.219179040225358,18.65200606840179,9.865460579602551
20230218,Wind,132.31474788722088,1.7615323261520388,12.205270564078223,0.0,8.588268138113502,8.183229524460208,13.953005485701581,2.0214472340298304,10.256097423075447,9.39320495991918,6.412333220003027,11.145022761453241,10.200455011881735,3.6605057098548457,1.4073796450470455,5.371542736975393,11.886756806144865,6.356138581571613,15.149848248885332,19.90662523313101,9.23166722067402,13.122829199214767,2.4834389763573705,11.280813243028591,10.975847633661044
20230219,Solar,154.58594748741828,9.72287969008789,12.434923538294317,13.941824003886781,7.654143715003358,8.558263661211676,16.040843588451665,7.4957442938423835,16.90946937550881,2.838233220556047,3.291180427241235,9.230854436928709,12.243283554131283,6.056974978007719,22.071239458020614,15.799390428451956,13.164353906331828,10.722628636421502,9.521763007351622,17.65549118732507,13.53898088796732,17.81040839869755,0.0,0.0,13.439588719945966
20230219,Wind,140.60785899681045,8.065795210067472,13.369721951751549,8.199843379458166,13.976245836836389,6.713223291693435,7.102394544001641,9.629413637939473,7.849784032593286,16.793092699219084,10.71084700096931,10.130474007316765,12.606019449983137,10.525767391434128,6.817187287924855,10.224535210004477,6.97398570892294,10.31369947432548,15.914957729578495,14.83288209531218,11.840620022150395,14.637252154134142,11.122012980157933,7.8583646230569695,11.263935667349948
20230220,Solar,205.3749620059078,3.6285638847453807,14.327016350011197,8.88288263629174,7.744073424009347,16.99635687616652,17.08337420361959,4.016032330418943,15.313273227368928,13.883231549278216,0.0,15.971197844535721,11.84511683062488,2.041885282536585,12.719293452181052,13.300257166066556,7.849352482801029,22.593010281122655,6.38279157599949,13.428329437965965,12.193807828933489,0.07150860996800512,19.593134512798834,6.742026393066032,7.1433719908756235
20230220,Wind,215.28227809200234,11.455048136237211,3.189177140393892,11.267964708454034,15.494849979095687,14.492634965407394,17.437404692806563,0.0,9.590809943680703,12.51587728499428,12.739254224724602,4.788654568386884,7.124615223646033,5.6382758631341385,14.633720917512735,6.479832329612052,10.34968164637991,8.774594404557979,10.03033435658321,11.99200047930548,8.848541210620219,14.167897114073021,5.821824831170016,6.372770318439752,21.65099543633283
20230221,Solar,61.136810065517665,5.88178435072178,7.450353773171289,11.346586189232058,12.790496862033539,10.549742691666395,8.750073076532452,11.03532862070529,16.21779279791219,6.7981512780606765,13.280449634137613,0.3489920719332984,5.216552010764124,13.383908981837145,10.505914424436684,11.462083023428987,11.900266046603049,9.497872776506748,21.05439846008077,11.026162801770456,7.140119767591213,5.816475047089034,7.636089085655366,15.460930759796952,10.471683302048858
20230221,Wind,173.80054000328127,6.4254707647520934,0.5068932715609009,6.437857050317015,4.999547692649698,15.122840819929051,9.967087092984352,20.43219891013948,13.383612469864756,14.055423067262328,1.8369097738246265,13.552559402565144,8.883548194935425,7.809787999215115,16.929140362301027,4.170958864341428,15.100408444252587,16.68497291823845,9.133982811104788,13.93825643496672,7.328249975393748,7.228923162972654,14.478748425970405,11.26477178632603,9.002658166533035
20230222,Solar,84.65893294194258,8.981606827138222,13.734980191776737,13.124550442344214,9.298133321942876,1.8646414237727038,7.528249400252805,8.243599165749966,13.045976814256761,3.583741892008786,10.95301351416459,8.045181477698652,6.03069423946669,18.417431163673015,19.976066004926768,7.263266820027264,7.062114144626726,11.124423525450213,13.167098985069975,11.268767772429655,12.599676291435774,14.906604829814942,15.813175363763545,13.176540767562663,8.272574023261342
20230222,Wind,237.91360789376392,7.125455856471483,8.938442760097919,0.0,6.1223327786229955,3.857706107244838,8.47279393078181,14.796654781129,14.894133299977641,0.0,12.580296419100977,4.907824033183196,13.106391264146055,1.5072196570482554,4.451941730387464,8.51560945843767,6.286844175974204,9.50638384278024,12.972624776480007,11.889878420662441,13.247429578569403,0.6841459216707602,10.527612473002764,9.31046937199967,11.704416785532574
20230223,Solar,172.0124015105199,20.390783085550147,12.154070353487075,7.747905567161725,10.923793234268349,12.372773811789813,3.9826217237496597,17.521924187784432,14.165799556429794,2.1883706540389944,14.70150187208094,12.77005656078199,17.64478082279356,8.271984050428182,10.58073035612206,10.700636206008214,20.123962178383582,9.332207021915016,0.0,10.117978049180435,0.0,18.56286485064928,6.457920940538838,14.266757596461392,8.787150920558712
20230223,Wind,108.8325230818682,7.321426835002251,2.6216062590492095,10.76840881588452,6.092545663824395,13.677682779039444,13.887678861645952,0.4998103772710094,15.319066978519121,5.390059818367926,2.655353316917691,0.16176897459166617,12.818202519143886,7.8111094775761405,14.578384280552434,22.032650698140507,18.91614239577185,10.969919409441253,12.231141803532402,9.332483425403407,6.336049417150052,14.086647483002308,16.630585410023354,8.13348302005585,0.0
20230224,Solar,137.93393060310734,12.204405056972378,17.00490424846525,8.275253423927627,10.37217615254531,11.397037731278758,0.0,7.713624242608395,20.658819796202824,6.225815579547336,1.952026787483776,5.71205783924058,0.9493076505540587,9.95532922821467,1.8348064329574199,22.799298712685765,7.352869126530718,14.873873132099183,3.8123484783000663,19.578678318215793,2.0471982064887904,11.668567166283404,3.8487090006330913,11.164231098624525,8.729297832828795
20230224,Wind,135.55113708669208,10.727612461051809,4.028304176903625,0.8654484801700912,8.638471245047944,0.5865266246084067,6.514525746186569,3.6180719415559928,18.08447355674464,7.825782155769553,17.513246108350458,0.0,6.833745643088264,3.866182012772741,15.321366420087198,8.060474868569543,15.712695556714229,16.726736153590966,13.164511798649393,11.053299250145297,7.508479196693599,14.169273202865417,7.394180428349778,12.436513673962946,4.583952239391628
20230225,Solar,176.25564714429078,,,,,,,,,,,,,,,,,,,,,,,,
20230225,Wind,202.0956302088739,12.14544201805466,10.589750854462707,3.75806093936474,20.254701898990493,12.082959332520844,16.498986652139696,18.510058505733145,7.791265706481734,6.750808588544841,7.36297912495723,17.86845085810904,2.8260178964728966,13.945617153270332,16.419434311716863,4.4542370523574135,16.584791693949498,12.334398617521297,4.424312901279564,11.454228713146502,10.740621949867421,11.114445473738678,2.156566525619775,0.0,9.849657053692365
20230226,Solar,92.58963540141451,14.406807433030611,9.052786112369104,9.662429962358551,8.197573866463976,22.132361446206335,7.273777153490468,11.118397432120961,11.832088948454125,0.0,13.165472618764387,7.134106618688859,10.155982532193898,8.652993445602005,12.192224435096733,11.996385630408529,6.18545149691667,11.053805417502932,4.04773554220781,4.5862551761916635,10.929616969998348,13.870213293806671,11.941682498477734,1.5339821969348821,6.680998277493188
20230226,Wind,241.9377250456057,11.332230378093211,8.649199466939129,10.765172985338115,0.3278345619140488,16.08956332529214,12.139258355512888,13.94411800522587,0.3690213717073876,10.960616838053241,4.1539948836525955,6.04227893440158,12.346596983492567,4.65136047396614,17.697298177332875,6.571739383930548,10.524062525752639,20.190793517342257,9.63621339341097,15.33212129137297,20.651892705185364,5.100628762505143,15.693098961044397,21.559524998522914,14.705246606693999
20230227,Solar,230.28450539104216,,,,,,,,,,,,,,,,,,,,,,,,
20230227,Wind,106.23382162044773,10.292385342340697,16.475980884503844,15.845054629319076,15.03977950901004,11.698627110951495,14.72559450236167,3.947236771322281,4.699834027131947,6.518282077263083,14.45872146376529,13.137176251592933,19.093535122811566,10.245499053335218,3.4019162591231167,23.303797754725974,5.175265688368831,13.4911728081731,18.116597354442824,8.991428256341388,13.192634496351882,13.038487231231615,8.049658395059465,13.49094047455312,8.115481882412587
20230228,Solar,153.64008971811546,9.307910738300128,10.063064171761212,9.733687200031566,0.10529913101587018,11.662454903946886,11.877928744786855,13.39057848609353,15.612406379872532,16.990106456863472,2.894488913287394,21.9021958023508,4.042379296130388,13.066719783092603,7.3905273031143786,8.065083235374152,9.923493523054285,15.871066070461152,11.797716328171468,8.479198353362714,2.8904918248436173,17.19612764227861,7.799271254685536,17.10738948417901,8.189469907411384
20230228,Wind,235.5404272057158,5.441010591696614,3.6538923482338994,12.137277023484701,6.495501893959664,4.832572663719619,14.151046940198611,16.262876857214106,19.901445168453584,8.789173177223178,7.499978353022454,10.804013715136891,9.417059311847536,13.820721562675741,8.721879459919558,6.7507890401672475,11.098779036146077,15.221533472003161,12.576590536269523,2.7357219545812796,8.326033305893855,10.870713167348772,13.5748002314086,4.375457192407303,8.077664602019242
20230301,Solar,211.64592933387414,9.695658112898993,8.0801989898258,9.720479834243795,12.179052784232615,14.759110265258085,7.24682542422705,11.586871080843284,2.7453282865754547,10.292658662280877,4.366381900054524,11.133185966170709,9.480167433959119,9.646210886077954,9.680248130842841,4.99839651151439,6.535046091780158,6.188032904126456,13.00811260258985,19.7562721710628,4.583420692104864,11.532126765579166,6.910981223594299,6.378478291372669,12.53428320905082
20230301,Wind,133.1628484976052,11.206336876327665,10.641695136014691,13.064780420831374,12.621016306085334,9.634091487294986,4.929875529208321,12.445621808799674,9.748478018962064,13.979250758915661,6.130322905541322,17.224147554280922,6.434955429645515,6.0512818105965795,9.528851218414795,6.153666349959332,0.0,24.075621377250666,7.327748620190066,11.623520764629053,12.992783953933195,5.383402341263619,8.456329571118875,4.476038020001743,6.102904128974707
20230302,Solar,190.71699072839365,12.010822782863976,14.489026407226627,16.967476485237615,9.976381182736406,13.463661877318595,11.835641595266814,3.825993068166078,4.677935736662846,2.5506957888625292,15.928242900653359,9.25685918264437,10.49324234309458,10.995988379537241,8.30874839288389,2.8911028599192976,10.967814286618031,18.352701735267757,6.536894940059135,19.685106566474882,10.260691731354118,9.9972613667231,11.610520675243155,21.782932066535693,10.351476446477653
20230302,Wind,299.8599145859569,10.901423864951182,6.976901397413964,10.68770914736097,10.089126894666393,10.153431764404674,7.561359904803695,13.53431816574613,1.3584501803175342,9.88694973166049,17.025318169830335,11.235980089573747,9.599651667711152,6.499441849241529,11.0942176198095,11.114256617800066,13.640858131744782,15.299909500087267,14.255346543843483,9.374587126847244,8.2922376926048,13.05687646349339,11.86150281340965,5.010814775591321,7.4797839402318065
20230303,Solar,155.2579990925606,8.835224932757331,7.311117220977261,13.909251787914998,5.307060634584078,11.395592123753698,10.151619359249858,16.730069114631746,9.468391743980616,13.962739270083135,11.289170647127314,0.0,13.069014478585503,11.85784398307347,17.52118152066752,11.024337502261538,13.830615594409252,4.967848991075695,6.991508493498227,12.948322030767015,14.782219670867281,13.53043711475993,0.4644228530712746,16.271237690194905,6.7847495637119914
20230303,Wind,118.36758742799904,9.714600484020512,10.117160635737026,17.27664467441099,0.0,9.56135941850689,11.58637470132045,12.022927371357268,13.175835185492735,9.543355486505439,12.661048423137363,18.68851911594812,16.783069647734294,9.178798300036519,11.070562572349717,11.688586265723925,8.970740830249333,14.898855166625145,17.202761408882708,14.345639736436386,8.653546558558833,18.565731767349618,4.167962671174124,6.705470903534315,12.36303681805698
20230304,Solar,158.62099260456995,7.23176757724604,14.367124099736628,16.785921234871356,20.247536590917683,11.123123489114464,16.209537653273625,1.0160837706155368,13.772002146595222,3.483287066572042,12.52427450617046,11.954370740688427,10.661819747682216,15.14707504836842,13.143582409124123,9.94286892560754,9.324192218949378,0.0,3.2335907850118604,13.120308152302599,16.669826355867396,12.307427163641286,0.8349336484685155,10.426497120063972,5.3247192923955
20230304,Wind,162.3276047748659,11.56611995503282,3.1562273220198547,8.073552981943948,5.156663611466429,15.000382787726153,13.932853216949997,18.178147503876406,10.769629062826722,7.58762277527363,6.638320119554107,9.46311950164402,7.549751093137997,4.292497704950497,0.0,7.163102541334102,11.232528211238366,8.838941905499087,5.492091832323005,8.413301271646143,16.603239461481373,9.536194183769116,1.661130619386878,16.35157315694932,12.603991846515935
20230305,Solar,123.77316304999509,8.89435886042939,12.526773154958729,15.182161778725836,10.882528450322413,3.6688523546538807,6.594951636130149,5.27588053178118,1.6788397169321856,10.944933228718238,11.190752520917549,14.536725039394057,4.872410616348758,13.592584615549477,10.629885923788889,6.715776493396178,12.04449577092324,10.533343043846063,17.078319317985,1.8150835793844933,6.821739155647456,12.783330746577318,4.406448057108317,11.42996417635604,11.54833340801822
20230305,Wind,172.08125339071086,10.90280469098735,7.67968734935672,11.243855800235965,9.20576002170332,2.53538786842445,4.274888811212215,11.938934134449557,10.61689381226652,0.0,3.5234580492970355,4.0926945664247505,20.212304365168233,13.068901342153245,15.43417402330254,10.79501827461481,9.532753376129806,7.753977876407858,8.56573762173888,21.95439195391123,15.567449600804013,7.212890301293566,8.888679911711991,9.341749969973042,16.636608208197224
20230306,Solar,87.27994701362493,15.004015216912762,8.377837091257566,15.586149988669568,14.48598776136773,12.129322888194494,18.536905523772237,14.76488134280459,2.5372599187723157,3.2366950244937795,5.207152550426907,7.243107209676863,14.534378041364791,8.804883551008869,16.234250339821084,9.742427439565834,0.0,17.9165141707498,9.387008336196024,7.014412138025115,10.563438267730858,16.62529715681541,9.37264422209907,21.341903156517244,1.2051991051504019
20230306,Wind,116.72330664956604,6.453205451787901,20.007878725648744,12.84317291781475,10.574486067410792,17.202871489538083,2.0867016401282754,15.398091610254971,2.865058709710684,19.867684479675546,9.565992267946138,12.766677866474879,11.998554503557376,13.650977720349802,15.725512324982814,6.821168933966688,16.985237862266082,10.51877621511055,13.227159108388413,23.352767140462063,8.029751578801282,6.532365097186441,0.0,0.8304500360095612,15.095210064121643
20230307,Solar,187.9122388077399,12.983476904552422,9.017653877242372,11.37834038018094,10.767204765459999,18.46372308400541,7.737485761544745,0.9997159411007717,5.015900558717202,12.422951138424562,4.695145031763195,10.220130807057618,9.170096438434506,12.09446434211377,11.51705785910845,8.56700436154199,7.678309909992164,5.19390410804516,15.793861295748325,7.649040227183093,11.974077898474253,7.974189877318734,5.334127464737076,5.2796047287690815,8.487360276395975
20230307,Wind,62.256457422887436,10.166050899426864,13.7734687515429,12.169860401731771,0.0,3.877948911449641,13.226224101610583,10.58608628036469,15.2490559568921,17.417352803581405,3.636364584154008,12.233157659203993,18.059393370976885,13.33575889684524,12.06967615906491,17.697243825752505,3.88050214839211,13.765652451386229,13.048892577566955,17.559658771000862,2.0647368198899096,4.622509341210632,2.4089811234087213,8.45194943746423,1.0617513561956438
20230308,Solar,195.15837959973882,20.105967997903775,13.594569186016743,11.276189780194656,5.833304637288733,7.985630822988132,18.19380623475016,10.255108054413045,12.726276728407719,14.331588507539411,6.440510862715255,11.246518920871317,9.201879079791064,13.017580550653513,6.636393840776647,19.850862991757193,8.037077466201655,11.992083499354763,11.436318278713452,13.591528567861847,7.310447043156846,10.414281408635098,8.998846169146923,15.22138716252763,6.704916937726538
20230308,Wind,49.400931714714844,8.918498357682452,4.099880429507467,11.471665225682552,13.723165232994987,2.6039237277754532,9.051692374379025,17.19514093863256,11.612953489413004,11.96991821587065,15.731668625959474,13.152716081315077,1.4394146622539594,10.250601861715829,14.225091714474422,8.898843611198139,10.558431040776123,1.2339117313566272,14.003356718287003,13.820253908145531,12.088939066576152,13.225924875364559,6.718701802480631,7.481856547657772,12.559490606836395
20230309,Solar,63.43377105618425,13.475822915755332,0.7730283738854793,9.205838197090456,13.273341125359646,7.2469418680643996,10.136714971354468,12.293617712053148,5.686929095815826,8.454603805282469,17.78569576946858,3.395988191052278,11.325132105268251,7.018978512981339,6.6630309053380685,6.331107842034113,6.9545913717741294,16.68977640817372,12.045726835563364,7.524530993831033,8.52837733233762,18.2663731916102,16.292674465594125,14.838581766257018,9.570390990205265
20230309,Wind,125.05106284720573,10.076767258779885,14.104910462084554,8.741378296962413,5.241735881913942,15.614240475246808,5.6248628920128745,17.2405883052248,8.061123082243036,11.906069371924087,9.83719986522868,16.39072401086078,3.860969381538162,6.961223950501522,13.404471085641958,9.784502529444547,7.299805438052002,10.506443889921918,15.425575448797861,8.63299463983814,15.390679650754311,9.713061317691375,9.302665957951632,1.3878690632134416,16.738990727837802
20230310,Solar,164.34319214096752,3.0584774584325314,4.582269037757406,18.815874646863346,2.10985708639439,9.935541082208001,10.633080560676023,12.699587999425768,3.1493874692146893,17.249820954311776,12.910994622724093,7.58056872940386,11.343803409969063,8.926767897761842,10.207564715719588,15.679408516068323,8.376822610685496,14.926279553879864,24.284516434852723,8.703968443010966,8.009662325467342,8.877925768005404,6.965021625135038,15.741418625137987,8.308309116733591
20230310,Wind,216.26318015636943,7.396554522404278,1.6790852271448642,12.38763955555592,10.632896533614653,8.130629601881063,4.249230103495602,9.629168977193913,16.82150663446048,14.127694615837147,7.182529389276305,10.288662312577374,16.720670766238523,14.215716761562488,10.07470792769761,9.781639087077972,11.809059342113436,12.052629919416542,12.52667743344971,11.373844333224051,10.60736793202796,0.0,8.688552073734552,14.467830623242284,9.832770138124156
20230311,Solar,152.8811381579798,14.402355527141967,15.13081107422099,7.133475388843001,0.0,12.725428782056051,6.2485752339067355,10.969297107690796,20.986290037851457,10.834051524233896,0.0,6.99612112236918,1.6374567644072502,13.161244409635508,15.006209359981508,11.775452296412876,6.005055690456014,8.31569946186556,5.700779650776828,9.576323013747793,9.398476850038291,11.115669171265877,6.781796258023686,4.626260561474385,9.075445088460862
20230311,Wind,137.6723196212005,7.836527696958634,4.902866331122036,8.612912842851781,4.2566287383111865,6.024739550952644,13.819452770692402,17.61798458551231,12.782992070365628,9.13826465400178,5.532387596824721,8.562973896235194,5.501828427705934,15.029907386365851,12.806034717600758,6.712331445872581,11.687212454049416,12.121236310884793,15.19373119432662,7.966417101494201,2.360290378798898,10.137998271424596,16.70721068660566,9.827527290901651,4.892462850197473
20230312,Solar,178.9790623992402,0.0,6.13741262157803,15.281292267239756,18.80080537577655,17.964891824409285,7.8321159156903715,3.5153408224937555,13.658771055051805,12.491617937354318,8.458279836628995,11.145469680310393,14.323637092452529,15.531391102170165,11.412987087297234,4.166550972218461,3.0986042023098435,9.496215781492989,9.26879761705313,5.922367231485701,11.961900087602535,10.078991051663841,8.323765006781494,8.652957423217854,9.856435712497507
20230312,Wind,106.45505897660328,9.842984915377482,19.871865775446476,6.319066449556903,17.22533664436884,10.036424861207367,14.58624461026535,14.529772550602662,9.205199303943154,7.339786963547144,10.704846409997327,13.675843570282858,7.502646292898235,8.915033258756395,7.511366009678163,13.807767655356013,20.029427257994577,11.453973357684117,11.68572383680943,6.415059752703039,11.585804185615569,17.529031499406877,12.280236770378004,12.250820050575623,8.904062989391385
20230313,Solar,156.9707579673203,4.538318510244947,1.7013231930921446,2.5898615909449463,12.436246793825726,7.991028785200504,9.232464366754447,6.861920043896065,1.90273818170818,12.49237205207226,9.495119475409073,14.506155430971887,12.075821955249575,19.81210838385852,18.01156617444916,10.974223311846899,15.36157989372932,13.006299224259527,11.833332861587346,12.668713353338335,0.33641834789058134,12.730650127474703,13.94832665636418,15.805874176951164,10.438028074243661
20230313,Wind,90.02768710223201,10.659088662983594,3.718569792965373,2.957754296989777,11.536681572406282,12.934246173978059,3.1557995356459267,5.787604578756484,5.780176046864036,6.5102225450197535,8.591771927412665,12.162556429138585,12.086569312205768,9.480099756116491,11.66481736553596,13.27917930381838,8.626653031574174,10.734561795047345,7.091871267981754,6.490717702329346,0.0,7.9195107301473975,6.695121978891069,6.584821309402204,10.296616565752522
20230314,Solar,154.12952584377067,17.75573540699009,7.701509287630397,1.355121998976061,0.2491460773780052,14.696430801055232,15.841826378556505,15.117131833080867,7.67307725533247,8.23039556257288,7.126834839972552,7.021024446561225,14.447849614038747,7.53051769127545,13.736936635204295,1.4460342116230318,11.673750003375364,12.325551040587817,8.145966855136015,4.504778565331397,7.732523756903196,5.471219389896653,0.9818139898325184,11.847359951118289,10.008492399015555
20230314,Wind,143.50818370752984,13.847286554014516,8.798715800827889,3.50592570867771,6.2966638167544176,17.979876200746297,3.423369574740558,5.58456372494503,8.073719947436224,4.861472668917498,11.719312723561325,11.847232238107948,6.767041736985725,11.666664900969984,10.404735554685198,19.163214542343773,4.159154580858088,8.139588159123308,0.0,10.705050682783552,16.152980350178584,4.213387305941737,7.596460119722943,11.228155067116594,10.482335196201884
20230315,Solar,109.78660392752914,17.683279143699888,5.531273589411733,4.095670300995948,8.52415701017112,8.950155468709179,6.991062455696926,11.885373584626624,6.9230318571485805,7.801184779528359,3.1805411081318047,11.201446732988634,0.0,12.418559854804236,6.531338485766419,11.261401096870014,12.809108394357212,7.142830237493959,9.492849072840865,0.0,23.5916930387691,7.77214449669064,13.186499889064402,10.624884882805834,15.49765285521504
20230315,Wind,158.25203182688696,7.192439892777543,4.206724513385417,16.926186898040694,6.4029312524940565,15.430282613468586,9.001504590309283,7.5552928892011755,10.238766542857835,6.581361707568772,14.010313556657442,10.295325576242549,11.984323177923786,6.292199802975032,11.774727097171443,0.9638387866972631,14.227042789595986,13.874181510588203,12.804002105363544,9.968012070196536,0.8956686840036765,11.870055253554737,1.5225662216494906,17.27670189381805,5.111427669416759
20230316,Solar,157.92748265798215,9.28416833182234,17.549971622159653,9.769103936703658,8.248783325460678,10.506058059499985,15.029143103296036,0.0,5.7491545573399225,18.459576955545536,7.068245556167981,12.671116529783781,2.1549812796203174,9.206739988159434,7.0211706797680264,14.934540229173175,11.33163651702015,17.250928496551477,10.073172310145008,10.394188798340677,18.12800389414428,0.0,11.264039191979332,10.802714755486225,6.380619326478487
20230316,Wind,208.77270061695674,4.777819015961102,11.314930620523578,8.183682304316415,16.49612212173147,6.943099895131526,7.367575886548783,12.388579900521744,20.838620603098143,5.527521213861059,20.33549126346973,3.6212121495857685,14.675882733649813,7.765142892899203,12.188889037397226,8.133056320059811,14.51142159748709,7.412502262038451,7.699880403596886,12.81448741592529,15.807662659449337,9.324764513815401,14.198661622174097,3.925022915139423,17.084158603365324
20230317,Solar,69.71832984686061,6.579782774799525,12.92584372104594,2.782934684907131,7.290884693643388,6.115942354978827,5.36641418764958,10.631606364783948,3.1731299250187375,11.92417647803945,8.423422301201418,0.0,9.788680426463786,10.707714538470547,0.0,10.152539648791858,9.964841700313608,11.5758348679782,11.885529967090667,11.705509766416863,7.0832655510967015,14.00914433598644,16.958067894218523,13.689197430962444,16.353323276218823
20230317,Wind,146.19755461514788,5.365575838569099,9.31387411720732,9.2843680126433,8.295304097216173,4.5150827818349795,10.813365357801981,0.44959742792591073,14.436547720112753,5.26558840323209,7.599121383133101,15.949996107443065,8.519843521317158,13.979295068364891,7.995930240028934,7.611387234220843,9.49308214742594,2.9546279802608,5.287450916769977,3.610429009035413,19.415928968174605,4.823435653558997,13.389105788134435,18.00479407373649,11.294974123548283
20230318,Solar,111.98688001482603,3.4663851539402133,11.447274744295681,1.3133596871790376,13.697656433418757,6.291530005554431,8.930171383866904,6.507052292305691,8.690726449190562,10.23448018338058,7.186569054455475,9.34313104941889,13.452778021570445,8.670453616914825,9.928256546994092,9.510518658566902,6.700658395212361,19.023578975825828,4.710185097492609,9.068898489860365,12.332700009743117,9.109171380486243,11.463511032023398,10.699991109048065,20.120721639970334
20230318,Wind,193.4881029088146,16.8292831266567,14.664508305547951,8.152914143568175,2.9026214069859826,15.578533108800418,7.663047004804193,0.9650394164384768,12.313990476309243,11.44957700977195,7.648986953889345,12.079642543919869,1.2907801259980423,12.863574942661355,5.227858120685434,9.762398801490203,12.779518283414737,15.730126059799169,12.629185419584315,13.26389774542122,8.862653276937243,5.0420976499231775,10.930399698093582,16.76026441077834,12.44389486385443
20230319,Solar,187.69560325960666,0.0,5.018504927273327,20.322471949218375,5.798977105805767,13.533548008930186,11.082426782439228,13.658449436482066,12.540574335888124,0.7444816303814961,13.036140292123662,5.662171665372752,8.998965548911565,3.0557620828478784,11.818910919592055,1.6496484349943852,5.817207388369328,7.080976336399511,12.904476613076945,12.090201612189649,1.0977604856269685,0.0,3.960432202953139,7.903337974021645,19.369508178123628
20230319,Wind,175.39399225343107,16.850694524022785,11.324179982589909,13.319017893531825,6.311387061215786,3.7939417202902517,3.9820189230343397,16.93996601355048,10.785216150603276,3.0114925583889898,9.78861899304764,16.311121060010663,12.239371138193325,14.448929123874162,7.888881224920691,14.32881089551136,12.071794642209243,8.235505311208424,12.555261375745355,6.090647897263876,10.510421223156063,5.9981976999701345,5.267244181523906,12.071360147109074,17.298719501555954
20230320,Solar,114.80833709652684,16.230294624601157,13.480211567039456,8.951009198227347,10.277960732758737,1.2680453989253226,1.3907972951715963,14.247453025230929,4.333146262001879,5.226634043810084,14.935408329807464,11.750396086078291,11.264218860557678,7.73284821537567,9.970452072640496,10.564341928773597,11.516112785187882,16.04631477405396,8.497356721032363,12.079517371322204,10.207038315235824,4.682309268646359,1.3388925251904782,2.186393657257385,18.13768533260766
20230320,Wind,194.27352914700478,12.49896337739499,17.7239867319213,13.490618027031783,8.275189662531675,4.438534221017946,20.693650536341284,14.945650784000458,8.339801248149538,3.48381562975732,12.322107334668898,9.102412012736043,7.555847729398221,7.6436926033920525,7.242371590810295,12.230947559198931,16.719916554305865,10.879616733541654,15.467965568009856,14.5744462590222,21.194019780972233,13.875517034881208,10.359723292596797,6.9508953149466945,4.257380223391848
20230321,Solar,73.49345356283341,4.4274636595296535,19.739454899008805,7.3922841093621585,8.43329545326433,6.116318958764257,10.520930466807886,7.4108479716659295,10.845476360996715,10.420426009727583,10.157462297419755,11.428958581786434,7.606331677044875,12.001699466766228,14.859554962760686,14.079754754608047,12.917514306955505,13.163958394216065,4.381232352081261,5.118504818947752,5.270695366343673,12.402681642125804,12.203605268949053,10.843314060196576,13.3411190693857
20230321,Wind,63.234464820361424,2.089124442783964,10.349298984908808,5.996611285604061,6.675730064487525,8.483671447114958,10.870904409811349,12.734640055551871,10.532169176420597,11.212901043774329,11.86477167799329,1.2914969717779345,17.716210445400247,12.264507157812652,12.72985918648392,10.604297680667111,1.2159876029736494,5.068972934544571,8.514974730755332,0.19883130693715834,5.5695321460260585,4.790987250870985,10.588541441612486,13.348642124690723,9.583731798322777
20230322,Solar,86.2064500049038,7.257981593682178,15.69319474843567,18.52064814766421,4.645848698926226,15.864317615043571,6.090053096614611,9.954656849289197,4.884340126089869,4.684640223162326,15.981734440818604,11.865644986828487,14.56335831165869,9.438460100270726,11.489529784788385,11.655467910427811,6.682405501122244,12.884560475458857,13.739047541681856,18.870316932035927,7.446661646504062,16.463245551714607,11.41838938544234,12.18316464258137,3.3088285678382743
20230322,Wind,148.3262594836547,13.12560228169962,0.0,4.288626730398633,13.045714621052888,7.261415705501666,14.488494217470056,10.926572580444098,16.456062295207833,10.620992184662773,13.283479815254976,17.43413599157871,6.679134026757533,5.556006470021336,10.309954174048626,2.647888293082412,6.552568900003827,9.257071036929805,14.29795975944129,11.576674570388716,23.281004621630142,13.626023775094108,13.798329941144706,16.401605899291127,16.680558694757945
20230323,Solar,183.7582200494147,10.015318187203372,17.76141454688357,8.229393821613247,8.310979405188728,18.402499800886368,7.3325736992707675,14.787157302272613,0.0,7.879606931143092,11.40278496720273,11.576396409486172,16.74230472136437,7.602155363412536,22.653160466531162,5.848135666266487,6.340579906530921,11.494245163889657,6.138080712140621,7.713540855544027,4.247505178578798,8.71778475827724,3.3644275377523924,2.3550948300430266,15.971661047097179
20230323,Wind,1.1983762995237734,4.782502524526212,6.370581691395982,11.53016641181755,13.095094900736866,1.5990005383931616,0.0,15.877437103236181,8.74937556117681,9.502619832155567,12.113712775042963,10.930715047586839,13.77540508356881,10.47621208604034,9.21295111157978,10.425062806084611,14.833005907482324,8.01244178346161,20.71298073813293,7.542223525196887,16.540534378055234,11.650278140170474,10.314227125093238,17.348732161680154,9.273645031959745
20230324,Solar,216.13714159398933,15.741023923282452,8.794512755060545,5.318828971212759,4.441863347594262,8.256837396188468,7.164833297456842,8.051218051807421,5.3934062240719065,6.857883551970417,4.236575821740899,8.414843821562068,12.441948208540845,12.449205716272598,6.515568136727106,10.928523722722785,0.0,8.945129333155435,9.347440303561656,10.733952687618864,2.211055718445345,5.273140456218261,11.232519487722518,6.431536080881671,6.911352299614651
20230324,Wind,156.5556098089217,18.42191664090769,12.205522421835107,13.253024768157049,6.673789211251787,13.927743345682007,8.59293461037775,2.961775943224756,10.910827081795961,12.438283662310731,22.858480931274816,15.413808074976627,12.632950698695241,5.885254578231284,4.134695711142168,12.003537332164802,17.12226663049855,10.519386596386163,10.439101334006073,15.205092052607798,12.158258689813422,0.0,7.655436303212583,3.8569399096420853,10.290122176488405
20230325,Solar,71.61138262051125,8.867004179927012,9.23278816342243,8.467027376788737,8.89408486076617,14.236026261832167,9.149581978327436,9.06297732653572,15.083629280022132,18.174646284688386,12.640628603155722,16.15504655290321,4.269394510049413,6.799289595774095,14.52677556432177,17.03023096482236,14.99267436111306,7.0743328572463176,14.890605316975337,2.4510593156425697,10.491069693199023,10.454380439483666,0.0,15.184990387168819,0.9275073174074899
20230325,Wind,155.04734851447904,10.546684517986728,10.982266897840672,13.319551637834284,9.360664815918947,8.321430218058035,9.004941686277089,8.903633573430579,2.965154944114609,13.871671078092891,13.13957346277502,7.84027982549139,17.526320055231928,11.314718177793122,18.156094095349562,9.528955349247084,10.928772689688467,21.341519603702253,17.759678755872972,7.995277200881279,6.501340790118613,3.1794673565717,4.8790012899412805,4.4377492830607395,3.263968715034488
20230326,Solar,204.626270733921,2.455756581852521,17.938464841130717,12.929920898752592,13.77184362966105,15.008767168920983,6.775426915118615,11.422989400070781,21.768026161442226,16.966954243395588,9.8565380597769,11.793234290198914,14.757538632866023,9.583860367694246,5.7597198686219535,11.814465344347305,11.745995303356409,4.726083190856042,10.30767433360328,18.269837099772868,13.589235151820796,8.86582680514909,7.458663095585031,17.067953903611205,8.502308199844283
20230326,Wind,179.97205076531296,7.928066419454824,8.078899773270143,8.78493934687085,7.847453552038208,14.060982212534414,6.29239470148316,14.164979592320615,11.00924318478931,2.985876084468541,0.0,11.161072182103592,11.225617150838492,10.732491415499954,8.575516605750956,10.294954210846507,10.375052921494536,12.499271268478816,15.86632867805764,14.123094779100503,5.997841339767756,12.0550420307845,10.74798614114866,0.0,13.07784289965715
20230327,Solar,204.9536531276983,12.55219989000497,4.565380917497233,18.553293362954925,13.733711214054377,6.589426703437448,8.510106666039846,0.4270901725797138,11.908619950477343,6.621454488634289,8.673282073679704,12.008855862284753,11.21803272152053,0.0,8.202848998694147,8.751396571012895,10.792913266236106,11.513665158056314,7.719185113646716,13.696538602773796,1.9241632708157985,0.281720727923912,10.167286724790367,6.221532511559219,9.07314782689114
20230327,Wind,81.68766853014445,11.774282701288888,19.067319286492754,6.673320982832792,11.874720042798472,11.57464234222211,1.7726195648204257,6.64543224404262,2.8012283232629356,12.826179163990076,10.379735680306577,6.136373471936486,9.542624994522031,8.525438661653777,9.379515865551163,8.94584210053664,15.63171720080122,13.804595366593631,18.342158371094413,12.03848255689447,8.441889366190637,11.033263647090012,19.61659688286657,14.385375781865696,7.220908120141536
20230328,Solar,129.29973824307976,7.461660753951466,12.633821085023387,16.744352352743686,9.465736949585255,13.518066420384226,0.21201853094728884,5.180559053412797,9.767164058332622,17.54147087441721,5.885810890569101,15.71388212566672,7.1564557838265745,14.266347362462188,1.161139342476425,6.078572038911472,8.881480789481145,0.0,10.192991271776663,11.552406382662518,5.413460725805913,14.132228733511376,14.718356845393203,13.361647532541076,5.860759174761726
20230328,Wind,103.76538847382339,8.628782457617765,19.611194876567318,15.874666213140204,5.2435060175174,6.947326162135876,10.490277449598192,16.254468943458953,14.85837410758946,13.252202134532867,5.842233959329302,12.826092239110364,12.672741234088566,6.920625147900194,14.033630969785055,9.41494808575175,13.001696386359615,1.5653014164821433,11.572158817372435,7.6591244808912755,11.296190725171613,0.0,9.884901023696232,0.0,22.19274396705536
20230329,Solar,235.8790102522159,7.763946317277241,14.318149552894521,18.8544110383022,13.7843763273166,18.471627251345815,10.573674371324953,8.958145533238064,11.049607861093389,4.868879573130682,8.303740187203582,16.012026784873516,6.0229660710341495,12.432627888455015,15.951220740853127,8.905604434671679,5.643740339063356,7.257750092145023,8.26612746510588,7.208917412179872,8.569471782092595,13.527188796761376,10.605899255624925,6.681239378012997,4.630479178748783
20230329,Wind,181.9681421743315,8.607676431408075,3.382028039932816,10.870280196715104,5.368312663431746,5.823190266911785,14.397002900269985,7.435582152191062,10.700977868634586,7.826713325905597,13.85764421774024,4.423280645956481,10.753493520718195,3.956276777774365,0.47722748030968654,9.241544519345771,12.662687300967846,14.601223397802595,11.079937515966261,14.030662237801828,17.82012245983586,19.494904460614865,16.353385703064454,1.4211911104947994,0.8606350016066588
20230330,Solar,292.35047944788204,12.116174012590633,13.22692335878441,6.05707144036005,9.893598099213605,10.720464416472561,8.72217344814614,12.691508462232889,9.740702156608059,11.667022182940705,16.278771375204094,4.717067127867335,10.486825315076544,2.186074653977724,18.78967536822753,1.2904912468825547,8.636312334259507,8.679830579001466,6.348251575769966,7.301962180563619,8.404079314003482,8.724614529881883,16.545410521699004,10.692530913120185,7.121578961693657
20230330,Wind,126.61952332913863,0.16231457315438735,5.080259670587225,20.383982926647736,9.730297785319602,3.7511134179024594,4.031863934462355,7.034968245419886,3.1099995416828916,9.176702391846264,10.854814774698461,20.296974947297166,11.925907856159082,12.089087896389849,18.087690459573977,9.505293948805942,12.139926885819705,8.475974913463256,9.687746214555784,11.41916290897431,11.378703014525268,13.702092935178516,11.67047200328321,10.255836656980595,12.589268283927954
20230331,Solar,113.76628941588477,9.628252425960389,10.037159012198336,8.32649266011818,8.964524286913587,10.5168009933128,0.3017659240101678,9.924026116015755,3.081456644682733,6.0061377114081465,7.163106370495311,15.735646451357637,14.70624978870836,9.72767523936857,0.0,5.6147328728660915,5.677146422156635,10.078937064799367,10.08562904992713,10.758677456625309,4.189069333296887,4.9766021775244775,18.6665641718255,8.761513752790398,10.54079519442764
20230331,Wind,142.85866807024246,11.749877678128446,9.621427981961212,5.932287136472324,8.053401385073427,4.664633919645888,5.54901962021567,19.070356000560132,15.84663563320355,8.54872778327785,8.188077299271109,5.924561733711098,12.016685609585599,8.320565245528345,0.0,9.69073932854323,12.246229856290102,5.794963465819997,4.720371649189337,20.959437912420988,7.866868715851348,14.601162169791035,5.510020016158844,9.46643668458096,6.245217802407707
20230401,Solar,218.91786107112745,7.147576571794614,1.9116809768347187,9.051066270475935,5.889616525191644,8.529354293353688,12.112598720287597,18.93145161943322,14.41143352971547,9.927819906202105,10.497670011300222,14.340763056068456,13.467832110260046,14.232332084130391,9.335350774561782,4.526151772577627,9.766146615354868,12.350296324945457,7.144108766869193,9.197888518316557,5.441845143625782,12.550692195050805,9.855743665186408,4.492371816680309,10.961567915382576
20230401,Wind,131.69401553123262,7.603334780175593,5.935947552191067,5.0915464192146125,1.9153178131496085,2.0670121933945165,17.20724451704461,7.963078384685905,15.151355862336416,4.575393472612106,11.090150621712704,7.670928887623095,0.3002870972996241,8.440796245366176,16.58020207683051,10.249634433590382,17.824269084420106,10.95996194888552,0.0,15.842316561260013,15.923913220606577,11.088769303988379,25.831201650125003,6.329937245589777,15.54515563142431
20230402,Solar,156.22187989534717,,,,,,,,,,,,,,,,,,,,,,,,
20230402,Wind,154.83453514434095,7.6047501323142,11.191887024205823,6.971658091207438,7.541382678713753,11.781400248708039,3.9320505483194412,6.904857496345973,9.212161194155406,7.801925887204802,7.803200580417661,0.0,10.37528306769109,6.2958999679916055,10.106921834157811,6.868592926854112,12.46616197385848,17.5808933612948,9.929701883318078,9.413785562938338,6.747996213018836,11.972243638176911,9.29517180413216,7.551562212456069,10.769337466092882
20230403,Solar,151.97483806010948,10.029418889251867,9.122019326685239,8.562579150475639,9.35943952441265,15.437052768183495,5.60039698747465,0.3706736247991482,16.159000930005725,9.637118868446029,12.646455662523994,9.89005582042323,11.85862473518694,5.238274096137877,12.868310310333186,11.446685618658165,7.792396247812317,8.84910944912023,14.797444592644112,3.7800633211972023,11.494167778077216,9.679999864808059,10.519683618458322,7.142485208504782,10.785984212003056
20230403,Wind,117.3800769768761,10.64501379006892,19.064451099704627,14.838894308324813,9.328863080330295,8.26097417680082,5.756470379678412,15.18094672548359,3.856723376201799,15.175263518619936,12.25118617379172,17.80400578415046,7.354601288262291,12.333238532876686,5.95952895367525,11.877380232720839,11.560455361400201,10.550877036857253,8.215000637154255,9.735182209451763,6.431459487443132,5.135349327184718,10.898218752279659,15.698991169096118,6.270925600287952
20230404,Solar,143.13544660448167,0.0,8.018823449654157,13.118466050880958,15.478021686143741,15.669236834404991,7.970056992175946,22.106710583358822,15.649412037766332,9.375006669470222,8.02453621730442,17.606940481429096,15.754626710006043,8.439509691096669,16.386798566807357,9.753452333570701,12.370046166922863,5.072803469955447,9.847169786658188,14.496182133735998,17.04826305893268,9.260743488973807,18.349694605591182,4.105500941840498,12.247134862574487
20230404,Wind,140.9948699324321,13.264401857361442,9.5428981901544,10.077922862848293,19.6659711075882,10.196398226974178,15.60447712497435,7.782752811746135,7.0674020368805355,14.901794142207944,1.4025448887850478,16.300724774842816,11.252152307814068,15.712604712717102,9.481916770012914,12.843940816332765,8.228796488446655,3.7366296913062746,15.808467993651924,3.8759120988541786,19.7886943096961,9.76157833931899,14.020991996964142,17.3982518122502,15.209356846661839
20230405,Solar,149.62176701626754,8.550005578265203,14.954014280614249,10.85436764373491,10.799237097943433,10.565837297143684,15.994547250783908,5.916031363553642,5.723833497827476,4.853995695416367,5.575316592340301,14.150055532746551,6.275925631545588,0.0,1.8348599065343207,7.933515060242931,7.838825497254253,9.962921867248038,14.166129677322832,14.178547507676504,5.512805428353666,4.130468041583634,9.60640163215437,17.82386396727531,16.761151915044962
20230405,Wind,197.1758409076354,19.66481587734267,7.996321006918251,10.061277153157707,9.214986657715412,20.570266626759693,9.138720526125569,8.635766018299968,9.84041850096744,12.164779573081415,17.837976630637012,11.586823302060713,7.158426728858808,14.614201357637455,6.02261158471879,11.999760305124065,5.966887872577754,10.514600999910796,14.093723954173196,16.714434352105872,14.228150474433853,9.447583065748358,1.6198479202558258,4.922351149685761,12.148417045484885
20230406,Solar,238.03140173122463,4.041757305506458,6.267396303237494,7.844224667913178,4.38271496420294,7.5766201753069815,10.915350550567988,10.425230239142927,4.414990454441016,14.19661177856977,1.532142034757552,15.759820446727987,14.513867733235632,11.798148077166966,11.845043179121934,9.788881154959672,9.61974179535001,13.447005744966086,10.596088452183537,10.480035349559495,5.7750044026212874,9.69124261434319,6.3665339207565,14.603284303975796,10.073470975247865
20230406,Wind,107.97826186651466,5.663427456228342,0.0,9.987366695761065,2.7820577529361765,16.13729515577425,6.012210535632672,4.322349448965599,0.5155320275147046,5.850660007604755,16.58761120986611,0.0,9.573554359307401,9.545879412123192,8.551603242784118,5.00334173555702,6.7342049896006655,12.876761598723922,7.5493756148047115,14.568483507117524,8.21712996446429,7.3968957634272465,10.300327101560233,0.0,19.383656412135082
20230407,Solar,130.40031876061425,8.985455107083695,5.317508433086193,12.45420812746472,1.1301253517794951,12.398424702738067,1.4504577782314676,7.707607695079344,10.380148433244786,9.108152038167974,1.3570954998354268,14.948939594519418,9.976417947354538,3.542933668607191,8.03367942733893,5.993238593265274,11.461284322940914,11.27177300232379,11.978808025641356,10.701272414629647,13.450865838608653,11.76145353779517,9.351974552489308,10.508685057037303,10.601674898824447
20230407,Wind,108.74940507969067,12.066127248430178,5.269861270051934,9.369189355105801,6.0207752023826595,7.140475538772585,18.941691767313728,15.074486269690091,12.671328851906944,9.2116220768471,6.1342488645525926,4.394974206497205,9.011437223500412,1.7006133974651927,11.014663689736665,15.827008873335945,6.0479742402475285,18.42436830370378,16.41259875015287,12.856907204632636,10.699178880861318,12.947637086152822,15.479311543048677,4.957160211562214,7.579401006322753
20230408,Solar,159.35507686111364,0.246163363142492,10.792833477343049,12.09883815115137,0.0,3.4215455476826353,0.0,10.636903172336357,16.076450863187773,11.048196085748533,8.126405068773911,5.436384737750343,15.05565251156695,13.755453118673433,11.79312221338957,17.881695605827286,9.38754065945584,8.439593551782458,19.037243517097078,17.467901428775846,10.831715466275709,6.681580173417886,8.843234819259514,12.526503824325681,6.554521921533978
20230408,Wind,123.08252712445116,5.854499739419467,6.94770867136112,5.8166561078847625,15.39414976870056,4.834574747722549,0.8207984116772382,16.3519301406449,13.034873565857431,12.374008086698842,18.91151541476553,13.47926079776621,12.411649849113909,11.210733035852552,3.8480942132597082,13.566268568613182,5.271241484929131,9.051815763154657,22.029927029148666,2.2301202487771965,15.491525079949511,10.745650552800857,14.19334618104737,11.57429794611155,5.981318744496143
20230409,Solar,161.98984168709944,12.956600802869216,20.79009505428598,6.980531744271476,12.115481219967123,15.653373989272556,18.98202927579823,11.823839264307509,19.826985924163527,5.443969006888446,10.130654788500904,14.643653434235373,4.0643323018780535,11.116093660342184,16.117458417777858,7.0840570658846955,15.721962038877223,11.416245172680565,17.648490399698172,6.173905535980916,15.456814394889367,14.545960811923141,2.6396270748591952,8.616601255517894,7.483552610312231
20230409,Wind,205.18134552223935,5.259380267837288,4.71185534882597,6.328397483630123,8.741797426576099,18.671997634184784,10.083077023352233,4.555413656135406,16.805374878682414,9.69972570849341,8.929974196191518,6.951457872065943,5.121144877106493,9.487645795274213,9.344391220570506,17.1386175239131,10.124250260305178,4.080478556035069,10.218460173033087,16.25340718961677,10.255543732217967,4.948154671489123,7.37758277022078,4.534812746440805,19.632510226811306
20230410,Solar,23.708415709769582,16.850131881881136,17.003233434287026,7.174343141037967,15.54691990380395,10.45719951605113,4.370425464559786,7.119930116401203,13.690393758433075,17.956590867872894,5.323269833864966,13.23096480376109,10.022837766750582,14.249038164680696,12.098431656045582,13.062745008552994,10.07961773517864,13.439741817933255,3.987870961134382,17.175602956519462,6.827721354193594,1.6839016750286517,13.473397968473247,14.586483203886917,6.2165032466381245
20230410,Wind,174.58899448003456,7.730582005754639,11.098764775637745,16.435905233530455,4.644219612983625,10.719408813105616,13.413518155446557,11.242060317772408,12.343094126779961,15.26938395812402,12.609804733779585,12.814659674681202,6.78479167955531,7.070640781827755,10.486909614962421,11.678233169263098,12.977399737054679,10.35722549293752,13.009946656071232,2.960370313157663,10.00461153221266,5.294253875702352,20.33643035969822,9.843471934553282,17.63381411087055
20230411,Solar,126.99064755510605,5.5031339932905174,14.033870178561946,13.6301939655518,5.900094723177227,13.882267165782434,13.86526653022989,4.387053620194462,16.150510915366155,13.969219226219183,7.436407777145143,8.44676365277154,0.0,8.317974267034035,7.949416280222163,19.211547948263757,18.876224696651274,10.451110634889975,15.482934887141562,17.811517989036908,4.956214404189278,12.634461341889885,9.289924396919668,6.462928358334697,8.973170368806946
20230411,Wind,173.02111339921944,13.051221288947598,13.73009797367935,4.615384406578272,0.331033598491276,10.366510146765926,3.3365717742612766,3.7384013354469667,0.0,9.03610201032684,8.854980537782154,10.769254302023487,6.274868859274604,9.117022038708239,14.558218578661391,5.700122599751291,10.4054781019551,12.713997492552442,0.0,0.0,13.930225998393567,7.716434027210464,14.143962386619187,7.433536090564198,15.209799464223208
20230412,Solar,105.17652811248998,18.03808693412223,0.0,12.187491482042274,13.87176847510106,15.498500189851612,7.335773117652128,4.038997233171373,7.59971479368525,20.644154123635616,8.208227475073938,20.404420240117457,8.607387207740484,8.931700569682933,10.405846034492685,13.864929546999976,2.54554608757384,11.879535715936536,2.604469427264484,13.127947593475392,9.058751347070638,3.8072916527840475,16.680731116148788,9.522092232867795,4.606867009463907
20230412,Wind,209.81304941534376,12.081981293719483,9.942236605117214,8.04708843675715,5.948293568453631,11.458111253315925,14.381229318528604,12.57902193906908,0.7075947651964465,15.149070942531303,13.599310872929395,8.592159859738867,7.999991838145496,16.68286245632895,10.366587993514685,5.926995713869582,15.909675954227541,12.055198594585079,7.715856801357699,11.093971426675017,4.4722491533117275,16.34699029636753,14.76600831777679,9.50355200452606,9.910868237870941
20230413,Solar,195.66403090201422,16.302146996116292,8.68885931383084,6.5880770726421725,10.078478066379118,10.677706568262213,5.915471268147544,8.168799922887311,13.315488161930498,10.187094339647162,13.808937762402927,8.764540050365547,13.6038112227291,3.7278103069636783,0.0,6.96685016414397,3.213429390310285,8.051594638736242,6.1555202151807284,6.334436788868251,16.70478555931872,4.098282803171943,13.7413668091363,11.549508126707822,1.9195161423658624
20230413,Wind,178.41760742713214,18.38317670318482,4.335109526543662,2.5713026713874654,15.012882002873388,6.50393576252941,11.410818693069162,15.912208155464736,6.286180612945508,11.102053577953507,5.5480575691783205,10.750035714427696,0.0,0.2271474094857251,14.099759936982094,23.010307917612675,7.51780188940653,17.847371248565015,1.9547149970646394,6.642269381796287,9.930220009515134,9.147113930395232,8.230200628526141,14.77918282840513,10.110712662684525
20230414,Solar,189.66128589050493,5.390706600362108,12.29813018607934,14.859593469101222,16.854253777497103,5.2736646026335885,17.124060931831366,5.5178980852668165,25.098265711690214,7.705751726304794,6.863710042963908,9.085233019047728,6.138172608064425,2.7298688163187745,9.147331707612729,12.511817512415796,15.962598002778037,2.689224626039377,11.900240936608458,6.8265814607871,6.259878182438112,13.682868245576369,17.597398432904846,15.237478157012777,13.933973565172067
20230414,Wind,112.71897664139132,14.691956670297932,18.582701579387358,3.1806842516643075,9.854268242547148,0.0,0.0,0.0,7.410371009146099,11.966858455791527,6.3706068732794465,13.952511990421991,13.978313522375927,13.418254755957161,13.774661999047405,19.245936310729583,8.323885687246388,6.572098090105435,16.20594731386335,8.979237896481582,15.714851774610548,13.35067684398522,3.409832230679799,8.867891885746069,14.833383904008043
20230415,Solar,119.0188122655355,2.382647453482263,0.0,9.740184109950627,11.921187181356782,16.170583999709358,8.29375840335619,9.346474405983924,10.531815824412616,12.965375168634568,10.916760188770418,17.346219797095287,6.661691817696292,9.496126882404413,18.22480665423951,12.71790382144606,7.138648751844519,7.2374930358254215,9.057966138363984,19.930176872958146,16.287486793539433,12.086575013983612,3.6653137978664208,12.125167850175137,9.977097067088694
20230415,Wind,187.62181004087395,12.124512658931925,7.3276516207913955,5.268443771375656,5.480748769781698,9.266964723888373,11.308179992837445,18.237775151969103,7.98866732906167,13.513040422735486,14.533474262291112,8.76665630433552,3.9430454538234128,2.006397314347094,14.116832857986482,12.012099472931405,11.406507807810941,6.39661849859784,1.6995547935642896,14.115518187369377,0.5651086260161609,6.660240373932087,19.33697985466874,8.996815350931453,8.208009914842568
20230416,Solar,111.6135428615694,9.643410547425903,3.771169179431886,13.879219735349624,18.416866715037667,7.998013276321094,1.0397530702829594,10.17284708474303,7.5558438092806135,9.09658053904776,10.983326630450518,5.716074277842468,6.596499564827779,10.498325151747098,10.270756632158232,6.86951174698088,10.048429763772223,1.2670022046976182,11.031426368667182,17.172020650346177,15.53686099781941,12.789497690556312,11.808099495553,16.067395346373104,10.43586279129719
20230416,Wind,222.28175233290435,16.21475101521031,10.358889131188466,8.328240868430248,9.16924719850317,0.24146351807283306,7.351943048737659,3.139533784335653,3.7673905808435073,2.631503311861639,0.0,19.874539715055025,12.231036379902179,8.380073117668806,8.56786442454605,14.88871129569827,6.533086901353921,18.220276612941614,4.4501599175743225,8.389614225576354,10.788763894526218,10.073837388043934,3.810100132487629,9.337982295291168,7.139975285698106
20230417,Solar,133.8204464359484,15.861257564924205,8.37189358425002,9.327686722398276,10.401424759340602,6.79943617113824,15.222493220709067,1.8786170189662699,3.599252950295125,11.208941730899122,13.798765931334767,10.599047381269408,8.732982182756421,12.797472980937263,22.6286159613316,10.126550491203806,14.387984959786301,13.21250966533452,4.95689801183175,11.151294620285814,14.857048844102609,12.032795172772305,2.8319604773594165,10.604840283807352,7.13299049036424
20230417,Wind,175.09471949303108,12.848916752672013,6.97161393621411,9.496328685349836,7.96573463868387,6.141567708585522,6.478424256280552,15.989509569617452,0.0,13.533967529653031,3.255045660564452,1.4773612879933395,6.375204706518426,13.971332017223979,12.416926569043254,10.402381542509419,16.13987817627909,6.843256410824326,14.79868779535983,4.6420268144158054,9.660246318294991,16.853205407785918,2.62106921875103,9.871052288807089,7.959119845229342
20230418,Solar,254.9624759627545,11.49213949741409,13.447534141645294,11.512851674678917,15.996244992068782,6.026134563846127,2.5783678205712057,5.962816142790443,12.72731151401719,5.107233298224009,6.423798047730197,19.311370638484497,12.40890017903312,22.590794775077605,11.048150440765363,8.694361591039794,16.939610245969497,13.485877673395235,16.001090956561118,8.60777639620649,11.896179973538995,4.031262438830577,20.171782267031013,12.305315587473176,11.139378168821494
20230418,Wind,114.68883229659617,12.541843383609754,18.180906505285492,10.065023819916547,10.997969615415947,11.66418071576314,15.654159115811305,17.70897663828265,7.876766167360096,9.545837110023136,10.992156825252104,15.63093832827284,11.874337878720485,4.089245899327667,9.085300604039322,9.496109941985097,12.75880432021983,9.19737419726773,8.553537121749276,7.237502114677333,8.478786714450399,11.926163899863505,9.593775040654572,13.157421153825123,17.180873675732254
20230419,Solar,153.43808754223915,10.308854356882728,23.306593258789178,9.783634055194419,13.804672887068122,10.611242765980018,12.22250846765216,13.270467244256418,19.668141130213233,16.707329126201966,9.580570713820535,18.006712613558907,3.6825089543884184,0.6861992030065145,5.517216178479776,10.12464122239277,6.494665971006888,8.545007488455218,13.655540254066077,12.443196120841035,14.96140487252817,10.71070752183892,7.413473212970727,16.92529966854085,16.494812310428266
20230419,Wind,202.7091582318654,9.694021294460482,6.301854757657061,7.407990123726112,11.76979069989441,3.1935203319014747,9.655718542476896,6.152156427976575,3.7792990796637693,3.9826247096497767,14.363676003470637,17.17123762027957,10.47392973020639,12.945587717930602,0.24656583487211114,10.61440653036421,3.7236003767482506,5.199571274530118,4.628712411635547,6.46572805113754,6.643187835502652,14.721766636773735,18.143912249039264,16.057164613226416,8.406703009112466
20230420,Solar,197.56386944382658,17.212890861262213,0.8956222409096537,2.126353133289535,8.897953083919976,3.5107945004633367,9.50804086445989,15.835684221558207,17.381572600774724,8.581328251057679,6.946236838505362,23.22494031063688,3.5025742651535774,14.933563185117311,17.605881453775897,9.746404904753591,0.0,10.08620384521418,12.645423977556693,5.815675340162721,15.131015168194425,18.891580475027048,11.256381683156413,10.216198745714689,5.923367675550645
20230420,Wind,133.6092344880321,17.81444909839088,12.795982170391701,4.4072452022907225,14.647342806497958,3.50160723834817,15.141412355524707,5.3805142336836544,17.861296676757604,17.43569573969175,5.166931085549788,4.8153164882109145,15.850456660158262,3.6215280752282797,6.103084665700223,2.2157610485709167,15.165574007741887,6.838465979029353,8.080628740711532,11.981754596225745,10.893337991028826,18.735797838638575,8.362867697963793,9.78470721645887,6.336419197883124
20230421,Solar,124.1634781239073,9.291704011488966,18.052423676616016,13.592398693403227,11.726580972876905,19.052630437835884,11.472641625046146,2.7633144377750094,16.385215832502407,10.78857677056885,8.44178637457125,6.021759626476679,16.155985905145975,3.626355903509768,9.048422235750403,12.709709925465113,10.97284494752976,5.139075861607656,3.372149171725103,9.732415165640894,13.783579483896874,14.175026703213877,15.304366035046426,8.87497310441959,2.604838136258304
20230421,Wind,138.3432033727474,11.188182015053723,14.068449835203642,8.47090268336851,5.195104695763832,17.463613143458147,13.22806073134271,5.666273033277773,11.173986552327587,7.369940858798802,14.885096678214069,7.538681599552741,8.561632491335859,11.721831435051453,9.469707618567098,9.384898186384103,7.905421260704014,14.777969450852002,5.4643010918443,6.497329707149545,4.953708096823465,7.006568962965311,12.988541440401772,15.040952064765232,13.63984415697129
20230422,Solar,222.3928883075682,10.408276123863873,18.031735197651557,6.679951111387601,5.053943080953099,5.738505004502011,6.537168025964574,13.843683257951096,8.308971373902992,9.964842034447964,13.14836435541077,7.395768967771742,15.324808077886045,18.57241409550146,17.16553965272761,0.0,0.33349200485302766,5.8886407570970185,12.050281805276144,5.766779344394247,12.113900165469124,7.888477547875922,13.002288225663003,11.226585004416581,3.0323692729775353
20230422,Wind,136.04470718200267,1.9415077903140288,8.872566646989403,2.9713592779097753,10.74413364515817,0.11702840002134618,0.41322495596627595,15.689834945006682,16.380338484686423,14.129585661391404,10.435740039612085,10.614755910315974,6.218928706756649,5.616956249550162,6.168540472561417,2.060575961418365,4.084493365369218,17.02269498200102,2.5969881567460265,6.495651122460085,12.66603296024556,13.606946452652569,8.64891127868729,22.308482548860297,0.0
20230423,Solar,153.90578462417324,8.317822111939968,6.952127801134359,1.4017642995482393,14.537289511938138,10.640221215062601,13.109568501042274,8.019863685660443,6.042684285811592,8.982472324081217,16.629815940014286,7.550506481707075,9.300582428568834,10.435333976728694,11.286743756916463,7.632718814565514,1.172510665630816,6.426740055766316,8.591636932262126,14.073072634493482,19.271581768704888,3.567238849927988,5.523285624868119,9.68224249969712,13.644710322306734
20230423,Wind,128.66067645382876,17.998521005240516,10.577179537006561,6.483965599359008,18.197102742532017,10.234700581188358,15.50463960833091,0.6584434443042742,11.353537977228603,12.987910574695375,15.724281214025787,4.052246989179529,7.076053521963825,0.5042763662591376,12.560816697870928,16.392981466598393,17.209526355996797,2.485190525000643,15.34200528097446,12.087640711813002,13.488717383096965,8.832538740833092,4.9476547868072505,17.607470621917255,13.427388273633905
20230424,Solar,185.27742823979935,6.251120624840945,8.347234063165558,14.440264270226285,1.1139327120959863,11.58458493494199,8.87719016163758,2.2161676943597195,9.781260269889366,11.174950793378725,13.942411180713831,5.627812382695815,9.876563753861724,9.00707229465134,3.077737589339745,13.038577315296642,13.178485308693281,12.625274660508417,7.535871326908244,6.2241143741178515,7.0593188447835145,6.309023059192123,10.514546669877275,17.65094862553371,4.595423540146786
20230424,Wind,157.7762518791828,20.57271731150651,13.31547010670172,7.214649031888408,10.128299245493604,13.706869462386665,14.438782918967568,4.661772140703183,5.542915686519905,11.585392051743199,4.110080883257078,8.531234576023545,10.331225571779413,9.43176125340973,2.607679093725065,6.564243956462224,3.4702851790220657,7.7661229908625735,2.293682150669336,6.423045895310192,6.852444212727519,4.116264035648335,10.037634444730783,17.51771699835672,11.51297769367006
20230425,Solar,99.82830946208854,15.860631547946912,14.848838890017454,12.002427626207238,12.448238310874983,12.25851976697971,8.323936034115414,3.53001560374938,11.390234861421519,13.307707555040663,13.916195186539356,15.721502253703736,9.986684681109063,17.33770222702087,6.424902285143083,9.046502203255383,18.175347914737895,2.09590767949419,8.61500860890757,4.263333489814823,13.805556765845079,11.239008413139752,12.414041903044179,8.352080500096035,3.407169081357707
20230425,Wind,101.55879429825028,12.007490752731044,15.240418322859428,6.984700853010211,11.478345674973816,4.417802342498733,9.546504193407639,11.32715188032283,13.709191257965061,8.525859585133535,8.988208767709105,7.123449036739492,9.549081438197401,6.466611031305119,11.218349790373102,15.522715878996447,6.389287055159717,11.273556235763252,13.38826381439405,8.033708671778065,7.300145893892484,13.947919809353554,7.875901224103004,9.578448135985557,9.513126856767261
20230426,Solar,50.06972167222465,12.804216429882104,12.55296335402195,13.194333480144246,15.046635525168545,11.470205435820088,18.762143941936362,19.690579223622258,5.345858952805119,5.277446235638566,8.025278846454578,14.049839095277834,10.636437443571285,13.43205196912763,10.582450904614163,6.918336396458683,11.746398797397246,3.4704535272906076,3.5116331128688483,10.614771263744956,7.402648468463823,13.001497499157937,16.401533649182635,9.189534877302087,11.794483035046424
20230426,Wind,108.43392954371919,5.413966518324874,11.229111633376498,8.241245990956653,13.277669882457511,14.269117876678271,8.542399731467846,13.978882870127938,12.30060093557925,12.371978027235524,6.587242643613966,3.393605381306627,16.276952397158226,6.141190504094399,9.404587183554609,4.570222693513843,11.758096660726249,0.05407367185991441,15.935315509272929,5.6052932949345315,5.704259968931807,10.59087695953871,3.372283980626496,17.367892717213216,13.467958482408749
20230427,Solar,189.6972901816086,8.673856238876489,13.972133446254242,3.840578772247518,5.0724990820983,6.379991384983136,8.247153037233028,4.358845775046303,0.0,9.337979436116152,9.141417180578285,0.0,0.0,10.451661305855811,13.26192999778873,14.402742812175562,9.530463240973422,13.385182257126736,13.81666094320693,20.936567800434116,10.665523873923167,8.23867878650229,12.09024414829966,7.74910299830458,11.980936761364198
20230427,Wind,216.1880269006134,17.2069955516088,0.1850404617363932,8.655234660502781,4.926041556546345,11.499782343779293,0.650102383963429,6.528121171667224,4.754223294698832,7.759443870433079,6.871231224246422,9.33412451338763,19.604607173875863,20.386605936825287,5.716021941752684,15.580343575715354,8.484540501538756,17.4449747885818,11.750584164838704,13.118912175234989,11.096278293042612,7.376898976456971,5.452594060880483,7.108349486922709,0.5289736376505882
20230428,Solar,184.2779181608592,6.927353304132333,11.052853761669711,19.170002091402036,11.562274280758622,7.23609641266096,13.45036579990496,7.503546603505964,7.713271385610221,12.631926446540236,10.84877149975536,6.949956342690802,8.24611212712543,18.965507146608207,9.147275967819768,6.975517969433936,10.169973029886687,8.026482116085566,12.886668188000458,9.839122283989969,8.369220465550487,14.357241056256438,8.784147008694118,13.469048062452623,11.511057543975202
20230428,Wind,177.73161003203407,15.305658784743997,10.262390285852256,18.949421577754272,14.952527122112626,19.980848604706146,6.450793172728465,11.946070834965429,11.786686184830582,16.386735405968484,9.13528419493998,5.591314012975334,9.610476531916262,19.802839691118653,9.432287571826203,12.438064003776379,8.600103812531666,16.05819254207167,10.635851100092264,10.425363124914796,18.47500599680838,7.442496307216619,5.396318716226103,3.3612151477869165,20.904400604253752
20230429,Solar,143.6736975235675,3.114799052814706,11.065401979857773,12.432666513896823,10.717087764763477,3.3658643056649,10.736125055063463,17.85627367926005,14.346573748170274,9.227108084906078,11.102692463225313,5.005748642859778,16.646507464398606,11.987861039806987,5.851061911266157,9.797000507350136,11.24549742597453,14.010213360294028,11.671364420342137,3.0429771122497207,12.85544682845463,7.299507646374821,8.161811130898343,13.840857940818237,11.963755386014148
20230429,Wind,188.74572774569936,4.009207937624946,9.561882268728844,9.314705922931488,2.1103346521586106,15.779744682643006,8.42480456283641,7.66299810274573,10.414114455819188,10.042247692790548,12.76635768994034,6.462424264085028,13.033445105230983,8.94868768205565,21.50847475640164,7.046664626648087,11.443928697403909,13.336185126287802,10.35729802874144,4.004861208143319,18.791294437922403,12.055791257661832,4.648547209754588,4.293911162645255,3.074279594993121
20230430,Solar,164.3139111540942,19.50692332793158,12.15927746730808,11.519509010475415,4.764142923418636,1.6459361928736538,7.771036422540286,17.693886455340945,12.832978672449984,4.091163904368105,8.528174142390922,5.063250342446349,12.675094343480357,11.424628408136819,0.0,15.843661356711614,7.3788736186919825,9.151479842825625,14.414612265052961,16.61446057209917,10.654323702510258,5.094584776581719,4.995835422581964,7.941584276670457,6.4493049488093135
20230430,Wind,240.22244859935623,9.940814268798379,7.1269853923299245,11.584261693666447,13.457579279326653,18.965263426083038,9.411352550691783,20.51955479211114,9.197090483652875,8.886526957940642,6.313533859753165,5.516319758504124,16.2281542709672,12.330241362530979,16.203404161061325,6.6801483642904795,15.506225900246548,7.0193356779161,16.464389670994432,18.17549414662079,6.335881319140518,10.42584034701701,14.8188215363323,15.777117536959187,7.441960149801455
20230501,Solar,145.07773429116259,7.307500565028295,15.64761714726815,9.800566238164492,8.256774545414338,4.292254662877952,9.79573830220296,8.250465668556373,12.023740714541491,11.106452234254247,0.0,3.2057632420583815,9.176212780756499,11.946573615446576,14.000361063546293,13.780016011285152,5.814815811533998,11.720609957021958,5.89585415558258,0.0,5.027100056851542,7.354029977068788,3.0528470353904447,7.221206789876437,0.0
20230501,Wind,217.15040418680655,16.81370413499481,12.36824888706737,12.204720099613086,10.58978651601644,10.94835771994668,15.880395298176124,8.121776894693461,11.759545333143542,9.897779506561312,13.853268582837512,0.0,14.59507760139704,6.4430672952296755,14.041438024276555,10.340381432506128,11.951005650125026,13.240075074240703,6.49083919454889,12.35192081046579,9.384853385591878,6.642756313730648,13.249789301351052,11.53271483061173,10.503119643514397
20230502,Solar,193.705704090893,16.22910777481752,10.753429289419303,11.041134310767816,15.327090195758789,1.854034066515976,17.601059283462895,8.196903163044418,7.454896871828721,8.189220835729486,10.39382631540243,0.0,3.6975700342670903,6.2422010854855525,10.479242673907658,9.137516905960968,8.30311129668257,3.6968668493652377,8.043621552985783,16.90819251356293,13.766307087901838,8.750217723951355,14.25915278881147,16.04338275082717,8.247965704719032
20230502,Wind,186.77216431020793,14.603772826286193,6.512417146819402,8.420138073178432,3.988954761900223,3.2500944148914455,13.25357551220794,10.312449928439433,8.22310061726364,13.629208350667835,9.119118097941923,22.305445659180535,12.087621090630146,7.018710424315275,16.667892866944605,7.223870458108181,5.655034347180719,8.378543272209509,6.956108383458287,8.291289499709476,8.514311861981332,13.772248965509704,13.652071118037046,4.306108264387301,8.482168571950575
20230503,Solar,49.425433726909,7.150510402939471,14.076584426039526,4.023716003081786,7.92878672049023,14.48873523812311,16.35777956735428,8.209104516090871,13.000635861756093,10.29003839289145,15.859581912636543,9.683766044330218,12.809083587650397,15.35157713493284,7.758202014518309,5.066923661426262,8.612908974175088,9.053329773249128,15.669082937621184,17.596717653494114,14.284490749419815,10.88378099380495,9.866851901018224,10.865538110015166,9.3774006101607
20230503,Wind,196.45947807738554,8.565412120311622,11.033298492472456,7.699703788899171,7.385635933130281,15.140811557347359,14.270737353733576,14.420887306946529,19.060439043207005,22.944015591908247,3.5573940330733778,17.622712231520932,15.73024953783084,15.895185633235661,11.962195957475327,8.750488787339197,6.695859548274271,8.589035093623178,2.5019311515599343,13.836737847801666,17.016601145043033,11.465623706392517,4.539578668561682,13.234247073540953,6.389564673518702
20230504,Solar,143.62460105454232,,,,,,,,,,,,,,,,,,,,,,,,
20230504,Wind,127.80367527825543,13.471996710736187,9.716692287933808,9.842688877523177,13.86444089135996,13.705408327451204,17.27571467646722,7.326889523519441,4.3544197194129985,0.0,5.1797067976470075,9.278617207767844,11.022423422950592,12.12822885799574,8.838445475355483,10.462582255724005,9.527239527611217,3.3368479015821917,16.933500875502688,8.776709846482634,4.502511112211386,13.11846025902237,4.099625968444166,4.811483981573267,10.919779778299512
20230505,Solar,75.85434794110434,7.457582129907314,13.145413096206198,11.501434457937526,2.5986627155060917,15.224393713269862,3.4576268453733827,11.645873365361178,4.372091303870446,4.43984195632428,13.28002927088108,11.533353120662213,8.411951232211084,6.057854366325525,10.609260030093896,4.012748952281714,16.84609453382739,8.47869115051986,7.1063109311646775,10.460549613410826,14.740841403530972,9.107060546680136,4.130896558708306,18.078961830627737,7.3310916456115125
20230505,Wind,149.72064330159085,10.853685553103483,12.757867694099126,8.584922361477938,9.972318204168653,6.579115681003429,6.577688993753817,14.350422535802558,7.321843256158683,12.660596396348517,0.0,13.200353240723453,8.356289865844632,7.605549597540244,5.256204558561931,9.24162525090642,5.242944227120388,8.611389913824524,17.360314033142703,7.762930014969743,11.344887770209747,12.782606731938177,11.375004441622801,4.269655831551503,12.224886628532351
20230506,Solar,151.67757984091213,11.33695650398703,12.435044839040776,4.702012474946876,14.346645520231059,3.005192828415927,5.895492365719534,20.976425318403706,10.494606689387972,6.783451000294349,14.020078313679324,3.7666527353997594,8.398593691377172,9.212489148714917,6.679836999327892,12.029814694729604,0.0,7.6361959852461805,15.786670854362319,11.482285815880324,11.627320615202466,9.157801726451536,2.9223375952864847,8.252138922402237,11.777454785452875
20230506,Wind,84.84990390925977,16.433848781876268,10.462656958705386,8.806851425640886,0.7260677426958229,9.931483068986028,8.493060416802708,3.5548738618452944,10.241281284871597,7.093848660852275,13.813300935831366,8.101125764508904,3.5106046493026364,17.531243114798105,17.90156876698001,6.633630007604784,11.973794078812313,13.246661520367145,8.253809938194566,11.26401966889379,13.486814727380725,12.191143860343988,8.966357666067394,0.0,5.22505068226887
20230507,Solar,76.3359913553154,13.772329144675595,15.129097666509484,4.887720496253243,9.678037792801964,7.113994070513958,13.429501790421472,6.73978792906372,16.201401384641745,3.8038507802363597,5.384937834322951,11.523908807431132,18.71714956463462,13.664694088992967,24.407989042243546,13.70491217037074,18.613197599157694,3.156897998371726,14.093968644929118,7.828561789475852,2.3703038860906567,15.208092605676928,10.200849366922432,6.070907699929492,9.135253792533696
20230507,Wind,174.33097400640557,2.465991775823546,16.18898251905805,4.568554131982243,3.9210777960838605,11.943107401004976,4.424482739066259,0.0,16.475566529233877,7.616337646748356,10.331698545347187,0.3323713044000409,14.993375350916846,3.2659569666789934,12.599776647988413,14.247825672799538,12.443978688313369,11.401966051513853,5.866913784348027,0.2648281796477825,12.206244155368397,12.603190839056563,8.484677890227541,13.88083425802748,9.127901435836236
20230508,Solar,193.58525655306886,8.931848457573071,13.686613078377702,16.02818304434705,6.792165482252336,12.740143060439632,12.51399598405553,4.450654963235678,10.02832792207755,10.969638779371422,5.492383299901373,16.486691604514778,11.272501779638233,9.7157821059227,14.16779022657287,3.964252743078233,5.28795451478346,1.0313486225188406,4.491320454091634,9.025059518198375,10.902355950335615,3.7679579628093807,8.647313717729217,14.792842808644949,7.073839709849158
20230508,Wind,159.51414549612107,5.3560831500829185,7.062743625721464,7.899569975328918,0.0,6.591746047153596,7.06469540797881,1.1553735153297873,8.861517118195627,11.929178571939598,12.137982303060346,15.313787088713065,14.074686413466468,2.6426173402739526,11.260157425955251,6.207971488105377,4.885398768813393,9.66876888590212,7.681057127300277,4.910633717403371,12.309480994982259,7.516081352800716,16.38184530066442,13.968877185402125,3.216359056978497
20230509,Solar,207.54173248421813,12.840437103058367,4.709691413547413,6.292576372699832,16.963670593775134,13.520542714832215,8.264679734065284,7.393513024678357,12.583732161437997,4.900521742511138,14.101145538563342,0.0,13.765263061816574,12.962389734774463,12.275272794829615,3.29785831047798,20.129166121114807,0.0,16.7515495305379,4.395638659586645,5.226095388541937,13.237832251845811,12.49855875172982,9.825758026051696,6.918690223920155
20230509,Wind,145.68075078242506,14.615766752525222,7.280301165142032,18.089798421904526,8.220854362982436,13.27069187975654,11.002078317169282,8.858172036791844,15.316006600257552,14.027030566582427,4.975101670811987,5.604997624191021,5.035112519987917,6.465961027680989,12.718959288522807,12.115397219348365,8.103097772486825,5.550712276361848,7.7084691772207705,6.550009287032546,10.403292577282924,0.0,13.515215068390129,4.624692955165541,16.33170164645641
20230510,Solar,147.2824362799899,10.507779928051223,19.768283739883618,14.074925177021209,5.964040679820428,13.616587894445098,18.4062406953075,12.347271199187809,12.76218404988774,4.0431545509753875,3.516256715615901,10.524248707969141,13.18375633015175,6.9438295890064,15.177142165472702,10.639390120884313,4.925471091185628,9.89025987495066,10.208378153762343,14.13441188953418,7.581818048196256,11.617925355933204,8.141941029600787,12.067500361459738,6.75492047384452
20230510,Wind,104.14859856296047,8.65936484686075,11.408479569136768,8.14245387249081,11.64133522728575,7.9610381149470335,6.438264738729363,8.507002348400391,7.842270983046458,12.189780544956239,15.482185753501186,14.209211550021626,16.34872993196634,0.6063433933714069,17.684749087693433,1.9943648862697783,15.952098601798907,2.8749411277414207,4.9781197369019905,4.444343824981713,15.218579440300793,11.336773722431689,13.922632855529942,7.792213490906216,14.49492546948932
20230511,Solar,71.98790112231414,,,,,,,,,,,,,,,,,,,,,,,,
20230511,Wind,242.73310669297925,11.044596367388776,9.399008282062818,8.821058408696485,4.31377735559353,12.600011403375964,4.608873872014721,10.570370835469713,4.446981407671378,5.328209074827562,12.47223528301046,6.813293133925733,2.3314966052386,16.04333357691464,24.13899261950932,11.541609192574692,0.0,14.909472301511961,14.157299696360898,13.53386899300865,6.999753597445703,12.161397899916578,11.050883457600866,10.144445487963232,10.838352685632275
20230512,Solar,206.5649525124873,6.799501741415465,8.705931647535392,6.536601603602001,17.55164584906864,13.200923223782805,6.390261418276391,4.833383971249083,10.967434237976263,4.7334223695802145,12.842207442460605,21.69085337903728,4.189787487902981,6.535288687559981,10.691344804619,10.564759841926325,20.414485690683698,2.0221178370811375,6.478502633480493,6.1717665492387175,5.045801941884872,9.45754328809391,8.043176266524389,16.35031957477425,3.8790463109151254
20230512,Wind,80.37437164307607,3.9064444961531732,9.629717316779631,12.373456122425022,19.043315141633993,18.388942815442633,4.563292825377626,1.5686314707956106,13.115600491598437,11.911452203024409,8.339797104205758,9.756203377672081,9.518287005790906,9.18992522063504,10.692980331016052,16.05076856768898,12.922032451610137,9.405825669414375,0.0,4.363999977615204,14.364244352004215,15.818368051380178,11.18398069228644,15.55165903379082,15.81974036224723
20230513,Solar,157.78759539156403,0.0,9.539129599733482,8.378490573398985,7.03968163858759,11.638870949627059,11.223925439832858,12.918409999480328,13.674225965647285,7.200587406986546,10.900140029400966,8.879360488795008,3.901239204285243,7.603465357318527,7.9354532882732505,4.240402172907962,2.4416367880831236,17.38020527567634,8.191361138661897,14.044182147768149,14.90598369149651,8.278002349133892,20.54154038588128,15.88757418771578,20.30079760169109
20230513,Wind,144.99768444481666,16.33591065869442,6.131745440661379,10.377490044997016,15.336773549580897,6.965188880012664,12.126543847443893,18.232514925072536,15.75880184877449,9.047503273450523,11.753606426197848,12.808623769577938,9.139974242494018,8.908700567950818,7.95458989524602,9.955516158178147,16.978959526319706,10.712109750985015,12.212660224748586,9.352672394216361,19.61702507340661,10.211343907915008,13.01783238700697,11.513943073799899,6.509055146722249
20230514,Solar,136.30037634184782,12.481831218174829,4.255758659166615,15.106816174498357,11.780202219940431,4.447727345002679,13.435246733619135,22.67692505841008,17.401548003309664,13.436679089573955,9.087135321025919,11.553952583483829,6.726425167965593,5.901723083920403,13.08185451864688,4.991200067694125,4.760834199168746,10.144717177606585,9.934024065188481,10.32669963856907,8.38968894077469,10.444247401211266,18.545558653382873,5.351868105630178,16.51758622824799
20230514,Wind,129.549107609253,11.812555056720862,12.506683135904314,14.556065518976883,2.9308435414482528,15.63968079996911,6.231751445468295,14.677273506173105,3.125171761613318,12.395685806154887,16.749302610072526,11.274419374465944,9.996004452825204,4.498743500115074,13.185783363486502,10.550767587537518,4.459858490375482,6.4322672493915265,10.4024035443366,8.88066104514419,4.9352567398884775,13.001102558863998,0.565270646872974,12.935565063214565,3.6537835627026585
20230515,Solar,169.06345734839894,16.32599443976475,15.274503587986818,7.249533540719618,5.3593405307510755,11.786538380177241,12.53971539272513,17.287576059720312,12.023812167156638,5.420277424527144,10.88372378017248,19.980805708044652,7.451687177891333,16.84309856262583,12.826118356180318,9.094730613233464,5.541269885425012,6.44935966422155,11.747638649814212,12.116543053228009,9.370269347273316,5.383571587520452,10.361504555940229,10.755490323165276,9.730962966882243
20230515,Wind,190.90877627357372,3.7226599515379135,22.224906503332008,12.43015801143543,17.755498995984677,18.350109941601122,10.56550039124009,12.307298520194676,12.19629744690338,9.73210404851587,11.528000050741452,11.23685304287786,9.82010005629961,0.0,7.725821684272455,11.358789534478541,19.697537145786594,9.161126339127726,7.4452200346739765,13.427364807420208,6.5112424708024355,14.167531018094774,14.10486174684276,8.71445882147743,4.138456381201939
20230516,Solar,170.11955845141028,1.3218456207249063,7.831435466544888,4.36071876927122,2.8660248358791165,0.0,9.711237513743361,11.510046927951057,9.630267957909988,5.326423990535812,9.190184748300767,5.078628599805908,13.012577801445996,12.52057134507398,0.0,7.954239724828384,20.22708227011025,0.017238550089686555,3.7233810731250996,9.385067127934626,6.854447402413152,7.371307860106985,11.933398210664997,13.333835800858992,11.887000576912937
20230516,Wind,143.97408128104033,11.921159582595449,8.236722565679624,12.252070806578525,21.404996690374293,14.55333543893221,3.7928858624614503,10.55500511895764,5.858277150278612,14.349694749781682,9.698303622829448,5.801225571747933,5.209706019804546,11.41666112316974,1.0223320045434092,13.811638884673718,7.260291945534072,15.06361133640235,13.695024726955475,2.509267936292173,12.37211050314211,20.2971839977926,12.575100346787664,12.284156831124148,8.97955719946059
20230517,Solar,142.138664155444,11.466356877217152,6.143853527744913,10.742476529005527,7.143189120441104,8.69431332289686,10.766267496590576,9.470951779895678,17.22314917368385,17.682584321408502,16.093551355711504,17.36312341013396,11.406692760187143,18.269594703452988,10.066439258138445,6.426599555363074,18.528095188922325,11.037851223028953,5.575504024627468,11.487406897668354,15.460237981475176,2.4344410640197855,8.056267333026906,6.901262097980625,9.745847869964846
20230517,Wind,196.84071584613332,1.3434659516362324,15.628637146867836,11.894896811817153,17.904074531466165,8.232395025594146,10.924783099555825,13.035382777145674,7.056997444762826,5.774523424033035,10.729530155141108,13.419145769685535,5.738736976776109,8.818070652408126,11.679406687601292,4.923640262604964,0.0,1.2610554020118658,3.9919120776031636,8.299968765482596,12.065950725401136,6.213203169947531,16.056496853168163,6.668427810994225,16.559718919631642
20230518,Solar,173.17224690580312,11.79760531070236,14.074937273981323,8.512776226778836,8.472181026785815,6.175960799257044,10.508642222711169,7.397014593176381,0.0,9.844164480168182,10.846475262559698,2.218255194296966,9.971239154515763,8.143485456698887,7.901521109016243,11.126124949529025,14.57028376751008,15.130121457343158,12.500323619188347,14.286423885192292,10.566120512465245,0.0,1.9961390133843337,4.236271857259673,16.217628121344454
20230518,Wind,153.63447315177166,7.998885238002161,5.6153270906273685,20.42035636826245,13.999517957505756,14.497855069425714,12.000253786386047,9.26278774206404,10.100361425551172,14.587305056655548,10.911010389463723,1.9723738484678055,9.590721813714662,5.957694564666693,6.535488850363857,19.26934922233169,16.820861351993127,13.396217544575146,4.470929484545999,5.521945644371338,14.102615870584462,24.824256648915693,9.252032304392035,11.283208367159894,9.138999405906073
20230519,Solar,148.20493511999462,5.964559701312092,5.489009565135285,5.49350146189843,16.975165700603444,13.067680886416124,13.472978295347152,4.110168585178057,8.810681665571204,10.121055041641505,8.177436815429136,10.12527275566452,11.777898443851829,11.777818445867164,11.483466045560023,2.393393089754138,17.53220647345839,12.195444468644471,5.90906470760849,8.428026723295877,8.862623348146753,3.865456673968265,10.62099399846329,14.535866009962309,15.536476424992983
20230519,Wind,167.26352548061445,8.332881458587936,14.762573792979488,14.857758554842308,16.94976908840505,4.288089874802798,4.509883455211403,12.374633345324545,19.288486364067346,12.807526436902133,2.9602999217305612,13.08244187394091,10.923136530385847,6.458842203522406,9.461843560245608,4.27723791660372,10.384487122409334,21.181315092895915,17.902890316643802,2.590665746084283,17.24960993606858,13.800253367711406,7.13595231332264,7.043233992688841,15.751795496365496
20230520,Solar,126.58256557202753,0.0,11.915980756042039,4.841508401158342,7.0781723460351476,10.824607189625356,8.91651956785824,5.204512294267492,12.448469770968751,10.258031657554715,17.862870735558076,6.609761782768009,16.194405327553465,4.3560728653022975,7.617536608751599,11.15776811989053,12.830388904056433,10.481681128425086,17.942816735878147,13.915777702040879,24.995493298993022,13.635177718902877,10.139685906567108,4.66963991751732,15.547297144828278
20230520,Wind,191.07694086541053,7.0431288830403105,13.79194356505572,12.521720873146606,5.713059500504367,13.530571653402353,12.578838007821219,10.168724952401064,8.473686265843838,4.715981460564453,15.341470059500136,1.5991487535481952,9.869687524913948,6.314580451124712,1.9224707377325934,15.636125452755202,6.4144282787676525,17.650806079397245,15.95633124689181,16.126748960466916,6.851887799754539,5.46998923391674,0.17625489318084164,12.516981335654515,10.738719844123583
20230521,Solar,96.20707190810666,6.478527152578978,5.586157608305435,12.878949886258914,9.593939951244325,10.890052629629533,8.658025895624986,12.502455468211902,9.01572454803463,10.594625085889358,16.245218261424444,4.374141325438461,6.8624816577653895,5.265934171829122,5.780327012047445,11.53217225519331,10.1257391828833,10.12755702012423,13.796831154350443,7.560011221076758,16.04619749434753,13.865172956596945,3.518026024825546,17.89423346271343,11.652951614755981
20230521,Wind,129.4271745116759,12.785512234680702,0.6113756804489667,10.274879357811427,3.497601894830109,15.539201500134697,14.797117785309226,12.929457156849066,8.957982460811245,15.636418196165256,4.637405654737271,18.228755486538557,14.648629182487984,4.970216537161264,14.66296225066598,6.960016467574147,9.178920868614956,12.262130480375097,15.781989935151564,9.029590931815575,16.05401322138514,4.655050441750727,16.35119619184746,19.950921092347066,8.58175784663855
20230522,Solar,180.5553047723012,9.20884931744557,5.625174916599151,7.523377947281479,11.196320878052793,8.549807280554088,10.450892483462827,13.857542689077173,21.085666872816915,11.571460349037897,17.22460127321301,12.48485006016292,11.65492003133254,10.426544323209692,5.186835959001758,12.101477470341274,8.891406143801278,7.2332868834038075,19.813021793126406,5.951604273832629,12.635750483972549,5.932234273500841,11.217056975992097,17.576811784763596,21.670093018416846
20230522,Wind,93.35585933228634,13.194344368394407,13.438833650056134,10.705674453726495,5.896016738612424,0.0,0.22538679438224518,8.933542374259721,13.37741934068922,18.11837141894597,19.834353935126394,15.000410316892081,14.420737151923205,9.027317021938943,13.318272373306451,12.581660092363704,15.673283045625029,0.5733877125850995,15.470658380416335,6.4337285166261085,16.432011048698115,2.1904979825486492,8.105997562080853,9.753161368346284,11.99502248482743
20230523,Solar,71.34957286752498,0.0,20.555289893174454,11.335051667150871,15.413548867714578,10.933587803841183,14.197144595988469,12.430318896948439,2.9641991386299473,1.1424807048928654,15.224112071363956,15.824966588177674,9.400157648725331,12.747963467528171,16.932020491881723,6.599051740930765,11.074747177492434,0.8670766119264284,11.256391973355592,13.467803535661888,11.77404184651319,13.348293784089668,14.89878725979189,5.496378923535607,9.589263698112651
20230523,Wind,153.153883771462,5.80450888714476,7.852680052361959,18.949682431531414,7.1494379189093085,10.9031288470254,9.41448386572335,7.5668736844389795,8.777800259495073,11.895237248201031,18.239112062601567,6.869968961228223,3.456505323604102,10.736149381906802,6.044688909331324,14.12422772698186,18.465861468963475,9.577764555003741,14.364744960232485,7.47924183398889,13.244225648748127,0.20571220415713132,16.935923450318214,13.038466397612455,12.515780958249191
20230524,Solar,65.17709227767646,12.77998525785722,21.379279409384328,5.63829857349852,1.2887051525998983,11.555932483521772,1.1514458343735678,0.1456314349488841,9.881837759997458,6.759960074084107,13.989243041298856,8.134824998565348,21.219558735619366,3.98639142111323,7.776730804739897,9.827416281455017,11.239879528885739,8.81371686888197,7.67529262401472,12.375749689333837,10.409778741599924,11.967290131758144,19.04864324671034,9.646892326335443,11.358126661663691
20230524,Wind,85.05982229740692,8.455676847134225,14.14909883745844,7.220432518429991,17.00457388084648,15.534895489838506,8.73855069856601,12.651546368707798,4.462158982678657,5.621844194371139,5.766961983100259,9.159973072058921,6.986779721758455,0.0,14.93674985966921,1.2515136723434384,20.956562913845882,4.100149038163456,10.731603303852655,9.923849798276876,10.701876488829019,9.38197618884356,0.5652071341838161,9.00406650810663,20.312177208699097
20230525,Solar,187.8297059253216,14.227302664871836,3.034838491455869,11.423677785346682,10.916840016659318,0.23768373353346695,3.6581781069269335,11.492440534320709,1.085222713764551,16.672093042858645,12.538159352161042,12.083424178740355,4.195385566463049,4.7192076606910485,16.16415875153326,9.325849080445337,16.13605013228383,8.61416833478529,10.953971750233888,13.752811595961944,13.180532402304184,18.71512639579465,16.91434739615115,19.50293528710056,9.89041462844051
20230525,Wind,139.7607371197132,0.9769854530538835,11.070169189055159,8.71973104802374,10.145674452100367,8.807583478336698,13.765656427970766,15.066617514495679,12.977816908934223,8.724975111553105,4.898286501123835,15.447524217147135,13.58494381048967,13.818832320033664,6.776026835855496,7.154686210666267,9.565997016837656,12.250678170834114,9.309584242824286,8.038008176673669,12.106583798058944,10.163058374565676,4.195171516052128,16.927237259555692,13.828390938802311
20230526,Solar,214.27434748544928,13.655554198447371,14.319871392059303,9.499794811347,15.471973924731047,5.386710959992244,9.820795099269173,9.873556435641994,5.97683502131048,8.242273693333495,7.013129307501429,19.349407261940737,5.274246737607065,13.705549379531853,1.8933607807033104,16.524459390234902,10.872986588837216,16.45459563091726,8.42578174218608,15.426547905912496,4.765103271328445,14.23983791375674,11.508275022046845,13.184392129813952,9.402588850202111
20230526,Wind,89.75928295312725,6.804303911074799,0.0,15.351759176818803,14.357882511490786,3.959848059407576,5.381273175991171,1.984183171412942,16.243858092799908,11.717879425594422,11.581402142946345,14.07151084867599,8.037982069250793,14.923387597601081,16.27438205793668,3.355243638381956,5.800066877673577,6.539289899838363,16.439308682181057,19.377253384029892,12.545528465419931,12.556680821292149,13.05664189129605,9.517714592203612,1.5625155981201966
20230527,Solar,145.3023817183858,6.3190145780866285,13.22225578956691,0.0,6.190732279947873,9.638505002185537,14.0542402848143,9.541846078178887,10.040972163039172,0.0,10.91009235440049,14.10792920840019,10.622866767608569,14.189699814733881,12.919287883911531,7.584382955473811,10.801033887182117,11.964583666444662,5.235112466583508,1.498250893228693,8.772267968949835,9.484027666912382,18.04439070812926,10.037848725335081,10.007316889257723
20230527,Wind,169.97922766038795,14.955235234637259,15.863605899115562,7.010253274910943,7.751091969869198,13.509110151403377,12.292628329981243,14.432902823698642,7.628655898691322,16.774329699418345,12.315377031680315,19.63315443330541,9.283402756040077,15.435727721889071,12.003148629364354,11.286033978433169,5.087404688686634,18.696144696704323,10.738868015346027,9.539153348445652,7.22000129167937,15.574609554094694,12.346440925935372,2.2795646046340714,14.26733681399684
20230528,Solar,91.47425349355456,15.80950564978253,11.994340620655716,1.2881538687437533,4.43522374970331,11.504733024295795,8.82117631487321,12.380174043982136,0.0,19.522151570570678,1.039555031377618,8.974706187806477,8.182933768760867,12.031581920747954,14.577960736441923,22.095191354640257,16.651848184700803,13.750014122793864,3.5533552733435037,9.536089314485011,14.849673659685573,11.899495898569361,11.394945453246537,15.230143397650968,10.679768250994247
20230528,Wind,201.58809522498123,15.17349848043641,9.691393946592884,4.020917815479647,2.6777397243759236,6.562387887521196,3.7720128023181965,9.26627713552582,16.11158924813966,14.57556722511116,9.228810266212323,15.945014829442382,17.948447212921828,19.014704921320284,4.074456990330119,19.774622293160686,8.28195899442474,6.152675153675318,0.0,6.421435265018518,5.330646119148476,14.493470585599288,5.811024779028836,16.486386562972136,4.218790592865416
20230529,Solar,175.53394415830195,20.19320962524133,9.135367084992966,22.02312246036235,12.892962674576948,9.272642002281408,5.787631032317033,1.682203860434085,11.46763416322651,12.059948702856987,12.744992488327691,12.891412550632761,9.442678382257085,11.46825290531775,11.955995177896167,9.773812428100406,11.778241066838131,10.506988946315415,15.975922742127421,12.03753877073511,8.644441003501926,5.361148588266015,1.561721641981716,6.177562354139534,17.926341068746947
20230529,Wind,69.5356456656283,16.33401804221667,8.843388361540889,12.99084066976378,11.960921550208408,14.64948222314808,5.712710451469806,4.869915225480387,7.759026405913188,8.91712286429267,13.741868362796211,13.074760253201973,5.502868773821742,19.99631908892532,8.573667372256734,11.74646340791697,0.0,10.923866705757877,16.42934780706081,15.602986157094925,4.669713995691947,12.64138912599431,5.680557688121433,6.85991073605961,4.051529178541483
20230530,Solar,148.11291018957,6.022817081338506,4.120100981164454,14.757824625290521,13.804146057612583,13.415646225300112,13.732486016321943,12.38619430925684,5.548543062098988,4.62393840608909,14.068864902916339,8.927360378630025,14.884764063027566,6.868057126421366,13.013779098384122,13.009924271887991,8.664351746183392,13.187303107570802,7.572965081049779,0.12990365875930499,7.989287650152209,14.008770281935014,17.033002936871636,14.875760500582189,6.135098836748874
20230530,Wind,169.29783681293165,10.708190640678252,6.562380840475163,9.597351751067842,16.408027207479712,7.2361499338668525,1.5955135717788649,1.6742142396286042,17.995456045156274,15.97031907866382,11.256291305283119,3.0288369606693024,6.387311971403565,6.740302870176108,13.995191841362818,4.937822543572633,8.141693094471728,10.195312160601254,10.253161998660797,0.0,21.9642366679931,4.554981095313389,10.164058681876245,8.378011205346871,4.374727725790571
20230531,Solar,120.49716632359713,8.199010457575325,7.917029771739202,13.79356912415955,13.872373974628363,6.912518121680111,9.763825917184585,8.408775426215824,4.67890149663572,14.581708116344357,8.10387925011272,11.724171546868057,9.454665410501507,9.038087245899808,14.882766548477266,10.050711930979825,14.604617006634701,12.418152044931126,8.553532135037274,18.287142795395454,6.175833572877868,9.630623884994632,18.30624981985813,15.678121986915484,4.818529836253487
20230531,Wind,76.00675472455931,20.14544929974533,10.56747173112871,1.167177462398754,14.317297381526291,1.4175791970050133,8.748578046139567,10.19211089488211,8.15676270848674,12.250581274586928,12.50735442588019,11.745418010318861,5.47686651517626,9.812602730931202,12.992804878677774,16.78108779941815,12.612444266364044,15.09843071697183,8.558777147457898,8.801984562257227,9.243374665486321,1.3083027934291913,6.412862007524759,6.090300296499628,10.224992191432229
20230601,Solar,163.9229394723705,15.524349773493547,7.215926211714668,15.191492058848004,0.0,7.852943332088179,15.177695088877083,15.749685779200306,12.848725510285314,11.66814444724171,8.501434423548918,7.122784632949673,11.057167527132478,8.393779895365798,11.253416324127969,10.708067113466731,15.091538959959067,4.7408957327872265,7.559848346952621,10.447285736961527,16.96013346507233,2.0650001102251156,13.926876205622342,8.440795373981407,13.054795721930017
20230601,Wind,260.56214751412807,9.05559931643272,5.65435378751035,5.900779407200501,8.46507379037503,1.3210553478074172,11.163682788376601,13.072452755652707,17.25383320011687,11.502962069326534,14.505281934494576,9.516325800224951,10.198901363038251,12.698339389815555,11.420812853486837,19.749023987435347,12.213244282786262,3.396976451461684,12.30038378287407,4.657646223330597,12.192553804997342,9.70061534372752,10.838819889659689,12.593012711940816,7.065298969664427
20230602,Solar,130.65079504211548,14.389548988765009,13.798854295629226,7.3434209033704345,14.822882473349935,20.335348436930573,12.676051425718343,14.814056164119819,8.9184014648111,7.370316401053357,12.136539766472328,5.590532712131113,9.854953735697364,9.488396916592299,11.833821425108841,7.771806633149225,16.152781824339222,13.044132491039292,8.094197872933888,10.221658801906406,9.307171972345014,19.001170686675316,16.476289026865267,8.381566487965276,12.8217176866077
20230602,Wind,228.46205906423543,3.8390076684344776,11.853069859739279,12.525755352273261,4.158956318973917,5.72440921566645,7.373199981349907,11.509266620163046,6.325915128837289,22.505844139659057,9.69138926606163,5.632945009288784,10.75009084340822,6.964123625243003,6.878470743468207,9.556737604160926,12.095648422284455,9.233617968845468,12.075064195639928,16.844377197702126,6.535481744364234,19.387722616736625,8.883412299257467,8.092453703837057,13.84539945353596
20230603,Solar,112.38555891192658,11.251308688227365,7.303852316052167,11.582233792911076,10.458356914188817,15.544904276566086,3.845009062473692,5.772945088942539,9.466303957223408,8.571882297388402,6.155024411212412,7.5951829335460594,14.089007141633179,8.019858904667057,8.147517926981811,9.596492600653082,3.1188525792294532,14.315554833311069,18.338546124210314,12.482121755242225,13.367820668489541,8.475448695851165,9.362491606053057,7.9800116414580575,8.355297884665843
20230603,Wind,160.7772817504976,5.310387536984579,12.531392357437936,10.423100241967743,12.597322203067531,19.090531039459954,8.372620120617539,6.931697660457266,14.522353314786683,7.866479032607805,15.597377202690447,3.357808762228629,13.515471198573024,16.088115875417188,12.011683213742144,3.4932800606924697,9.548434106676266,15.438370855788298,11.947783843703338,10.963721828358974,8.38050059524439,5.242602400405244,16.08559084928512,13.47493273095562,2.430976717301788
20230604,Solar,188.57612654380597,1.557038996862965,7.734210531570325,3.184519232098406,12.214267469192434,11.081007042639943,13.885811929632162,5.336701803793606,15.646974426316012,15.603031560225748,12.7952472317093,7.082609214878486,4.802963665668853,11.585829222416875,13.252399928877146,15.529856265235436,9.805967826499518,0.7480016132684697,10.623997597869145,1.150010285197599,20.873428727616382,14.635705735409257,0.0,14.814520998282042,17.56978859565482
20230604,Wind,149.57931670143174,13.922681187649168,10.3153251474406,10.49906834410821,11.8439815397915,9.499928718065467,13.874453155758841,12.953904209631027,3.124204254773093,9.853971137878261,20.51484838296862,13.56867303086538,6.62673368481588,1.6186155421217086,6.745035685919889,8.33126508805849,0.0,5.814823987717198,7.1425833498219875,13.713462222332662,8.587032992061069,0.0,9.284324313435524,12.463757910110685,6.646842341176736
20230605,Solar,135.11321755593843,,,,,,,,,,,,,,,,,,,,,,,,
20230605,Wind,186.3063760675187,12.28606318105993,6.981294534168683,7.337564519501029,10.903719474641097,7.476999391756122,5.69628097675721,8.029998434857584,2.8286729551930057,17.072846860399018,13.049584453917106,20.37718905696017,6.085848893383272,12.167543048554597,1.623504563443653,7.008118829701555,20.208679415902445,4.8814490099518,1.6477384589045907,6.960017249041578,14.38795386134152,6.259127544987521,9.852694099849536,16.83941352795624,8.054800032694137
20230606,Solar,244.57275576346103,9.085164797167495,4.137941960831285,16.57468522670148,2.6853589630449335,18.01982523934513,4.716604375464067,10.11245619093424,14.421085854886362,13.393076227751882,2.6736559230150014,7.999333117485638,12.459486423182861,13.195653954204047,3.693323533702041,18.625816611265005,8.627250549109657,7.6351764038639125,17.69836543257384,13.212542530112307,14.34500822099638,9.56840938547398,7.898010363004186,11.276711666416821,12.918627256748634
20230606,Wind,165.02934623195657,3.668206725767953,9.274327084893292,5.636540320429953,12.534777677017466,11.756263148111344,9.316866986367193,18.2065622329064,12.111919502915764,13.647092733871464,11.552421897640302,16.00053411980839,14.197412851244229,14.645357172220294,7.302213183858829,16.163279919750455,9.473272287999238,3.606607169977062,5.209721987027728,5.7607206656121175,9.208882657596876,16.876592563925843,13.011246829667785,15.252664593434348,13.668044435718723
20230607,Solar,124.19699117348263,4.193265646413762,3.18267491907269,10.03273945859187,11.42373280276872,10.141741037294187,10.682755858596662,13.285669539716153,5.394071845246352,2.9114475290364092,8.417358733377704,11.680869636302365,1.7920985124589017,14.903660559958931,7.766923839922603,10.291754802256978,0.0,7.807027703072463,0.4069811262597489,12.803866375054318,7.702869442685268,0.0,12.331099108790417,3.5495263155736048,4.315093463028841
20230607,Wind,140.51242213701585,5.153600101306013,8.612757453245123,17.676638666883065,2.7512577457227327,16.560616045878312,17.36595756487879,6.135732876994455,17.67072785025582,12.002700893045231,14.132161442045554,8.813229602311884,7.968306346499321,5.40443204398741,8.585816110962819,3.8790294166129446,3.2638290913330446,5.169841715841354,9.477252246398919,16.084429369161285,8.700388790829479,11.551779950719242,8.571990635360507,15.837576506700472,0.7564600019792078
20230608,Solar,275.98538228226874,8.831633541375382,8.596812603432715,6.593000436501953,16.898676055432855,13.48145274227858,10.616653788094373,10.759238286164466,11.675067400036937,4.971960322025617,11.67342221579541,12.011015320011316,14.075170670966079,4.64892606121462,3.974907940321899,13.719759565283791,12.421671989396433,11.723119767748496,11.771102964294402,10.77107229034082,15.227259175967255,11.716179779858887,5.191344798608441,8.138431180518253,11.529494566299833
20230608,Wind,156.7453558169064,15.380893668024573,0.0,15.26992741688537,12.669188498740201,9.260634261101186,13.068829969035692,18.25655880247919,11.125962402333142,7.7250299662753905,14.926365905129614,15.510628540506906,9.265130644861793,21.982005948620845,0.9372882121453485,15.414878479320528,7.67625782243914,14.512100831868207,16.622528304910926,7.880027027923756,12.620778009538148,9.69505853766727,10.391649584598353,7.78788035051352,12.584592594307344
20230609,Solar,120.27931507110137,15.302021055393263,12.65317581872255,19.873261811109046,3.0982583951127074,11.081279178367986,6.097660060478906,13.075896642144707,9.104442588270203,10.878206347814096,20.662975569809728,7.508494626667512,7.979123807871205,6.5096112542738185,10.632816909091009,5.363430169428414,4.45551908177741,12.043726955913453,11.22395090948249,7.139242642725115,0.6701771417178692,11.45689119253185,16.52522083992256,12.026162358923544,15.589608202287884
20230609,Wind,92.746604175873,1.757162001935615,9.086551166593397,10.85522034462075,5.913874180139248,6.159674812843463,10.208505024645621,2.0087382025046976,9.959810328326716,9.818950989622076,6.008188472738841,7.393398258808364,14.155573904851519,11.893267350523486,10.634842064079416,9.28302990590581,16.486909753691016,22.988726410512236,14.62744271371145,11.913426718688795,3.5574120098550646,12.571316034318281,5.09860994548714,0.0,15.016107395029985
20230610,Solar,58.704945294369715,6.533833316415264,15.90948226385968,7.364915063083465,7.1797397912691014,7.194796768182068,10.700392277684326,5.423802856811178,8.092587492886059,13.271091530143861,14.733532797626937,7.951099845603575,15.519528779842695,18.157324833964537,13.10667870859707,10.384237330608547,6.494289038896985,14.694319003903036,14.649161668363151,7.839857203786808,9.324118678451056,10.791658539856082,2.4837314595439874,11.749653416647607,10.733368413980836
20230610,Wind,168.1792136923095,6.399194902140806,11.077659898970413,6.136305985249882,7.176182805996757,8.968506853706707,9.29734736077811,5.040322487484399,6.293957518918731,13.85349825920805,13.417965834051797,6.866129762205209,6.607951278750004,7.782470212259903,14.075190088742344,15.434887456297604,3.4953281633244613,14.50674892135121,14.15989686870296,21.83244951420293,12.681260876781208,0.0,0.7840967299316604,8.616369421712546,5.407060930354711
20230611,Solar,182.73209964122518,0.0,13.678042851577741,16.523013516736626,11.46525094409221,12.787355311868447,9.89090601565037,17.203649126799842,16.14565293802697,14.228169196413111,19.89647393941099,15.994412573950282,18.83565390290102,8.199387798346748,11.961790358640636,9.243275916253374,10.202299575216793,9.58948704988144,4.331804284295905,2.9244186568170996,8.85402419708482,5.554001187267483,2.3267853903148117,17.07044167550361,7.58687718623618
20230611,Wind,130.16519100173966,12.830604734749539,15.950193766035216,16.383470996698247,5.118241244708691,3.7631851365497724,10.63109233810053,16.281406179318278,7.536287051671589,3.2789952842991923,13.526922850158018,6.180753974603779,1.078916336084389,14.632320433238966,10.573338177642492,14.810215610765121,5.925202103129228,8.465712184426145,12.554694756496213,9.351189332075498,7.486325027257453,17.987971271369886,9.963724731899749,11.356252692222883,8.785212051931053
20230612,Solar,149.2514790984523,8.769200878407393,9.341414586146268,17.246545614343376,15.640683735609674,10.381201652113644,12.405184065471579,6.874815111071925,7.3679598113413896,21.81329131018439,13.007051973718703,7.061924268474968,2.464433269122539,11.064369361217427,14.380030307676646,6.135518499919983,5.918832415859269,16.365537825154405,3.074807857226085,11.362856897193192,5.079056527120579,4.164847374069942,2.97296867759979,5.033940218065322,5.423217077682109
20230612,Wind,91.47691453556881,9.43428731684512,9.99588405568049,9.835808246720264,15.229017256839956,8.050689199684676,15.845590217068807,6.767098900963353,9.353529549255587,9.87710565612064,14.257266155144915,11.556015508036703,7.728102266224544,12.475562273829562,17.120294958630563,4.72286107611284,9.694468380295882,8.734850218212744,19.971970259351806,10.767586575584591,14.56506682589285,10.403070817816399,8.125222364216,5.994196712111118,15.404879863170422
20230613,Solar,156.64642324137506,16.729355291878193,2.1322838830488413,15.189034707635525,13.096586547997948,5.495353907668977,0.0,10.223458913311418,17.12257240427404,16.06466676833605,14.606330544835002,11.151629015891825,8.32735283527209,9.597867118426949,6.616618859058399,19.15760570786949,6.782160475286567,10.174606196340896,13.488246416746538,7.196233035018737,10.497581240436837,6.393361752821212,12.308179817537226,0.0,15.139295862698757
20230613,Wind,174.07476602835624,,,,,,,,,,,,,,,,,,,,,,,,
20230614,Solar,123.2417866416181,7.846347675169911,9.271513001392227,5.584724391958204,14.687237575757687,0.0,1.4459594184101154,5.188370353385014,8.025758152162565,8.673356001181473,5.903107353067564,18.418106695380843,7.327474229383043,8.335294444489747,6.879116564346833,6.243831651584937,12.792831713318526,12.699789922813789,11.879272592868983,13.33426450321504,3.5014633487862845,8.98679480084668,14.93411298920721,0.0,8.391606574906941
20230614,Wind,234.52263347929198,12.860388105024716,4.971347248260093,15.620883925561765,8.620261385979955,6.212056629858104,11.543814105183761,8.754346625507285,16.133927127793388,2.6965895116452865,8.038306111373373,6.846820936548655,6.371945637381579,15.969879570439971,11.095172056400022,13.924764619597777,14.329614399829586,14.457639878942071,4.947182799245324,13.698934565085095,13.456111075051473,13.273689220523408,17.137241922395813,7.296772092010237,20.310897837434837
20230615,Solar,108.14468366265442,15.29435923287781,13.698612432437137,18.16935139139102,6.377555693083954,4.50256558962022,21.778144845442366,2.7319836507339534,10.540600852141694,5.693173150204908,18.676430597402522,9.144570213643519,8.89843797332621,8.521906054567838,15.34769850243083,7.346733913735136,8.747033062257085,15.321637758246201,2.2265693581704262,6.660371318108901,12.738381699317515,11.915183942793778,19.32293152776571,13.706365183412833,15.814413335826604
20230615,Wind,164.1738302009491,11.482337830246127,0.0,4.896990136093401,15.950548228098704,8.600419786996179,9.787298557871091,16.36160352455518,5.782873659959824,10.252778757919081,0.20642527301958924,0.36624730793755056,7.050768011101797,12.143618361936204,8.631661336991385,7.213447786937403,13.100823745388263,8.481238643183517,14.383904318918653,7.986312822451493,14.235718477573021,8.05111612178447,17.37028027390525,17.337630190160105,10.941065779596013
20230616,Solar,192.41586098523027,13.445947993490742,7.85362888563411,4.8028451854966505,11.587713785095048,0.0,10.900095697073208,1.1983474358416013,7.619353259982968,8.326252807395703,9.576353779009372,8.475011480805458,13.409638690016243,5.1559979870611246,5.239615683529076,9.012391473629451,8.155474454865882,10.910799286346716,5.095730474866331,12.441247597694943,14.133334075787593,0.0,22.06351259311589,19.021082622113656,15.479380723511124
20230616,Wind,146.13552499253086,9.272161751285578,14.541555206059204,10.199909671150623,6.579711797093042,10.954463717547346,8.44870143039766,1.1428028905362608,16.86626934641864,16.570085035655417,10.747799931920834,3.3852172045746167,10.153072323991752,20.201395714575764,7.703940054934811,0.0,0.45022783291793544,11.656829556996561,9.094927646077005,4.49747296595927,7.46479444587547,5.668004825644736,11.150269145497061,9.501952533661797,18.2469719668333
20230617,Solar,140.57615905527544,9.590711268201687,7.8113907401704745,14.780643028705,7.911288164792104,14.547116482034316,13.336311736324685,12.175197272559652,20.414226317845564,18.844959984866755,9.115440601310846,5.418674732710875,8.894186025859819,11.594374051773526,5.23475892978749,15.60299231629809,14.482117805720717,17.321013068310652,11.027754319364798,13.327830008682954,9.096771421433475,3.9685462633135646,14.030018707496136,12.511462437486141,10.473052496916704
20230617,Wind,78.55669247751689,10.565103551494142,6.4103902452570924,4.330904031230233,6.317860081173661,9.413518138850506,11.811042763198708,3.8156188108297284,11.599083793766011,5.16582893633984,17.904740165701597,0.2207018619008827,9.639406725359251,11.69806031811685,4.628936036769231,10.879421288163178,9.504070248810978,1.0692449315258101,9.08789936371808,9.495247524278952,10.832055132530718,3.930849795895055,8.744111707968882,8.47260044706225,3.2153951475861184
20230618,Solar,217.86707478581417,6.234395247836691,7.919226014435248,11.13507868477953,20.110874294143024,12.493959367021882,6.619763776104644,7.4951752093273,7.1673141915849055,7.561174173160699,12.379688910007896,5.537478368877576,15.570806834854974,14.631393634581938,16.03286699015202,5.942797543928652,10.75498752022003,10.057227264439923,4.859821713145244,15.322978067593867,4.985879922881917,12.517628056144602,13.313945182665266,2.22005329994146,14.298357125570814
20230618,Wind,141.50533991662022,7.159691928151996,0.0,7.04786522970124,10.020492187252623,7.436347217993785,9.428234724075894,10.315864305513081,9.375412661630268,4.844558808839576,8.063429476773813,9.62469389962204,7.582967432344284,7.595521139157238,12.661854174460373,1.418482405932957,9.468364406201975,6.784656705053581,10.303519950653282,7.861902178359956,15.158214094154971,20.123061753543535,10.687397979744697,4.773021647444607,14.557364592160669
20230619,Solar,176.86827124674124,16.889398209092366,13.577392158915167,13.504145499125011,10.788856556268343,2.226894381120632,4.407817481113936,13.376504149334185,6.187779090305397,15.779500897087278,6.827953445013924,8.779091141938515,3.633042871611729,15.96874063295127,6.402231425685384,3.173216095446618,9.092121893216547,7.337357294426765,10.740124935970778,19.070886951636318,0.0,0.0,1.685023459840782,1.4170929377311114,4.9712913505087295
20230619,Wind,183.63602439300703,20.039780479311606,9.385569790115435,6.010565892520548,13.606095239309703,10.008456606428263,9.405292893838425,8.894589410255628,6.9161831053837535,10.79521802361874,11.409127892465438,7.926139807366528,5.113176273491434,2.4184749122206304,5.0780421977400545,2.0284858875178324,10.710245830557831,5.7475513365469295,14.356545121690434,12.052515265842624,4.1886879716490535,2.468713756423808,2.478590077266307,11.580387022838543,11.302557024322022
20230620,Solar,118.58507539911234,17.9609895701909,8.63837695002619,13.859015001370896,3.923195086964971,13.401891884926094,7.903139065416315,18.89585898639897,6.424761011015904,10.161655849811739,15.829770186013832,8.375481252588495,8.8348940026312,6.927897690882665,5.42296629424076,11.136303187376313,10.806103328910998,12.695606422364481,22.22444838527101,12.602159949382477,1.6095092603286432,11.160458646405127,19.04495393311998,8.28878101889312,6.046696474720078
20230620,Wind,140.12356978543926,3.3837132161572625,8.656656917954795,9.208925945911458,15.482736331431116,3.3780593719617116,10.682704757953584,9.997805056700454,9.603281262506714,11.562332053636675,10.692040556837892,7.475047936946936,12.407515973863148,5.993861254218635,6.401366194802835,11.186210328029597,16.317656456997607,0.0,0.11840216418025351,6.537143453540464,15.49880243319022,8.73293095652972,10.77571737326529,9.062514977231077,1.7762974180248459
20230621,Solar,216.72411753717518,2.9007123270751367,10.070398992322922,5.314297381594787,6.960769346060735,7.673863618390824,6.450430514290304,15.953973541293712,10.603405182289634,8.444145544753436,9.327898328710837,9.826982351203517,14.399037604122123,0.5970109563766257,15.763291060475549,13.060793508482185,12.19074672571153,9.307722252467165,6.007394275923455,11.266701547625125,11.07804677609059,12.266589733446622,17.10163474466668,13.360945098760112,11.103497443946766
20230621,Wind,94.14011671297774,4.0464528402741955,13.267186853360332,10.318449777134443,19.150081430575742,8.764417995477917,8.927841549569001,11.392778901832468,9.259194296591053,5.717649870817352,6.523581555776522,9.448868033544132,18.243191712522545,7.356574739288713,9.449550131612687,13.662934687758039,15.88270219214931,0.8922834608822394,11.114709977741823,7.253834339760932,7.335350307568796,9.766075517773052,7.166113963023244,11.23726979257944,17.26067999848399
20230622,Solar,256.39590373786285,10.671937209397404,9.739682294003755,0.3101334275582368,8.436706349927034,24.257038226424726,10.04386387594072,20.656048790036657,8.893385327392146,10.255273768953984,11.870194190446503,11.374902610933253,13.695775360059903,9.740241895758516,20.658071896998052,13.140819402391946,17.535209874965922,6.537467121182229,15.05384518505815,2.2982498409048358,10.481560070433392,16.58772300933925,5.537691178660709,13.311738506641765,11.606183455833238
20230622,Wind,112.7563607361863,0.0,3.1918172591009384,7.204527139475301,15.18820007381593,11.116855973599458,10.39208848978328,15.291817519620942,13.802458117528468,8.66495817481282,11.592852611854616,8.995188747677,5.585260185691412,4.550407405292102,9.801303959847464,17.689213330791876,1.9430852816333877,8.931283666521079,11.731679757376641,9.021729607841351,11.321234091347765,12.85167929146505,9.570911195601528,19.05768479120286,10.884423745055999
20230623,Solar,91.02412716797441,7.055992166902497,12.877580607720335,11.687005351623307,0.0,0.4721321056811134,11.371418578529212,10.217348877363067,8.853955375372767,11.735120386373406,6.378907169519069,7.831701532219311,8.98387062417176,3.82838396852926,7.121775908629452,15.976207289556886,16.38337684436375,7.971791289247238,15.614963270812225,15.814086600562776,3.8019206032444206,14.384787841997634,13.925910210402037,6.029249320309486,3.3368438652269807
20230623,Wind,156.61545103442674,17.035496445805567,12.492848455021132,1.1412261048405237,4.124334619570148,0.0,9.129161673595068,13.144153584537404,9.174920946831328,1.8401071573988848,15.13208087996561,13.891111584687097,0.0,10.205375904477084,14.638846115730246,14.791970742176682,13.265488023022398,13.405740308324388,2.6009018642632764,9.679398506914946,10.729763802911656,15.089726195957045,16.960424304518586,0.632696454628443,13.141374737280735
20230624,Solar,260.4174132169935,14.912194153644538,11.027634991082301,0.0,8.53196420501187,13.652494151318749,6.066531705341518,8.69592072234534,9.11719864486947,10.931792913566458,18.530216546268896,13.014367397168519,8.442298206907319,9.600042435529346,1.6492880722845515,11.183897983631736,12.442044500472258,16.248325517785727,8.411673846173125,8.529276014317832,16.943949969225425,4.0369231864959785,10.931125744430577,7.098380028431589,7.232337101182247
20230624,Wind,54.45170322038976,7.454526747132463,15.376206534806595,0.0,0.0,22.425159879982644,10.41036636324789,8.645500808224412,17.716438664756346,6.553769970983121,10.244989839326886,9.837871541288688,6.974465524174426,8.671278025008348,10.94224177313175,13.603694216565145,14.947835673947472,19.790797451982453,17.308017092826457,8.462913464169475,17.82476369727391,12.935892553192044,13.26827132733432,8.96655870860758,6.110068755838188
20230625,Solar,142.94921407551539,7.8332227941468116,10.151893382064793,16.63564277750185,13.00442224420702,8.595127576996404,9.105710872021186,3.482945859822074,7.543926875871265,10.756524687067778,11.510688215563267,15.975517123832887,0.0,3.669341278550242,3.9391291631365153,7.946974107272326,8.676005288268101,9.962425928057392,5.6987517126651355,21.20791473941933,14.266543503044998,13.214292935202604,9.28174915179426,12.178044999051805,14.411150001517136
20230625,Wind,173.81325086282777,12.83620853403452,15.55688044494628,9.616204936186353,11.564790627181244,8.295902039707453,15.12322821053605,5.958691987664358,12.981480534707673,14.525448046853754,4.475326896428977,10.413244961220498,20.53767788081468,8.027315160956572,0.0,8.895003620020159,13.012928604206822,15.805423222117538,0.0,13.042110880848714,11.291482253748145,8.291554117138338,17.279116632972777,13.620479361039292,3.921919609870103
20230626,Solar,151.68249792677656,14.676343776220994,17.03605510739198,7.337673029964064,5.045861750700614,12.15387088098798,15.753707504551798,20.30485692577861,6.2581115303126955,7.218761244423984,13.685947626868789,9.194136779646689,8.110081263053724,6.668628155035905,9.411761429358679,18.607073873083223,4.7111232732127615,17.319734407705788,5.916143244243241,2.0499702912514572,14.622743358165636,8.259665351246166,17.35514410067451,4.676976275221712,8.940893422463194
20230626,Wind,169.09608350015048,7.334313661301199,12.911564427622412,14.725773678334148,9.920206850677507,6.008517958274456,3.1395978228148924,3.9798431436071025,11.749724157126312,15.983602578850903,12.320871084637313,9.657042552725466,0.0,10.429392688791264,14.173881256716776,7.21442475893564,2.939737802424769,7.618676167567917,12.186609091501975,7.2842719120433,13.528555487475462,8.399666687816234,6.073759964062278,3.937151507278042,4.260673714552251
20230627,Solar,114.09834589138629,8.828169891402812,6.260331890610314,7.977751587654445,14.032386149615625,0.0,13.085772742088755,6.722536436081807,12.731165958941688,1.2961870749519933,8.369477602605043,10.825586483129602,8.629298012149945,7.205838536650906,11.0696298351,6.846405599606899,12.658436739500646,16.165466813558137,9.645973063138431,7.99591379099655,4.380225916507628,5.602799178410787,11.915378760074566,16.822510133658998,8.502588566916852
20230627,Wind,120.01390770343095,,,,,,,,,,,,,,,,,,,,,,,,
20230628,Solar,142.57886764204002,3.3432527931239306,16.19428017029187,10.128776754616315,3.632554918826716,6.934089357990852,3.2708435206793016,9.697953526237148,8.078659153537176,16.192470261739572,19.2378512181083,0.6318603754892183,19.535495418228876,3.4459119559599927,0.0,7.253472552141875,9.985444727368957,11.488528489002377,6.392362165579458,10.321783247199503,13.173276867861537,20.7280965509951,14.081347963078198,11.76656972236204,12.70803749843846
20230628,Wind,93.50559560486245,8.90128125989093,2.511860669652466,7.64500289623511,8.324558503883278,15.250589329106855,12.897364094563569,11.918629098654803,4.430187175874093,5.567051820447693,11.913851180365004,11.4073556909141,10.291852605666044,3.0157657546771564,9.225181924770036,7.677260378515308,6.0117653659337105,18.02730717672148,3.3470941280785995,7.130529023854094,6.6574619113389435,15.400693962670495,8.028200358901614,11.321664472900933,11.950895481917483
20230629,Solar,147.76567992799053,8.520362298956183,8.040231659106958,11.47072941944553,10.118618133162379,6.1950660484465985,14.479774588831503,7.654396459429685,6.080073383697124,5.608872939424706,5.41164352059635,14.170179057483175,10.481888740215428,12.787699990033063,9.27405670269543,11.211492190830239,11.955885080574971,10.496582001137378,3.9349379796221564,7.436232110177082,4.873841551183446,10.12980768522246,6.013607980818253,10.739455023164583,20.884190091788433
20230629,Wind,130.56273531642492,3.6967794200567217,8.28517581776628,13.866306107100723,9.706942891992282,10.608895637302691,5.251766810607049,12.226881834981688,14.822707865683359,2.5252202345539176,14.277721462076524,4.995207805456044,16.127966364571833,13.826762081439242,13.106308921255906,11.375164852846467,7.8683009862038045,9.04805259044775,5.605026269540019,10.767593618128634,16.446847204587264,2.66289287377825,0.0,8.877070483211702,11.211695515444353
20230630,Solar,126.49774074225658,13.230404688188646,5.673946998231331,9.075466914915062,14.446473927178554,14.27415973744347,8.818291884394807,15.711927205733625,20.408758062433364,14.606893960603202,11.14828656403898,15.365363835117492,9.247440401046088,8.036379350871163,4.709342518066654,14.55546262825595,9.767192989146073,9.022871150361132,10.52741285384176,2.296389061469526,10.313638826668795,12.728960914010452,15.415002442099581,6.454908572660291,5.489116825967485
20230630,Wind,166.02532062993188,12.416603393129446,14.364394749593933,7.697222134226926,12.386056228276985,15.35175475535936,10.931599679101108,16.3331617199075,14.172267060063595,8.347945936589012,10.294461651635292,1.7677208266959121,12.301419157621144,10.138180638538689,14.148278636998658,20.94038607788463,7.5665791136497225,17.342321143121953,0.0,0.0,9.675299430879738,8.179251398298726,10.96404823798152,7.302587391653945,14.958356977649434
20230701,Solar,58.96702534003481,13.478598504225381,11.884075355203885,8.287437960002734,13.483174202855297,11.164943337407122,12.85229030049639,8.6624409968158,3.6893028510582413,7.981150499705969,14.892786477688505,7.206058636306924,14.197950328055581,7.751434022921365,7.453111606958728,8.158298379001275,5.989699204768561,2.041603882219838,16.828696854849643,16.21410948866189,3.9853015277053796,9.21690450079055,11.255372813040664,20.83062456557347,14.844503415206246
20230701,Wind,138.54549483084233,6.159648222678159,6.44470821699754,0.0,3.0506213359781755,10.916195478995,5.0578029477619815,13.056717144514822,14.003264405564188,4.385925186307048,0.0,18.530079111087463,4.620318990312416,15.4861286655985,8.503501057727936,9.672189609317904,8.964932607077534,8.044984467290364,9.482439918864795,14.186143504716071,7.75654709714215,21.239273928607425,14.159047033379396,19.0220872639206,16.533583958937562
20230702,Solar,265.86768828074304,,,,,,,,,,,,,,,,,,,,,,,,
20230702,Wind,95.69451568371875,12.336655648228245,9.20791882665891,3.954443555057243,8.464287453810282,12.320847671970762,0.0,6.391419773638348,8.254286914343803,5.136195351750636,16.896093622683136,8.487612288080822,5.60155757258939,7.505621735651272,4.052871776470206,3.5384620435450334,7.635180200072361,11.589455478711754,5.132320814271706,11.523341773253751,5.474403815518814,0.0,5.408972302460887,9.663999479045277,6.494668824521527
20230703,Solar,214.27502482422068,6.679436426851433,5.549027133888286,13.148593620594621,17.31035940834384,3.544097329143434,16.6187277446275,4.131333006547289,10.93615538432647,10.120830693626182,9.355389417764993,11.261429176491143,6.831041823605066,14.83149426534892,14.121031919992895,9.26894411575954,9.366883050198311,15.934349687840518,6.826319134190843,9.053737159720017,3.922672862706751,11.82657098599319,12.746544230724794,12.826254802980923,5.462163757008287
20230703,Wind,152.73280604563493,5.546659333771495,6.435407948785664,9.54787949662353,10.871978186889498,3.63958822848079,12.751337338949591,9.771276556201746,11.776844277354822,11.079848548628473,7.866138595606671,15.981715996253799,10.499111501366936,6.129598466555619,3.2267925132182897,12.31791156762046,8.674472669012843,13.411309047408057,10.031232278563365,25.07983110124217,18.73954277236504,10.827871608157054,15.790579738602311,2.8785506169369746,17.64307121814193
20230704,Solar,119.85210955592909,3.7147346267827874,12.1802553738797,10.525605482652203,6.6547303264198545,0.0,6.891142444285979,5.703903618200278,10.327210473356084,8.006644085788473,3.3112150583366273,2.7742003881890174,14.698006873596208,10.783081682532988,13.27587746332655,12.456913881219146,6.814454937659907,7.640616203885748,10.756708391686546,10.964772345137018,17.047009351901476,11.775771386504786,12.660567565509611,14.98244977835812,14.027707800021954
20230704,Wind,83.96791702350967,8.623387359564232,14.695049392609192,13.501645853031011,14.2625063797752,13.832540004198233,14.322029213535401,2.3965322059760275,6.99443926475206,6.995546421874564,10.96924674574652,16.589298751393446,13.387024768683482,4.757650053275722,8.822644606947701,13.085401130957921,16.146205786780527,12.907323344479291,9.030821344933406,23.040482239477683,9.475132621157973,7.210902083664873,18.013862838428658,8.79853579716436,15.652282563312816
20230705,Solar,156.9840982642616,17.886636485252364,7.56615883522607,5.367381168295326,12.816488979323239,8.021351131445,4.761004781989351,8.069973887094248,15.29979132337167,8.153692778132692,11.586279028382798,7.549817344524101,9.753001601983986,13.322748099707175,9.231151047062333,16.287333036614182,3.1916931528275514,3.4020758989486,6.222929863380127,20.314036606948903,3.3619693368959136,10.014473325967037,12.821965704889069,10.07677241163045,4.575256512502679
20230705,Wind,222.6698552907338,7.472752393222427,12.722206668345057,11.846242216754785,5.891991636797601,14.10098622688151,10.574680271969376,1.3570811210952394,7.362167975513701,12.826666663764977,17.20407320997581,13.541924631481386,11.420848954950037,14.077094297722459,0.0,18.528439054333703,9.573119176715661,0.0,9.945186290327221,12.308252700298217,1.3730665014177634,4.530543156804195,12.549268110888157,10.490008018095034,10.662845664306682
20230706,Solar,130.5394427401618,4.550984779165331,17.908770787887413,11.338105262813324,8.257551486154124,12.018552867272454,11.192524369042976,16.635965518230712,16.272563726809945,8.264714224940636,11.862225875946564,6.928882203917187,15.3664486780614,3.5565310083749946,7.046208098787582,8.783017954948841,5.782448170917222,6.9424539795399784,0.0,8.950055624217548,7.742156309540648,15.187512927896478,14.111122964180653,9.104652151575001,1.8632478216259118
20230706,Wind,145.95192876316133,13.259667005150142,3.7056472181487354,9.076095836786033,8.342767701958193,4.987866592145153,11.180674069795073,7.212384693783632,3.203100546051666,18.127728436497648,8.485960501407929,18.41861660777658,10.041967137263427,2.776791040136456,8.948889336835375,5.989369354588942,12.836140630309439,10.399475231061064,3.9232144863493534,10.080057221193334,0.0,15.034715055356596,8.840334364181977,14.01851859467538,4.488457725050146
20230707,Solar,200.5185425095166,,,,,,,,,,,,,,,,,,,,,,,,
20230707,Wind,167.04353956731404,0.0,14.15327845647704,12.97619182027582,11.01620936939221,7.725889741679541,7.5196141382121136,7.539662549825141,3.8692451838423403,13.770533763351713,15.547442811223046,3.3559162571358216,6.985360804908262,19.704094946143282,9.82040142168518,14.669119477928165,15.91142895519343,10.871901992912713,3.28885979736718,12.305009612489489,0.0,6.13135850327036,10.095050837396919,14.284879178385212,11.108537009181239
20230708,Solar,71.38621101377107,13.311731598766432,9.524250917005848,13.51727272209658,13.633912392800859,6.9538825986821875,10.633724330754076,4.025310870246996,5.829586840036816,1.2180064408271984,14.45609840259526,12.35038212477546,14.546403289628612,14.419855361969066,6.735158889996027,10.679157909107767,13.672774948638464,10.292637059759038,8.906423949031364,13.368974072813012,9.528681115933804,11.348424323296792,13.569244271765399,10.329614257155885,11.966780790043895
20230708,Wind,154.94436079275917,20.642338842508,16.191416054278235,10.56801012988942,7.533641394349586,14.576436627466409,6.366281285167107,15.877619856779596,7.4349389553329095,6.115374825820056,13.107173956608722,16.506149908968748,5.943815708347638,8.938325997071939,14.168291027690948,9.105022325946317,10.407991846660321,0.6994488972137314,3.3096945601680297,3.879054945372289,10.982064389992882,20.217179683432644,5.7026231293843725,4.669870144055207,6.7485787779476265
20230709,Solar,225.61174553327993,0.0,20.99418519130642,4.648487921426776,11.674001455697207,22.553717352738364,11.357263971383041,10.443517915538692,17.60302727365487,5.918539169603931,11.372909246562763,15.94131587686184,2.1607815052934907,5.728493629287489,7.474180862340544,7.4791692192229755,13.721721224201195,7.301604080502166,18.56516393740532,23.072331580824837,9.065770748475973,6.623386167900638,2.96967710543521,10.197768196126491,12.126862996866572
20230709,Wind,148.1529406766251,3.821469879889381,11.716776741931515,7.362754835372729,16.51680451464829,15.58101820871774,6.929370158867107,19.434546429561482,16.540123330511634,4.480432334181698,7.093363939247742,10.467501850908988,8.47905659282959,3.9193922023662573,15.16106239202183,9.788822779299839,14.178787865817078,14.70518911189068,2.71191472091994,6.09508737443695,20.858807334336092,4.952994683040572,6.370043638975836,9.613818015210295,10.023053266251821
20230710,Solar,12.925528526131158,0.0,8.832051338610004,9.698336387899667,8.19461617374676,9.865218163212981,15.000000130386217,7.667385368833925,14.37124381278598,11.417362536278024,4.836005937524227,14.060376617783225,9.623263530481527,13.585371793072072,11.306746947782644,13.450341918917633,5.437495892393359,12.432572080020165,17.55619549731526,0.0,8.968519045197246,11.501501988435585,16.676751463189046,14.122387797496328,17.85016188549974
20230710,Wind,169.41074957955365,9.623477896295826,14.884914038309782,13.442472749910467,10.57577401918888,16.29753879978062,17.813424752854676,7.775348502167837,10.166428751084327,9.449064032039269,4.044969638111565,7.892159604801224,14.302491507807238,14.613870593455173,5.5022166435490005,6.658690404664584,13.865663132819234,6.517729272539891,0.0,9.591011114596432,18.651397190032462,15.825585748419332,12.478251699742286,6.777198289164957,7.866908968451893
20230711,Solar,140.0771780227982,14.951931183056764,14.210344301889506,2.0825529944344168,3.1834687188119637,18.56451325155402,8.512679126713705,15.023954211095546,10.940294746856715,0.0,11.96983143937529,12.955188272755064,2.7111180301236915,6.844203024039668,14.689327695049824,5.995225972616867,11.486312949242139,13.094511663577226,20.025545057908154,4.257796440743594,11.48126481318491,6.664453705189015,9.370089292356324,5.559647158613435,0.8272744139798038
20230711,Wind,58.545279303939154,10.527503748981395,0.0,7.1809826784781166,6.172209550449862,3.0381460884485145,14.601293804850526,15.058763252495226,16.332395809156782,19.97767719626256,12.491400349675379,11.81406458064139,11.732359610610196,8.766359111448574,13.005181083011403,12.997965994505947,12.4473486629612,18.775871148374534,12.919988791809848,9.732859541026183,20.063749220406265,19.66426106874685,5.16152341132401,11.491974140591488,13.083870198446203
20230712,Solar,66.03959549731078,16.959978490563348,9.986322219544432,7.986637200288988,8.327785540010884,16.124273806812653,8.938477292117001,10.767151932573258,13.506526431033992,10.880080971718815,15.47152241301949,0.0,15.756295023666985,10.234781690573516,14.478537116801133,5.759776526444508,7.962174688039645,7.877714229293412,13.957949644749974,10.354625681904192,1.2219556730261905,5.421235487269623,11.376503311699903,14.601878588120753,11.679244538216878
20230712,Wind,198.75535716444043,14.152751451650671,8.02700266630443,9.583892102984853,4.695803455241395,13.848410093716026,5.3178440162932805,26.67634094904072,10.090042116853782,10.005886772578727,12.808659261249309,4.996972460593688,5.913273995495002,19.06423229430748,9.0894188457781,10.755818766855814,5.728245593327629,13.707177158018201,3.1734339610250304,12.226407407592422,4.587567417286209,13.290869376058083,10.925800946466929,10.76459885675827,5.550760142482151
20230713,Solar,113.380862720246,18.510736617510883,11.983528457569582,3.493373579875766,16.609868387609232,15.9405952832825,7.8714112972241885,8.597196038398243,17.4333579000814,16.55059424298493,15.254357245729791,11.03922300549237,10.408218556600094,10.325765792715472,13.005655679976588,10.491059413454945,4.828925931530948,12.91801661130265,8.386641421679466,15.029274729082196,8.56513522701803,6.616694100092607,12.281278483668443,14.8317323385719,8.367495267802582
20230713,Wind,104.6251809632004,15.801053840535474,9.031708598531049,8.912336108133333,5.809964898792436,14.066437280084504,10.427848703781065,3.652683815154912,14.072647680817573,14.944304446957503,9.347266846790403,10.824973658781749,0.0,5.095240725389787,19.60244195231424,10.002053816879622,0.0,7.613078218653401,8.712783736293238,4.962626343894435,18.015746441149656,7.670383987785601,22.52080300668135,3.6204387755242387,10.969636399522107
20230714,Solar,148.21807195341657,7.985284656952477,9.574119538644991,8.44758217843705,13.933992960586227,8.861354962329296,1.0652116778646414,4.987224797096424,11.212099329195091,8.509133530507508,13.854212317181599,9.854612544870093,14.365818539559015,4.216788480171811,10.857005536459374,6.786709537713322,6.453307375635362,4.336010993704673,9.496168093804371,8.183320349667135,8.804718763280984,14.113145098705875,12.46935158584728,12.36759982721782,8.103004031974022
20230714,Wind,117.78985008400306,10.333632281174198,5.683936202694592,4.812040642551716,10.934181187657384,20.164353220913835,13.128283807227483,8.626302553203866,7.7051160987575935,0.23743470149416135,4.992647440348238,10.44687309321151,13.977981828515468,5.443878633984957,8.006787049423208,18.669529747981056,22.196275017841817,18.25333264706762,16.363013884227705,13.392733684482634,6.59908345824173,8.953908341823361,6.529629224252421,3.590599314753986,4.447756595376836
20230715,Solar,155.00243138888726,5.656615422595134,13.672646092122438,9.41016207915658,10.154259742552314,11.697993042910744,10.43010424468182,17.593875027458253,7.253788733534935,12.821928226427326,9.699070740620375,16.038338267100247,9.900111070264309,16.320110046487823,17.719798074173426,11.99165494176482,14.11206334432891,15.443123215086011,13.4565903091822,6.7129337356684236,13.03349226672598,2.4043108896138934,3.0746069719533042,23.33657496558091,9.0014564635891
20230715,Wind,139.86399852816652,8.846719155659757,18.275211107343658,7.294154516072489,17.43081822482579,7.828364896528733,15.002719787345772,9.068280689266599,8.319123223998602,5.185769126256737,0.8425719788072572,11.77061109324174,3.3635941489307775,12.565701995394788,13.335544959646015,7.427963273242719,11.592303869608243,8.609788065745095,9.171393072235665,0.6130201926798384,14.529557136182877,6.006721821969631,7.202335239945054,16.703834492165427,14.421666507256187
20230716,Solar,90.00022099531785,10.3091583600906,5.761640253924824,12.477930712548536,0.0,12.529890075201871,13.040687768856793,17.83026049183069,12.284954428809927,16.19632229294712,10.157923280528347,0.0,13.334416290186846,8.272531733308194,7.7475657467722545,11.65468457569907,14.805198374382675,16.067708300591395,14.99550259649816,13.096968046460303,6.1643654108192,13.608468563073172,7.7154586595508885,11.924994740780974,8.191908481460915
20230716,Wind,124.44011007193076,9.57546338232323,3.0147248842651306,5.573362194978307,9.018975515884476,14.861979508639303,10.599741585819443,12.172125576890624,14.178914079664032,6.119181687011537,16.123932420205158,19.7385482123712,8.775010338261882,0.0,18.675633001273514,19.161125432259844,8.699847637146572,12.774292389100632,15.915716371496627,7.173733397922887,6.556801454980428,11.987398737557704,14.143893027189778,1.9803872729717498,11.058801527922562
20230717,Solar,172.13766606545522,16.71126763151805,10.100016099137319,10.449170610642275,4.59809831717279,10.47380537930998,8.220825323252686,15.416846481802581,2.7785407722448188,7.74066552405013,10.351053250413866,0.4672694800778965,0.0,5.736839308375636,3.98291505351545,10.447563788825057,8.040433365896945,16.03106396156949,7.160265484523619,6.840937736071938,18.474671595891095,13.627834547605838,6.90922924823474,3.1246054360284625,9.092660969315846
20230717,Wind,152.0959020119313,8.349159687465846,9.85672169482368,5.958055813853659,0.19289795433481194,11.965681917611127,17.614308608514936,11.935843133134021,0.2670066117438541,3.2840945268033037,13.60912496086612,14.790713128543619,13.891062411858716,11.71984713554131,12.64582343652519,17.66675942623996,8.548823653888041,1.037460400598983,7.0137722474349244,10.600329741064627,16.24409443456321,6.986625318298331,5.040642616565696,19.47712407535243,3.8246652117494992
20230718,Solar,145.90287588040843,5.339567932213215,15.8546639306018,7.001228809205937,4.026341331211542,10.441835410518257,20.849363434180166,11.896240033109686,5.242550967039338,3.68852319498583,11.365926070456606,2.1784058075431667,15.818079047375932,11.760838072516547,15.732443304196197,4.261230320530636,6.319997053604965,7.95854228438254,20.808476261292167,10.020691418468486,17.582057509912776,4.700209579218958,12.69020869306648,4.21191425289635,9.468185946911207
20230718,Wind,246.86921205896923,5.6519448254840645,3.854025238107339,11.486458138527029,10.086187675015355,6.699621334496783,8.304252974700944,13.763553005530374,7.961616933123268,9.45462309650547,7.147870936803196,17.117199884349105,16.696528919471948,11.717295367523116,15.3587248637024,5.744254161698587,6.731492879332182,17.86719291016206,8.80076116637918,14.986098071248824,14.703341577275083,5.905977036054705,6.905452961890489,12.500695868262277,7.773749144369527
20230719,Solar,186.5518762692768,13.275501358112654,7.310224124879512,11.173588664210778,6.373264353967772,5.890877706861145,15.211467368512755,7.166457589571273,15.979736003280967,8.988702357535333,9.066760948243807,8.610004769584247,3.6149855810903544,3.263476054194867,5.500154445131328,0.0,9.920964724362115,23.259898549494235,6.7851457236830806,3.754724295643581,5.732016138545453,6.248248990964215,12.882792705465802,19.116664217706774,13.792613800977884
20230719,Wind,192.62206324106714,2.9843079595550015,0.0,7.9148890871081985,14.483067949125742,2.985918567142064,6.466251705173487,7.221432277262561,8.59790916008406,7.620586932395756,15.89842246825426,11.921387780580467,0.4160300930528882,10.885006952792773,3.7971981905405308,19.878818286134063,10.32231660497419,8.051130361129397,9.227461672577238,21.310767192954163,9.83516640667775,9.765828371159602,5.7699090029871,10.529639851694927,16.17666801356546
20230720,Solar,141.70157961025376,,,,,,,,,,,,,,,,,,,,,,,,
20230720,Wind,161.00725951756374,,,,,,,,,,,,,,,,,,,,,,,,
20230721,Solar,128.44500052371535,11.462992228704152,7.682835430096017,17.0138215529035,8.398595247469538,0.0,13.423413438031748,2.2962338736651002,4.8821456991449015,10.051216614631263,3.062642270507423,12.081511060383352,5.286046358960918,6.16112858519508,4.61020384069198,18.68819149122556,2.5722604531140125,11.721302229017033,9.372087251408391,5.657381537559155,7.282571418306,12.578723313048428,12.056610655308468,11.914187619672287,4.185988511746565
20230721,Wind,188.8774882762064,,,,,,,,,,,,,,,,,,,,,,,,
20230722,Solar,144.48000479504785,9.82044798180785,3.8476197091137454,13.257240254355533,7.907607325286235,11.879135522536513,17.749821135021172,8.681280818856935,6.675970570100402,14.128841143471586,7.090600881151235,14.748083118024137,13.622847916891699,11.687234819954586,2.712567729093316,11.881463323282844,4.471899407404104,0.0,11.251421694193741,10.093870626343238,10.568371467840047,9.0070627236905,3.8915642688246233,10.011434946981472,10.846820455744439
20230722,Wind,161.1188874465278,4.852177038864136,12.071334498956956,2.0248389152189237,5.743731512179185,0.6671615858480229,14.689361286865147,15.154235402468723,17.798957279831402,24.97268149057057,9.112824951183587,10.892544347493173,8.273965790909179,9.283836580516029,15.304221558490685,16.415618118278395,0.0,8.806295376073507,9.288919164355402,10.831835473795852,15.626071090753753,5.5664242495057925,3.4732851813139556,4.673298850403081,6.454169889911712
20230723,Solar,158.0305651077584,5.714326447827295,4.462874771996449,7.022550037553566,14.94592441988018,5.838018958333689,13.307576027144405,10.256880428400907,9.369119992681423,9.060248722389785,2.727887084527608,8.94645964985832,13.112946154680337,16.90188831478714,7.143587155404908,6.658061155476784,10.436237939863767,14.026745570228929,8.499856426272407,11.306650424952817,3.114595362400312,9.253441112430167,8.420266251437347,6.992786678954233,4.4353489882082675
20230723,Wind,149.09165592972727,9.024091635427114,10.520027115742847,8.327269855381886,6.879524748055271,5.6185548271953545,8.530926669986556,4.153350765924775,8.312483511934468,5.94743738433909,15.203764287556472,5.9454657670020925,10.07898346412793,8.137537436907419,9.179865863450626,12.588430062521736,12.886107347731146,0.0,10.740204155433945,16.531984705289034,9.374828596643981,5.8258799033117805,2.9228005685928595,7.15296897517092,19.809452191628534
20230724,Solar,296.9094033577885,11.356365150546466,20.214724305675155,0.3446925398299383,8.082366918269072,6.288661546038618,14.147437949283708,10.39546748433194,4.4460540817184935,10.816623273705506,9.515110963664108,7.784428947615415,9.169474029213847,2.924635006431071,14.321585468471278,9.436760151904183,10.356651980149124,1.9129753417888973,7.919228356156524,10.783208043249406,7.227350691009951,20.711678213283705,7.928939783220585,8.693838007039174,12.43107667675525
20230724,Wind,116.66903612526387,14.740750059010553,8.262061885275896,14.449750480380434,12.147025400451552,16.06387930851785,0.0,1.3351339355842051,10.986426455992904,2.8429563367389363,10.273299855673777,16.032473097609923,9.679320089661184,15.279367677988349,13.856016951404616,9.333770393623547,12.184528852066395,1.1304867533898388,10.353187776943203,16.94180145625341,14.955484310008442,2.0461175760091965,11.281921291925675,6.298006989483785,11.680883716651424
20230725,Solar,116.21442349206538,10.462803085857173,5.192777780128106,17.26942244274068,11.593706230786266,9.255612259665817,12.204506817462494,13.144585304370876,21.271911970179694,12.31030272133311,5.83534892302416,5.8110518805074225,8.207773138750682,11.26104929340908,12.369730884461664,10.952941938131106,8.326336283083519,13.2536222588136,9.752324360918236,1.248014233354111,0.0,3.6522176544118157,4.087639908440766,11.42390716313498,11.431376996597463
20230725,Wind,184.70483734058786,16.76387087877124,11.910036027263816,20.30967478001807,5.53280968826975,7.863825575919243,10.800610338313728,8.454459917734543,12.067941452010015,17.50109481968622,8.613076470701907,0.7845211381334061,7.707287888781062,8.40661409323385,15.147411208527892,15.876602432657041,4.861298516236187,5.3519316702905035,2.7469422374465715,0.0,15.6749083388897,8.811034910350795,14.242094379722673,14.986594547246682,18.093875530502586
20230726,Solar,120.24155004624104,,,,,,,,,,,,,,,,,,,,,,,,
20230726,Wind,135.42968193255535,13.97633606241102,18.599922651647017,10.586617484171368,12.688351699192022,12.476738725918526,12.031264913660843,12.135927352555711,6.666981871054208,6.806796086170314,6.933713867614938,13.030213398455178,12.416747233659542,12.55391771587085,17.237663908939062,8.664925649150566,16.84393315544628,10.274907364097343,8.708003428731208,11.634980587949503,9.200047616177816,10.50067747970972,15.417414021165786,11.30427703585279,13.089107183554232
20230727,Solar,95.6794523322191,16.12490704027942,17.018098342641675,16.614091345752108,10.88987417093627,1.2951087101172543,12.954458629380364,11.028444586880546,12.959918743058902,9.601520856348296,8.920691249666652,8.4857387819795,16.2376857299116,14.068175221687499,1.4460795020167783,4.556538259313676,11.873097847056078,3.7971403377875754,19.298574599977204,7.330707339784347,14.293017842480602,14.58887046492649,13.34406737217915,5.323819036606542,14.516961935326458
20230727,Wind,174.57789597012933,5.046432393059528,9.179141905231779,8.731907605265231,7.843415747092541,6.916881804160485,0.7313362758291075,7.293702131344444,10.788089035614746,7.493903840511312,16.931457122766627,13.022468281543226,7.497603461962893,6.1664254060706245,9.702166305180329,5.902100332127146,2.396327358177871,12.257984833446864,9.199890107534191,9.949312636724466,17.394485876142557,12.212545104259672,12.109169726660468,2.1625972471007895,19.288712125323762
20230728,Solar,175.21286222420758,4.254005326559688,5.513534092878901,7.165060430786611,7.966346547392957,11.60981043566973,4.066142911739597,15.168064188232355,9.685827626292637,2.4384139606210375,1.2497901518234422,0.0,19.330498121166347,12.826701018458298,9.489670827153805,19.738974299986666,10.65034137170542,22.069634652812184,11.36620278140439,15.376645556125421,10.256617007580267,5.391481247394998,11.19940062311746,12.008425329363291,9.992649318285693
20230728,Wind,134.24039700382778,12.589866881450828,7.871150636123198,0.6699116322775456,8.991014484991954,5.330549329939834,20.321945759254756,13.984662823195267,12.473973921642548,8.073811537077242,10.922808505306671,0.0,11.88288988614534,11.253030505841869,8.905146367827351,17.40388223680376,16.36890933222113,8.156506634887371,20.756613226279,13.351732886532455,6.375011434896748,15.310615861753313,11.849665366125144,14.398168661218188,16.173009637883982
20230729,Solar,185.74083442400362,3.2939509406647636,8.521671939572858,15.663112288858747,3.840840294361171,20.14777394210566,9.068232269487668,1.1285790388786765,0.9207701059005369,7.064953903459827,6.072669665242546,11.320542848532487,11.290872888330032,5.852902779869305,12.487143985322767,4.543595029209975,13.80669770773926,0.28486590480468865,2.103849563083159,8.350177788972168,7.342499038231417,13.141308714520298,6.975109827379633,0.43191869500634694,0.8579328490367188
20230729,Wind,57.093749313320416,8.548140779920333,11.917835658535324,9.903696219633176,9.803657757015218,10.564393818262918,14.878130297491936,8.848786642637007,9.497377538024109,16.83277431667137,16.682449949171914,15.023464433674992,13.275090909306835,10.01929215015865,11.06998000930583,18.305045629168237,16.434052307358844,7.735521757586836,2.3279896619514453,10.989347898630061,15.830459867196534,16.934229740809258,9.874564404731077,9.543385368584664,20.586969111194417
20230730,Solar,114.65732992428282,,,,,,,,,,,,,,,,,,,,,,,,
20230730,Wind,141.50104068945348,17.066864623426035,4.81743684620705,11.4192864491443,14.381855949170118,4.385281783319751,11.969684069976338,3.6597095040228877,10.144492491599717,16.986564876234656,4.764227128042309,12.63021609669913,7.727130373165142,16.201691022058043,4.080634549970611,13.32302630428804,10.628916865186342,11.950104866314637,8.334652819735513,3.8522610246910673,11.644390917903273,15.450526606284248,13.20525203657039,11.446726298530653,13.776321959091918
20230731,Solar,91.38587515485236,8.728921748559673,15.054547826713723,10.765026865893324,8.095741143617735,14.637637940178514,15.086206755946394,12.675668117558095,6.379003121833227,14.008625008483543,8.92194981157168,15.951317867893552,12.774117489741716,6.755413636001622,21.461058201833563,6.437960999605063,8.258688015152416,14.192190732235119,8.839433341982863,5.975080618980318,10.03719260900216,0.0,2.049587334897435,7.049531144314617,3.58057480236301
20230731,Wind,62.564348129063895,6.750278523461548,13.08842806405649,10.841295511772957,15.320416363627682,6.7606903150302164,0.0,7.903693596673798,6.720800747193981,11.028914557405377,11.748171288676568,9.978082290445645,15.233173412163891,17.544368980647658,8.04513944735479,20.814350013781898,12.974863017295684,7.0310273468998705,7.445631820293649,14.616771414886793,13.796326742402417,7.571700231935145,11.055042517356117,10.237889837076183,3.257096823226071
20230801,Solar,134.60520174807766,11.602308107557914,7.461052545966968,8.914509688366623,19.529522772647223,11.899620891458534,8.847352941596712,9.286141755267948,3.3327935860714977,5.62795986277815,23.878112287884786,14.505454196681018,8.10311381511387,10.657057153311811,11.433781814881193,7.149295389657542,5.754410451651143,8.59982964269327,3.831664971958163,1.3516733223965693,10.170697375910882,5.4368094304127865,15.30975831630008,14.6319199463042,6.769152863541246
20230801,Wind,184.7010043530371,4.6322827823805515,4.566440521614949,18.111790793816827,8.418962323685863,4.242403215627835,0.0,6.651575331114697,15.578324856234104,16.630578138260656,0.0,10.9520381707569,10.023694158279632,1.2724347326744578,8.968792132155848,4.750950211725289,5.66715594843661,0.0,14.869941014304773,4.548264013051519,7.830589645564339,13.50939293948167,6.987435137134588,5.700831271987642,10.099022089748583
20230802,Solar,214.1054195713256,9.133606758532865,10.58116358646284,9.331701333687889,13.457573532160842,10.350988957622516,1.26953167716376,11.850877264099138,6.611267508660607,11.738947183721185,4.004419325077836,8.685328123632223,6.163710873184388,0.0,10.405333255254039,7.717377657077681,9.984657471528434,13.07025657533629,7.729876618123332,3.9331677505381646,7.4795450699003325,6.30211983329868,9.45271690418307,17.774320690071697,8.727465051641351
20230802,Wind,122.63560583973135,9.959999758618594,4.702057581489579,18.096610381616525,0.0,6.8205705105826935,7.269927515075263,13.391734426595157,6.8788068818312285,3.7598482613247395,16.52609440234024,14.105077705044392,7.534758796781034,8.956964281545483,7.325447493125036,23.13438645297207,5.391236225995191,3.4491524791283235,15.921675640023308,14.589188967301622,7.3860272076956655,14.878130487768674,0.6825701934738948,3.060402111992625,7.950091336322194
20230803,Solar,186.6607918810797,9.860080036646025,15.118404245813032,12.820584632000989,3.7092663590900443,8.42302793262473,6.673077805019095,20.851274314881625,17.65307535586209,5.43065903906044,2.4552017868363785,19.563987927912414,8.251545438764056,16.668130935541694,11.029015068928842,11.30277199826119,11.297126009700463,11.000295642964327,4.914822386538287,4.57582082151599,3.102676746947075,13.936949455127895,10.331900827225862,14.48888002828568,9.015428388522427
20230803,Wind,181.8271019037834,10.442517369089408,4.380586139338974,11.755850713808657,10.455605146667601,6.018595998072715,10.207051445712398,9.095128677509242,12.839787163832918,3.681274089682253,10.048159614245604,7.21079428891055,5.479015963007125,16.153099222191553,12.900483687572338,4.858925798055511,0.0,5.64380135536455,19.798449217367786,13.959464160832525,12.53023991256208,6.963014640005288,2.556688055404852,10.269979408599513,0.0
20230804,Solar,210.93040871672483,5.827425722139291,12.73853096581572,9.433626233609223,4.966334687408059,15.128131389041354,9.896747441985053,2.757912626122442,0.0,0.0,7.583175604808746,9.561341664918835,9.685262903405336,10.831565392967944,0.0,6.058096663565975,15.878699112079078,9.565663804031333,1.6711385854641525,8.233405367672017,11.049793401862004,11.193783912972517,7.233218460885858,7.426131466088277,12.132564492426498
20230804,Wind,132.4904484822999,6.365035036907915,9.59691817592459,14.869783467729603,20.19601022361224,7.544980124378369,10.668712149906158,7.48053154784241,16.926800858609077,11.94261092474565,6.797879766125806,5.0465727260337445,11.654144825833392,6.314657153673732,8.3572610380436,1.2616026598554742,0.0,14.792136831638082,9.927542065020454,18.893527419970162,2.669385500264597,8.927711484700216,9.755780107070127,0.7909220976804665,9.15082160502586
20230805,Solar,60.07497524076629,6.264418694836899,7.196875578123994,10.564958837889977,12.989398436482766,9.28271402540149,10.873548243153396,14.235299606908283,18.239453208496514,3.810623140837265,9.139036921957562,10.776067722230671,12.139751285525177,7.913506281003218,8.167102431465363,12.700661791148637,14.523609831378465,7.814078749354196,5.008135884953473,10.641631436440376,7.971874080544132,10.581799310245644,6.9659099363506,15.950967310473596,14.755537866153706
20230805,Wind,153.50929262113723,1.8995283040247146,9.485842468403545,5.339343924432342,14.829158234290652,9.52428859600628,11.664613623014855,6.136774049348459,17.771880441281738,6.220273595846248,8.336586394203884,9.218003152747915,5.95764355999294,11.036749719399632,21.60534255344099,3.7472855937409575,7.095440859381712,6.301708679014836,10.177817132304515,15.334708555576581,8.622493179984524,13.748216115358554,9.179897212186813,5.329567194502523,7.6205750787436735
20230806,Solar,99.31031295151385,11.70915160923053,15.399915848171009,5.172539045009822,9.854867969197064,18.06135060816814,5.204776612940191,2.5893620027250974,13.340946215055652,10.194198143238838,15.285308071099584,15.79225971685094,6.968390326554026,15.436532418153963,14.300355900503618,15.528293490626314,2.7523115796243394,10.01290021806027,5.102440423971679,12.301795139417028,7.072918018504273,8.370270390668985,11.866492354321814,9.850099228562621,8.139886529982325
20230806,Wind,113.82474454689962,14.473287258460024,4.038712955031051,12.11242310967136,4.983959900681739,14.451542936956997,6.376038403180992,6.24091156855965,4.49145120034494,9.060535380563735,16.64147353721516,17.0987408433244,14.254585673068597,12.84599888331869,17.500298095259808,13.95042782309188,10.84996462341563,6.787573651190376,0.0,7.745841519684955,9.400583495982833,1.719574168643938,9.808075101791072,12.355158041441978,10.790428466347855
20230807,Solar,134.93904279734087,13.98155041426768,7.939217224040917,5.463105574167521,7.405948589125598,13.953403791389796,9.815609703526247,7.333170411253428,9.75387246325904,6.432790793359145,12.131519818303762,13.939927266435381,6.9563643311666805,14.84142283098661,12.790579336705955,9.499904949176518,14.4280711974423,5.290919939351029,6.096547754714018,9.937275032983425,9.465330998423113,12.978014808213219,10.70623956183391,21.896192948818324,13.420134107884255
20230807,Wind,133.05361843254283,8.687515697696227,6.241282176564059,9.688844715137503,11.271902398131799,2.110566884868491,9.893285246635388,4.586652260176717,2.7577734880848013,17.59464506530879,8.819637310808165,15.233821721906937,14.120956795193598,13.218373285960201,10.411788510815313,16.180605986402163,15.79251186189203,19.332946725338612,17.9805354941644,10.041891667543904,14.471773337872774,15.362348090627993,0.6514998318683818,8.221619974460651,15.75326880029261
20230808,Solar,157.0779633447897,5.944973802680561,9.806914332256428,15.285922692755456,6.810423307954944,6.718038061987304,4.590363173518507,11.087382570582188,5.669919722489649,2.366727541238254,11.292349354042086,6.475818916606241,6.337678066998241,14.694424534736655,11.820786717877047,14.627946985118403,15.628945952813298,0.7257748514699702,4.999886169655139,7.690750376598067,9.976601157166954,1.5012630691730489,9.211742133140849,10.255265659862095,9.796582875470891
20230808,Wind,185.1578158209809,13.721573211813446,6.576595537436728,11.519850889471668,13.355959958635998,15.943093579144577,15.407796905065256,9.6048885939664,4.445566380186367,2.583169258247967,14.025127833722173,5.225340409498999,11.88498012561772,0.0,15.6148719668068,10.784552615299807,5.707808867047026,13.269290652998041,12.542224552542418,14.439539145075722,12.96816709212636,9.817281306172156,0.0,12.070341725946923,12.142773344101663
20230809,Solar,131.6132208362017,13.194615111872759,1.1595937880669271,6.3893256483562615,13.557074846023193,4.145345922891751,13.624003387754128,13.948526204093984,6.864847724052404,12.289219537942685,15.0084915320209,12.184086878622582,13.761758376988752,5.537210993974303,18.750591457225642,6.159254178539099,11.024245722536522,9.322000655158133,10.028478568755238,22.553032808169608,3.0456228574357214,5.3413546414357995,8.020528175865765,10.582094301300081,10.16534975257375
20230809,Wind,169.78487533040024,11.087103212181479,4.724312265338187,17.049937558080696,10.024906519697941,10.420067740608648,5.701416573184358,7.770700825372054,10.819769451057315,6.869335178246834,11.850234234925063,10.10010128630643,0.0,4.475936060154039,11.510255875360084,12.06767001581703,1.1097829947549853,5.87082675614432,7.726616450431954,10.579265567773891,4.692290223474293,15.634688708428131,19.205915788941578,6.193657583932702,8.530624917769394
20230810,Solar,150.74080049652528,18.721556262116366,18.18877509269056,12.739376184973509,0.8718245649150025,4.673692478696056,8.95816993541657,12.790323842842508,7.775440254172434,6.673761117657408,17.638307760213426,19.99594440658824,14.34233482664473,4.000716131193327,6.885342998360665,12.038490908272767,10.39647501655005,11.737004430102896,20.216784574970404,13.583056017287381,3.131077792990349,15.91229364990602,14.682418886602257,17.426567738872045,0.3878177516968129
20230810,Wind,196.77471979392226,9.867872393164687,11.233641056431363,15.088964936020448,18.573924668329795,5.175463722952967,20.047698253985576,7.538646029881672,7.5606912235501085,4.604819844270192,6.917439730375773,0.39177758535623775,16.52035569798975,10.027850969270135,14.622871649840018,12.457274649804495,11.69050863424924,10.172024444735873,8.427377546003676,12.64401745365716,8.021333443980115,5.951590061338341,2.862033858750853,7.695320251917074,11.029656158548791
20230811,Solar,140.57040744468418,8.715550080375555,11.061810269040388,0.0,8.936635716552411,18.403928264321017,10.802885189171407,4.351938190956321,8.545527776382658,11.691005932384838,15.699781478923773,13.097904031019764,8.455427713536817,2.763602951397952,5.734130527202143,10.395162055791333,8.124326945292571,16.602650396461954,10.847187822864825,0.0,10.277984455880503,3.4219184781832936,7.284269494017554,12.340629101918513,5.44663799426531
20230811,Wind,146.05366621127223,8.000913344626998,8.586938049956808,11.654264391313731,23.54638324235518,13.596353207881943,11.978429776000327,7.284904323770336,17.497363397759408,11.128159373065648,13.521799313803188,13.015253925744709,11.728691972417133,5.281168588999181,11.951990021722807,11.63577092474418,0.8215829715035949,4.327489122552956,10.42831406744463,12.457838307595814,18.33856673711603,11.223483061681376,9.12016212472499,8.915548937571314,14.353715918270778
20230812,Solar,131.27997760005465,2.1956114675959637,9.741872879454153,14.210789181899466,13.262678481760975,14.915701138972937,6.955322244344352,1.9086640547485134,20.818777511754018,10.595615543367236,6.949998116323142,6.190211018751271,5.804387960970062,9.50647242592826,13.40656858966746,11.51074907701795,7.030749277087656,7.419303747137805,17.875008224043963,12.207610376874777,5.851666640176957,4.454305102842834,12.53243737903097,6.9707682289814095,5.659354396130285
20230812,Wind,141.88757300207521,13.306699820711462,7.8509403858431,18.50144321148996,8.950224616339716,13.918707400818896,8.434439457358293,18.941078199914894,7.746519100904051,7.085215393394967,11.163429413389869,5.162114174984201,11.817402680852814,1.9819560601193997,9.4596199789613,16.81045582203898,19.536576940611887,15.058012071868838,2.5070452124052913,3.757069865111821,14.246551532517499,14.288801212703518,14.252986554872598,15.24121414659652,7.15891600637625
20230813,Solar,110.82559358270629,9.472573164211116,12.634642655205326,2.680907079244792,12.239109382490021,9.303558188852488,17.556629928917012,10.71249873893001,11.680371012484784,6.244851982943474,11.507147891486666,8.303690808805495,22.30524890307059,7.5691594879157424,5.47589807536829,3.6294984831094657,11.955096093516728,8.975190892935629,21.220854756000836,1.0574537089923741,5.83853404008841,9.344123691144375,18.14697505887753,11.314730937775192,5.890292658778839
20230813,Wind,105.87013569282433,12.549656206783975,10.504044271296864,16.030572945972665,0.0,6.542016460480514,10.56647213646268,6.022965548347685,5.793610187216769,9.18453080714075,9.289837798216588,1.7924439237619227,0.0,13.194215113771067,7.727244119155225,4.992057648800011,7.576620072158836,12.733765391201155,17.59723696615048,12.135743481927134,10.119479762239967,18.027507658746554,5.227693509161961,0.0,12.66620721478713
20230814,Solar,188.78826926413626,19.2093900104562,4.143658949206924,18.22190142850622,15.130712016179832,7.989548702912534,9.645358905635593,8.111779188589699,13.838256524282539,14.83269904618256,9.235322500310641,17.286664020675556,7.496442365955554,3.8729124388040703,8.417896393336102,10.375650001251815,9.20414170142477,16.074014719530407,11.988333166387628,18.226431716605735,9.238538000366818,18.24973248510075,11.08991548825798,11.488750402846843,8.483894709106194
20230814,Wind,95.83991584076993,8.046241150476913,11.268622515520963,0.0,22.83470618764738,9.040867728066267,10.038205429682328,0.0,7.617749690361285,17.840796990682833,2.375861841572023,23.503644733402695,13.983771827589074,13.981493806108396,4.732037426398083,6.200058215513421,11.923076980895914,12.810958812992531,13.090785672582344,8.153342354135033,5.38089722580983,17.76023804587714,1.184048735027946,6.864552819372402,12.841723378903524
20230815,Solar,134.04409551510483,0.0,0.0,12.392955549348713,0.0,18.881430346639586,22.72691394207592,17.17176612535909,6.444475684551014,15.556776565149155,6.553663934994314,8.293578358148899,16.30791647077509,5.969131968091881,8.069519221477307,11.054363319887505,2.2539131638654766,6.944339709258015,8.859663868642045,8.341673903738549,5.77203888571809,12.014687703345997,12.049000707210363,2.0558173941340074,0.0
20230815,Wind,200.7671393135498,12.405351847553861,12.069295998388927,13.08810407170351,8.562954950871461,3.3182178448523514,10.199037515739423,16.682740221071167,20.007936329078483,12.528686709479832,8.80813933905237,6.803524104002133,3.0878881556094884,11.358246183626452,2.740179566498091,4.43422573711093,2.5138216688798343,8.24504210865701,10.750427654935057,21.541547872169865,17.987463897970045,5.271211853408361,12.463314307253246,14.782714435115258,19.970761853257756
20230816,Solar,132.36496024981963,10.834296949463377,2.953215715817393,8.36496168674047,9.473309386042368,7.231692756906028,5.849616503931994,10.537709520800483,3.2196537850419715,14.910880864192665,7.137158051682997,3.4457082476894794,6.809046337167795,4.468983454676531,12.955639709776356,5.223098817286797,6.319065375064809,16.116422633905565,12.099958089837035,14.479944402487563,7.333959650316248,2.584383425433253,10.100246508964657,6.1822242141747505,4.9484323757162185
20230816,Wind,191.43702268427876,6.337730620143399,9.51972456914962,7.549527699668551,14.37614314581532,5.435183168473088,6.723245491923809,11.597311480317034,0.0,4.090320650563774,5.721679657886333,4.519316222415698,7.098410557808731,12.266798639023634,11.666703600133529,20.30247995821563,7.4434813817229735,10.776060406845328,5.456959395699992,3.928670063339965,14.993195762442877,12.973066380451572,13.267870371189261,11.31181268565409,13.84339086837269
20230817,Solar,120.44771396365792,11.986331678107488,4.026861984019055,13.339269566439112,20.52987837082768,15.2831159876024,13.903780011940519,3.6616161153716975,13.674151230745005,6.431148627071196,15.305456765595073,7.0527778916511465,6.735021009281386,8.482086079749696,11.328491685486036,8.853336910340241,18.969794722955644,8.981378128700047,17.597004447857262,6.434978319357679,13.393379749184716,13.346832639482086,5.6941290003080685,14.599102698114907,12.499762361053788
20230817,Wind,97.4418196824903,13.930481600521876,10.014115997665485,6.92509123294684,11.914410612977823,19.268941296695484,2.8575943667661163,4.025150523697414,8.161857945234294,12.621992528504325,9.480374566776602,16.043839704238174,9.419127052783411,12.330984773527868,8.070511905658142,4.14379168003923,10.353273158507953,11.918049894509375,11.120606156516928,20.896390552199804,6.944682186172351,11.310124404163375,3.4023145810554056,8.787668203557184,13.558364094348164
20230818,Solar,70.25870725495896,5.266950448942263,12.891392596381111,8.91375335790951,20.708959121077637,11.543931799131979,12.252914907321149,1.5135192540613396,6.77001710373039,9.409195664757837,20.833708602682165,25.96503642708154,2.8565451832391062,7.274001606529328,8.739754897578804,9.42588638609964,7.415463870486617,3.578859623500228,10.708037909940709,6.684840504325786,9.983049818278559,3.355669666767839,5.24651389136052,11.256037299628627,5.910992242589187
20230818,Wind,215.63620346363308,8.493340692983088,17.5141354262479,14.062174504119607,10.852162384423313,11.95507917421792,6.380912361752787,9.194659571132046,23.65829500220322,11.68753189743173,11.113737495331314,6.385870179374402,8.727373010050556,12.78031011807409,5.855272978982152,15.182104820296775,10.282601317115112,8.816235792447735,5.666536449573205,7.33383010216519,10.603521953445997,6.011782767915702,11.850148018102809,6.596002764637476,8.305156790677284
20230819,Solar,93.15644091827923,17.38376864924464,2.2932117249426076,18.770215251634323,12.25711909398115,10.456604615209677,0.7061522177399615,15.305177024329662,13.651132862913478,14.897325955119545,15.200775963423483,5.489733013508694,5.319255515688108,14.234498606570838,12.525853617353397,16.027652510292572,0.0,9.607321515080578,15.848712316615698,13.353183427007147,12.434771690127745,10.416607657347113,16.552631566923143,15.519615948819004,11.991853434627807
20230819,Wind,187.35932950625465,6.391889043853174,14.877364778355675,12.689921362710091,11.641177830801274,12.187394946405625,5.099638915432026,8.083926856488274,9.707429512472618,14.120141422154129,8.959389775158662,4.16003395043779,9.655725492968669,10.598625143279092,3.2107998042430888,2.694641956111856,5.479550783740358,9.525585099923886,9.770287277310832,8.68239939404943,7.974775359923402,6.934340112409666,5.707495485115932,9.091269044950211,10.019751617235762
20230820,Solar,100.00264866033089,10.333348777068926,10.655763526887357,10.667422477072558,16.10149891502543,13.865775811788136,10.137669048393297,11.738479150888086,6.460341801361508,4.545182449669013,6.691626170390136,12.253947145379152,6.474350114985548,7.602291299247073,10.418821164975654,6.16478353489293,6.257569883455883,8.028662402699851,7.374132501181708,12.217128274590435,2.466023651451288,6.120594850654108,6.582958550253593,12.687376122457367,5.45330525114162
20230820,Wind,215.86919589699107,0.0,7.74666423587688,7.418012576696148,7.888394709448983,12.128202564434106,16.975836967464083,14.89416947446783,12.228939244158434,10.059221530492707,11.31424602567897,11.721104559189751,9.154816416370549,8.8315261098789,6.831512666112542,11.11353417226191,4.897269385011316,8.455998409232942,4.569883065889975,11.439382803870279,6.4977896113065485,5.167310567145166,10.576326281161522,17.526973550044985,12.866816097474553
20230821,Solar,260.339136230755,2.590772494593525,13.799282525297299,4.946999796744719,14.091433793807544,12.494171641391473,14.566647059733189,1.8794966101098087,1.3357368540282522,5.395887090693071,16.477580353805738,10.504629011570684,4.817813172119668,3.678676126084557,18.786551911827964,9.830129055560956,16.172415520486474,9.43016043882885,9.192355798717843,9.274293369345697,15.827822609474229,9.323423294724114,27.231063444769944,0.7425553937124019,21.41860920334566
20230821,Wind,65.67349701548316,10.787587486663998,8.820375744573967,15.547891207504748,3.8460169687178647,13.877071817469375,8.531548869146235,19.22782712689638,7.419492805140993,6.113409806799581,9.554637822728038,7.77848141465561,14.763503071463665,11.01459229403873,12.633912899903383,1.9999688112621483,13.300399101762165,17.30138876157395,4.151453983873948,16.04673798964224,9.843027328360286,8.962733415412758,7.7617312078102,6.574073819005134,7.891226210802975
20230822,Solar,95.7621782920593,16.139939047928003,13.587652582003395,9.232750744365577,8.577479476742955,1.1086094937246638,14.860935349090465,15.786601937156338,9.814505151011023,1.4456549745669023,12.233890918905967,16.796023495818456,8.372016941438456,13.11481637535511,9.997772883937621,2.8100499852604033,3.947318829759517,0.0,11.729156937722172,3.6236056667913044,7.89603270071822,5.866773396427912,14.82023908818539,9.136100417853005,12.440740337864222
20230822,Wind,188.65659319016123,3.189851589994995,5.038651434360025,15.753516373333644,6.816281885305958,10.010044650728627,8.216100853804727,12.569463588802131,11.067459158484677,10.668002211772741,11.287802157261964,13.821305146538899,10.069138765354609,17.831345222478504,4.469883996596811,4.661983897956148,3.6658063353263035,13.494864287308904,13.871878363409973,10.58748525561383,2.62450961529195,10.05126328545081,9.107347843294779,10.63807279504784,11.139285976353285
20230823,Solar,175.65214616829076,10.372820310302483,6.835014838518538,8.352240610022692,10.439807793089711,11.526045210422588,2.667442076270553,14.620472652680363,9.287843316029454,1.0761271543398399,9.509995388700942,13.604319099243837,9.270902854745687,16.541552822302645,3.182404361621538,1.1455612688296957,3.7028582417507847,9.566173654520956,8.034867108397611,7.0988199089401025,16.18537701825398,11.247183444581784,7.298334093879061,13.076934681936496,8.14600585573428
20230823,Wind,188.8460927380096,8.121410454731416,14.718000263972998,6.753556693194944,8.41960125298109,12.080740902596457,10.105438178163382,14.855381516375349,6.533943781355519,11.970666194260886,9.765877672943821,11.85119313497914,10.036161093217007,5.113398274416303,12.479001301786093,7.707644428095208,9.06632955130458,9.69099263577393,11.18053383084113,18.209868826547417,8.963609135721473,11.764757905602298,3.353128396121531,16.104056776416968,14.031420077808951
20230824,Solar,121.3122224797812,14.765440274962469,17.42700261785211,12.10399444413758,15.660668462284875,9.14556869108023,2.4703300249660765,11.463199432949061,14.603310728307692,16.792238054913856,5.007626856398792,9.05305588790034,10.010962861134884,11.060537362630406,18.993976601375266,15.972483512244565,11.000652086423354,7.969024715535302,16.100648630106573,9.127728567540423,15.437484911200269,5.212887760713391,8.480241604473973,6.272950135175841,13.963102263655443
20230824,Wind,249.37670805116838,3.9109834733870743,9.824840504235754,9.617320303658,5.606659524141787,10.80375749898576,13.957041537425312,17.141389764462847,1.7417321790043883,12.651680594902565,9.944557332483768,6.424158679321662,14.025691803146584,9.335068248718121,12.044766963220221,6.670783827728068,12.080672369788772,12.509039069542032,9.135817733452352,19.612998444229813,13.412018551123662,8.464351456532146,14.246356784413331,8.991454258597436,7.25093019872655
20230825,Solar,155.90247333448872,12.150388241837426,0.0,3.972356976946312,1.343420320944937,6.400467976596163,14.029400445034387,7.736698256912732,8.61038063992453,10.2594417891788,13.266469816971656,12.599525077717647,8.569665503999191,16.089981112789417,10.876452610712745,15.411278052098886,4.9279470688267155,14.75103515397215,9.472916070485908,7.891246846580823,13.976278040107475,10.08021242979227,5.650750548563173,15.608914584252059,17.164977805873573
20230825,Wind,89.15187115782402,6.731546565018716,9.004753586957726,19.08684164890924,3.2135809014422136,1.1257763215113503,5.6001503023486885,12.309056025976991,7.410347188395054,17.67224062701548,11.478560590718496,12.11581328802297,6.40103232171149,6.454136697206241,10.948733804078875,10.148482920373569,9.108170895944939,0.5190152697433137,10.027565605452565,10.545718085654029,18.297255349207955,10.625886216299422,10.481722186257576,11.690088248646548,10.053389646990889
20230826,Solar,137.34257499785275,11.115190124132376,10.162130589112149,6.865081131141812,14.970840231506596,14.915685506528282,10.72798753412831,16.6082140062503,15.059215500213329,11.637228486847805,10.92090263818227,12.835955683094094,10.208576446938157,14.39040485563113,10.515093166782153,9.08308946577553,9.7205914973097,20.469697306615334,7.797060650583826,15.440524014001642,10.60452811858474,3.3250229877239432,5.731202614947412,1.4969171450482521,15.37779274190828
20230826,Wind,89.82165518855837,10.344655261542362,8.836133116534143,14.637957605871069,5.15221328341889,4.3281419834024835,10.680246170957206,0.0,7.705584528353177,5.686283403565653,13.625057231104314,2.1778300758455016,6.935478941468744,5.064838171876076,11.016690339084361,1.6713023131718396,15.984703961293333,10.720608497044674,8.241733396844813,5.222168519155445,9.33257395298125,8.29394414010073,7.911823277860572,1.0832892534851624,11.72167647339474
20230827,Solar,229.54706792770526,8.74110462928691,11.681692808327655,14.209283146982408,11.989222077603545,9.19773068443119,14.359816908836207,12.189816729870788,12.188317783886552,10.62553225865577,10.974674551759415,11.696390714854969,9.625432107750099,9.470093730517581,6.574204631329785,15.849085087835187,13.871045845149554,10.54843025300767,6.156230603810374,17.54549499001864,17.81943245947965,12.963599886379422,2.4278283449715,7.554911378317486,10.197910883646975
20230827,Wind,116.98343685999419,12.389059231346922,7.61545036201339,3.702686175428216,8.5260624837596,6.254351835489972,3.774658730080761,13.623024892216774,11.665233980797062,19.79845750297075,10.069579694259103,8.456665763293273,4.7398636538660535,5.57744339502779,5.132164011971416,10.582136804122465,2.8236810115345943,3.0289204388056645,12.147410681894906,10.130585027564715,14.169865778076746,7.030654701862936,21.5912041979393,12.760022935334774,9.958465051751027
20230828,Solar,174.62417423723113,10.218263671514805,14.194354303390137,4.9880617769175775,14.121220273766276,17.935046399380397,12.997437617840902,1.457793170577787,0.8244082894644011,4.536805826788411,13.675802034805159,5.607013968648703,15.248912361881276,0.17479613264504645,10.546166173846954,2.0005366716250697,0.5812160028638924,7.144984875664903,9.642192632465866,12.057804138943368,6.47593821215414,11.778281452952811,11.532182531457806,12.666677225094757,13.38105082763352
20230828,Wind,126.46634275089099,9.335968489616524,4.16643363634479,8.49245330149936,8.846171474416948,9.601776427456425,3.4161537449724513,11.409100430082919,9.671763075451869,3.099380601326361,10.682998091744839,13.642134721099946,6.0973362090855305,5.477913854588923,17.467088571531704,11.909273154140577,9.444938629493949,16.79533475212481,12.99414823936812,12.730102589907514,15.216804886744816,10.073045824089833,8.367811625238447,5.534206442225365,4.500335924705378
20230829,Solar,119.23063451187434,8.217917329886285,16.184243536770705,5.671767277108417,23.82174258058568,8.44771768558967,13.885943688364353,6.031470098201806,1.286320891126237,13.074543236707695,8.81702352928779,10.886351951494415,15.99701821437659,8.712437996841967,13.885153166873785,7.060823056074173,6.813859968611757,10.343382958832276,15.108810108559293,9.619725504644396,17.57495065969815,7.7004804106886455,16.453811611814373,13.31791684781472,11.856631833372326
20230829,Wind,54.48729093594746,,,,,,,,,,,,,,,,,,,,,,,,
20230830,Solar,179.90873014952837,11.11021774073036,5.434701309698464,8.999121816007442,8.423949097971537,20.782370838040933,6.652043031800537,9.525003517946246,6.348392330114153,7.339990622500739,9.823907972163893,12.42241080549676,14.280765943711542,4.563241461216203,8.724053690441918,11.200670768348484,6.217992541405659,7.6940418529393595,5.816283124418637,10.471157736901604,3.777516446565652,8.486619847983762,12.295621863374077,4.593348466380983,12.552901738941662
20230830,Wind,214.9590626314592,5.0542895995968955,5.4320008719846875,14.44874521407034,7.739327054525069,12.028447635290442,16.0956443327077,5.268359154148534,15.933347884246986,3.704102898990802,8.592432714063987,8.513896860419456,6.163440171563367,6.9713500952831895,13.644982561095182,16.07867842021023,12.89772596068862,19.85383652539503,13.45941146963639,0.0,5.949549750875599,8.94800819889547,17.812467475583496,6.99282657922495,1.2665051627010704
20230831,Solar,104.20162093174241,8.252643810413117,12.05347656888764,12.56818694500102,25.661630754042307,8.112902691840823,2.1298351849060593,15.548318318007254,9.096159500610192,0.2494388100662781,10.77711112600372,9.458572487780508,0.16577455899586924,2.7982544250861316,17.584346445775623,4.3636066762415515,2.4816608792030523,9.233695258636937,8.728155554909488,3.4465992789713553,13.615311588806449,7.576134099653132,17.36857045099061,0.2769568519922416,3.0847841617250027
20230831,Wind,72.73854425006641,4.724070276844136,4.063897951285553,11.320112244981766,4.605745193357052,13.48296990677345,15.49791722605274,7.908174880052473,6.149718488978823,2.7178498058428966,10.835454229603657,4.14049365183593,1.7559506080174447,15.776395516613936,18.956437268420945,12.859410750274602,19.241708744834384,15.652554342318595,10.40356807468216,9.299486457197455,13.944462331505484,17.402383669802532,4.282174440992836,4.045310093785206,10.105050905082763
20230901,Solar,190.16580213689144,9.800772886096071,7.536985644488399,10.201606053697938,9.724882260408254,2.136604657092173,17.192281190813205,11.349818970107915,15.999294330974584,18.0746276266368,4.481876380325077,16.154240892598544,22.514511676147443,7.697689647261116,8.946418701719097,16.641487205575423,6.412369993985217,9.243646603414302,10.417864818385551,17.736760523522197,12.597692783456845,16.953675577714048,10.063481393742913,0.5812302809449588,6.065267947397457
20230901,Wind,67.68793254468744,7.03833897572986,15.512634782280072,16.185653538943484,10.112244598527138,10.232146300321984,11.729075970757659,16.57023811742049,5.640549176458235,9.95562878427761,11.666152336500614,11.574926428529775,7.010298509939913,8.308166654956345,14.121154780961241,22.60243385733847,13.162671774712063,11.737681995554029,5.259908854007448,17.585379787410417,14.381975306478983,15.733862274841261,16.385404961502047,2.266232433261152,14.448373003232943
20230902,Solar,210.97664679741294,13.85391573990628,13.688033822384815,5.874535133324916,9.988310510927128,19.96978827478206,9.022371094853195,5.416527528084093,14.4734753067382,0.18817758973281307,19.23256424542585,11.660648401465725,15.480790314408281,8.261327180500585,11.246358464209312,15.247799760361314,6.654797067868116,11.760998086908645,12.530235541556353,14.897331170633432,4.459015431476832,14.347368787513865,4.593296927189155,18.39658825472295,7.628806838866275
20230902,Wind,104.78024385226897,,,,,,,,,,,,,,,,,,,,,,,,
20230903,Solar,94.83536285876868,5.386257182178152,10.853920738001039,3.5638840974795247,12.483012048379702,10.53888828078824,6.981208156344365,7.523364274783302,8.172841887001978,16.174169835069872,7.487121381807561,13.895005913793135,10.894273618164593,2.666971821693088,10.311733413770709,11.375109093986005,9.27026310791998,13.69385523474668,4.9576217124039665,11.503814101372386,16.265707304022833,7.750981297463278,8.528661018246238,1.1302807566233497,19.696831071564688
20230903,Wind,162.42312105656458,9.988463273007627,6.9458099886090725,13.907558628112119,5.148249543038415,10.103182701787528,23.12313339581372,8.63910177731138,3.320110972431789,16.14616977841418,23.90013111619474,5.3230101578326865,11.742036089643245,5.2410889369265865,10.373126387831142,17.760508347548946,3.7299149497570827,7.6296547161287585,9.174113695723582,5.696973611999648,10.5189289214534,6.146630840184936,12.505472358023912,12.093682195058191,10.115075434650443
20230904,Solar,98.09303574942811,13.192582896241818,10.256217558265101,2.974180700301087,17.179945620845356,8.022618597869004,7.067343547828543,20.780426039532287,16.208312709086712,7.88734345258,5.889336558392349,7.230452444132464,24.182060055506852,13.080083596072306,15.875818765022345,8.567815037873354,10.735496366149643,15.795192776670012,9.454877406230976,9.66394951557256,16.043365268064907,15.151642358118817,14.012607296361582,11.44947857628647,4.940950983924397
20230904,Wind,114.64444593533953,9.123458399179857,9.24705830295683,8.421472238865201,2.720174787826891,11.572453361824351,16.587005848286594,12.283879420351397,12.502320286796799,8.65594694128714,16.431950385815004,10.627189501316343,8.410706306154085,0.0,2.9776521248846652,13.979512730756513,9.874013167155585,5.049307478006689,13.737790949459649,14.77251644175943,6.507069103178747,21.677931856435723,15.750322696132464,10.9645612646611,11.979150878229014
20230905,Solar,167.69909663355034,6.358912375972276,9.317214453984322,10.466549690304834,10.29732963687738,13.876365058301516,6.293862912879289,11.567963383111032,6.140259896199154,10.688139318540422,8.856469221546332,7.09527266018975,6.443659754543781,12.706533662316813,12.340730820135958,20.97051330319832,6.526937810601831,4.082273743044772,15.86562638716875,13.289411269300437,4.719386552676676,13.396305461364367,10.413271071099999,5.633934373941282,11.413664691318926
20230905,Wind,28.544383141667694,4.537982359776022,9.880981459521335,7.566523255852431,0.0,8.340899737546126,17.984041397518247,12.620436669657302,11.223028422972952,17.00523253997342,10.300699961548611,6.038348447372106,11.754668046753235,11.71549218533841,17.6970898001636,9.453127631713507,10.75717943285146,8.542909904848175,9.958181112613312,16.415900939163325,3.645674241045276,18.380047132078325,4.7962295475719365,13.113645265098425,11.250157878270748
20230906,Solar,232.1209622964161,14.271337807891811,5.341166455768818,9.091652151915545,0.0,0.0,20.06164290877585,12.15129813791233,15.03080949366243,7.22549490455683,9.344160964732529,9.749323507839653,5.376187065152725,0.9255519273129342,17.158937624879538,0.0,15.194196163866403,11.967006013758352,1.596489675074425,2.953889347725963,14.005047883763657,12.28682370963668,8.22700233386997,4.510981210703827,16.840135052404882
20230906,Wind,152.1820066232869,,,,,,,,,,,,,,,,,,,,,,,,
20230907,Solar,85.3516993798236,8.960262005629756,2.9566836612070446,5.062747656382243,6.508949588314859,20.66563038260052,11.433286342835752,21.48380410261104,11.191994163265484,13.478384341785793,2.101234117505122,14.475381316614312,9.73255772697758,15.81930222207222,6.214747953207278,11.46722704621563,6.3571885414115386,9.61085013048649,20.990363357638614,17.532173770039275,12.70885289695424,7.09947146094984,6.589432441573203,14.423033579660414,14.997436234614549
20230907,Wind,99.13773153565792,13.830687922633388,6.415866960459428,12.491323535979411,17.328632064947175,8.118692959719347,5.217104876077107,2.678152374306777,15.16001871902014,16.046273669248308,10.931302286990958,13.537077741387778,6.230911727908331,4.6473934771294045,13.883891482420294,5.815247809915617,11.999704326629542,3.0761777083704844,13.589523371232112,17.608926482826664,7.5831343086751835,13.065135503488083,13.544705902153693,9.678790667854548,6.9690631631504685
20230908,Solar,199.5823189130401,0.0,9.405606184300913,10.148359124887225,9.797040818690508,2.6441830862169824,4.6216619521585764,18.66297133013141,17.686313871515882,9.736046528917212,7.98319075317718,12.431199167789025,12.471919669106212,7.2401165305563016,16.62470055980318,8.263930116101456,12.207857085468005,8.65219217261678,8.635951859947594,9.9190840440805,13.185691521815965,14.564884818660902,2.8247186588582442,2.6784081757006097,16.902963571676082
20230908,Wind,180.05264675370518,16.637773253546182,0.0,6.547359870892465,16.462034504557767,13.387064923662397,11.489573025828141,13.090076825111257,9.402004125190997,13.352199539009696,0.6846305252800189,7.62217970379318,10.541606846770446,23.8052798325879,7.424298100190056,8.524770773047644,8.57549139113536,14.859183966309521,12.005184525251327,9.883161985953913,13.048506435975137,15.26858195274413,7.236050542178182,14.012478506210835,0.0
20230909,Solar,219.33903286426056,9.215275973614107,13.844957681724587,16.621388815648356,8.101067026616615,18.719161320920016,17.2909623859056,10.903895090672359,3.3127856733579533,10.562233820370166,15.60444513844611,15.604362913963111,13.8016021952163,11.62948937653055,11.788053877737505,12.80474651626735,16.867360541869154,5.782029721141718,14.00126549624871,15.864052217311869,0.0,10.51713430114773,14.453972816209319,7.082185963539801,21.153089211495576
20230909,Wind,115.86285775978826,10.708882803997446,0.0,3.9003455000489207,13.030425914401658,12.646867848576177,7.2589875542548485,8.472575119616792,3.48711843211977,8.743776969477395,0.0,1.3204873152324825,18.26226686919746,8.710030245406402,8.973650380858476,5.270170747420987,8.50229709998784,3.891669237829578,10.565022139386318,12.660657069809663,8.247965883644449,10.989525393558349,13.4226976233888,11.371796861140046,8.645893750027396
20230910,Solar,164.82919185754014,8.397411381670153,13.34793845449089,8.192047670679687,6.372623415405496,18.62350027083255,21.03964608897093,23.02580275546649,6.545035935800543,5.853609007570743,20.742231151963555,12.16894635818874,7.4917846058093875,7.614706892774463,6.930064032009774,7.081176523234166,17.439705408636147,11.893124204011627,16.574674276282828,13.031680388338323,11.397223625767827,9.694997484318035,5.988375622326547,13.453860252902519,3.9486066162653444
20230910,Wind,171.32839558918388,16.978537409337527,3.5359535503591886,7.471718609107642,6.032634654506994,13.968342728128563,6.94927030185081,13.022447800872131,5.32554236790508,4.230700492765256,13.084765925771041,14.20647492057827,7.942459781265904,11.865298108458596,8.42415022578408,17.035235948504468,6.726356942822416,6.062043595372904,4.338328905822058,5.375923585962684,15.540267202092217,7.176950119769263,5.5008415162338995,5.951708910061293,14.537737828101305
20230911,Solar,184.76337501261185,4.696341880222331,7.975406546482502,13.075188138805222,0.895749305410527,13.534254928388464,11.146959703749854,10.088440324591996,1.587655519496578,6.9261696911474315,3.1950210561114156,9.548542155494106,3.2717629020438785,13.424541416110829,10.642652895112764,7.5901895439629605,14.251900848872049,22.114262099605263,7.979850486097699,15.74680515759452,9.574340375582349,14.406187247441745,17.877139299999158,20.72849521113342,12.558209242110719
20230911,Wind,206.36405617160347,17.37230163303418,12.595653234747147,10.240818455685972,11.678769969256374,7.409996586289438,11.160082332018279,7.3236864774483,19.23912501565774,5.119704070657384,16.690468240086027,6.388541176236665,12.605151372987196,0.0,5.408819831422974,13.628927646571745,8.901028482812315,10.959936128114137,12.295597344893759,9.001696171265607,10.745209886464952,0.5237198632260309,11.873945239314557,9.780613058623121,12.265945201088455
20230912,Solar,114.13680470778264,11.981354604725555,20.99069759739741,9.459173767327016,11.310417073500748,11.427034453766085,9.492328123822414,6.724258656264572,12.640496311381668,11.41741266529715,6.248102661541185,9.814704886401438,6.776242262697699,0.0,4.5894496734767065,10.069690502727578,11.342730658268568,15.123136009488192,13.491598476015668,3.038223175515802,9.66316498631219,1.6380971826550261,5.935545373299908,6.646292654311365,14.64799463867314
20230912,Wind,144.29148661197596,13.11332107959079,10.582259888536747,0.7789164806638049,13.886564436429259,9.852645216411117,0.0,10.253054235861072,7.381012015825043,16.087728837083937,6.4758805855991675,6.212024846426044,11.727639915833757,5.0097641342891865,5.551969753131872,9.88441125475768,0.0,3.4266268640143203,7.264317660546677,6.093275676589128,11.326420778162856,7.26515568960317,9.794581147168339,14.997159273878898,10.181964650902444
20230913,Solar,119.49251272099275,8.353977183355418,0.08686835900245993,14.325172403160465,11.074591435706976,9.681321397166743,6.90463449784552,5.346984841693784,9.837415788040106,11.020046756854498,0.9951484361537177,12.57130328841572,15.827366102833137,9.23078301576669,11.639503746144866,13.690707832185062,20.843649895698256,12.286843334084496,7.736514044353345,7.014598308345921,3.1560492835731644,3.632027626256934,15.43240573539886,17.74928629043425,8.53719856704155
20230913,Wind,147.36940633218123,3.4589040105181468,14.76847566317887,8.910870925841316,20.130979885969836,8.730674360244665,10.998196461514361,13.39825523972373,1.0680045624827905,5.396483301566646,5.6801855005346376,14.728668289964869,6.578007828130838,10.377846321793356,2.67093543662149,0.6876886752078959,11.584679666085993,4.969527554367526,6.66711605372723,17.390075707243543,6.972742503123572,15.42998648188201,5.529801974433432,0.0,4.203041651076593
20230914,Solar,184.92163910314875,,,,,,,,,,,,,,,,,,,,,,,,
20230914,Wind,67.29822498696488,11.557041755946655,10.349533272294117,6.257183899530613,14.959133571690602,3.5182750793163686,13.181013297013914,15.024777572229121,0.25194804228142575,11.484407480498543,14.090730428126045,11.935677751613223,15.072563328599418,8.976081731422136,16.862519118270935,12.763811680454136,3.1115884339185773,6.238646313588142,12.595042204181288,11.923447085511741,7.79022792344041,14.38527883723106,11.103062804709612,6.121984331621372,7.44277120514111
20230915,Solar,205.46857847296428,16.80811729154409,12.789315149438071,5.470856185914636,8.379454585004487,14.058591996407873,13.78417955995926,14.912936906556434,12.550138908221317,12.474130103558903,15.835969330646286,13.801587784044939,13.537114166761384,9.640805505488185,4.933892806138434,14.242218017754846,10.8579471223474,15.198525423403561,9.812481533652235,0.0,12.478362101078469,16.523784904471718,3.23865587697545,20.56716710999349,9.958173867762511
20230915,Wind,93.04089378681252,9.031118398921508,0.0,17.496438792378434,5.4576498284930555,5.611273536099017,8.79960769410545,9.722821604379039,0.807889226258498,7.4031614445881875,3.7960561067787815,14.379446532944597,13.007417896574317,5.7507629499855515,9.029954388817313,8.122646304454866,9.10289486794542,11.605758068118108,16.48631589360487,14.684021191728082,6.039883309638566,10.306842884867706,6.633715843880591,7.604410345074895,10.564627239129347
20230916,Solar,134.63148401513843,7.903843105505426,10.032684238675978,1.1338071086879364,13.588475850933182,8.74864387497646,5.187848138422769,12.901511149274885,7.929959524403699,15.666882861592462,11.352699846789392,6.108631452397499,8.04306567073374,7.327548228056057,14.611444782955486,10.00262815417862,4.711982108360608,10.587051184757692,4.531843896295036,6.042071627738001,8.742365917753872,11.635412944472272,7.824879981501996,17.60422965401676,18.68686984941905
20230916,Wind,212.19709624830622,16.94044118320151,7.951530550236523,4.729004861086141,9.554260060898295,11.652799465175825,17.741588526917067,13.15181954763399,16.21344436135446,15.641328490894775,0.7987267337124748,2.310033616862668,2.81965184614846,6.367495748824957,2.808702848250979,0.0,16.426424422022084,16.805309353490504,9.214014631435795,11.954108117746053,11.953518414714052,16.13362703051497,0.0,11.10055316995004,6.2634399358192026
20230917,Solar,166.40048589917026,19.55947082248722,16.109174530027595,17.402460763345402,14.160215229648104,5.36363290802244,3.2226883474217405,2.688341954275998,1.8302395417911543,9.079664276707806,11.37172387444346,11.389433286270025,6.440830607826818,12.321501532109455,2.802791222252373,6.650793515182657,10.731360398869525,10.07932710509078,13.679158726803685,11.952158951725826,23.612660296050443,14.996220513816358,10.415642360173907,2.748485768300426,9.294729381327036
20230917,Wind,166.97649741318298,10.04673588182865,13.635568816693715,13.203731904993269,11.764682709223404,0.16768468847373597,7.023463882839257,18.65846494326812,9.256455498906801,13.59225923301462,20.810400903704597,14.62192848880384,4.952597425565077,10.034347620554056,6.837084335663154,10.877926502395164,9.72919251171405,15.151934036249976,11.72132698788723,13.16493964824821,9.59189472629037,0.0,13.062680794119489,14.403121239489375,7.822957544423516
20230918,Solar,90.96869773524446,6.236212515714469,1.8649903860922656,8.372687341287902,6.034933366049219,8.084766611512464,5.750200380130995,8.721281428564229,13.138853378635934,15.50744576035834,1.1009378559790117,2.0955077582777837,12.907731570269071,4.288581654373803,14.806523370126449,17.353307367270723,13.123752809943454,19.00298139429716,4.508951425216175,11.661531447314264,13.59604054619105,7.938790635455941,19.751217762514692,11.584746144322057,2.9855580801641155
20230918,Wind,97.79570320880796,14.052653813947746,16.31312926174524,16.232981571443265,15.371689388385143,2.8445125370815005,13.732288109010538,13.477867567078501,12.320847501721927,7.6731388695573965,4.926667289165834,10.344160381748472,11.422607683102125,14.775233745124137,9.891767465043971,19.228894566307872,5.726586413383084,10.700743894605411,15.760704673781193,19.572646925013732,9.065787434887227,12.563025857657168,12.983598356395218,5.688677417907036,24.55864316735008
20230919,Solar,197.06281983344596,8.729897169146628,12.247625440801055,12.234300581980044,5.644050231076662,13.561554663352352,16.585109872402953,13.61811755526412,10.350929998891814,9.593806761825977,13.636376072868106,15.641678398639755,7.006915375771178,3.1635368507849835,9.959619392163846,8.287760505502515,10.806448731071727,11.297674315548447,10.479383811984015,11.043684301501015,11.779837900421951,11.078407297837225,4.869559528859186,6.6962139823578255,5.319360028529975
20230919,Wind,120.54282272578051,12.996314127003991,2.2637920127339104,11.163300459872097,13.126631316477523,4.23248213728937,9.131533122445276,0.0,12.478817561690992,10.398956786012032,14.225972374850805,9.417709519150124,7.8606223590224,1.4354566280078995,8.52288474037777,14.37015796431638,10.450911230404264,14.772733054818119,19.585240482936726,21.24264921468948,9.858123989214882,5.0371354061282485,7.740733089322832,4.751984882742106,11.846999228480767
20230920,Solar,125.25440633500753,8.703620128106234,10.278765517463865,11.127810085512088,16.408055557629265,17.42577781854581,11.148883801674563,6.715354026252653,6.945880221978555,4.510899208771012,5.294416274629973,17.605671473698422,12.378248294544022,8.774246442358821,12.810673802376431,9.26396650931591,10.670658409749167,17.18377842769276,9.339483593215661,13.188664061570073,7.889957326471169,1.4622721468101296,19.305905430670975,6.8763095233797396,18.5010876389788
20230920,Wind,198.19756255273558,17.820070091059065,15.174130569279276,12.326191086072468,8.077025807924212,9.971035553823874,12.143859104945747,14.20184410213028,19.663979276664985,12.208312557772036,17.367908676790478,16.669194620726657,8.403344332470786,8.748901853268698,17.159232490879788,1.92020695566693,15.136515351615497,10.641022623135267,15.790036251190946,11.37356600763464,8.98740915399129,13.056095386677397,12.269409263169607,13.292275998047502,3.8031021904309767
20230921,Solar,97.50432273152363,6.502552474746502,3.92978063713303,12.528462506487264,15.779972268361576,10.295870972971146,19.020020492944305,10.311262297176015,1.9469107355408233,15.112614077997035,5.922107837636634,9.086437266213608,7.094266457114463,10.36393511079267,24.920122531635375,13.025276398864612,7.8776414540111075,6.812828898660478,8.208140393575247,14.457551430481953,16.235557953953883,5.783011953340881,15.240659991190139,5.481522471116713,14.380297726692575
20230921,Wind,163.4617566443129,12.4026483126098,16.887886679227087,20.979865264479784,11.988084170265962,0.09684335727668025,1.1321327889341126,13.444846681690349,15.810353721643873,9.28056991891076,18.367338038014992,8.161301482088724,19.892955644970854,4.093394954516908,9.259571839192724,19.156426231837237,7.350135584761602,14.33283963995915,8.819500661688242,10.98361171922985,11.44573093787958,9.328318072524059,7.1331175462959715,10.42193562577056,2.303077428031477
20230922,Solar,152.14536630838458,7.556490148839381,2.436856129362371,9.02553594163664,14.259718891981317,10.72431314425262,13.721109495634643,10.46183280722592,10.947472683917582,11.699250271761338,12.34325844020462,8.253320016683762,7.251879026672681,14.465402326582009,17.629739325738456,8.092814898964614,6.928150855914186,12.85836978937912,12.470136897201135,12.245793491762294,4.015107070772617,10.723662244621124,8.919342114949302,11.569258902355234,5.988002445302335
20230922,Wind,149.86571370683788,8.592467192896155,6.043864116765077,9.179764059258982,5.816221544487069,9.599100415633732,11.882623739697516,16.146908969015726,13.085546156821747,16.99290397959088,16.35607526018515,10.674274645129543,13.34319839659785,18.573689234405148,14.996324031914094,5.463715482291605,6.721188853852359,14.284770969660922,1.4888882388014857,11.736466313849293,7.878809435484939,9.186174439427104,9.655103402626523,9.72730085997692,12.80657973786363
20230923,Solar,124.0782184061248,7.939721726197117,5.28564582305154,3.8155340621464306,11.071501160268738,3.504554825372652,8.145802373770897,10.570169442222053,13.972730087918698,7.97424062598526,11.854140631327306,4.132482687087018,11.962878384441971,9.891758089406066,11.334971775437179,10.336844258089316,15.511671792114889,13.493707534744162,0.0,11.237567126042896,5.540485063520814,5.341237618015976,14.601734806026082,1.921675374166406,8.636393101466325
20230923,Wind,121.00724092683357,13.693040330467078,16.88466865794331,9.740513065894909,2.9595934498774823,10.436341693984042,11.63113367860148,17.120445483902383,12.778143017316214,11.801324988135018,13.284820521771646,3.208144677146257,2.383720342474145,11.580052053432386,0.0,9.386042183445301,9.646547586429598,11.033832498221406,6.614997606305349,20.592604993439092,14.637126846521856,9.586415612131725,7.85764464905711,13.744379048857352,17.27259497554019
20230924,Solar,96.08179181025673,14.591815574669354,7.544919317254016,19.314434497724093,18.55650257655232,8.010384945962882,13.70414487914959,5.099857113939778,5.944891197205145,7.150938991651631,13.550662632896183,0.0,6.605030582652478,0.0,8.110564182366625,23.050209349892555,15.114024816787813,11.322960876978682,3.5022040741554217,21.361865185584932,6.203013133759986,7.277709501580532,13.013542409911622,4.172912727375175,10.64252287610536
20230924,Wind,174.13325130206533,12.788694144661855,4.1859149866950105,14.922425012173282,0.0,8.916060910523202,12.915813562414014,9.361799652605278,8.568651552556092,7.014468504652929,15.723932713166969,9.894235133937235,14.095608533723503,7.825550258262801,8.308683703885235,15.029310603579356,11.355108207056121,13.511225338616546,0.0,11.635159299542243,14.309142348236431,18.278939428520236,9.996557832773139,7.12470352261509,12.604983704286438
20230925,Solar,116.59254042416319,9.460082666273648,12.22605439457031,7.281661280623361,8.22624090185575,10.129408810970231,20.792503029581493,7.033002157089809,2.7420516647058424,11.709466307363936,9.835860999212843,20.19442467577614,9.342586070391533,6.520017525510112,11.79400413011121,10.64695048842111,5.629381953829468,2.7523630384458055,13.712625370954163,16.297294838345028,14.882906541707028,11.066824739264963,3.9343581094377367,7.699275636193233,6.550727407245115
20230925,Wind,198.43723105836258,10.700900155007965,13.305904952963596,10.150206822606425,5.341457029001887,7.642728934208992,10.637407938968426,11.943180320311326,8.507521369942888,11.206847836566437,5.500480824572757,0.04741025528422371,2.675302104864903,5.709476538018204,9.012666122035375,0.0,2.465187102623083,16.64840222530948,6.044483547328362,16.004745059508725,10.721562057123984,22.832192139838835,9.9856021898768,9.84074550878007,4.807309580813751
20230926,Solar,138.77224792046735,14.488607842297125,13.337680473970657,3.517808122075027,13.373502076011189,11.23228313474434,10.134525916451633,8.606660275587117,11.612594974042214,12.775349197638489,9.605304364985017,9.079185612628612,11.972440977278788,6.712495917688393,7.1840053745790176,9.283507547453395,2.73985625460568,12.249894246093696,8.281602486929208,15.463764681744335,12.722143708562811,3.407949644271967,15.521167398817235,10.481156474590112,4.220219125146399
20230926,Wind,97.07747552894811,14.646557936038027,8.643304173869952,5.154403278508468,19.619729729649595,9.567222588245183,9.093506071651126,8.852429064531817,13.035641376783516,10.380793748122247,6.662560843795334,8.92896299587831,7.0884767741327295,7.211424472117089,20.150049724217503,19.261133148569854,5.545702894841725,5.769323081702888,10.695935819557995,12.725257623100335,7.492707675962777,8.49558555007102,10.030510039669492,13.429272167906332,5.325268474247638
20230927,Solar,138.109305892579,0.0,11.27267150518474,10.747205763068587,13.274575493437627,12.363842341932877,12.76489418572944,6.476168183748766,11.957171724971309,12.325714086495774,6.989639460812176,9.239668747378749,12.17946087739191,2.725335175204627,16.54088593790358,10.40023755205881,15.098607740869364,10.925569891248918,12.522603467094658,13.31699553454804,14.245762390872805,8.478376687302802,8.356789710493619,8.44102178624173,6.525263797264655
20230927,Wind,129.45714004317628,8.63888914113652,6.748834568853573,7.527726985897736,24.806418484756755,7.356627030140041,9.839708692570262,7.696322415357281,1.2245512928493274,18.327594860356843,18.273886199002042,16.284006246983463,23.43887328752714,7.5636601794448675,0.0,14.109247301164425,16.503959672567348,16.5929504559869,11.41450117865535,12.856055208871586,3.8011974415139216,6.115715086106271,17.118591143698595,3.9161047819685346,15.78549865079543
20230928,Solar,200.45517058640263,8.878706042802573,18.374008389678654,4.777001053107909,3.1102991172058,4.675401235330203,10.066045725323834,9.948614680416613,7.1891303378963585,15.299552026527886,13.113639453781731,5.557985621283452,11.912195349865291,4.791592836477051,8.594563092407395,11.95979664979659,10.464766708298514,11.451384007999987,11.010436203141634,6.407233284894041,7.68658002016515,8.243786861873055,11.949454288803135,15.43535066108463,12.017009656144932
20230928,Wind,131.54999053742338,13.346262820630809,15.721025793289659,12.44920382368946,3.4940793373571735,6.455657357809307,10.089149300031284,0.0,6.688752553162362,11.691908493722442,12.883687411164573,0.26873403499682147,13.060865081336198,13.941666763220853,13.154614263530755,7.566689703780521,14.634560140269599,6.339717639699463,12.347341609976548,9.673433245908514,8.461720997613531,7.60015680619498,3.091884788595957,7.994856123125666,3.6113423486504512
20230929,Solar,136.1894809399837,9.666145911446272,15.414784145203377,9.58874956673338,5.534428841922999,17.213283844258893,9.326957152549534,0.0,3.449160333783209,12.524534991683353,15.363217712105628,7.3285847425206025,8.730027354731012,11.651648495421238,16.654533575059528,18.456578619453076,7.225054642983863,3.627538109587951,7.501386788216112,4.016014148242011,14.932464161824782,5.106476695728094,8.555722383731762,9.075302508214252,7.940664580343988
20230929,Wind,220.5773352746218,13.595916904746437,13.970579672867729,2.1622481415448034,10.60622347647953,14.779832631033733,6.956635989237961,10.295729711537414,5.820332994481199,8.505489932478987,13.08755246382697,6.660828319758263,4.402061711562265,11.65850006648619,7.900116209512359,10.944529597863236,6.8608594833923355,22.324466011736654,6.436521509995869,12.88221151908527,18.52623392490334,18.973171213340173,11.33929633323374,4.995997816830839,9.848204599383815
20230930,Solar,175.41336607316745,4.6066961448472385,12.598666529975008,0.0,4.865388123583751,16.066895662995545,12.090532690984555,0.0,10.006395901847547,9.204054544310354,19.335387474168876,0.0,15.119624599295461,14.88393193295926,8.923147848722529,6.465648607746632,13.853862645113345,1.3054203661901342,0.0,12.155862138334951,7.72523457848591,9.58280239149718,11.176672995478953,5.671832999326629,24.667260472898494
20230930,Wind,233.13530080017483,11.3002725773039,3.77818757925106,7.1499425071287295,6.241686228474872,16.413569790851096,8.574762174916907,9.034288615959644,17.06894260389214,12.462304653357329,0.0,11.227433647517602,6.970803570118581,5.868604356427034,10.4739223523331,10.107625221447625,10.83132708255232,11.684567299001374,13.191546204894246,13.496611531539338,9.51631060213093,14.634872683974294,12.554810877012082,17.212188225704168,10.042892359398397
20231001,Solar,212.95225020319523,14.50102826725247,13.166506181278242,2.05867428279236,13.10241761963644,7.668409714133988,13.06839751410222,8.114181194043931,5.2346783539550215,10.438251123579295,5.012036941016112,4.069936863963499,8.854091495275558,11.348945119556005,13.309237350862968,17.137733329958856,13.667420047947639,7.06735528797131,6.5721588929300045,6.1260511709658685,4.09416434834805,14.951178006962389,9.193350167908847,3.1245926372393407,12.268141859638874
20231001,Wind,105.64187058185728,2.6280856534092587,10.571326150316601,0.6554429676467288,3.8041405844309106,11.479059677042313,10.553838144639986,12.710189349304367,4.35567782497151,13.965093381157596,6.496640759134146,9.584502425550987,18.967377678202958,15.351098926338052,2.3223155673407767,2.6027418820791026,10.256133912313587,15.212200509628524,19.917545664334078,14.822441160106239,9.584402833363097,17.14055721061829,8.940591193999623,3.863762934280536,5.0381664263324435
20231002,Solar,199.49754272000538,22.568217341044516,16.316820424754596,15.644846007010427,4.334019935149492,10.379195014239812,8.067125618354767,6.639908104740353,7.00263778177723,16.335365017230124,3.121417612645514,8.185799705909156,8.311461206509923,5.519194720879405,0.0,11.35133128324243,8.123179294324833,3.918461513162087,13.689283645860378,12.356568809885008,15.5074881295821,5.088440635895768,10.070404105108839,7.688673765785085,13.603244006060526
20231002,Wind,226.26516460372957,15.954429664332597,14.037095911912141,9.511445550673535,8.00730623504964,13.29769262795711,17.824152025175323,17.84757384645983,11.687331935430555,9.491170195031177,10.564613856606464,4.629920143051592,16.076640659039384,0.0,16.272751603112557,10.368173808263935,8.921284628892776,18.04185297448686,14.750429162787539,21.164785883774623,1.0211550024777616,16.33188684694764,13.972415256022517,11.590746553506309,16.902246242321617
20231003,Solar,226.640656616171,10.006766512328209,12.751902350765107,8.672768108872484,8.477784645803395,8.554158773845163,9.488437072265118,14.240814366152172,16.118539451792714,0.0,10.799663477149826,14.453135880950917,11.937390589627176,6.546537153913048,5.049626206016533,2.2994563841278004,11.535652887111906,9.374691151003498,13.528700639403171,14.030249426784776,10.092434448062921,9.629852415240578,6.577967490449736,5.162831477902139,9.245896671196105
20231003,Wind,199.40479917883437,5.857959463806158,1.5788760123492196,9.057970919246255,15.05007858610658,10.464870785455021,13.114115072809032,2.4385298417424295,9.567455461550152,20.17094462895306,19.876681193094395,8.592700481292464,7.234544803067359,14.782604132842742,20.61329775984788,13.83383895477629,11.19931182894199,8.899281523480608,12.653444428536908,7.011146238049035,13.5901191828703,20.17843214260736,9.63969690032986,2.1092645903397855,13.07748266394179
20231004,Solar,198.37614974545878,9.12457424863147,9.554997316957646,4.310839246035151,5.496801260109398,10.361357388098428,6.500085470039494,8.578268212628288,2.7706062702399437,6.737527834643741,14.51894570926353,10.271357835144387,11.707036567131956,5.2346514521272045,5.682136985566701,11.282258575875975,5.340446964949666,8.43367672090615,12.379940489583653,3.2487100230967214,10.285213125936888,12.624175701390822,11.239706698916883,3.897382711910339,12.877398726591402
20231004,Wind,134.8669478162225,10.419011798056703,7.210538700481718,12.054880825070843,6.3986000793955125,12.661311999578489,0.0,17.635925720919374,3.8345858585997483,10.975808515493398,7.46236784255962,12.932031282513893,6.417893253279454,7.674503984290398,9.075211248255412,14.392640216901526,9.391486304046635,7.037031938349084,12.845368214249087,11.090785697508228,9.053237799842623,4.236071318365278,7.309301076318634,7.920799654065885,10.347267261684962
20231005,Solar,108.13089578252126,12.203312784060238,11.261829620915368,9.346498366337297,12.908350581395032,13.278586105357995,7.165004161614765,6.51184047300233,10.941406943299722,13.637461433634869,12.471797402487072,11.442508228580715,14.523625546203734,6.101524643598499,11.842998872054626,15.69039120061736,2.3972107189637217,8.156494609919665,10.874831640750534,4.853890528948833,14.382456522030033,16.28925773573392,12.311975928448652,4.9968263163655084,16.454840753775084
20231005,Wind,132.38913405512716,17.503304247300154,7.922258642786781,6.212956720102941,14.006971618916912,10.468355161701,0.0,9.735538374872943,14.976271973380284,17.044867694215416,0.8650993978567811,10.72500056291589,16.23546914169531,9.048231870533138,0.0,9.722199796186782,8.254426463661172,13.591769889090738,6.917769234970975,6.327420273801839,5.9562516854366665,15.796290653963078,11.744558842363455,21.116636923922925,6.0065534367286535
20231006,Solar,66.76054992836185,7.61950765278577,8.62027111953347,6.961856577375,17.14362233563294,10.61995392032904,8.815685665903759,17.020637879273885,19.07870962420641,19.030171042850633,10.711276132480343,5.87904018155613,10.245035644594083,4.757488536094005,24.321956328599235,7.221981390871777,5.396209810875153,1.3913532234692805,4.10657618159247,5.170220892579603,6.102823744964068,3.5411960786285137,0.0,19.911005882299925,5.6391190354903316
20231006,Wind,217.13976577108528,12.813549187862806,12.295169524533518,3.8627064339385218,12.345601774323772,11.129490103743523,17.34323507269527,7.2970219196861095,4.087995825486321,8.1806343111627,10.443936573059863,4.438773671728268,16.71238213384632,2.58437872191998,8.025015781839997,2.8773527687758294,0.0,6.255088114958733,12.114173620995555,7.09436360042049,0.7688398220605752,13.724490353943997,10.169554452314566,15.82795567585022,10.022252026798355
20231007,Solar,135.8353520291144,3.537854186999435,7.83930943215612,7.968785635490827,10.651820299809133,18.232757103115212,5.473574889616746,15.61489970041446,10.698871906421596,15.948448834714636,5.489513013175161,10.789237557945887,10.800368736770457,7.795765478998414,5.807440752104197,6.778307683565509,21.050088713256518,17.475696704209234,16.45764887643586,17.281021414410144,11.626722077824253,18.017597151040416,17.086291877810762,11.882154044883432,8.133302077080433
20231007,Wind,214.566536453248,7.931996428373663,10.607957697870063,8.80186059608743,12.875192033730771,1.3500110434153412,0.0,5.4500019869319045,4.850774813774002,10.989899566874323,8.994013156355226,5.190422447013981,14.57256549017051,8.647956064610042,4.168162502523797,10.054739376312403,6.138522283639811,9.547843936053765,9.372959208503335,5.163289430190628,11.105762428887328,12.394321892275567,17.48224373353514,11.89183951317613,0.0
20231008,Solar,88.42502113892003,11.883584239346792,2.402940545628468,7.838583354350179,8.662935970557262,5.151601693910961,17.501284955062633,0.0,5.506866622076867,23.716018351061877,6.537312553617415,13.97220554496364,24.755982989723016,15.58240677210368,11.80876740220099,5.182115919091886,5.293511205135607,7.137839611829262,10.757085010312984,7.876565762760866,7.13267731666188,5.130973983792278,13.412383697688503,16.610427712743526,6.343320699380551
20231008,Wind,204.13124605011052,13.456312455044023,5.837992616199706,10.27577278670793,8.626162028122607,13.368397982229709,7.623226183378741,16.142646582203135,5.083441338625794,15.502223621300198,5.33727340888869,9.35230129423937,22.375578728992803,10.331310874481566,11.45427182528734,12.917259659507081,18.114603977051168,3.626072320165915,3.412219004153787,2.847201372731245,5.531724015445073,15.051482919646688,16.350049190641048,10.653780831222164,0.0
20231009,Solar,125.25596709103402,6.233837616676902,13.280217836014803,9.60744147619122,1.129448438606232,11.348921994195456,9.921308089156561,12.193675200287379,8.328694176127328,9.11262955793842,13.372495702639378,13.243060124919385,9.087239186652502,4.141424553486599,4.336851068167832,5.482870885003807,4.139933709314043,4.148836944594216,7.730113645197151,1.4679674561094147,9.762905769136372,13.32746251356925,9.2350392242701,5.88255501995277,8.396989672852884
20231009,Wind,85.78152958454129,7.79604151994043,3.849039416517627,11.153842693323035,14.467079783446671,11.313747750754384,13.941399845655386,12.522821376672328,5.5886045701376466,6.034635914025521,15.16955596907502,5.07113931864027,11.467525097209851,6.341590404037435,3.140291869816788,1.1859033112947293,2.7430524995009686,14.911020756188961,3.855744299235684,8.602902432581066,10.480659492347304,8.846264925161465,12.847682184521293,20.616068236094073,13.566169321545026
20231010,Solar,231.35590260798787,17.30278317791773,16.228625388014986,14.715485184607973,11.057294725258735,13.337477493566782,12.615863824945745,4.535186043473628,22.394230284667337,0.0,12.549977704907395,4.294009345029127,4.730220106302227,13.567464010336288,15.27628136500102,7.110323336469154,8.972961187325964,5.886913804504043,4.203016402810768,11.037421954612405,4.012304169080485,7.698789797006844,10.819145273319267,12.876139247907568,10.270705005458494
20231010,Wind,205.3655834670387,15.809543098140226,14.871996776506604,12.965117386065403,13.885196331841529,11.069964465618815,13.752562098059343,4.933236917515683,7.70162108357164,13.373379649400691,7.809476652902083,18.394365612507187,13.993228043937075,7.88091852487538,6.721462883002731,10.921140077840471,7.525132509148095,14.02266878447766,10.493672914679834,4.248228180062884,0.27005746602330793,13.304051509296873,13.343478582899394,17.265244364451647,10.667153226261158
20231011,Solar,160.5896210092892,11.042286085261832,8.658850323301067,14.772949202551679,0.0,7.203587607753882,14.50214494772712,15.7521825986807,14.938890554297464,15.042243789953767,6.687232017006574,9.252656527989433,11.94608378484387,4.534465537824915,1.394918646943084,3.7027738144786015,6.803210560673461,5.0974268606988185,9.712072475372219,2.4028267410806023,1.373098527602954,5.446506148083837,19.224127161294547,19.06064546894106,9.22220243643957
20231011,Wind,151.69689425674815,0.0,24.993670527512325,5.761328850868856,9.76449146053227,13.144045700541295,1.2694268370527273,11.216036537021315,6.702361626826007,13.727302221999789,7.965000086567841,14.566081293568075,6.129905736125591,10.411645090626823,9.260391194557096,5.558689280947233,5.413478328782716,9.371269704106,13.938283877439986,0.6433379643044912,2.732188643388321,11.009172260706086,15.011592243045794,1.1388116644148594,11.05840978281972
20231012,Solar,171.97550094095592,22.555662738450042,16.215517889241468,7.456925529556714,5.720592468111837,10.104435814995389,2.928261299299902,9.412719713311201,21.166202649341137,0.0,8.899960529056537,2.9403979571287886,15.93424245796567,6.050559135122474,7.9913687377241835,6.849136163428749,9.057053457174963,9.654560577765016,13.83101531361758,10.727192940078732,3.9720839755916426,15.993287587539342,8.287593006482352,5.680137624205386,24.124661803756265
20231012,Wind,159.73142889587055,9.900342191713776,5.253602466471325,13.267983419729838,17.506812524101168,7.762114105552234,15.855848313144207,11.104633310570822,11.695324907094145,3.70994505155267,5.6395487090410485,8.584858627848158,8.671951951965626,12.390724127686187,19.75014961350139,7.505609253034503,18.1824510496845,6.231721385884227,5.630138764486052,14.674699127243214,9.579957069318953,17.59928138692555,17.901720196812708,8.983371449640678,8.23932065887635
20231013,Solar,110.38620229142644,8.437164709893366,13.73087026850024,13.357388357160431,13.071084577419146,13.451803122889556,6.091304284541565,17.5425276500615,14.184658647640113,12.404117389483934,15.269119935880106,16.511804424509997,7.395460048670518,11.81483071714517,7.389076087578457,11.489411063608642,1.9467897406086399,10.384784895164108,0.3220575536800263,2.8585388777462386,10.424442679177771,7.373386694279608,11.23980832319261,12.504700501347909,9.93371944326124
20231013,Wind,129.3973865107539,,,,,,,,,,,,,,,,,,,,,,,,
20231014,Solar,248.03589160193513,11.881835185995543,6.116439545702945,13.057919628908714,7.840335153294878,11.073832458003961,3.68578738917841,7.62677401307421,14.88220302551188,9.722230986386485,13.824404249892028,21.376577197154944,7.674636482369953,18.924842777787532,11.097280925885993,7.6278447279541615,17.66845586253503,9.55743846330864,6.4470888641950035,15.411369234570309,11.793683308502684,6.463800230088885,8.819605361960603,9.684118418626575,0.48154263792812735
20231014,Wind,283.6078371314007,11.932912945854648,4.650454284168956,5.282339416770291,11.986041550658234,18.585595769972787,7.97526055326259,2.9825606943997407,11.67444512908959,15.457591282958417,3.0003957879720558,11.012693919005283,9.841602365189381,9.385255777035882,7.145657454848726,4.805307840182604,6.86901485673229,12.225828082233086,12.76022045741638,8.932252360715582,12.004010762137714,14.08196078461174,13.686858559729345,16.46399729161264,11.327661403200675
20231015,Solar,228.13342526153414,14.753139365632562,14.974466674441896,12.40527862070897,5.359071853109477,16.634133673851423,8.253419681577645,12.940268809138926,8.105112270623977,4.827965882807515,6.558297543360053,5.905325746113739,18.73125356365969,0.0,12.204784187785657,10.683678557786088,11.881981997344834,5.825286660998097,13.062092970871268,9.4980670596663,11.649677771633872,6.296051831685743,11.994885352085648,13.047061157012234,15.65872032544624
20231015,Wind,173.91119700813118,5.3696891782549345,7.010272676879332,9.868518995671796,9.501373261571171,15.00928597026901,5.312696561574212,5.380159946828856,4.600542817851845,11.03564016326162,14.296966985762843,11.759743632053004,6.926576221413911,11.902773787241587,4.915640117748313,12.588622997738783,9.390189942551508,11.065007610474224,9.767158790034841,11.901527160213519,10.445579976523772,15.413605553403807,15.658465939470307,12.985528226903622,21.600235547093433
20231016,Solar,133.11254836490326,8.437525609293694,9.49061822481474,3.0778219804683173,7.108183065062899,22.83182786404374,4.734586275621277,4.088115311906172,8.812282445152126,8.62669934521748,14.367729882086808,15.545678511864278,13.377047413354099,0.0,8.80343613973155,18.06886943970394,1.4035585249639249,10.76738738038393,13.70073348151045,7.784159591701756,4.718103915302459,6.285408486448441,7.488160375655017,8.616066782606737,9.06228756778343
20231016,Wind,110.0907053051517,20.15272861612101,5.394870358867358,7.829630891202965,21.332448274908458,9.26768299001142,11.593315460878529,16.57874593437034,8.384282606887663,15.937947369154534,3.987350275955782,5.87219787801743,7.0825041898516075,15.199150099040036,12.03406957286196,15.730856203729232,16.09493350642867,10.968244397885236,22.811346495533492,6.111483083174204,3.3247200665647303,7.2132506782391745,14.753135336645512,11.578865772291092,8.704107829483748
20231017,Solar,113.38587947848987,,,,,,,,,,,,,,,,,,,,,,,,
20231017,Wind,122.33661706566197,9.137378133366267,9.36535399964264,11.013901814024974,15.315237419914153,14.301815496516795,6.968438715108692,11.928429633402489,8.838755672011688,18.3850634193247,11.646571392759059,11.245650257411173,9.592254438892015,9.269090382891163,7.0690641919663575,9.295040948693108,7.3950741179436354,10.475854979400944,8.834286026262854,3.093726452252028,15.677079531064248,14.72291340168948,6.920362845670475,14.813975481746022,18.560971228303742
20231018,Solar,257.55820207128846,5.291911172081491,11.940911463620758,21.5022498835913,2.548444889229211,8.736828510028595,0.0,3.808014695313753,0.3922814835775734,8.46143758190006,6.458933106484423,12.315103990003612,23.422133912478674,9.576751192539755,7.009366274050668,12.280808312327608,2.39165313514769,1.3886054323072072,5.796806327553218,1.9389269556786914,21.721058425389653,2.081926356800592,3.2733515606140062,3.4137383218613904,3.821364595179906
20231018,Wind,240.31411481912994,12.529671529103759,0.0,2.780367350624818,14.320785561420267,10.059638578239113,19.691001212655124,18.94633030383541,13.230900242515906,4.650685019239166,11.784989965147753,9.0078122280504,13.908128635899365,12.508721727268135,17.70615791604507,5.749037876996036,12.60451118947037,6.852793219461048,11.593969533855317,6.53978316063607,12.786103719652532,11.399912693643461,11.687051003385482,13.510735613624973,13.322807303169208
20231019,Solar,187.3139194967697,15.15509108521222,10.084598995833751,13.75370896331921,10.938333375709687,5.070400171248476,14.709120147373502,15.144341573579247,16.465832909691457,4.818463411310411,2.097741501543997,12.011698650783607,12.310263174496734,7.174224277166143,7.240898543529062,8.246480423755077,10.760590839274274,9.980700523645346,15.686982171084566,13.560284020799411,11.789619867526852,11.310379834067287,14.80683491368208,1.768054373900384,19.139271542534924
20231019,Wind,101.9693411793587,14.372938229049037,6.2693949370748205,0.0,16.117300697580728,13.033297288565636,7.52596973336529,8.48107199468803,1.6696625748577976,6.887864338260707,5.36554073514683,14.267746116515072,7.377239918574253,9.525542234370334,9.71629256161568,13.369796315861183,13.02902376163987,11.041717419557127,7.50677541903237,15.81232840371042,15.334854968134845,5.042915867403874,9.954085474454113,5.733420049089399,8.755236168215392
20231020,Solar,194.6527963355518,8.705995681955418,17.011813267251124,9.998822575426084,11.611975475634697,2.644963772311951,5.504595321711399,7.423599709195672,19.02365306698027,11.852836639613582,12.99478972828079,10.866538682430418,8.077085247798683,10.166865844598316,18.563763834525442,11.249857012967125,12.7763235051019,3.9534828609232253,8.044381389354788,7.625466576881772,17.56548317199172,11.780310299860323,16.778600306851512,13.03842199929932,4.209263684131642
20231020,Wind,138.06914857446975,11.80626141681768,24.713763230027183,13.156086888256604,9.966411669808481,9.517808894203153,10.054443986165625,10.392448706544673,16.983259015766755,6.950100124794386,10.147501293501447,6.5426240991374405,2.5826138674529666,0.0,10.337286853425097,10.008642114242676,5.93400299733885,8.579148875917324,7.392142090332598,14.151455356210858,5.38890936100671,9.100411556339374,6.128266569996629,5.809240230640994,13.926044982256162
20231021,Solar,42.349528067793926,18.358297183243057,8.203604825231423,14.189450474981383,11.168921481682794,9.923221312421218,9.91733205201173,7.607906667306745,6.845596674335145,5.897613121745141,10.407101637926589,9.895315256315165,18.975179918933136,12.546515289404333,8.761222957530457,6.732253921758077,0.0,13.972734203075696,4.246020223403656,16.90851798047976,24.515168715912075,4.343966600471772,2.9927813379001087,10.136391245955174,3.272377185761708
20231021,Wind,164.35503187006296,15.354411460857344,1.388857196434028,6.003651377097934,0.9718335418872759,7.819805787900844,3.620167152426764,21.05926978392554,4.414201965911769,14.449040257672031,9.124586576071877,18.781197901484656,11.344554356002854,13.390513129838878,9.13419983395699,2.771983386945788,9.450300630547526,5.10155490788044,10.671032379119106,10.1887644045061,17.93957065707498,9.630317011514055,13.615726024587655,5.393684785233582,15.951628821740352
20231022,Solar,107.90434795829724,6.079186289033402,10.584384849592832,15.19545210988368,6.162983639161014,1.2139262066925005,0.0,8.072358126475676,15.264887284626084,0.0,12.684512907662082,11.665351082904891,10.90974594841568,11.837153017163931,6.297739988750691,8.43782462762215,9.114103490015362,0.0,10.849759870254037,13.182121653650652,3.1675801696067984,4.788696385153759,15.852156552388745,12.996394606455436,19.953358800552603
20231022,Wind,109.59732854549814,0.0,8.972853352533976,7.331426199776527,11.86667769351636,1.1768445311277476,7.3696204624166555,4.660585642298867,3.1517541023096616,7.8505918178217495,12.925484467065068,16.201178516374544,11.019237665618961,11.48358535212121,12.253916550668558,9.543866621954546,10.81908596786839,12.647838106193529,9.793267550519458,19.332808279299847,5.00758396379769,6.7975035308248355,10.527228143544166,10.236931578722762,7.499420881778338
20231023,Solar,137.47960032159963,11.483862535421174,19.856753245006452,9.179513744438017,15.696941792032913,6.269137966641,2.1831273455024336,17.94207929166539,6.658297108912968,3.3288092613242846,13.957490563779896,7.428305949416434,20.45074732581512,17.557260860509157,5.379887338168915,2.6578620249057874,17.58938979141328,5.288961671211646,19.19520267413319,6.476054468032274,24.08453743299593,14.399798556586376,19.110988858214927,9.876283103880596,18.29017965459062
20231023,Wind,125.08385135287935,13.992840633742164,18.332946716877714,7.8333889032168305,7.247534418439408,12.695251643810321,10.856899733617709,7.154690833564468,3.4243512924685704,5.657227808280892,10.628346001309215,11.313204851064388,11.497502547180554,9.35473050014099,13.892544226142588,10.239854555692778,9.75635983375039,6.804527524842815,12.000825196600424,8.791863816211317,15.184146649080363,8.439625431718811,12.541933287968885,15.498575438211589,13.156366574267656
20231024,Solar,148.28715904479964,4.553877540633687,14.326874852982822,4.3180532463383425,9.795965600680331,11.44462430720972,10.890407833303373,13.932150540583644,10.02953904740453,11.21874961794543,8.057940797847351,13.97157521225773,9.037335789773524,9.526843398988785,10.076077559376278,11.960220708135203,13.462896960538522,10.653009798872324,4.41799467548191,18.002551700995753,7.014099148113607,14.297354407771422,11.988431853700737,12.08418287273683,16.92980898897372
20231024,Wind,145.8834724991398,9.956052389386112,7.066529593936709,17.848597937104294,1.9950377766230487,9.917823205844293,5.133936508290458,13.376938030430352,17.325925716860638,8.973836774824775,7.214917952401717,17.488788393657043,18.995557697460068,6.3142505328194805,11.177368594569488,6.540041235245071,11.885462469370973,10.386293090115569,13.161589819622654,5.2988603576464355,10.395968493799637,9.215338044049806,7.848397209242901,12.468665758875355,6.750629038104011
20231025,Solar,56.20954535761843,8.681504670634606,13.388832830904017,10.240089085790384,17.2965540667688,5.577057569912612,7.3270786617227355,9.707189747274729,11.874584171756636,8.522170177647832,4.715766709718544,16.137943648697465,9.351724448249946,0.006310400633129376,18.648507102656673,12.017224337237808,3.0759563668000114,15.10769997761267,8.302698752445748,10.777599695298575,13.770513767006396,5.186828907087284,3.484092114806927,15.544411415315661,13.117049401370155
20231025,Wind,226.01389944414166,10.521431611160994,11.32503179534152,15.43659189329314,15.568708661165605,11.705661106305538,18.815208459890417,5.135016177386519,15.090372493614122,15.947544394821325,7.986050893157394,4.4036634844228395,1.5420794813125627,11.864690740135439,2.754604738375299,11.378529453235345,3.5490895290334024,8.790782900990925,8.355580158025086,6.858579223711328,14.443559831510395,12.399526213460513,8.666457805015595,16.058779199025977,11.210919968271195
20231026,Solar,100.83116385256602,7.276518564401438,11.206616016496953,15.223556208823002,13.260513092835993,1.0048536098054084,13.875642631354815,9.759085365108048,8.24098762232658,9.9319092012679,6.968078384785846,15.75926187928401,2.36496773046294,6.8540536519741275,10.122109958405568,8.477341256078624,15.76791945597274,10.341526901504702,9.132573705725392,16.81852660797031,16.841322452213028,12.800806228486348,17.90448959668213,5.249261922343096,6.071884148190498
20231026,Wind,102.38008074347636,16.452554988139966,2.208850757160649,5.160298928635084,12.034030938154453,0.0,7.73873614645548,4.150694468338906,10.486514146809228,19.03028436803456,18.007893771289165,18.430001224067148,9.041450956858288,0.0,13.190408556972987,7.920145581890118,5.602666373388124,1.535456624378615,8.573529480480714,4.076007690203273,11.211214786709961,3.8478278508629193,10.954583370528061,13.684789744385698,8.240327262493906
20231027,Solar,133.57233741048515,10.739844403163813,15.308976692268232,16.080636238358007,17.762745325733988,8.784642243924976,21.459796634679897,9.881411187315484,3.8678111767523493,13.560958890003825,4.765312044094982,7.125527585816917,11.458193540248834,9.199059304431435,6.918831715319408,8.339018175982961,11.84580580825955,13.1410730581606,11.349661441788614,9.66428061347173,11.402232116014117,15.678648703217707,8.043887201287822,12.167067560621604,12.880592423640266
20231027,Wind,144.5832576315353,5.60491556917625,10.539041641556176,12.517071217746613,5.974945043426414,7.269743099514855,4.015312940141777,13.86390733229829,9.515570357308423,5.166451392338455,15.186810587416984,5.527665101308117,14.109727719561993,9.059298582283441,14.755581362694436,5.7189986989196555,4.880272698793034,6.543080509990487,20.577056200279454,4.765190755588588,8.180914191087863,17.60429718153286,5.4750152600121345,16.55982336414452,4.375364504065975
20231028,Solar,222.94899084159195,14.587310767968601,9.495793262277125,4.795490677635554,5.434192218366707,15.06585648823729,5.936526375917226,18.588900330959987,6.270149451717287,19.670459851424273,8.661310283375894,9.877826917190006,5.408488845154233,8.424161636127334,7.276568966049961,11.723215015791808,13.732179447195351,26.155336231060083,8.1582317472774,2.667211422534975,5.355205817689573,13.133378159417108,12.693969531636373,3.5657809602524706,3.992749504325416
20231028,Wind,163.47117260274504,3.6790620200414748,6.999217524955863,12.244254156707523,15.307598931282145,10.789918888864172,9.447429146460363,4.560754420278558,9.19864850811864,11.390526722455059,8.967635229547454,10.897488515415285,8.87370658923202,10.25334441540577,11.458115323580923,5.773639966269485,11.237116462206172,8.931975572130783,10.445263309407482,0.5094841707466968,5.124553643220903,10.38687324241193,4.3750037870344505,6.546884408844214,3.614600390595566
20231029,Solar,178.3232742054767,16.422471887675663,6.031917501733112,4.885160575659661,14.971566908540622,18.253676549999255,2.3449646731184224,8.74770698002036,8.854939636910153,19.358739296199396,12.005940453056962,8.249654192459449,5.951749749025094,1.7701669669810038,9.382528124364852,6.094595729462985,8.510795351597649,12.121975419684004,11.171567408722144,9.176656701765578,9.281141688863832,20.05847751623633,11.784833267351559,9.014492231707246,6.1215486943831445
20231029,Wind,163.72680937916408,14.95529712111282,11.58629290639491,18.0322918398932,4.032522069554241,7.2589246565227015,18.951545823139234,7.375944578873597,8.427800609929925,8.669522284836205,2.907312239384461,4.0663258881121696,15.568570287493138,14.53574658832839,10.80892550039451,12.486327637705571,13.332921933358048,13.188538262810367,7.436675164797702,12.418255093644378,11.720976666840734,12.695275652336258,7.694062303911282,17.013550974842,11.431436179273028
20231030,Solar,161.57307912493866,16.94887647660393,1.2541859907095898,14.068933724610483,7.343200592115669,12.433861457610806,10.915760193546403,11.36869688753744,20.537784999650867,11.361158737039634,6.000124658599276,17.36203007039089,16.412098013416564,11.742660434999769,10.369743649974044,8.789645602013703,11.298495039709268,9.556632166403498,7.992789719903353,10.091602494754772,2.7235938782089972,10.986117513328997,8.696691696391426,8.565482261076367,7.467294763646175
20231030,Wind,165.48647515435044,9.208768137791921,13.947493798250212,9.644257189044824,18.445465655386947,8.73861435292185,6.050255715501026,2.3909581184458997,18.83772326355963,12.16057082662537,3.794306100243575,5.700196520322574,19.791310594742647,15.78885303047142,9.840171545597823,10.308483939992797,6.388670345534177,12.183800867609804,14.967520487559748,11.173041546836195,20.231611355636726,18.499491028159277,13.210599694811714,9.792569288506524,16.38846648497353
20231031,Solar,53.36329287155307,7.519430101083117,4.729472815021572,16.324018091085918,12.058336641079519,16.908598620655688,12.238934757023808,5.356686614375167,17.080711907708714,9.159431128911402,8.098708485782286,7.465362127991264,11.757675071362161,6.801990744579616,7.6326646675012535,1.4419257042830091,10.05975816141744,21.27723909184678,7.448574079495919,7.827985057503723,6.521788998418655,18.013343703271737,5.25034002303766,6.579828621167303,2.779901337441175
20231031,Wind,137.50407575802356,10.420108804665466,0.0,2.0900617764823117,13.93580759009086,8.979747764379601,10.730279241489457,1.5399172096568225,18.975294837486288,16.35959997793443,5.454024291100753,10.545627263826807,19.32647996315201,11.725936325369176,6.676476054445751,7.383482554018041,13.34554939368119,6.231235793172555,5.559770807304554,14.921893200112368,5.713729831257868,2.8041266869472214,10.032680417845095,13.920478702160228,12.565502956908306
20231101,Solar,208.11305552855788,9.577816068222344,19.109476579630105,6.253293499399793,4.204767287353217,14.272033900728825,8.476744579370767,2.8084772966744795,17.096513246389335,19.662910042521546,16.585715886528966,2.6375995145328712,6.5354874095071755,0.23174698003665006,11.579929164781019,18.40385065583419,15.538476113688112,0.0,18.914633803966176,13.638994413323832,9.858675545126113,7.479147952098131,2.363997154628196,13.381874391377782,8.16518894871399
20231101,Wind,300.0,6.736318572182438,5.709564753272108,8.737901391298143,13.28322262268589,4.611905177379199,3.957424165892599,6.697811030439572,9.888113329449135,0.0,7.083282629996191,2.2555294915210142,11.079709123668684,5.407924452750629,10.263530669922572,1.0959588992654212,9.356401676988142,3.485525434362582,3.9738344438653153,10.627631842119055,0.0,12.928331479468532,9.434716035808929,7.281170550110719,9.476140121257746
20231102,Solar,89.7845533730245,7.231883429371788,6.389204192391523,21.17842340712759,2.902292271145599,7.923936784339777,2.818940372354465,18.35441306412944,9.37545197480406,14.074091874957556,0.0,7.841571500342182,4.6959042773205715,2.7142708694567763,6.539510456108558,18.74814329379092,18.932266302269486,14.986307467742714,14.416864935775804,11.027178100984917,11.80859616635261,16.136748337285386,12.484953265532083,4.775601618875902,13.42187440584315
20231102,Wind,171.15399801621763,8.16813576366768,15.67269165504037,4.647585495632972,0.10089317199657444,9.579782940362668,20.934004987216134,11.738002384663165,11.1770012526029,5.527480950744074,8.327836047009791,14.12815092304544,12.86667037373138,10.874393794030244,11.716920813402806,11.306068893917125,6.277414658621832,7.604711922140478,8.992941456287376,7.6711142279269495,5.048788835342918,4.1723618397438145,13.956992198109225,13.860769261398044,0.0
20231103,Solar,121.44767110628291,4.149981567800686,19.272154502583206,1.4634702912966324,13.634119800904342,16.317087699814003,3.236325574450014,10.324979367999031,8.946575406422934,0.0,14.037277109633912,10.940017565241968,11.423718026227501,4.052821851416212,7.68723329875654,7.335064833718095,2.2157755301839446,21.65955842913645,3.92375889019164,19.72713550668947,0.38992868092235455,14.539316117200926,15.671289814309562,12.543924013147134,0.0
20231103,Wind,252.3825951948425,13.389816447996672,2.3349921069828494,2.7780724275086466,17.172225848172445,0.0,18.48982759675688,16.734430020142423,4.799773092837739,12.585091282320963,18.15134225728092,0.0,0.0,7.388211345139925,17.77719998156137,8.977895315517326,2.9446915575243837,13.635566255253948,8.116109789947952,14.041047287762192,10.71725593075341,7.977143560399407,13.29286463783282,6.681578863334353,9.686677582421622
20231104,Solar,82.31086196042592,9.738514312144968,5.219159698746653,14.531079346028006,8.73106962125416,8.336777767771105,5.776204261920221,11.917989405917096,11.483026277735071,12.596367487499393,8.852533898569803,16.947417537581792,15.548035284423905,9.555219480267818,22.445901562080202,16.1525672563706,9.950238559872396,6.734871855602021,8.871800934235479,9.48595437596949,10.710855129042862,13.587328848273657,7.966053845601193,13.471226538827839,8.887528165386124
20231104,Wind,181.246974515794,8.458107653831767,5.586605889197017,7.029038647305716,7.267246590727708,8.167599367863497,13.950162837701612,12.387880556985037,2.169394582233346,13.40063587530942,7.415499659817251,13.987046841859534,14.276750123037907,7.537756766487597,16.945234236801042,0.0,10.060123405942901,6.107414380304456,1.849356513276884,9.136871382003672,19.72628834531752,7.165149878658287,0.9481084809911899,13.196828493676426,2.8593810277435603
20231105,Solar,79.6394450247905,4.4482291952916135,14.674008313478272,9.204566678156933,18.55424328123185,0.0,12.327165450403898,7.634877674100994,10.6882082022818,11.855139389517623,9.927740191997366,10.955069127304613,7.221791684075395,2.994224536312445,16.66662267437694,17.077144141187187,10.628012722830093,7.768662892800356,12.139249747301452,8.051478100955078,10.89813423807261,0.0,14.953284541989959,16.149909051342288,20.025937553094153
20231105,Wind,134.07166659695838,4.198135111662675,18.195660639647667,13.814163208372422,9.026083154426962,7.679821196265924,13.327093501482084,6.813358221954591,5.026135574619277,14.375126116418375,12.075280697675517,10.820970328056465,11.40608928908179,17.805536477875535,14.070836898099293,11.328219899000135,6.659716560806855,0.0,11.635752501490702,8.506646527159123,10.860937831677402,1.1441964075383682,7.377007511319791,14.234268346928262,4.207029064426595
20231106,Solar,148.28433346250955,19.67957025361206,4.598737192109605,9.209576860210442,9.671156382213702,2.296664344043531,13.660071361200952,3.4443652513429046,9.594805648146497,6.984755993278778,4.35557996396935,13.36708113709131,2.5312912946180397,10.151973678930304,8.95084224203063,15.061215249575348,21.128574031853436,11.388721407851124,8.258313692604972,11.231995645669707,10.206522498514655,4.369597271124338,2.7669170954029254,8.305513457417566,7.33850211175205
20231106,Wind,203.4845840869804,6.863712685692152,17.0737266898411,11.020733022540277,18.469786132201676,0.0,1.9421718883124461,6.994552169793041,10.956017212695677,11.316671945774592,8.777748192577576,21.631594289201367,6.148897471784181,17.85050321375981,0.5046980873544171,1.2583858366349632,17.554650592448994,13.467615831262506,12.367129898006212,1.4666451708517292,0.0,7.0422253136168935,19.35781288049492,6.190700586180559,15.749997098386594
20231107,Solar,96.1416586920736,13.052641971046633,6.454829442356489,12.676075738048477,8.23207593485895,8.688435857523384,6.618270037629115,8.597382929504738,8.235732642985905,13.490831342142846,9.752327181573946,14.402620991536805,18.3453971511234,4.41597936957884,4.87497045181043,8.862669576597995,4.278564181304947,5.16335284097806,11.02049739332892,8.754463404542424,10.384121018779078,9.964081855347624,9.697236407332069,20.0760240908215,6.6245550810728995
20231107,Wind,183.16915244236927,10.813172349500885,11.68061451472786,7.846618040198923,6.72986195327567,8.519274395980707,3.1597602039114294,11.723594737584602,1.7974456856467258,16.76478061279688,10.229016279463643,11.480837799365432,4.228267573991752,7.696518089366915,6.616302627618426,0.0,9.490353637422803,2.2421138397915263,16.468364728795024,9.344524129137529,9.757723460484533,7.412049178268211,12.444862534749136,7.43068744042256,5.660759311673992
20231108,Solar,150.93888616939734,0.0,3.642731502860912,9.16841470035158,14.077541120685439,8.775232085203339,10.946505304237986,9.816207924776482,4.059905832752415,10.21922736376067,9.277285076506338,3.8644949345592305,10.047731587825266,10.010406374529252,16.03868559761126,15.987916151856961,10.246421947043258,5.447222169738074,4.610176519526926,9.958443188734732,9.276310620923178,9.76313596650579,11.140579428497698,0.8277078294533979,11.945328758054279
20231108,Wind,163.63966931429897,18.96225411569296,9.39034793209001,11.209777011605057,6.44071922810442,11.264291229491757,3.383278339378869,8.174652670661558,12.291218108400251,8.931022173512451,5.321089972520731,10.822595160310659,3.0181949921204945,17.237454577299676,11.280659716407586,5.086456071284951,13.428150171130106,14.986136410428808,8.536983245603718,10.873061187671052,5.830873802840565,7.518079144857177,9.92793193524018,3.9597151996761237,6.284476424658668
20231109,Solar,197.91663573425706,13.420419893880581,9.444436429636418,14.340896365266099,9.27699230938909,5.603015883931506,0.094764114633894,5.441616240516253,7.212789030765564,9.723805527411674,11.69371329218502,13.866560870765623,11.6897261006077,17.815164810991924,6.702382733357775,5.012978833676087,2.3789934986881422,14.016105336392561,15.005559105986318,10.15940552233323,12.82524216045316,9.976547084786093,8.064900616706424,0.0,11.97423633956385
20231109,Wind,85.87216534973562,6.161649228475956,8.424208468423632,6.038153679096755,3.404206991439004,18.954280067229604,8.812613317282127,11.995634039776052,12.804248763921983,4.032034472769555,9.777136169758972,9.424079381270655,12.813725526531286,7.404662216894367,0.7740682953259681,0.3278528283421478,1.4293712208930265,11.076685679542466,12.706653717880284,12.025497888344635,5.1168427940296946,14.653346287164167,7.0810539525895235,16.106447008812406,12.565379394256354
20231110,Solar,190.52974865742962,9.858167477852023,11.924854906598485,0.0,10.926985441882564,9.833529959342483,0.0,7.511169564830796,10.048506458157842,13.84812142860646,9.764977249522355,7.38607245563425,13.620651082302395,5.927208266753597,21.59073464234966,12.221847230258533,3.90544762241868,18.20934959883066,0.0,9.325162222625229,13.526985402213816,9.925134857198739,21.12744754595544,19.107413218604314,11.896303545993256
20231110,Wind,121.55475734552877,4.254083162981671,4.9648456757373705,13.397915746928234,10.340487436015465,16.43215231530742,11.293690973604782,11.768982539959945,9.010840544447612,2.7134154660081378,4.587359270553369,12.768228921182338,12.339920018113494,9.548176010743976,12.666567779814873,10.35945212917804,17.52054005339906,1.554560679522371,1.653855960299453,14.940017005637708,11.9408798849613,12.704255535387787,2.7120239580538463,11.249287142684269,15.894855729560348
20231111,Solar,204.7936727488413,19.131102392305667,5.581383509065792,14.638579593750423,14.84010137361572,1.6005037925564403,3.7118523831112915,0.43363945203231835,11.738217940607639,11.954820515186812,13.200939112451561,5.0597121572456345,17.134177701153163,15.577009942784988,14.542549167142282,6.260648554215687,6.726475513709711,8.95810874213101,10.003809628437054,13.289155776218957,17.01184389383815,13.571814846079315,7.834789115549894,1.9815301110890915,8.070701490426995
20231111,Wind,166.727881726894,,,,,,,,,,,,,,,,,,,,,,,,
20231112,Solar,139.52358092414724,7.384580016526703,16.710176654878644,11.341466094782678,12.75759004234791,13.43157402522115,0.0,13.734534513981194,12.001974590365425,2.245137172913869,18.08218950348697,7.822182812236301,4.708627511207198,11.166479363058214,9.30693864668605,6.100338733867659,12.94415335818177,13.948845431548428,7.841330173740068,13.508700206327699,16.685952347188252,1.0457474221161778,12.589037168675723,12.32879713278,9.572359362752627
20231112,Wind,120.49870154545893,6.352194609262044,9.885931529760384,7.178450529299148,11.971278463905064,8.867178621610334,18.25051106904273,13.09765429681874,7.902464587598206,2.530269491341021,4.103727150803543,0.0,7.064136394217328,15.530639354041854,8.280672725966994,1.2035594978631692,9.101580826323357,14.018774555074835,13.24468756773438,6.274174004180393,11.061556821249487,11.263478627384677,7.930106934612669,16.154980300755252,0.0
20231113,Solar,191.16474971776654,10.401897001045851,12.518353867310863,12.50091710767462,9.633729431238294,4.634103063135168,2.6854255651096057,9.016397873246527,22.681427795197177,5.731542635101189,13.811079717600892,7.726230172451549,3.2688459181880702,14.72409599324868,10.32168369480748,8.18100994441118,14.137183019778286,13.619588218396283,10.413008237120795,9.216077968076604,9.623946449811982,6.62951966397771,7.505149429377095,12.949991498988986,11.068414596667367
20231113,Wind,213.0475842740464,16.85158250069657,13.790400051486701,14.265834098420942,13.047779844979015,0.8068505067795939,8.179993827260525,14.576591577121885,4.330321914319581,8.280290112523652,0.4590836272762877,9.714376260711663,10.393898460971588,14.917378763281052,19.228935812145068,18.223592058319895,3.8623956126948453,16.597463555705023,12.894473618525327,7.463462839899132,5.734344938150992,14.312046808820554,13.208862957162362,3.076197377740111,8.351795299223138
20231114,Solar,123.35742295699077,18.946872245475788,14.152525943167458,10.282481707092423,4.438339131655065,13.666018361201825,1.0413070376937694,3.6352055852207634,8.213756849679784,17.402396408257072,0.0,12.762469291697993,9.301891763737512,13.110211343741545,3.9785944137194242,14.858331822522558,7.6428268010415135,13.805842106266509,15.353678452022043,10.039826744834233,11.977952486431102,16.8282948211795,19.67560925995495,13.307313592338579,11.912281021256241
20231114,Wind,93.34967171093015,8.005019278888517,5.232376370816808,22.45624165003633,0.0,13.258011274744275,5.821660958096139,9.553969673967348,8.415465015237228,9.446324168356005,7.226164528292883,12.185255993005233,12.387686709982733,16.76048330068795,9.793679223512004,12.276857242308699,0.0,4.2279275641916705,14.72097951002033,15.489315829077743,7.619557466091346,8.712294363262846,5.847939631979892,2.2249982976227853,5.5183962270969635
20231115,Solar,184.71055214726127,11.891294911589611,6.11494884897548,2.181294561643102,15.809588356064467,11.216603457096141,18.759108905121053,9.033020994196505,3.2406721946956507,12.73243467835958,0.0,3.547747175867392,1.9187926371747699,3.924754894719441,11.80437265625588,11.220123448057816,10.488410367427138,7.725814997865591,14.545103791361166,8.38074531065829,9.860618500384343,10.819642647949529,2.243330944362003,6.141166427284309,16.7264072753815
20231115,Wind,77.57345289831498,10.409527063020366,6.549627030282325,10.814808354281736,13.370802311239569,7.520469046070416,11.48738367632674,15.181998445205435,13.629062945492631,16.33302688639053,13.64861575290381,10.610470162567301,9.93493812670547,21.24631333162622,9.415913635264111,8.183345545573358,6.038391713770598,1.523748394357869,6.925290100442934,7.157429411442108,13.887085576629728,13.339311689899674,10.312685035129354,15.165510367284714,8.961209606006433
20231116,Solar,84.72437812085141,,,,,,,,,,,,,,,,,,,,,,,,
20231116,Wind,96.86498622360504,22.11277787297972,12.54096469585952,14.39922961978445,15.372793042229931,9.735092300516492,9.829132601722684,4.709351410363501,0.0,9.964701435646765,17.00515314025576,8.198893655499058,12.861147227223155,9.198458253947775,1.3217778874821762,12.826618945079419,10.293420630451582,15.972918240277496,12.592548702559116,5.923693642754581,11.586162324425347,10.046136411522099,8.923504312510133,5.280673659737312,7.462535624825063
20231117,Solar,129.2274758480625,16.81379781148128,12.316578601925084,2.092622859789093,6.342512915267363,3.4234069817729984,7.197204716566943,18.736254043152577,13.475642857726667,6.472373622266402,9.164033009873666,5.008839522529262,0.5223206213160503,15.548573696309452,19.41884521749384,9.584432069662011,14.09680417393313,3.898147791356256,12.412205457606529,5.628369463560393,17.568213444349173,2.26246037068642,13.16444404312662,4.301446800749204,12.333454786212975
20231117,Wind,83.18340553922773,10.945579248555173,11.831178765918693,3.3303922864115076,6.472537339584248,6.2420795971770495,9.537897100862066,0.0,6.81915609323572,12.494272798471764,11.215751238333052,9.745464981920353,9.941455217594273,8.26276797873535,3.1474039687348396,10.995402224883795,13.264076708514496,8.100150203929761,12.973578074931636,11.909872753829518,12.814117829182267,15.221583982002823,7.258721828779299,10.132052167596415,2.223970441941879
20231118,Solar,53.06000453092112,17.909380467494938,3.396032981902505,6.834065297253977,5.779311381529164,16.306252906997745,13.719343595164805,14.072119858437501,9.475492885401168,6.5721409073159,8.659027266254608,25.662173474289226,6.336125197738254,12.374127638110242,4.349461652837533,1.9706978157223154,9.611751151473465,1.222874486624419,1.1562814399518495,1.0422435845561007,6.60426206427717,18.430484230123145,21.959377820060585,20.01599523544387,0.0
20231118,Wind,93.22779028314385,16.060533563589022,19.690952353885194,11.329160849276997,12.838109875579423,0.7458211843429041,8.344510050464804,6.49836418486429,13.384112899279293,19.074023262612407,5.630347280118413,19.282211577919025,10.064309427038047,12.959874359322045,7.7527341473915925,7.598513763489471,14.960437210008763,9.394924844947344,15.985319562011368,7.586390413104799,7.972587848503434,10.499711008816726,13.071347385756326,12.804287593429365,8.96541254460011
20231119,Solar,182.12372232863092,10.409306705408778,12.395937653934803,7.022643056691914,2.085209613926237,13.387639134501836,11.099957369625525,11.2735130182305,8.176467074889427,14.338992497176196,7.96612824563139,5.006471570722344,8.096734138822196,14.31075819093993,6.762070211941574,4.034467087658676,10.165357721173208,5.865019135200526,1.48344778161974,14.279184110134597,10.70355569256031,6.240986376469816,7.577666286824591,21.763575776846942,9.89937524615224
20231119,Wind,86.42279639366164,11.629818026639965,13.615800563274764,7.072793687004534,6.165191966089794,17.470979757245814,11.182477488241277,17.068912019296768,8.135516802967064,11.043481520418363,3.980237373791091,10.329721680020038,18.696482045446878,7.701626782439354,12.122517282444623,3.939104540680851,12.377940558668229,4.161453238322234,6.245525681616496,0.8319956904335857,20.607804135255904,11.307536564497688,6.239880672788915,9.177214341199038,9.5190748645089
20231120,Solar,132.9865161022915,17.56063071188327,1.1723935554209897,9.095547725369572,11.448575116180677,14.081298596913266,8.369271763511282,11.466034355394152,22.32350992161082,12.563358830309424,11.937092951531033,8.43007198280461,10.428565913610397,14.416917169545528,11.543459141193496,12.351367234339811,21.789983262146688,9.876170754566564,10.976582501154022,1.1957129433576608,3.3265347229164233,3.625505082833774,11.35187387091391,14.4164182338731,8.553988914601753
20231120,Wind,247.3349231182781,5.269232094351597,13.89821926180759,8.788799204692468,3.979244620386945,11.99106439213242,6.320370051649721,17.17266688380509,0.0,10.891432447567988,8.460762916986624,10.710133284828807,11.583793572468855,7.790490780011779,10.567784975986182,3.67695325705367,10.961320585520289,19.40924279947391,9.852943219404505,2.830066074007634,10.95076327640304,7.8203093217561035,13.368994536057814,8.42022847906924,7.992105837042523
20231121,Solar,147.54129349864547,18.368453486606697,8.218937749361865,17.43724694159262,6.6984479716940735,7.68213576914438,7.374083216977697,7.538254096065991,3.570172566852776,8.158351850431883,9.498762050506823,14.581545532517296,9.779681955153526,13.654869041267675,2.9105914100210573,13.84044525135082,7.361058134501225,13.975579498626239,17.093607961230063,0.0,16.822190171271814,7.9090443872743785,3.4617418521397045,5.999409323021506,13.376823630031478
20231121,Wind,167.12654948647966,8.87443719657442,3.386085126368814,13.429555598344841,0.0,6.770559727829936,13.495926257675384,8.199118720785462,4.539695325372778,12.49304964119792,24.118651371394446,9.3533877378613,12.372253079754291,9.91060553844612,9.30273787609727,15.160002244083842,6.4609178562865,8.74132453416368,4.146072627548103,19.483329820738867,13.073117123094493,7.39137275048355,10.055600418349949,5.242289617196894,18.919467511780248
20231122,Solar,102.69799908742236,17.623383714237836,5.231181670641013,8.37711630107678,13.029033247007687,0.0,13.912083524877254,13.934211244238627,18.94511370454505,8.785540498414063,7.984751055727734,6.438844626690922,8.915573320775444,0.8802010752044742,10.098662811105559,9.691478310668764,9.584651084095887,9.757140666173086,8.179533281797568,10.602421317565454,9.339281126038186,11.096021395386934,13.714325360539105,11.767621294642929,22.937054115295272
20231122,Wind,258.1737426850071,9.973867012685899,3.6755289577331682,20.48505955606807,6.560824033288607,10.185033401336572,4.311028343657645,7.802847698588343,6.776933469789755,19.683442162187784,11.568793959698958,15.782420275593172,13.86758906334631,6.316203066116931,16.161371980584455,6.972419319657498,10.585914258697498,19.391620566534634,0.1535775422612795,6.647722134998296,1.4018512079792578,12.169686397558882,11.668770284795551,16.4739233545621,15.472498704393864
20231123,Solar,122.93527554307856,11.68803111236486,3.5910790244269486,12.458305874280047,4.503593749294229,7.988797756354532,8.695053328059958,12.986731905190013,11.201044374228351,6.536482998657524,9.729323117245519,3.82983873772175,8.040372585915485,14.240612994060161,10.997217748875984,15.155115694895608,10.295752238876261,16.29319588597062,10.658001897616396,3.5492257074535427,17.557215453509293,10.071289107223754,13.119594272604916,8.366825282634135,0.0
20231123,Wind,138.59476577742416,9.828458217137705,10.30273910182105,5.155189723432257,3.524886370207124,6.509827956590465,6.2353906544883255,15.919021082888417,7.629608985388382,12.543987126316207,15.78797128318177,10.946519293102208,16.88226686663746,8.481747815687399,11.91328715797659,12.76184642586801,2.0900252919836992,8.446683369885372,8.959567330026644,21.00607033533988,7.63396086371336,14.504543282741867,17.454584777635986,17.106749203095866,15.254457227898538
20231124,Solar,215.85293389836824,7.340781885943863,8.066186056341746,11.28256869995922,7.908932438974501,9.899594855604935,13.999762148580704,14.341684471436945,13.016001711654438,6.086367534829114,11.192291666389487,2.569484752142792,12.482235483236005,16.067739229037663,19.81247424274483,15.975898159554102,0.0,12.505885031374019,3.8000108814645186,13.27509473123258,5.235075064292497,11.951729914522218,0.0,19.153932398119856,15.190804380457122
20231124,Wind,140.91328775731907,8.64972550927844,11.670346810806937,12.677562724326572,2.0992220655428016,10.311847401023277,7.643984801100496,2.105442172767087,9.936432261442532,6.034179332333107,8.642886444035055,4.869634203130657,9.237213585116171,3.9335366100557403,4.199466495320966,4.59245543402454,5.156392453415512,5.007042246394374,16.54591269069653,9.358067325631444,11.254605293697825,7.529708832636366,11.092051928709868,14.338415005278572,9.496215765325507
20231125,Solar,152.39443913376076,16.895557015842833,18.379879355340023,6.561876404693258,19.71189838574334,6.822213513164732,21.004619087856838,8.293096114752391,11.265495980997859,1.069550679087523,21.462582868983485,13.723943916821058,14.210459155442942,13.480688392054043,8.059461833011158,8.698256912927924,10.293547397409094,10.123791857130223,15.399966188729369,16.09759586389343,17.135709058094484,9.459859726204606,0.0,11.634084057967232,14.6361849140918
20231125,Wind,135.91558396054353,0.0,9.352481431863312,4.737455445969804,0.0,18.065403917383932,11.089486949485265,11.409162420274109,16.436231856515903,12.057375523865497,5.701576773773754,6.603042824750239,12.465150237745204,9.762338524803889,4.32075064984655,8.90717557156524,10.315947491013542,13.82106775492554,10.360431416614208,11.943800128117552,12.024395862753558,9.59551916074296,9.774684069452386,6.647853252660867,11.800809150691121
20231126,Solar,136.25838109713862,3.805170275975814,0.0,10.43229545021221,7.74690425106755,13.653013895562122,15.90998227111611,8.780532301853041,12.201348234244826,7.337670444773706,9.030804133777854,0.617191450983311,14.136575755974132,8.766073883120631,18.032596992242844,11.04712330045103,12.272667359430322,15.10175434286049,15.692456699151897,7.490102102309917,8.17694668516373,8.08376931256084,16.49549077066145,16.514149478172513,9.926310967662863
20231126,Wind,168.52510054140458,6.372641453209489,8.790208942260918,8.19889114346982,10.534534646456274,14.481392791866392,4.9269458659831695,10.396830066957666,6.3246631127186905,15.416947594081595,14.582412167132501,6.386547717043773,10.428719393732882,4.108471648028341,18.37421830268789,13.124433847707104,11.81501547033271,6.799329400002676,9.537829833838018,6.967938293535067,11.240004364001752,12.548243954480775,9.35703421822303,4.295612665263018,11.26623417926766
20231127,Solar,177.64715945990528,,,,,,,,,,,,,,,,,,,,,,,,
20231127,Wind,117.83757843937164,17.549898052077445,9.570302637515852,13.705779120424575,11.060658686465578,12.556178661305712,13.080865491851117,7.367159396412152,22.09326374173943,10.741123290146502,13.828060459677006,3.688171136504501,10.676380912366099,4.955515749046027,12.736985816153993,16.677013420527853,4.896606716376574,10.742203151915295,14.315498742792178,4.919885203814371,7.659416824231852,10.160547954848232,14.127861371384384,3.55457714349762,0.8011748204469993
20231128,Solar,111.69597719265352,16.28838488926602,17.64665326845851,6.796123629567098,6.001992125269194,5.521476997007184,4.8334987908909985,9.032805597720682,12.824852345018789,2.9475061300787675,7.6026425891536755,12.750433570377158,7.498116957241091,6.819695487256487,11.902508542191503,8.126274428523756,12.6053129371947,8.557353074443682,4.6569851735483345,15.557877209522708,10.336289806915012,11.54653418857852,10.699227688394066,4.712998392525881,0.612850585448933
20231128,Wind,119.54319555712183,12.960159046973077,12.264707965689093,12.129690554742943,17.650472318365747,13.331292701251531,10.101713559052886,4.094826359965724,10.75954827489501,12.924526524339672,15.01618130572524,2.265936592190181,14.896643222644693,9.296660607944634,7.70979268994151,4.754948330367555,11.130579523581531,19.5464034180253,12.162306036479032,7.41009347499895,5.878573652242643,12.995264088306598,10.945471705568727,9.693156346777721,14.584836733148723
20231129,Solar,79.9372992900116,6.810979662612324,0.8086513280130547,16.335640713623697,4.405614929451116,8.977986963431304,15.259295161002681,7.610791065463392,3.1472352361964964,6.68926924040275,14.885057614226271,7.060312590616964,17.345934072170266,8.171373628114317,13.84716618318643,6.671657440249573,4.533952278815016,8.198309597308173,10.841945529130138,16.765923380903665,5.0550538933629445,15.541675824972941,20.787098891930118,13.519925235114204,4.870940754757386
20231129,Wind,70.47848707403513,16.675259333970683,10.547911252191792,3.0309777705017504,0.0,4.890082324928372,8.36274996038257,2.3666069861709227,13.622092653324774,2.8358065192431106,9.549582360042399,10.667039193817942,12.895187591263188,15.138949090828666,3.593160851402488,6.049614078103466,13.123875561333238,4.460176583305233,4.879517349471218,5.856568882275607,12.762727190417683,9.2966151189781,2.464904151570795,15.024056721561355,2.3524527706815004
20231130,Solar,164.8583573612454,2.0593503700222793,11.485006471323643,4.886108795061239,3.507500747733392,9.886166643903852,5.741237477136874,10.582483478463457,14.361134400908597,12.15256739764409,4.997633753985527,8.286050494886112,17.090788050832323,0.0,3.5760993417188027,7.7203747621246315,14.785182448038492,6.637832760250761,3.61267655330615,7.004900317636896,8.027735344343375,14.158831073150692,6.818211925633976,10.020160551026967,2.250625754344664
20231130,Wind,196.92979015875562,20.70991320073968,15.40177900636822,9.944156913602345,11.932473874068561,8.53972984875055,19.01479727736259,9.03388897820725,11.563615733936501,3.7085368973794464,8.042621741178545,7.979046931935229,15.634322730546321,9.108122392119421,7.900638122842764,8.654053552788824,13.94733432549788,13.628310780598106,12.48949355128902,7.737927811090008,9.87158290145053,13.0528013340768,11.880554735758547,7.912319184927559,7.619672570046698
20231201,Solar,193.55226465726088,6.576851014112246,19.098182858057843,10.17800983952517,9.410378102255677,21.615346636104583,4.141273491768507,5.4210239397568545,10.57047059546899,0.0,9.925918537697523,6.386469321486229,8.65874126814078,8.186106976311528,19.435005032198102,8.866116910867287,14.822356136267507,5.066471682003774,8.590429151244715,5.504617997373613,6.140603525480753,11.321214967153711,16.09501244227393,6.049560929125258,17.579384650700966
20231201,Wind,30.90043634316708,8.689823890792809,14.538627598543496,9.739012472685697,13.760664539910584,12.176971242399558,10.779453141907936,18.926299044144233,24.162698405869673,16.485672274015865,14.441356058475167,3.9060668843804836,14.178962501853793,9.957444904514517,7.432723410918532,11.159637485720973,6.246958579874061,14.146818256565647,2.675522239472005,7.067862007771785,7.165164474898431,3.0430842002979364,5.197680599923815,13.500092699467617,9.274331890924897
20231202,Solar,137.74674564783697,7.853280747526429,12.202398986936085,8.44611410606161,12.508723083554832,17.89858733724111,6.458618308315966,8.772942584765795,14.277138745622032,7.1963399857200026,11.60290038805715,6.81619582588966,3.585170527734295,7.278626145296497,8.108106221727123,7.694522826276764,14.258994552168877,5.732583071978066,12.897402456101585,12.752879016424735,7.582720404344847,15.452364563256495,7.945683410627046,13.307167527057523,2.844371240442195
20231202,Wind,94.89540222037206,4.634462929506615,13.380941357891732,8.3696983877399,6.818598251373981,15.656435531793633,5.31582880571224,11.4327647203981,16.200141309214818,1.2775597076860468,12.689537709989324,13.28779704685602,10.930343898340764,15.119405674885817,11.438860840299165,15.244005059537697,9.210796355391079,9.624635732772258,14.674179647801218,16.00996473495905,7.063577410024632,10.481667756817377,9.657681473371401,10.887563997882511,17.40860116206784
20231203,Solar,157.18687189104284,19.625565619684597,9.159965967752163,11.921290684108145,7.554582531022264,10.188902998987496,13.708285413516297,6.806834175772688,10.334410772109107,5.187040946617962,11.746644547392476,7.829774162125748,4.088228215105537,8.711435841696904,14.493065318425419,0.3090244597570624,20.22410629729409,21.050735027681277,4.144694476641108,11.495329048489854,7.9507058131205675,8.739794196838854,9.23929378562931,11.508319329835626,11.632996818484443
20231203,Wind,129.10882405953095,13.944473153922434,2.6856108159628556,15.669712768195865,8.07335612173387,7.781403985349774,8.97232044168731,7.9282598963135,9.34202790980972,6.394742014641614,14.23109507518921,10.834604413856686,9.451720478795151,10.664731342277584,16.26010369605539,0.0,14.47063796095611,5.587498832669311,9.992278328224046,4.046588208407345,10.987182237186053,4.215098609167082,13.48736520381807,18.008170012599333,8.267417691465996
20231204,Solar,179.59559531222942,16.077352710398937,10.207480431114302,7.595236351557866,19.421730417483264,1.2988670939983848,12.029432327098489,11.62206735424268,13.160495388510705,15.721136451469885,8.99794508739414,15.58559027179886,2.801526019239163,14.461279057530465,4.398118874261744,15.006546356158132,12.146998998755487,0.0,17.592126238274513,7.002485902179431,16.949719086060206,0.0,9.749234787043397,15.08323273018919,12.427279403391871
20231204,Wind,149.04234547993292,3.881653639696144,11.826451637294529,22.19199672585327,13.454111573436847,5.645282246676301,0.0,8.338744750965562,9.337285688985345,1.6851611995868077,10.824449802869932,12.999020632529303,15.471520263530252,10.260012689270027,9.516625760172303,14.613662882245068,18.581292761860617,16.83744496340377,5.442994596373688,7.106898828388007,13.80454569069299,19.511409985601638,13.247940575308801,2.9236109709728386,10.058370614499548
20231205,Solar,55.199905254105545,10.904689135019996,3.9817118704403853,19.803457178701585,19.458434495892526,13.313767288771071,12.515598909810302,10.01651678444134,9.74783007660951,3.3054685912533777,10.141875310331583,3.618600690773196,8.025579336681037,3.65395237213749,11.12256759614654,16.19511775218775,7.468521813766565,2.9984231011510785,18.53587682341063,18.50252889397295,8.327139854289136,11.5342777277911,3.9855646369198916,14.437849164447659,6.413245181598293
20231205,Wind,101.64570636002297,12.605143446657019,16.63310819749971,16.646278147900407,14.20389686170907,8.489348074396485,6.397020440918332,14.034123076767322,12.31602840937181,14.90201497442867,7.810221822263743,12.239799411737438,14.531612766829928,7.867078346075948,11.6238276602395,13.183634904598403,12.753429477201475,5.937963045281673,8.380940012079016,14.927776485305536,6.837117271803979,4.465044872801073,10.723259283501179,16.90637192472728,7.26636595263097
20231206,Solar,150.28925574133268,11.353782617749216,15.027055077412156,13.112416672807809,9.682083025392243,11.87910162869221,0.6057402442086568,7.409869102405738,7.435950771913343,7.751336022107438,15.058536539400171,15.238347575344942,9.622396853174518,9.379414445742807,14.32896783222965,10.012641459181031,21.17791256396611,13.643663895071452,9.649116720495343,16.071053690557367,1.1049627106561477,3.6966193742068043,10.172870023771665,5.901981663086186,3.815695623603579
20231206,Wind,154.5055214615543,4.1981327446600005,3.141192923560654,20.03994053235078,4.9031925650716754,0.0,19.423697773935878,3.3391940838105674,11.102046075298086,11.13976369005674,14.953209870097522,7.08900372615607,0.7789762628824337,1.7671890824997405,14.100419945817395,8.707856939544918,14.065944135042725,13.443405005876429,3.026683395899712,6.455244015205188,6.634275982072575,8.606675133744226,14.218393285746728,14.741550903133277,7.65140882898341
20231207,Solar,79.71615961479989,15.377500105653185,16.82916144394937,8.549423175002957,11.007598355743719,12.267574245486868,13.005067632473136,2.3686785516079323,10.400420732630256,7.545373349660725,16.028944019915,2.071879301594609,7.579189412250368,6.440953589700013,10.127472531826257,1.9893249843716032,10.757216054700494,0.0,3.2092007825861213,3.6327356118233647,4.507987444962705,14.040168619402637,22.599021991873855,25.028722129928013,14.65173926237676
20231207,Wind,73.17701482269389,10.607750413925771,8.458428153950765,5.836977940048827,9.695654138918847,15.482407785996429,11.13638706339799,17.192195181934316,14.835128187270167,20.10285078410994,6.181502720317832,7.796522086771537,7.346441711956485,9.658666397614768,15.761895893883718,10.738353048419745,8.65092649696017,8.284542302221466,6.720188230839407,12.866886553673913,10.27258287056129,13.15585529741742,14.78144671967674,12.411903386780962,14.514771876766307
20231208,Solar,152.81226687865893,5.225179821784986,6.107542174408257,7.370139702980078,9.53176357330893,1.121208550968733,16.24709424869933,14.655733502877847,6.943428309239632,3.551524220398019,11.754045755387653,10.940278561061788,9.92611251146313,20.06101969868293,14.843925171046491,2.816003088009653,5.158634351992138,14.260965363578457,14.428315664657324,7.698937985658144,18.34287336809311,13.409810248502417,6.482287539656526,8.821488150973158,9.120483950353634
20231208,Wind,79.81663469747363,0.7237473022366825,15.39638846373263,4.985285984549591,8.954504615503751,11.857819531783997,11.23784640694268,13.278998335938697,0.0003404736126988439,11.410578336391211,15.461835222085465,12.962039970296123,17.54017614658639,11.855509801646754,14.441909621034144,22.33057237435364,8.552224525598827,20.14257705027972,21.702926929794764,11.45792899119421,8.024055839197999,5.563071423734011,13.166329281957196,9.496073829462986,9.175329504427285
20231209,Solar,66.56852867496072,13.0333325674494,9.744727936199709,10.609006611566848,0.0,16.717673268042304,6.00692994928197,7.819735970639937,8.446825399286624,17.514782936287077,17.514482116271175,7.396268474129772,18.368083780007286,10.78869536542195,7.35595735640573,4.839757383769525,5.905852002472065,3.8058142959729713,23.029602768916806,12.062340950724312,2.7363561547577318,9.105785354898298,9.749109157969022,10.65588401296851,4.8325688916655265
20231209,Wind,127.74297436843291,22.252278670657507,19.495926604184348,11.499152320638716,16.30419908267328,18.40043324669733,9.125161947588115,3.33459994506083,11.986430113623735,8.12506994863367,2.4568420906321253,0.0,8.843839210694568,18.45313984503136,13.56448886261004,9.6228346130233,8.848955470885345,15.340692637723041,9.383755537188941,8.024437797975065,9.020023411746795,10.63543178375752,8.306497946972117,2.1141033599989245,11.979923881991432
20231210,Solar,125.57769543306746,4.923728633268593,5.735559780566245,11.004199193405535,9.747732553913414,7.482504645710202,6.60816893403974,8.588491932519261,14.820537285801183,6.231129722954058,9.985569099302186,3.6179578861438264,3.6986063737444197,12.939240454646612,16.017838373901718,17.532054395750162,9.449045595849116,6.690036296219824,8.217856446983795,15.020554280003243,7.795906034563605,9.716400009027403,7.355629922708169,1.8828397777213957,3.0835391770874243
20231210,Wind,106.07997613303495,10.85223525206483,1.341712380136727,9.937843239091,2.928734419856791,13.899651723057667,7.498235535876454,9.533228143569772,6.535784986140923,13.835515154085707,9.053918880828517,11.799604667463306,6.279456171569745,13.64447468192648,7.430751466512213,8.169857937884352,14.943745240651914,15.20812623875271,5.078769513905107,2.6980022036526363,16.305460059759433,12.729299692453498,7.090089355137183,11.352302569229657,14.15876115977499
20231211,Solar,114.81315216375185,15.552486395457883,8.597808594169292,10.665772640858078,12.408813545368226,17.148949100027078,3.7114816707037934,4.342241666263606,12.71049929821445,15.020324051381888,17.954202847050997,19.953373445607223,12.398045844390268,7.965521088344064,10.657794815123754,8.203595355564737,7.956922541981333,4.798284346320779,15.573470896658922,10.546982357424755,0.5760059360252723,17.868494825060214,4.278032668954447,9.756211299343002,12.093418522260539
20231211,Wind,150.69178616111972,3.651738669493494,13.946112495302364,18.681619044249445,5.72081915696736,12.006906953901893,5.149897120998403,2.6517184347569,15.675771828090161,6.000481575043487,0.0,9.890267939796015,9.458787683811336,3.6726275357535587,17.823730952822874,0.0,7.016846257157737,8.849824346034994,6.369754594206981,13.392450763562028,5.04181610797858,11.051858255562465,3.522691397567611,13.315180021695895,8.674155221210485
20231212,Solar,113.99185481600904,7.600216154574877,5.364285072322284,13.10025933819542,12.810703114853915,16.425387944984056,14.472927663343377,1.3484369679803376,13.75625331552745,17.310982969527185,4.763416863183563,16.564386471501447,2.1233877667925336,11.308237752487752,11.982451785820768,3.4511059295138704,14.436174368285366,11.937032449100798,8.814026453396036,18.51133186475562,13.8049769190287,7.075540311973657,13.275164258610586,8.587584247091396,12.177301592088083
20231212,Wind,153.53485108324196,,,,,,,,,,,,,,,,,,,,,,,,
20231213,Solar,130.97657319413327,14.92338347412273,11.144637013513771,10.95394968343394,15.098182453346588,11.971570718853984,7.484934737342457,3.9732084239849286,6.583868125813159,12.543806480641335,7.65140047395279,6.761806006286041,16.557869611248908,17.565160188853966,17.308018177142195,18.364175711729967,8.782756105869876,12.851541349118722,12.256690818202657,16.287143886628726,12.868941107460923,10.879249117779858,10.910328806954512,14.752956110693967,10.943447971842797
20231213,Wind,158.3825077693328,16.627612846770297,2.6815639491624177,1.922056507659612,9.195416366725897,6.891953867688988,4.859840677684324,11.54705160357969,12.175017248373225,17.44140595269756,3.492700601534823,0.0,11.461279787174295,13.289203995234994,7.647504483420873,5.544243978501513,13.004513052390795,7.853849441774066,6.947467223973164,15.95880060573482,6.673240382972402,6.701577968229238,5.650978909120041,0.0,11.07427342172949
20231214,Solar,193.91027827183225,10.795181323658674,11.533463498067068,0.9305876476524444,7.931111359907415,9.176999211631205,7.973015105960335,8.011000732963758,18.1267015606255,13.843901128941996,17.560185707660775,11.848237179781492,10.236457092802937,6.566977409875053,1.5193717449223187,10.98369941590403,8.689848412108047,7.488677377657677,9.52431431426615,21.68400759251486,15.131318190650884,12.143039676049113,12.895300671219092,5.4181487833073385,15.833043322088232
20231214,Wind,191.96239226952977,5.791329655029495,8.296884743859115,20.414049951042575,6.87230819867665,12.168580849381819,1.5807509851646562,12.948189543880682,10.070825796912107,9.99875412290913,2.8409265138728133,5.531876404152207,8.056030324319746,2.2468299275487427,6.104161320432706,23.542267610592532,8.934075190803295,18.894908102936473,7.08084136750529,11.618673466978983,9.755190904496253,11.823207788166815,6.481744511036699,7.382381288947252,12.44716024273649
20231215,Solar,214.41052355330416,7.786045310360762,12.472332441761866,7.3408886238438935,6.387219557697516,6.516903374771162,10.633152997121762,11.679122559845085,9.17336140335213,6.642039467412029,15.110180278281241,12.995505065415388,7.700211795333867,5.8887635887461105,15.680047002733676,12.834008712917376,17.769344526785808,11.385986835005038,5.837608434012632,20.260397591685003,9.201665918245409,17.81759210154799,3.3056092201816645,9.206862498204416,15.243215987601907
20231215,Wind,191.90734484485802,6.847507428766234,3.080855980376991,6.916243279240339,9.913849678945414,8.88206813429623,14.727357409962824,8.840312910543568,3.151912674435419,23.542528253411742,2.198719352456011,7.488419494991637,12.719802844392147,11.088557997567152,12.603468323334557,14.880374029646458,9.310854900576988,7.622627898035329,4.873947510761839,14.050325631276786,12.994022388411441,11.069127144333667,17.840600394270115,2.9138234450485436,11.965726841927001
20231216,Solar,161.92787657709022,5.113655691884967,16.49081575721952,11.228316206886246,8.953284688041302,13.804368404734017,21.834863300295115,10.652267126046084,8.178565600878997,6.054919109733606,2.787343449648114,20.109065025675136,10.710303529891426,7.644944126793564,10.34055746474333,6.169628761571486,7.9707889074161535,12.690270170696246,2.6421058719354154,2.3293116837572416,10.095288820666706,12.277964813005994,11.038726256437398,5.457100155070604,9.713236929065989
20231216,Wind,128.32841811799278,9.489808995907676,9.08482757503155,12.75201489164964,5.87348092088917,20.262787665880502,4.483706387179408,9.448319458116439,6.42380923041106,11.590645469901357,11.000706614897883,18.96600823235654,13.855080954536488,15.01027842284189,15.305647596835875,17.761866835917814,10.089401325048247,13.114151704882671,11.809578824730785,10.143676383430009,3.819403903888693,6.723671391889281,8.438889302236344,13.49626201135729,12.573982832967245
20231217,Solar,130.61195385918882,,,,,,,,,,,,,,,,,,,,,,,,
20231217,Wind,106.1111346782095,12.451287222142597,14.799377306424446,18.87209266440002,9.456219538707087,19.882883336618086,6.463942771510621,14.900413927289314,2.4358800353241614,12.786547343091383,11.361675333808957,12.956054089784844,10.098600607956218,9.356207179624834,8.888310146725912,5.659975049984181,9.160243632854396,12.431371299335346,4.322354579009767,17.65128348064507,1.8642519751674325,15.372338923657214,8.203842557603847,0.0,8.19390023226939
20231218,Solar,150.2264645525779,9.958838177152446,4.212775238170221,17.503681913289707,7.829011910280847,8.700641177886162,4.357718549744938,7.884631233790008,8.357047728031453,20.64008465953251,19.01022454142493,6.283509238994983,11.92104900439498,6.166557233846913,14.175602380275333,17.39689204971448,11.273667205451375,2.4679373447865407,3.860564562032639,10.842887424146271,5.678318106849211,16.03258730206486,12.466191867225497,8.873914810208824,2.961772289375392
20231218,Wind,184.86937393559674,10.28526918412682,14.411287548040383,5.9453338768058925,4.293165133590672,14.824499345136925,4.355509355720116,9.5657492687426,4.955328271194068,10.237851975444661,9.224930546181826,13.23443277906981,7.037337599655177,14.956437802222899,8.089874062907985,6.81530817242124,19.906931021872655,6.7757346075016445,3.7822820615951724,3.4022260956747816,0.0,8.346180271197419,2.2628646668162586,9.28871443113029,7.388819953651359
20231219,Solar,113.71661985584898,9.592246024551105,2.874666124278372,14.843672867108946,14.152855067107037,15.805463499958702,10.703678632134835,2.924374501712469,14.701146529194244,9.524670320681828,18.138936601969906,3.281266890480362,9.759156844806528,12.713054863452784,12.451230843857244,9.98162530292375,10.461898572318137,5.06858790453529,6.9392418848337005,14.41385653397073,21.691078012344203,0.33031233880606026,0.9738996389133003,5.434500481773923,7.351770664101633
20231219,Wind,148.1391070668113,3.5139423041686335,3.1493112862005357,8.079545408946007,18.860463754126243,17.822483869702737,5.346031881533653,11.370223019224065,5.704138210617585,17.761390288037706,11.621458771603807,17.206169432219966,16.704752112051455,5.844972198216857,6.0263398934920716,18.130926944903614,12.18958302356002,9.354123904164235,15.628358318688841,16.607748525784434,9.868399000675328,16.804330515821125,10.562778335858281,9.289891910185705,12.776204226864738
20231220,Solar,116.13188856391153,10.800674484914362,19.819996179942173,9.312456277846117,14.812941069921123,6.360190676351046,6.965771143532575,6.947092014272695,7.138253811751286,9.320579269666542,14.77936212212018,15.153461495486756,10.053550138395153,14.271048606112217,4.727261167997669,5.429395244960738,11.732157781829004,7.814500099838444,6.59358850591624,7.984131673279241,12.665297502908818,15.941006618503565,1.2873496031480125,11.963137089940775,9.674611780842342
20231220,Wind,160.46771650938075,7.081872072726751,15.559266843983123,4.530053970243185,6.399059941619779,8.873643459411008,7.797993346313691,7.615756704210488,11.410632629773042,14.380121690095509,0.0,2.931238550565125,8.914047249005204,1.8861827400726316,5.671362787522653,8.815957169375789,21.343013552585067,8.999217941543682,12.788184627436832,7.764799567688905,5.82378438359311,9.416231738913138,0.46700227081779455,13.575174673146197,5.9373564295419365
20231221,Solar,122.53083080250248,3.2632839042028117,20.368320877168774,1.5346357308429526,9.748851577050317,9.732019505235481,6.300160800505447,5.802195695577791,7.731422112480377,10.971949192983196,13.18152348174424,9.093446895662163,11.052422146867936,1.0675251832053567,9.869676708233388,6.948944726847723,15.0135038719897,0.5258888241903137,17.802721064809965,11.008339872278931,12.628254063442261,15.344096214279258,14.514725257047003,10.506157526878363,9.176959790440229
20231221,Wind,113.02447143529736,11.85352783557792,8.148929846960447,9.842191436838556,17.702144758437303,8.212830787513276,5.937077236504271,9.380017760558257,21.79726311243162,14.604874580785799,12.413817927329472,10.81198029627392,4.1721483236004175,5.57414919100439,6.760238245479766,8.356356920295767,2.7450091073004623,9.619388771804195,10.84237709294984,0.946602414169373,13.868949156197457,9.794856411259088,10.833924306339378,13.234258355035557,8.39685507840732
20231222,Solar,116.00166525339873,6.941349817907275,10.512143320390043,5.220090419443773,4.131501786112535,16.593804874195698,0.0,0.0,14.652575786397112,13.627241385433509,8.199653740071225,13.596591414667593,11.104241424023721,0.08549477345487833,6.9006250427512725,10.196209745118669,16.14579221904883,4.493561299610543,6.175767080041971,13.54859785270796,14.681165697506305,11.085223947849087,10.901405136824167,10.054567585854432,5.405864877416309
20231222,Wind,175.16643869227832,11.13876960629418,12.636773733761816,14.639068392860182,13.912975633426127,9.61586149494267,10.434766450559344,13.411785064566297,10.086032891571092,7.984439502991097,19.47765453107628,9.94025938797769,18.4802200806906,9.43718300064755,9.232791961582814,16.700489081222795,5.2753662936044865,21.417563853269215,9.552537518329345,18.456558311916627,9.586871462576287,1.8697838093942676,4.40585182519149,0.0,17.33550751328142
20231223,Solar,145.16252973348224,14.238189075347135,9.939022167030528,8.594608782399392,2.759583959280051,1.907261675958154,10.33835744779226,9.80667612660386,11.840506927235026,0.7799368917081506,7.533958078400995,13.931860933900362,5.9569282289026635,9.596059744677628,9.638897809202652,18.21145466625864,6.731840251640253,8.00180051228761,9.783282526728541,6.746532282434488,15.077171975414483,16.110139388886758,16.950809437382123,9.330919871262774,9.069019970965316
20231223,Wind,128.5789134999982,5.248806394273841,6.269319896520478,11.542951094749368,18.420188137156643,6.83493088843118,6.013275751322441,7.663571993988964,0.0,1.6304564272791089,1.955628890723351,9.64617002695374,11.33527575132968,7.972481542813797,2.2447441913108523,10.779198748397715,3.5013089506175743,8.710943164792344,18.638146726279853,19.215295840559488,6.961735008258855,1.2348273289189382,15.02975544266604,3.85524002807359,6.04099803386731
20231224,Solar,163.07022512736054,10.460606410364857,5.519576510599755,16.837628769577158,7.848427376245051,2.1079998665155997,11.801921351941855,2.2588466710454114,16.15862586855248,0.7981070445209271,13.909785218733704,13.058861425376836,9.882528795444337,12.694578467880246,0.0,6.367086579546633,19.111671515060284,13.475234145306109,1.3380432734094505,14.97412338507179,11.87075101291713,18.607266702296105,3.204380776414142,10.567204217051147,1.6887775449847242
20231224,Wind,129.27418912661747,0.9478855913481932,11.069311164144748,2.5735240910894595,21.145218622619065,8.858306066533295,16.98453766032843,12.165333432399851,12.55948334883585,9.544016763693746,2.8816184378250687,3.1606743282288177,9.754563026317442,6.383041403092985,11.99984096280861,13.390187981211579,15.931714344778046,16.612468386663924,15.578079343674313,9.614885690387803,10.241353694728971,19.114357173942853,9.456222495662672,8.900004129866025,10.43732871877324
20231225,Solar,206.32589468428517,17.66266545304638,4.665700791688475,6.3769130572515635,18.64031899320915,13.362748372839683,10.117899164171419,6.828362198524621,9.634210885362887,0.0,10.382934036569202,9.87004226390819,9.664361253331041,3.5118200099255645,10.696105887582062,10.026325993687468,16.153307849391396,4.111912787897146,1.284784080477226,13.174178866608061,4.124242714162444,0.0,7.951965085680325,8.852863621534086,12.590513714572426
20231225,Wind,101.30669231533717,3.20466751555609,4.5256825381657375,10.904418122829249,9.46784745209306,6.727616638481556,16.65128889578114,16.53043435124157,12.829248413772106,9.20004839812809,16.69932131458542,15.750613151922773,13.571544418853257,6.0138411804816325,3.148825161214889,10.189488445236437,15.17943856214724,12.86523262717798,14.058318982380463,17.988442943274354,0.8509161190630932,17.784804146140097,9.776802342474074,5.81093839029257,6.741900976813434
20231226,Solar,140.65142435913592,7.425901688013126,11.967860055772963,11.562624079116302,6.402973134447947,7.984835176827117,21.1906596021356,12.43159481164891,13.439246219214034,10.668836735354963,12.492391573000022,17.055436557534986,4.509393294896924,3.8981199536464164,12.181391478527411,4.840884179957046,13.45371046889596,14.831350155321145,7.953421740269277,10.709090726876061,8.505089286797267,8.806190244000236,15.438347711023667,8.00568517383956,10.701443156022433
20231226,Wind,79.76173891664996,16.691899518819785,9.524203242571923,15.517487506361629,10.973877359454569,8.626173538309029,22.652623445601368,17.673278443435617,7.918137413318755,14.281132222986258,8.763059089799086,10.86519817472835,13.443368782871959,6.941218206011599,12.172260581202117,1.9145728268594109,8.401541318046583,10.923302964253063,19.129317033949476,11.962856700419685,8.523388586636747,12.111244004740007,8.095566791752514,11.53497605633827,4.543100485504602
20231227,Solar,132.6562804054953,8.82738536959507,14.686031352908426,14.33576564520299,9.099205166767181,10.703712469176224,4.058819567449995,10.68485020394286,11.900810205808753,12.521898363300945,8.244368775075522,9.504324355661764,10.345672314583673,12.980086652222584,8.488937685495417,9.90540011512868,11.030242448374532,10.823126504854741,13.368497771012237,7.32261463702578,8.651827128624095,2.9473704038267554,14.918620621065397,5.432915676128084,8.853313075089316
20231227,Wind,66.0182251146685,4.013011568498499,7.875442949585788,10.484668128653697,7.992165182072038,12.580413893177623,4.084684967906648,15.389113805810776,15.243622707433502,14.50942534103906,16.326713143319893,16.84017151309119,1.1863868007169553,1.2179088476901367,19.796831560557585,4.6527062179879355,7.418287332778864,7.4402887999249705,12.867442101099076,9.400617856758918,15.2499235595761,8.387074834616834,1.3471875296996538,6.893859207435941,15.42345075920023
20231228,Solar,187.3158261279563,13.565366161432676,7.093720250122322,11.517023352986277,1.7094337271085147,14.03627713967684,7.777850016371444,12.313855226491086,12.274488716011076,12.06952562117696,3.9004251155448677,9.49535812131492,11.899191236484954,8.301554937664665,16.346058296218192,7.348663175792439,5.743323623936768,8.389103930769457,5.291008181897978,13.5040004660057,16.880963913679192,4.094539373102117,6.924230058162586,1.2369856785660138,8.832555296457848
20231228,Wind,188.32518835027895,13.452662310755924,12.117766980177356,11.655379454952449,7.427232081727065,21.277584914682606,10.643576006299202,7.745092938981018,8.736970063813306,8.382292299707927,13.875275363739977,15.722635777196514,10.569599450300005,14.788091153469757,8.004643526140102,17.41331542546905,6.79758991975101,9.46113657620232,19.026442422696114,9.09824449130792,13.2860717820356,6.053593129953363,7.9912779243628345,11.395671027553426,6.778606620706042
20231229,Solar,189.2085086862238,6.834068303173833,5.939875627230864,2.6514381766312223,4.4476043912188015,10.617479655000363,17.933259999217903,10.936050092420672,11.483253808289335,9.470085280429617,20.96804386298851,9.466783384325641,5.641231011209298,15.358552352563883,8.09789467341152,9.649215206357708,21.770861432870742,7.87040441010474,24.075340778388295,7.4828111862780915,12.936223482673414,16.111168537363692,7.297177896988668,3.619343683067613,16.71093262396029
20231229,Wind,151.4436240087234,7.375367396098004,6.7093613722165735,9.218122613225193,12.758238532126182,13.678965269898574,13.136206105454775,5.830068667705319,16.911195318113172,5.741780188678736,12.717183774603585,10.19999286626443,10.802858043840597,6.589871593150868,2.7105966592285267,15.53546224536319,8.08849170835064,14.440376655704156,20.05724713462064,15.754932642018986,9.600400933890587,14.9957504893401,10.121812783863358,10.139218359604088,10.989152441055017
20231230,Solar,106.0064797644954,7.822955146909568,6.907728048102926,11.242366089985461,14.955356582987124,2.0622162616086257,3.9835643516375008,20.34389716487186,13.919879705077255,11.14043264169479,8.809908104074095,4.476408134181945,3.4186758994927855,21.06611943709652,16.123629300734155,11.480714963741885,15.003881377140466,5.640762953582759,4.984484570865869,12.41251723175268,10.882917261089004,14.102393852675728,10.789530917826283,13.531696493440387,7.484479513174673
20231230,Wind,109.98296839820252,8.964880196569844,8.951489468522235,12.292754293925533,13.703420019617983,8.10408507217233,6.941712957628358,9.495674451472931,4.184664228639789,2.079022248117316,9.199672982274091,3.753587214014985,6.576481219023178,4.741956908174054,11.234100264654925,12.919182927673118,20.385848822761368,14.277379906029699,9.050628260157213,7.599434520655137,12.147872251064502,7.304482104357066,11.152129661358538,16.356458297291113,5.672101252496726
20231231,Solar,226.50860276102605,0.5351446153909667,18.862182716479513,5.3781827996792035,11.711875448137537,8.647915532689634,9.789998960172428,10.131051457593255,12.933419071062108,15.330177270031538,7.5980981069274955,14.89064728899911,10.184878334578071,8.857649270488976,14.115304887451774,7.249815679003268,13.903528729522039,16.638998511633474,4.057229705194969,18.764014875472405,10.700302409416503,6.54831287520364,14.431293598277584,8.39261254467545,4.255612567003149
20231231,Wind,221.78385518998982,9.092880694409503,3.1160558752142142,3.656010437355545,5.73546466429549,4.913425555064479,2.554200109272524,11.949929308167594,12.27078952595928,5.217030566840762,6.744774670434823,18.61409537720929,1.5719128134101557,4.1485614696291115,0.0,15.764557330938114,6.0599048041203005,11.84914287577596,6.952396961890108,20.568083178864608,12.962744842769396,1.7531714908448603,13.667284500378813,13.123596304599667,12.133911519236698
