"attrition_flag","gender","customer_age","income_category","card_category","credit_limit","total_revolving_bal","avg_utilization_ratio","avg_open_to_buy","months_inactive_12_mon"
"Existing Customer","M",45,"$60K - $80K","Blue",12691,777,0.061,11914,1
"Existing Customer","F",49,"Less than $40K","Blue",8256,864,0.105,7392,1
"Existing Customer","M",51,"$80K - $120K","Blue",3418,0,0,3418,1
"Existing Customer","F",40,"Less than $40K","Blue",3313,2517,0.76,796,4
"Existing Customer","M",40,"$60K - $80K","Blue",4716,0,0,4716,1
"Existing Customer","M",44,"$40K - $60K","Blue",4010,1247,0.311,2763,1
"Existing Customer","M",51,"$120K +","Gold",34516,2264,0.066,32252,1
"Existing Customer","M",32,"$60K - $80K","Silver",29081,1396,0.048,27685,2
"Existing Customer","M",37,"$60K - $80K","Blue",22352,2517,0.113,19835,2
"Existing Customer","M",48,"$80K - $120K","Blue",11656,1677,0.144,9979,3
"Existing Customer","M",42,"$120K +","Blue",6748,1467,0.217,5281,3
"Existing Customer","M",65,"$40K - $60K","Blue",9095,1587,0.174,7508,2
"Existing Customer","M",56,"$80K - $120K","Blue",11751,0,0,11751,6
"Existing Customer","M",35,"$60K - $80K","Blue",8547,1666,0.195,6881,1
"Existing Customer","F",57,"Less than $40K","Blue",2436,680,0.279,1756,2
"Existing Customer","M",44,"$80K - $120K","Blue",4234,972,0.23,3262,1
"Existing Customer","M",48,"$80K - $120K","Blue",30367,2362,0.078,28005,2
"Existing Customer","M",41,"$80K - $120K","Blue",13535,1291,0.095,12244,4
"Existing Customer","M",61,"$40K - $60K","Blue",3193,2517,0.788,676,2
"Existing Customer","F",45,"Unknown","Blue",14470,1157,0.08,13313,1
"Existing Customer","M",47,"$60K - $80K","Blue",20979,1800,0.086,19179,2
"Attrited Customer","F",62,"Less than $40K","Blue",1438.3,0,0,1438.3,3
"Existing Customer","M",41,"$40K - $60K","Blue",4470,680,0.152,3790,2
"Existing Customer","F",47,"Less than $40K","Blue",2492,1560,0.626,932,3
"Existing Customer","M",54,"$80K - $120K","Blue",12217,0,0,12217,2
"Existing Customer","F",41,"Less than $40K","Blue",7768,1669,0.215,6099,1
"Existing Customer","M",59,"$40K - $60K","Blue",14784,1374,0.093,13410,1
"Existing Customer","M",63,"$60K - $80K","Blue",10215,1010,0.099,9205,3
"Existing Customer","F",44,"Unknown","Blue",10100,0,0,10100,2
"Existing Customer","M",47,"$40K - $60K","Blue",4785,1362,0.285,3423,0
"Existing Customer","M",53,"$80K - $120K","Blue",2753,1811,0.658,942,2
"Existing Customer","M",53,"$60K - $80K","Blue",2451,1690,0.69,761,5
"Existing Customer","M",41,"$60K - $80K","Blue",8923,2517,0.282,6406,1
"Existing Customer","F",53,"Less than $40K","Blue",2650,1490,0.562,1160,2
"Existing Customer","M",58,"$80K - $120K","Blue",12555,1696,0.135,10859,2
"Existing Customer","F",55,"Less than $40K","Blue",3520,1914,0.544,1606,2
"Existing Customer","F",55,"Less than $40K","Blue",3035,2298,0.757,737,2
"Existing Customer","F",42,"Less than $40K","Gold",15433,0,0,15433,3
"Existing Customer","F",57,"$40K - $60K","Blue",3672,886,0.241,2786,3
"Attrited Customer","F",66,"Unknown","Blue",7882,605,0.077,7277,4
"Existing Customer","M",45,"$80K - $120K","Blue",32426,578,0.018,31848,2
"Existing Customer","M",51,"$40K - $60K","Blue",6205,2204,0.355,4001,1
"Existing Customer","F",50,"$40K - $60K","Silver",17304,2517,0.145,14787,2
"Existing Customer","M",49,"$60K - $80K","Blue",3906,0,0,3906,2
"Existing Customer","F",38,"Unknown","Blue",9830,2055,0.209,7775,3
"Existing Customer","M",49,"$80K - $120K","Blue",34516,0,0,34516,2
"Existing Customer","M",56,"$60K - $80K","Blue",2283,1430,0.626,853,2
"Existing Customer","M",59,"$40K - $60K","Blue",2548,2020,0.793,528,2
"Existing Customer","M",46,"$80K - $120K","Blue",19458,1435,0.074,18023,3
"Existing Customer","M",52,"$80K - $120K","Blue",4745,1227,0.259,3518,1
"Existing Customer","F",52,"Less than $40K","Blue",2622,1549,0.591,1073,3
"Attrited Customer","F",54,"Less than $40K","Blue",1438.3,808,0.562,630.3,3
"Existing Customer","F",66,"Less than $40K","Blue",3171,2179,0.687,992,4
"Existing Customer","M",49,"$120K +","Blue",19763,2517,0.127,17246,2
"Attrited Customer","M",56,"$120K +","Blue",15769,0,0,15769,3
"Existing Customer","F",49,"Less than $40K","Blue",3298,2200,0.667,1098,4
"Existing Customer","F",49,"Less than $40K","Blue",2802,2363,0.843,439,2
"Existing Customer","M",56,"$40K - $60K","Blue",4458,1880,0.422,2578,2
"Existing Customer","F",44,"Unknown","Blue",6273,978,0.156,5295,1
"Existing Customer","M",42,"$60K - $80K","Blue",3336,1753,0.525,1583,4
"Existing Customer","M",55,"$80K - $120K","Blue",3436,2016,0.587,1420,2
"Attrited Customer","M",48,"$60K - $80K","Silver",34516,0,0,34516,4
"Existing Customer","M",39,"$60K - $80K","Blue",5926,1251,0.211,4675,3
"Existing Customer","M",44,"$120K +","Blue",23957,2102,0.088,21855,4
"Existing Customer","M",53,"$120K +","Blue",14734,1634,0.111,13100,2
"Existing Customer","M",51,"$80K - $120K","Silver",34516,1515,0.044,33001,1
"Existing Customer","M",57,"$60K - $80K","Blue",6584,1817,0.276,4767,3
"Existing Customer","F",44,"Less than $40K","Blue",2084,1468,0.704,616,3
"Existing Customer","M",49,"$60K - $80K","Blue",1687,1107,0.656,580,2
"Existing Customer","M",50,"$80K - $120K","Blue",25300,1330,0.053,23970,2
"Existing Customer","M",51,"$120K +","Blue",34516,1763,0.051,32753,2
"Existing Customer","F",55,"Less than $40K","Blue",2216,1034,0.467,1182,3
"Existing Customer","M",54,"$60K - $80K","Blue",2910,2030,0.698,880,2
"Existing Customer","M",42,"$80K - $120K","Blue",22913,1528,0.067,21385,2
"Existing Customer","M",44,"$60K - $80K","Blue",24312,1932,0.079,22380,3
"Existing Customer","M",53,"$80K - $120K","Blue",5272,1515,0.287,3757,3
"Existing Customer","F",44,"Less than $40K","Blue",7000,2517,0.36,4483,4
"Existing Customer","F",37,"Less than $40K","Blue",7038,1801,0.256,5237,4
"Existing Customer","M",49,"$60K - $80K","Blue",2536,1823,0.719,713,1
"Existing Customer","M",47,"$80K - $120K","Blue",28904,1899,0.066,27005,3
"Existing Customer","M",47,"$60K - $80K","Blue",8567,1695,0.198,6872,4
"Existing Customer","M",44,"$120K +","Blue",34516,1533,0.044,32983,2
"Attrited Customer","F",55,"$40K - $60K","Blue",2158,0,0,2158,4
"Existing Customer","F",59,"Unknown","Blue",10133,1417,0.14,8716,3
"Existing Customer","M",53,"$80K - $120K","Blue",34516,1219,0.035,33297,4
"Existing Customer","M",52,"$60K - $80K","Blue",3085,1910,0.619,1175,3
"Existing Customer","M",53,"$120K +","Blue",19040,2056,0.108,16984,2
"Existing Customer","F",43,"Less than $40K","Blue",4026,0,0,4026,2
"Existing Customer","M",44,"$60K - $80K","Blue",12756,837,0.066,11919,3
"Existing Customer","M",57,"$120K +","Blue",5266,0,0,5266,3
"Existing Customer","F",51,"Less than $40K","Blue",9930,0,0,9930,2
"Existing Customer","M",49,"$80K - $120K","Blue",31302,1953,0.062,29349,3
"Existing Customer","M",45,"$40K - $60K","Blue",6576,0,0,6576,4
"Existing Customer","M",53,"$80K - $120K","Blue",2664,2037,0.765,627,4
"Existing Customer","F",45,"Unknown","Blue",2535,2440,0.963,95,1
"Existing Customer","M",64,"Less than $40K","Blue",1709,895,0.524,814,4
"Existing Customer","M",45,"$40K - $60K","Blue",3454,1200,0.347,2254,4
"Existing Customer","M",53,"$40K - $60K","Blue",3789,1706,0.45,2083,3
"Existing Customer","M",56,"$120K +","Blue",9689,2250,0.232,7439,2
"Attrited Customer","M",47,"$80K - $120K","Blue",5449,1628,0.299,3821,3
"Existing Customer","F",49,"Unknown","Blue",23032,1960,0.085,21072,4
"Existing Customer","F",41,"Unknown","Silver",34516,2053,0.059,32463,3
"Existing Customer","M",53,"$120K +","Blue",2940,1264,0.43,1676,2
"Existing Customer","F",44,"Less than $40K","Blue",3031,1879,0.62,1152,3
"Existing Customer","M",44,"$60K - $80K","Blue",1862,0,0,1862,3
"Existing Customer","F",43,"Less than $40K","Blue",8358,926,0.111,7432,3
"Existing Customer","M",53,"$120K +","Blue",34516,931,0.027,33585,1
"Existing Customer","M",44,"$60K - $80K","Blue",14450,2440,0.169,12010,2
"Existing Customer","F",62,"Less than $40K","Blue",1438.3,0,0,1438.3,0
"Existing Customer","M",54,"$120K +","Blue",33791,1960,0.058,31831,3
"Existing Customer","M",57,"$60K - $80K","Blue",8466,1886,0.223,6580,3
"Existing Customer","M",42,"$60K - $80K","Blue",15088,865,0.057,14223,3
"Existing Customer","M",42,"$60K - $80K","Blue",3263,1674,0.513,1589,1
"Existing Customer","F",54,"Less than $40K","Blue",1494,706,0.473,788,2
"Existing Customer","M",48,"$80K - $120K","Blue",13551,1294,0.095,12257,1
"Existing Customer","M",49,"$80K - $120K","Blue",18886,895,0.047,17991,2
"Existing Customer","M",52,"$80K - $120K","Blue",11976,1273,0.106,10703,2
"Existing Customer","M",50,"$80K - $120K","Blue",9964,1559,0.156,8405,1
"Existing Customer","M",49,"$60K - $80K","Blue",24159,1196,0.05,22963,6
"Existing Customer","F",53,"Less than $40K","Blue",5362,1901,0.355,3461,2
"Existing Customer","M",50,"$120K +","Blue",34516,1023,0.03,33493,2
"Existing Customer","F",55,"Less than $40K","Blue",3174,1951,0.615,1223,1
"Existing Customer","M",53,"$80K - $120K","Blue",12262,1836,0.15,10426,2
"Existing Customer","F",47,"$40K - $60K","Blue",3788,1540,0.407,2248,3
"Existing Customer","M",55,"$120K +","Silver",34516,1527,0.044,32989,3
"Existing Customer","M",47,"$60K - $80K","Blue",2926,0,0,2926,2
"Existing Customer","M",58,"$120K +","Blue",32090,0,0,32090,1
"Attrited Customer","M",53,"$80K - $120K","Blue",11669,2227,0.191,9442,3
"Existing Customer","M",52,"$40K - $60K","Blue",13532,1300,0.096,12232,1
"Existing Customer","F",50,"Less than $40K","Silver",11888,2090,0.176,9798,2
"Existing Customer","F",42,"Less than $40K","Blue",2393,1985,0.83,408,1
"Existing Customer","M",43,"$40K - $60K","Blue",6111,2517,0.412,3594,1
"Existing Customer","M",57,"$80K - $120K","Blue",19270,1662,0.086,17608,2
"Existing Customer","M",52,"$80K - $120K","Blue",3710,2517,0.678,1193,1
"Existing Customer","M",47,"Less than $40K","Blue",3235,797,0.246,2438,1
"Existing Customer","F",44,"$40K - $60K","Blue",11749,788,0.067,10961,1
"Existing Customer","M",53,"$60K - $80K","Blue",7753,2100,0.271,5653,3
"Existing Customer","M",45,"$60K - $80K","Blue",10408,1186,0.114,9222,1
"Existing Customer","F",63,"Unknown","Blue",3967,1568,0.395,2399,2
"Existing Customer","F",39,"Less than $40K","Blue",6205,2517,0.406,3688,2
"Attrited Customer","F",48,"Less than $40K","Blue",8025,0,0,8025,3
"Existing Customer","M",51,"$120K +","Blue",9036,2327,0.258,6709,2
"Existing Customer","M",54,"$80K - $120K","Blue",14926,2517,0.169,12409,3
"Existing Customer","F",59,"Less than $40K","Blue",6335,1128,0.178,5207,2
"Attrited Customer","M",59,"$60K - $80K","Blue",14979,0,0,14979,3
"Attrited Customer","F",48,"Less than $40K","Blue",2732,0,0,2732,2
"Existing Customer","F",41,"Less than $40K","Blue",2250,2117,0.941,133,3
"Existing Customer","M",55,"$120K +","Blue",10916,1536,0.141,9380,2
"Existing Customer","F",47,"Unknown","Blue",5349,1228,0.23,4121,1
"Existing Customer","M",41,"$80K - $120K","Blue",9366,1104,0.118,8262,1
"Existing Customer","M",40,"$80K - $120K","Blue",21617,0,0,21617,1
"Existing Customer","M",68,"Unknown","Blue",13860,1652,0.119,12208,2
"Existing Customer","F",50,"$40K - $60K","Silver",18386,0,0,18386,2
"Existing Customer","M",47,"$60K - $80K","Blue",2405,1540,0.64,865,2
"Existing Customer","F",53,"Less than $40K","Blue",2154,930,0.432,1224,2
"Existing Customer","F",42,"$40K - $60K","Blue",2038,0,0,2038,3
"Existing Customer","F",48,"$40K - $60K","Blue",8135,0,0,8135,1
"Existing Customer","M",49,"$120K +","Blue",9364,618,0.066,8746,1
"Existing Customer","F",44,"Unknown","Silver",32643,0,0,32643,3
"Existing Customer","F",43,"Less than $40K","Blue",3195,1954,0.612,1241,3
"Existing Customer","M",56,"$80K - $120K","Blue",2852,1024,0.359,1828,2
"Existing Customer","F",59,"Unknown","Blue",4224,1305,0.309,2919,3
"Existing Customer","M",46,"$60K - $80K","Blue",20459,2071,0.101,18388,2
"Existing Customer","F",47,"Less than $40K","Blue",3482,2114,0.607,1368,5
"Existing Customer","F",50,"$40K - $60K","Blue",3065,1570,0.512,1495,2
"Existing Customer","F",51,"Less than $40K","Blue",2185,1761,0.806,424,1
"Existing Customer","F",47,"Less than $40K","Blue",1611,746,0.463,865,1
"Existing Customer","F",58,"Less than $40K","Blue",2822,2173,0.77,649,3
"Attrited Customer","M",46,"$80K - $120K","Blue",32975,2517,0.076,30458,3
"Existing Customer","M",53,"$60K - $80K","Blue",1438.3,0,0,1438.3,2
"Existing Customer","F",45,"Unknown","Blue",15875,1719,0.108,14156,3
"Existing Customer","F",52,"Less than $40K","Blue",6703,893,0.133,5810,3
"Attrited Customer","M",53,"$80K - $120K","Blue",3212,0,0,3212,2
"Existing Customer","M",50,"$80K - $120K","Silver",34516,1260,0.037,33256,1
"Existing Customer","F",41,"$40K - $60K","Blue",9797,1434,0.146,8363,1
"Existing Customer","F",45,"$40K - $60K","Blue",10400,1777,0.171,8623,2
"Existing Customer","M",53,"$80K - $120K","Blue",26792,1836,0.069,24956,1
"Existing Customer","F",67,"Less than $40K","Blue",3006,2517,0.837,489,3
"Existing Customer","F",57,"$40K - $60K","Silver",19482,1072,0.055,18410,3
"Existing Customer","F",59,"$40K - $60K","Blue",3356,985,0.294,2371,2
"Existing Customer","M",45,"$40K - $60K","Blue",5771,2248,0.39,3523,2
"Existing Customer","M",51,"$80K - $120K","Blue",11106,2107,0.19,8999,2
"Existing Customer","F",59,"Less than $40K","Blue",2890,2001,0.692,889,3
"Existing Customer","M",53,"$60K - $80K","Blue",3380,1701,0.503,1679,2
"Existing Customer","M",47,"$60K - $80K","Blue",21331,1251,0.059,20080,1
"Existing Customer","F",49,"Unknown","Blue",12860,0,0,12860,2
"Existing Customer","M",49,"$80K - $120K","Blue",6278,462,0.074,5816,1
"Existing Customer","F",60,"Less than $40K","Blue",1438.3,738,0.513,700.3,1
"Existing Customer","F",50,"Less than $40K","Blue",9355,1626,0.174,7729,1
"Existing Customer","F",41,"Unknown","Blue",20758,0,0,20758,1
"Existing Customer","M",57,"$80K - $120K","Blue",14612,1976,0.135,12636,3
"Existing Customer","M",43,"$80K - $120K","Blue",27259,0,0,27259,2
"Existing Customer","F",57,"Less than $40K","Blue",6347,1594,0.251,4753,2
"Existing Customer","M",54,"$120K +","Blue",21592,1676,0.078,19916,3
"Existing Customer","F",51,"Less than $40K","Blue",3449,1598,0.463,1851,1
"Existing Customer","F",47,"Less than $40K","Blue",6028,799,0.133,5229,1
"Existing Customer","M",41,"$120K +","Blue",18214,1998,0.11,16216,2
"Existing Customer","M",53,"$80K - $120K","Blue",16393,1423,0.087,14970,3
"Attrited Customer","M",68,"Less than $40K","Blue",1438.3,900,0.626,538.3,3
"Existing Customer","M",59,"$60K - $80K","Blue",7871,1687,0.214,6184,1
"Existing Customer","M",48,"$80K - $120K","Blue",5288,866,0.164,4422,3
"Existing Customer","M",44,"$60K - $80K","Blue",11376,2006,0.176,9370,5
"Existing Customer","M",48,"$80K - $120K","Blue",12302,1632,0.133,10670,5
"Existing Customer","M",47,"$60K - $80K","Silver",34516,1679,0.049,32837,2
"Existing Customer","M",47,"$60K - $80K","Silver",34516,1468,0.043,33048,2
"Existing Customer","F",43,"Less than $40K","Silver",10514,1580,0.15,8934,2
"Attrited Customer","F",55,"Less than $40K","Blue",1438.3,0,0,1438.3,4
"Attrited Customer","M",59,"$60K - $80K","Blue",1438.3,0,0,1438.3,3
"Existing Customer","M",63,"$40K - $60K","Blue",2619,1779,0.679,840,1
"Existing Customer","M",58,"$120K +","Blue",24407,2395,0.098,22012,3
"Existing Customer","F",53,"Less than $40K","Blue",2377,1649,0.694,728,1
"Existing Customer","M",59,"$80K - $120K","Silver",34516,1359,0.039,33157,2
"Existing Customer","M",52,"$120K +","Blue",11086,2207,0.199,8879,3
"Existing Customer","M",48,"$60K - $80K","Blue",11432,2517,0.22,8915,2
"Existing Customer","M",43,"$40K - $60K","Blue",13258,1721,0.13,11537,3
"Existing Customer","M",48,"Less than $40K","Blue",2571,1955,0.76,616,2
"Existing Customer","F",43,"Less than $40K","Blue",5781,1168,0.202,4613,2
"Existing Customer","M",44,"$60K - $80K","Blue",7872,2509,0.319,5363,1
"Existing Customer","M",41,"$80K - $120K","Blue",34516,1202,0.035,33314,1
"Existing Customer","F",44,"Less than $40K","Silver",11127,1835,0.165,9292,1
"Existing Customer","M",50,"$40K - $60K","Blue",1857,1603,0.863,254,1
"Existing Customer","F",60,"Less than $40K","Blue",1913,1272,0.665,641,1
"Existing Customer","M",44,"$80K - $120K","Blue",3839,2295,0.598,1544,3
"Existing Customer","F",48,"$40K - $60K","Blue",2115,1141,0.539,974,2
"Existing Customer","F",44,"Less than $40K","Blue",1438.3,679,0.472,759.3,2
"Existing Customer","M",41,"$80K - $120K","Blue",27756,1789,0.064,25967,3
"Existing Customer","M",45,"$60K - $80K","Blue",1438.3,0,0,1438.3,1
"Existing Customer","F",47,"Less than $40K","Silver",13878,2222,0.16,11656,4
"Existing Customer","F",51,"Less than $40K","Blue",3106,1304,0.42,1802,1
"Existing Customer","M",51,"$120K +","Blue",34516,1666,0.048,32850,3
"Attrited Customer","F",60,"$40K - $60K","Blue",1438.3,1025,0.713,413.3,4
"Existing Customer","M",57,"$80K - $120K","Blue",18871,1740,0.092,17131,3
"Existing Customer","M",41,"$120K +","Blue",5207,1748,0.336,3459,2
"Existing Customer","M",44,"$80K - $120K","Blue",17965,1644,0.092,16321,2
"Existing Customer","M",43,"$60K - $80K","Blue",2733,1819,0.666,914,3
"Existing Customer","M",55,"$60K - $80K","Blue",8863,1301,0.147,7562,3
"Attrited Customer","M",52,"$80K - $120K","Blue",1857,1833,0.987,24,3
"Existing Customer","M",44,"$80K - $120K","Blue",34516,0,0,34516,3
"Existing Customer","M",41,"$40K - $60K","Blue",11107,1222,0.11,9885,3
"Existing Customer","M",44,"$80K - $120K","Blue",21573,1585,0.073,19988,1
"Attrited Customer","F",53,"Less than $40K","Blue",2859,2517,0.88,342,3
"Existing Customer","M",39,"$80K - $120K","Blue",5269,1475,0.28,3794,2
"Attrited Customer","M",49,"$40K - $60K","Blue",1438.3,0,0,1438.3,2
"Attrited Customer","F",45,"Less than $40K","Blue",3387,0,0,3387,3
"Existing Customer","M",54,"$80K - $120K","Blue",1982,1289,0.65,693,2
"Existing Customer","M",49,"$80K - $120K","Blue",4645,1650,0.355,2995,2
"Existing Customer","F",46,"Unknown","Blue",2189,1666,0.761,523,3
"Attrited Customer","M",46,"$120K +","Blue",2442,0,0,2442,3
"Existing Customer","M",47,"$60K - $80K","Blue",21304,1532,0.072,19772,1
"Existing Customer","M",44,"$60K - $80K","Blue",7577,2480,0.327,5097,1
"Existing Customer","M",50,"$120K +","Blue",3234,1486,0.459,1748,1
"Existing Customer","M",73,"$40K - $60K","Blue",4469,1125,0.252,3344,3
"Existing Customer","M",56,"$40K - $60K","Blue",2910,709,0.244,2201,3
"Attrited Customer","M",59,"$40K - $60K","Blue",3616,1054,0.291,2562,4
"Existing Customer","M",70,"Less than $40K","Blue",3252,1495,0.46,1757,2
"Existing Customer","F",55,"Less than $40K","Blue",2358,1152,0.489,1206,3
"Existing Customer","M",43,"$60K - $80K","Blue",22322,953,0.043,21369,1
"Existing Customer","M",45,"$120K +","Blue",3133,1510,0.482,1623,2
"Existing Customer","F",45,"$40K - $60K","Blue",3540,849,0.24,2691,3
"Existing Customer","M",40,"$40K - $60K","Blue",6990,1378,0.197,5612,3
"Existing Customer","M",36,"$80K - $120K","Blue",34516,1652,0.048,32864,2
"Attrited Customer","F",59,"$40K - $60K","Blue",1438.3,0,0,1438.3,4
"Existing Customer","M",43,"$60K - $80K","Blue",24396,1171,0.048,23225,3
"Existing Customer","F",46,"Less than $40K","Blue",2474,2143,0.866,331,3
"Existing Customer","M",41,"$40K - $60K","Blue",5214,795,0.152,4419,1
"Existing Customer","F",51,"Less than $40K","Blue",5207,1650,0.317,3557,2
"Existing Customer","F",51,"Less than $40K","Blue",9512,1082,0.114,8430,2
"Existing Customer","F",43,"Unknown","Blue",3187,2430,0.762,757,3
"Attrited Customer","F",64,"$40K - $60K","Blue",3353,0,0,3353,3
"Existing Customer","M",54,"$60K - $80K","Blue",2290,1434,0.626,856,3
"Existing Customer","M",48,"$40K - $60K","Blue",5279,1115,0.211,4164,1
"Existing Customer","M",40,"$60K - $80K","Blue",23603,0,0,23603,3
"Existing Customer","M",57,"$40K - $60K","Blue",2601,0,0,2601,2
"Existing Customer","M",45,"$80K - $120K","Blue",6363,1029,0.162,5334,3
"Existing Customer","M",41,"$80K - $120K","Blue",8029,1576,0.196,6453,3
"Existing Customer","F",42,"Less than $40K","Blue",2410,1769,0.734,641,2
"Attrited Customer","M",45,"$60K - $80K","Blue",3401,0,0,3401,1
"Existing Customer","F",42,"Less than $40K","Blue",2260,1007,0.446,1253,2
"Existing Customer","M",47,"$80K - $120K","Blue",17682,2481,0.14,15201,2
"Existing Customer","F",48,"$40K - $60K","Blue",4206,1100,0.262,3106,1
"Existing Customer","M",43,"$80K - $120K","Silver",34516,1440,0.042,33076,3
"Existing Customer","M",41,"$80K - $120K","Blue",23018,2168,0.094,20850,3
"Existing Customer","F",54,"$40K - $60K","Blue",5556,1711,0.308,3845,2
"Attrited Customer","F",54,"Unknown","Blue",6094,0,0,6094,3
"Existing Customer","M",61,"$40K - $60K","Blue",2939,1999,0.68,940,1
"Existing Customer","M",61,"$80K - $120K","Blue",5362,1274,0.238,4088,1
"Attrited Customer","M",48,"$120K +","Blue",27126,0,0,27126,3
"Existing Customer","F",45,"Less than $40K","Blue",3342,2517,0.753,825,3
"Attrited Customer","F",54,"Unknown","Blue",2532,2221,0.877,311,2
"Existing Customer","F",54,"Unknown","Blue",1900,1376,0.724,524,2
"Existing Customer","M",44,"$60K - $80K","Blue",14546,1703,0.117,12843,3
"Existing Customer","F",50,"Unknown","Blue",2521,1608,0.638,913,3
"Existing Customer","M",55,"$60K - $80K","Blue",16427,1682,0.102,14745,4
"Existing Customer","M",48,"$40K - $60K","Blue",13068,1718,0.131,11350,1
"Existing Customer","M",45,"$60K - $80K","Blue",23218,1814,0.078,21404,3
"Existing Customer","M",60,"$40K - $60K","Blue",3281,837,0.255,2444,1
"Existing Customer","M",55,"$40K - $60K","Blue",3096,2217,0.716,879,3
"Existing Customer","F",62,"$40K - $60K","Blue",2052,1250,0.609,802,2
"Existing Customer","F",38,"Less than $40K","Blue",1438.3,583,0.405,855.3,3
"Existing Customer","M",46,"$40K - $60K","Blue",9432,1418,0.15,8014,3
"Existing Customer","M",50,"$120K +","Silver",14938,2303,0.154,12635,2
"Existing Customer","M",45,"$60K - $80K","Blue",2221,1343,0.605,878,3
"Existing Customer","M",47,"$60K - $80K","Blue",5731,1577,0.275,4154,3
"Existing Customer","M",48,"$60K - $80K","Gold",34516,2061,0.06,32455,2
"Existing Customer","M",35,"$60K - $80K","Blue",6985,1130,0.162,5855,2
"Existing Customer","M",51,"$120K +","Blue",24221,1707,0.07,22514,3
"Existing Customer","F",36,"Unknown","Blue",15439,0,0,15439,1
"Existing Customer","M",47,"$80K - $120K","Blue",21637,2030,0.094,19607,3
"Existing Customer","M",52,"$120K +","Blue",14543,0,0,14543,3
"Existing Customer","F",43,"Less than $40K","Blue",9684,2475,0.256,7209,1
"Existing Customer","M",63,"$40K - $60K","Blue",5007,930,0.186,4077,2
"Existing Customer","M",61,"$60K - $80K","Blue",1616,1047,0.648,569,2
"Existing Customer","M",53,"$60K - $80K","Blue",19116,0,0,19116,2
"Existing Customer","F",53,"Less than $40K","Blue",2759,2223,0.806,536,6
"Attrited Customer","M",57,"$120K +","Blue",8249,1381,0.167,6868,3
"Existing Customer","F",38,"Unknown","Blue",14041,2154,0.153,11887,3
"Existing Customer","M",53,"$60K - $80K","Blue",5264,2169,0.412,3095,3
"Existing Customer","F",63,"Less than $40K","Blue",2420,1912,0.79,508,2
"Existing Customer","F",49,"Less than $40K","Blue",2826,2070,0.732,756,2
"Existing Customer","M",45,"$80K - $120K","Blue",12518,1539,0.123,10979,5
"Existing Customer","M",67,"$40K - $60K","Blue",5876,1297,0.221,4579,2
"Existing Customer","M",48,"$80K - $120K","Silver",34516,0,0,34516,2
"Existing Customer","F",51,"Less than $40K","Blue",9648,1926,0.2,7722,1
"Existing Customer","M",52,"$80K - $120K","Silver",34516,2177,0.063,32339,3
"Existing Customer","F",55,"Unknown","Blue",3025,2376,0.785,649,3
"Existing Customer","M",34,"$60K - $80K","Blue",3265,2517,0.771,748,3
"Existing Customer","M",56,"$120K +","Blue",6041,1355,0.224,4686,2
"Existing Customer","F",44,"Less than $40K","Blue",2293,1823,0.795,470,3
"Existing Customer","M",47,"$80K - $120K","Blue",13399,2505,0.187,10894,2
"Existing Customer","F",46,"Less than $40K","Blue",4317,2517,0.583,1800,3
"Existing Customer","F",43,"$40K - $60K","Blue",3378,1069,0.316,2309,2
"Existing Customer","F",50,"Less than $40K","Blue",5012,2242,0.447,2770,1
"Existing Customer","F",38,"Less than $40K","Blue",2569,1605,0.625,964,1
"Existing Customer","F",53,"Less than $40K","Blue",3471,1785,0.514,1686,1
"Existing Customer","M",43,"$120K +","Silver",34516,1699,0.049,32817,3
"Existing Customer","M",53,"$120K +","Blue",3312,1844,0.557,1468,3
"Existing Customer","F",56,"Less than $40K","Blue",2578,2462,0.955,116,3
"Attrited Customer","M",54,"$40K - $60K","Blue",2902,2517,0.867,385,3
"Existing Customer","F",57,"Less than $40K","Blue",2742,2321,0.846,421,2
"Existing Customer","M",62,"Less than $40K","Blue",2077,1571,0.756,506,3
"Existing Customer","F",46,"Less than $40K","Blue",6265,1942,0.31,4323,1
"Existing Customer","M",49,"$60K - $80K","Blue",7819,1560,0.2,6259,3
"Existing Customer","M",52,"$80K - $120K","Blue",2731,1692,0.62,1039,3
"Attrited Customer","M",58,"$40K - $60K","Blue",1438.3,537,0.373,901.3,4
"Existing Customer","M",54,"$80K - $120K","Blue",16286,1710,0.105,14576,1
"Existing Customer","M",49,"$120K +","Blue",34516,0,0,34516,2
"Existing Customer","F",58,"Less than $40K","Blue",2609,2439,0.935,170,1
"Existing Customer","M",52,"$60K - $80K","Blue",7567,1173,0.155,6394,3
"Existing Customer","M",41,"$60K - $80K","Blue",22770,2517,0.111,20253,3
"Existing Customer","F",62,"Less than $40K","Blue",3791,1648,0.435,2143,1
"Existing Customer","M",54,"Less than $40K","Blue",2702,2517,0.932,185,4
"Existing Customer","F",40,"Less than $40K","Blue",2555,2117,0.829,438,1
"Existing Customer","M",43,"$80K - $120K","Blue",2355,1090,0.463,1265,3
"Existing Customer","F",53,"$40K - $60K","Blue",5332,0,0,5332,2
"Existing Customer","M",55,"$40K - $60K","Blue",1443,1375,0.953,68,3
"Existing Customer","M",46,"$60K - $80K","Blue",10741,755,0.07,9986,2
"Existing Customer","M",41,"$60K - $80K","Blue",7984,1503,0.188,6481,2
"Existing Customer","M",49,"$60K - $80K","Blue",18584,2517,0.135,16067,2
"Existing Customer","F",61,"Unknown","Blue",5585,1465,0.262,4120,1
"Existing Customer","M",46,"$80K - $120K","Blue",34516,2165,0.063,32351,3
"Existing Customer","F",50,"Less than $40K","Blue",1438.3,0,0,1438.3,3
"Existing Customer","M",40,"$80K - $120K","Blue",2478,2031,0.82,447,1
"Existing Customer","M",51,"$120K +","Blue",34516,2274,0.066,32242,3
"Existing Customer","F",50,"$40K - $60K","Blue",2339,1440,0.616,899,2
"Existing Customer","F",47,"Less than $40K","Blue",2726,0,0,2726,3
"Existing Customer","M",43,"$120K +","Blue",14881,848,0.057,14033,3
"Existing Customer","F",36,"$40K - $60K","Blue",1628,969,0.595,659,3
"Existing Customer","F",47,"Less than $40K","Blue",3156,1644,0.521,1512,2
"Existing Customer","F",46,"Less than $40K","Blue",4745,1270,0.268,3475,3
"Existing Customer","M",46,"$120K +","Blue",19727,1785,0.09,17942,3
"Existing Customer","M",52,"$60K - $80K","Blue",22720,793,0.035,21927,3
"Existing Customer","M",43,"$40K - $60K","Blue",8129,1799,0.221,6330,3
"Existing Customer","F",40,"Less than $40K","Blue",3751,1521,0.405,2230,2
"Existing Customer","F",54,"Less than $40K","Blue",1594,1411,0.885,183,5
"Existing Customer","F",55,"Less than $40K","Blue",2569,1403,0.546,1166,2
"Existing Customer","F",49,"Unknown","Blue",18206,1586,0.087,16620,3
"Existing Customer","M",45,"$40K - $60K","Blue",3104,1766,0.569,1338,3
"Existing Customer","M",49,"$40K - $60K","Blue",2406,1560,0.648,846,3
"Existing Customer","M",63,"$80K - $120K","Blue",24571,1955,0.08,22616,2
"Existing Customer","F",40,"Less than $40K","Gold",15534,726,0.047,14808,2
"Existing Customer","F",41,"Less than $40K","Silver",12301,2250,0.183,10051,2
"Existing Customer","M",37,"$80K - $120K","Blue",2846,1818,0.639,1028,2
"Existing Customer","M",58,"$120K +","Blue",9788,1794,0.183,7994,2
"Existing Customer","M",55,"$60K - $80K","Blue",7231,2381,0.329,4850,3
"Existing Customer","F",53,"Less than $40K","Blue",2324,1576,0.678,748,3
"Existing Customer","M",57,"$80K - $120K","Blue",12208,1980,0.162,10228,2
"Attrited Customer","M",43,"$80K - $120K","Blue",5639,1547,0.274,4092,5
"Existing Customer","M",58,"$60K - $80K","Blue",10021,1617,0.161,8404,3
"Existing Customer","M",64,"Less than $40K","Blue",2215,1915,0.865,300,1
"Existing Customer","F",54,"Less than $40K","Blue",2027,1480,0.73,547,2
"Existing Customer","M",53,"$60K - $80K","Blue",6363,1162,0.183,5201,2
"Existing Customer","F",39,"Less than $40K","Blue",3920,2008,0.512,1912,1
"Existing Customer","M",56,"$60K - $80K","Blue",9226,1233,0.134,7993,1
"Existing Customer","F",54,"Less than $40K","Blue",9376,1288,0.137,8088,1
"Existing Customer","F",59,"$40K - $60K","Blue",1944,1346,0.692,598,3
"Existing Customer","M",42,"$40K - $60K","Blue",9599,1554,0.162,8045,1
"Existing Customer","M",42,"$60K - $80K","Silver",28202,843,0.03,27359,1
"Existing Customer","M",43,"$80K - $120K","Blue",24850,1662,0.067,23188,3
"Existing Customer","M",55,"$120K +","Blue",3805,2233,0.587,1572,3
"Existing Customer","M",52,"$80K - $120K","Blue",2733,1306,0.478,1427,2
"Existing Customer","M",46,"$40K - $60K","Blue",12781,1253,0.098,11528,3
"Attrited Customer","M",57,"$120K +","Blue",3106,1120,0.361,1986,3
"Existing Customer","M",48,"$80K - $120K","Blue",7477,0,0,7477,3
"Existing Customer","M",45,"$120K +","Blue",34516,2086,0.06,32430,1
"Existing Customer","M",48,"$120K +","Blue",29963,2094,0.07,27869,5
"Existing Customer","M",47,"$40K - $60K","Blue",6509,2033,0.312,4476,3
"Attrited Customer","M",42,"$60K - $80K","Blue",13450,0,0,13450,3
"Existing Customer","M",41,"$60K - $80K","Silver",27000,0,0,27000,2
"Existing Customer","M",51,"$120K +","Silver",34516,1254,0.036,33262,2
"Existing Customer","F",55,"Less than $40K","Blue",6347,0,0,6347,3
"Existing Customer","M",67,"$40K - $60K","Blue",3106,1675,0.539,1431,3
"Existing Customer","M",39,"$60K - $80K","Blue",2536,913,0.36,1623,1
"Existing Customer","M",54,"$60K - $80K","Blue",13048,1954,0.15,11094,3
"Existing Customer","F",55,"Less than $40K","Blue",2453,968,0.395,1485,3
"Existing Customer","M",47,"$40K - $60K","Silver",16138,1249,0.077,14889,2
"Existing Customer","M",49,"$60K - $80K","Blue",8077,1965,0.243,6112,2
"Attrited Customer","F",42,"Less than $40K","Blue",1929,1673,0.867,256,3
"Existing Customer","M",57,"$80K - $120K","Blue",3127,2517,0.805,610,3
"Existing Customer","M",44,"$60K - $80K","Blue",8645,1454,0.168,7191,3
"Existing Customer","M",56,"$60K - $80K","Blue",1438.3,0,0,1438.3,1
"Attrited Customer","F",49,"Less than $40K","Blue",2185,0,0,2185,3
"Existing Customer","M",45,"$80K - $120K","Blue",24487,2517,0.103,21970,2
"Existing Customer","M",63,"$60K - $80K","Blue",2567,0,0,2567,2
"Existing Customer","M",44,"$80K - $120K","Blue",4131,785,0.19,3346,3
"Existing Customer","F",44,"Less than $40K","Silver",10790,1930,0.179,8860,2
"Existing Customer","M",40,"$40K - $60K","Blue",6884,1001,0.145,5883,3
"Attrited Customer","M",39,"$60K - $80K","Blue",13961,1299,0.093,12662,3
"Existing Customer","M",42,"$80K - $120K","Blue",29801,1916,0.064,27885,1
"Existing Customer","M",54,"$120K +","Blue",13219,0,0,13219,1
"Attrited Customer","F",58,"Less than $40K","Blue",2536,0,0,2536,3
"Existing Customer","F",46,"Less than $40K","Blue",9478,820,0.087,8658,3
"Existing Customer","F",47,"$40K - $60K","Blue",3502,1851,0.529,1651,1
"Existing Customer","F",67,"Unknown","Blue",10509,2388,0.227,8121,3
"Existing Customer","F",50,"Less than $40K","Blue",1491,0,0,1491,3
"Existing Customer","M",55,"$60K - $80K","Blue",9734,0,0,9734,1
"Existing Customer","F",46,"$40K - $60K","Blue",2305,1627,0.706,678,1
"Existing Customer","F",47,"$40K - $60K","Blue",14241,2081,0.146,12160,1
"Existing Customer","F",36,"$40K - $60K","Blue",4789,1257,0.262,3532,1
"Existing Customer","M",40,"$60K - $80K","Blue",23138,1727,0.075,21411,2
"Existing Customer","M",57,"$80K - $120K","Blue",23008,2280,0.099,20728,1
"Existing Customer","M",48,"$80K - $120K","Blue",3131,2517,0.804,614,1
"Existing Customer","F",58,"Less than $40K","Blue",5798,1794,0.309,4004,3
"Existing Customer","M",48,"$40K - $60K","Blue",6880,1390,0.202,5490,2
"Existing Customer","M",48,"$80K - $120K","Platinum",34516,1531,0.044,32985,2
"Existing Customer","F",53,"$40K - $60K","Blue",2075,1469,0.708,606,2
"Existing Customer","M",50,"$80K - $120K","Blue",4589,0,0,4589,3
"Attrited Customer","F",52,"Less than $40K","Blue",2317,0,0,2317,2
"Attrited Customer","F",53,"Less than $40K","Blue",1981,1518,0.766,463,1
"Existing Customer","F",56,"$40K - $60K","Blue",6038,0,0,6038,2
"Existing Customer","M",44,"$80K - $120K","Blue",14910,877,0.059,14033,3
"Existing Customer","M",49,"$80K - $120K","Blue",29659,1143,0.039,28516,3
"Attrited Customer","M",54,"$60K - $80K","Blue",4320,0,0,4320,3
"Existing Customer","F",39,"$40K - $60K","Blue",11213,0,0,11213,1
"Existing Customer","F",39,"Unknown","Blue",26181,0,0,26181,1
"Existing Customer","F",41,"Less than $40K","Blue",5773,0,0,5773,1
"Attrited Customer","M",53,"$80K - $120K","Blue",4503,0,0,4503,3
"Existing Customer","M",47,"$80K - $120K","Blue",29770,1565,0.053,28205,2
"Existing Customer","F",46,"Less than $40K","Blue",5014,1910,0.381,3104,1
"Existing Customer","F",53,"Less than $40K","Blue",3445,1074,0.312,2371,1
"Existing Customer","M",60,"$80K - $120K","Blue",23412,1078,0.046,22334,2
"Existing Customer","F",59,"Less than $40K","Blue",3044,1611,0.529,1433,1
"Existing Customer","M",38,"$60K - $80K","Blue",14596,2192,0.15,12404,2
"Existing Customer","M",56,"Less than $40K","Blue",3864,1654,0.428,2210,2
"Attrited Customer","M",35,"$80K - $120K","Blue",17030,1911,0.112,15119,1
"Existing Customer","M",50,"$60K - $80K","Blue",23090,839,0.036,22251,2
"Existing Customer","M",53,"$80K - $120K","Blue",29205,1208,0.041,27997,2
"Existing Customer","M",63,"$60K - $80K","Blue",14035,2061,0.147,11974,2
"Attrited Customer","F",43,"Less than $40K","Blue",2962,2517,0.85,445,3
"Existing Customer","M",46,"$80K - $120K","Blue",18578,1385,0.075,17193,3
"Existing Customer","M",61,"$60K - $80K","Blue",2201,1138,0.517,1063,3
"Existing Customer","F",37,"Less than $40K","Blue",2061,1483,0.72,578,3
"Existing Customer","F",42,"Unknown","Blue",24602,1660,0.067,22942,2
"Existing Customer","M",41,"$120K +","Blue",15911,896,0.056,15015,2
"Attrited Customer","M",56,"$120K +","Blue",16867,0,0,16867,2
"Existing Customer","M",56,"$60K - $80K","Blue",2783,1526,0.548,1257,3
"Attrited Customer","F",52,"Less than $40K","Blue",2972,0,0,2972,3
"Existing Customer","F",40,"$40K - $60K","Blue",5124,2235,0.436,2889,3
"Existing Customer","M",63,"$40K - $60K","Blue",2880,2362,0.82,518,6
"Existing Customer","M",58,"$40K - $60K","Blue",5579,0,0,5579,1
"Existing Customer","M",58,"$60K - $80K","Blue",12010,2149,0.179,9861,1
"Existing Customer","M",46,"$80K - $120K","Blue",34516,1597,0.046,32919,3
"Existing Customer","F",37,"$40K - $60K","Blue",4394,885,0.201,3509,2
"Existing Customer","M",46,"$80K - $120K","Blue",18325,723,0.039,17602,3
"Existing Customer","F",46,"Less than $40K","Blue",3773,1972,0.523,1801,3
"Existing Customer","M",41,"$80K - $120K","Blue",21684,1748,0.081,19936,1
"Existing Customer","F",48,"$40K - $60K","Blue",1919,774,0.403,1145,1
"Existing Customer","F",49,"$40K - $60K","Blue",9995,1713,0.171,8282,3
"Existing Customer","M",44,"$80K - $120K","Blue",11910,2098,0.176,9812,2
"Existing Customer","F",39,"Less than $40K","Blue",2279,1529,0.671,750,2
"Existing Customer","M",57,"$40K - $60K","Blue",3539,0,0,3539,1
"Existing Customer","M",48,"$80K - $120K","Blue",30579,1351,0.044,29228,1
"Existing Customer","M",47,"$80K - $120K","Blue",24480,1923,0.079,22557,1
"Existing Customer","F",56,"Unknown","Blue",17561,0,0,17561,1
"Existing Customer","F",54,"Less than $40K","Blue",1638,0,0,1638,1
"Existing Customer","M",54,"$60K - $80K","Blue",2947,2216,0.752,731,3
"Existing Customer","M",52,"$80K - $120K","Blue",5738,1112,0.194,4626,1
"Existing Customer","M",43,"$120K +","Blue",33304,1833,0.055,31471,2
"Existing Customer","M",59,"$40K - $60K","Blue",7251,1603,0.221,5648,3
"Existing Customer","M",44,"Unknown","Blue",2885,1895,0.657,990,2
"Existing Customer","F",56,"Less than $40K","Blue",2641,1257,0.476,1384,2
"Existing Customer","F",45,"Unknown","Blue",2801,2043,0.729,758,3
"Existing Customer","M",55,"$80K - $120K","Blue",16794,809,0.048,15985,3
"Existing Customer","F",48,"$40K - $60K","Blue",9336,1672,0.179,7664,1
"Existing Customer","F",56,"Less than $40K","Blue",2763,2517,0.911,246,1
"Existing Customer","M",41,"$60K - $80K","Blue",17391,1044,0.06,16347,3
"Existing Customer","F",65,"Less than $40K","Blue",3198,2493,0.78,705,2
"Existing Customer","M",34,"$80K - $120K","Blue",5100,1786,0.35,3314,3
"Existing Customer","M",56,"$60K - $80K","Blue",3955,2517,0.636,1438,1
"Existing Customer","F",62,"Less than $40K","Blue",3140,1985,0.632,1155,3
"Attrited Customer","F",45,"Unknown","Blue",4028,710,0.176,3318,3
"Existing Customer","F",38,"Less than $40K","Blue",2264,0,0,2264,3
"Existing Customer","M",49,"$120K +","Blue",21620,2008,0.093,19612,2
"Existing Customer","M",58,"$60K - $80K","Blue",6385,1535,0.24,4850,2
"Existing Customer","F",41,"$40K - $60K","Blue",2375,1658,0.698,717,2
"Existing Customer","M",33,"$60K - $80K","Blue",1963,1721,0.877,242,3
"Existing Customer","F",47,"Less than $40K","Blue",4256,1084,0.255,3172,2
"Existing Customer","F",56,"Less than $40K","Blue",5097,1152,0.226,3945,1
"Existing Customer","M",51,"$60K - $80K","Blue",3228,2517,0.78,711,2
"Existing Customer","M",49,"$40K - $60K","Silver",20231,977,0.048,19254,1
"Attrited Customer","M",50,"$120K +","Blue",27512,2137,0.078,25375,2
"Existing Customer","F",55,"$40K - $60K","Blue",1929,1540,0.798,389,2
"Existing Customer","M",26,"Less than $40K","Blue",2585,2019,0.781,566,3
"Attrited Customer","M",58,"$80K - $120K","Blue",12151,1799,0.148,10352,3
"Existing Customer","M",46,"$80K - $120K","Gold",34516,2113,0.061,32403,2
"Existing Customer","M",48,"$120K +","Blue",34516,1013,0.029,33503,3
"Existing Customer","M",42,"$60K - $80K","Blue",5504,0,0,5504,1
"Existing Customer","M",37,"$80K - $120K","Blue",10021,1203,0.12,8818,1
"Existing Customer","F",63,"Less than $40K","Blue",3558,2318,0.651,1240,3
"Existing Customer","M",50,"$40K - $60K","Silver",19853,1513,0.076,18340,3
"Existing Customer","F",41,"$40K - $60K","Blue",4969,838,0.169,4131,3
"Existing Customer","F",48,"Less than $40K","Blue",3117,1603,0.514,1514,2
"Existing Customer","M",46,"$80K - $120K","Blue",21526,2332,0.108,19194,2
"Existing Customer","M",61,"$60K - $80K","Blue",5504,1412,0.257,4092,2
"Existing Customer","F",59,"Less than $40K","Blue",5512,1124,0.204,4388,3
"Attrited Customer","F",53,"Unknown","Blue",1438.3,0,0,1438.3,2
"Existing Customer","F",39,"$40K - $60K","Blue",7262,1466,0.202,5796,3
"Existing Customer","M",51,"$120K +","Blue",7319,1692,0.231,5627,3
"Attrited Customer","M",45,"$60K - $80K","Blue",1438.3,0,0,1438.3,5
"Existing Customer","M",48,"$60K - $80K","Blue",7712,1387,0.18,6325,3
"Existing Customer","M",47,"$60K - $80K","Blue",2053,0,0,2053,3
"Existing Customer","M",41,"$40K - $60K","Blue",12804,2517,0.197,10287,1
"Existing Customer","M",48,"$80K - $120K","Blue",26443,1601,0.061,24842,3
"Existing Customer","F",50,"Less than $40K","Blue",3125,1928,0.617,1197,2
"Existing Customer","F",56,"Less than $40K","Blue",4930,2259,0.458,2671,1
"Existing Customer","F",39,"Less than $40K","Blue",9476,0,0,9476,3
"Existing Customer","M",47,"$80K - $120K","Blue",11722,1667,0.142,10055,3
"Existing Customer","M",44,"$120K +","Blue",13301,0,0,13301,1
"Existing Customer","F",61,"Unknown","Blue",1438.3,0,0,1438.3,2
"Attrited Customer","F",43,"Less than $40K","Blue",1438.3,0,0,1438.3,3
"Attrited Customer","M",59,"$60K - $80K","Blue",6705,0,0,6705,2
"Existing Customer","F",42,"Unknown","Blue",22718,0,0,22718,2
"Existing Customer","M",40,"$40K - $60K","Gold",23981,1788,0.075,22193,2
"Existing Customer","M",65,"Less than $40K","Blue",2318,1010,0.436,1308,2
"Existing Customer","M",48,"$60K - $80K","Blue",19324,1040,0.054,18284,3
"Existing Customer","M",44,"$40K - $60K","Blue",5331,1993,0.374,3338,3
"Existing Customer","F",36,"Unknown","Blue",15700,1276,0.081,14424,2
"Existing Customer","M",45,"$60K - $80K","Blue",17625,894,0.051,16731,2
"Existing Customer","M",39,"$80K - $120K","Blue",17438,0,0,17438,3
"Existing Customer","M",40,"$80K - $120K","Blue",1962,0,0,1962,3
"Attrited Customer","M",62,"$60K - $80K","Blue",8077,0,0,8077,3
"Existing Customer","M",26,"$40K - $60K","Blue",3290,1616,0.491,1674,1
"Existing Customer","M",60,"Less than $40K","Blue",2402,1728,0.719,674,3
"Existing Customer","F",54,"Less than $40K","Blue",9256,1999,0.216,7257,1
"Existing Customer","M",62,"$60K - $80K","Blue",3674,895,0.244,2779,3
"Attrited Customer","M",57,"$40K - $60K","Blue",6462,0,0,6462,5
"Existing Customer","M",59,"$40K - $60K","Blue",1638,0,0,1638,2
"Existing Customer","M",46,"$60K - $80K","Blue",4335,2480,0.572,1855,3
"Existing Customer","M",44,"$60K - $80K","Blue",3233,1034,0.32,2199,3
"Attrited Customer","M",48,"$80K - $120K","Blue",11862,2517,0.212,9345,3
"Existing Customer","M",43,"$120K +","Silver",34516,1938,0.056,32578,2
"Existing Customer","M",57,"$120K +","Blue",19802,1961,0.099,17841,6
"Existing Customer","M",46,"$80K - $120K","Blue",24869,1729,0.07,23140,2
"Existing Customer","M",40,"$60K - $80K","Blue",3624,1975,0.545,1649,2
"Existing Customer","M",54,"$80K - $120K","Blue",6175,960,0.155,5215,1
"Existing Customer","F",57,"$40K - $60K","Blue",10953,1945,0.178,9008,1
"Existing Customer","M",44,"$60K - $80K","Blue",11338,0,0,11338,2
"Existing Customer","F",47,"Less than $40K","Blue",5544,1184,0.214,4360,2
"Existing Customer","M",47,"$60K - $80K","Blue",19665,706,0.036,18959,1
"Existing Customer","F",50,"Less than $40K","Blue",2927,1412,0.482,1515,2
"Existing Customer","F",53,"$40K - $60K","Blue",5146,1618,0.314,3528,3
"Attrited Customer","M",56,"$60K - $80K","Blue",1704,0,0,1704,3
"Attrited Customer","M",55,"$60K - $80K","Blue",1438.3,0,0,1438.3,2
"Existing Customer","F",53,"Less than $40K","Blue",2974,1170,0.393,1804,1
"Attrited Customer","M",61,"$40K - $60K","Blue",5472,788,0.144,4684,2
"Existing Customer","M",57,"$60K - $80K","Blue",2736,1822,0.666,914,1
"Existing Customer","M",50,"$80K - $120K","Blue",1438.3,862,0.599,576.3,2
"Existing Customer","F",56,"Unknown","Blue",5406,1782,0.33,3624,3
"Existing Customer","M",52,"$120K +","Blue",34516,2174,0.063,32342,1
"Existing Customer","M",60,"Less than $40K","Blue",1976,1311,0.663,665,2
"Existing Customer","M",49,"$80K - $120K","Blue",8714,2252,0.258,6462,1
"Existing Customer","F",46,"Less than $40K","Blue",8693,1378,0.159,7315,1
"Existing Customer","M",42,"$80K - $120K","Blue",9247,710,0.077,8537,1
"Existing Customer","M",45,"Less than $40K","Blue",7717,1430,0.185,6287,5
"Attrited Customer","F",45,"Less than $40K","Blue",4908,0,0,4908,4
"Attrited Customer","F",44,"Less than $40K","Blue",7222,0,0,7222,1
"Existing Customer","M",61,"$80K - $120K","Blue",21740,0,0,21740,2
"Attrited Customer","M",55,"$60K - $80K","Blue",2323,0,0,2323,2
"Existing Customer","M",44,"$60K - $80K","Blue",7788,0,0,7788,2
"Attrited Customer","F",55,"Less than $40K","Blue",1438.3,361,0.251,1077.3,1
"Existing Customer","M",57,"$120K +","Blue",23700,1314,0.055,22386,2
"Existing Customer","M",45,"$80K - $120K","Blue",11710,693,0.059,11017,3
"Existing Customer","F",57,"$40K - $60K","Blue",2278,845,0.371,1433,2
"Existing Customer","M",31,"$40K - $60K","Blue",4048,1113,0.275,2935,3
"Existing Customer","F",34,"Less than $40K","Blue",3663,1853,0.506,1810,2
"Attrited Customer","F",53,"Less than $40K","Blue",1438.3,0,0,1438.3,2
"Existing Customer","F",35,"Unknown","Blue",3518,1575,0.448,1943,5
"Existing Customer","F",44,"Less than $40K","Blue",1717,0,0,1717,1
"Existing Customer","M",50,"$80K - $120K","Blue",16813,1185,0.07,15628,2
"Existing Customer","M",33,"$80K - $120K","Blue",16434,2104,0.128,14330,2
"Existing Customer","M",50,"$60K - $80K","Blue",21872,1118,0.051,20754,2
"Existing Customer","M",51,"$80K - $120K","Blue",15897,1437,0.09,14460,2
"Existing Customer","F",56,"Less than $40K","Blue",4271,1150,0.269,3121,3
"Existing Customer","F",55,"Less than $40K","Blue",7361,1309,0.178,6052,1
"Existing Customer","M",26,"Less than $40K","Blue",1438.3,479,0.333,959.3,1
"Existing Customer","F",42,"Less than $40K","Blue",8628,1077,0.125,7551,3
"Existing Customer","M",54,"$80K - $120K","Blue",18750,1705,0.091,17045,3
"Existing Customer","F",44,"Unknown","Blue",21242,819,0.039,20423,2
"Existing Customer","F",65,"$40K - $60K","Blue",2961,1570,0.53,1391,3
"Existing Customer","F",38,"Unknown","Blue",11327,1528,0.135,9799,2
"Existing Customer","M",58,"$60K - $80K","Blue",8308,2517,0.303,5791,1
"Existing Customer","F",39,"$40K - $60K","Blue",3249,2217,0.682,1032,2
"Existing Customer","M",52,"$120K +","Blue",2981,1358,0.456,1623,1
"Existing Customer","F",45,"Less than $40K","Blue",8829,901,0.102,7928,1
"Existing Customer","M",42,"$80K - $120K","Blue",3714,2170,0.584,1544,3
"Attrited Customer","M",42,"$60K - $80K","Blue",7340,0,0,7340,1
"Existing Customer","M",57,"$120K +","Blue",16952,0,0,16952,2
"Attrited Customer","M",55,"$80K - $120K","Blue",20865,0,0,20865,1
"Existing Customer","F",44,"Less than $40K","Blue",3083,1040,0.337,2043,3
"Existing Customer","F",37,"Unknown","Blue",10584,1550,0.146,9034,2
"Existing Customer","F",50,"Less than $40K","Blue",2240,0,0,2240,1
"Existing Customer","M",51,"$40K - $60K","Blue",12240,1566,0.128,10674,1
"Existing Customer","M",37,"$80K - $120K","Blue",5120,0,0,5120,2
"Existing Customer","F",36,"Less than $40K","Blue",3124,1593,0.51,1531,1
"Existing Customer","F",51,"Less than $40K","Silver",11261,2485,0.221,8776,3
"Existing Customer","M",65,"$40K - $60K","Blue",2468,2021,0.819,447,3
"Existing Customer","M",43,"$60K - $80K","Blue",22157,1355,0.061,20802,2
"Existing Customer","M",46,"$40K - $60K","Blue",11477,0,0,11477,2
"Existing Customer","F",43,"Less than $40K","Blue",3933,852,0.217,3081,2
"Existing Customer","M",56,"$80K - $120K","Blue",8022,1372,0.171,6650,3
"Existing Customer","M",43,"$60K - $80K","Blue",13771,2517,0.183,11254,2
"Attrited Customer","M",53,"$80K - $120K","Blue",30271,1406,0.046,28865,3
"Existing Customer","M",50,"$60K - $80K","Blue",3244,1762,0.543,1482,2
"Existing Customer","F",43,"$40K - $60K","Blue",2936,2379,0.81,557,1
"Existing Customer","M",54,"$80K - $120K","Blue",1438.3,1133,0.788,305.3,1
"Existing Customer","M",33,"$60K - $80K","Blue",6242,491,0.079,5751,3
"Existing Customer","F",58,"$40K - $60K","Blue",6175,1166,0.189,5009,1
"Existing Customer","M",41,"$80K - $120K","Blue",11806,1811,0.153,9995,3
"Existing Customer","M",48,"$60K - $80K","Blue",4734,954,0.202,3780,2
"Existing Customer","M",55,"$40K - $60K","Blue",6244,2517,0.403,3727,2
"Attrited Customer","F",54,"Less than $40K","Blue",1438.3,306,0.213,1132.3,1
"Existing Customer","F",51,"Unknown","Platinum",34516,1578,0.046,32938,1
"Existing Customer","M",35,"$80K - $120K","Blue",23561,864,0.037,22697,1
"Existing Customer","M",50,"$80K - $120K","Blue",24742,1676,0.068,23066,2
"Attrited Customer","M",55,"$80K - $120K","Blue",27560,900,0.033,26660,2
"Existing Customer","F",45,"Less than $40K","Blue",5923,1686,0.285,4237,1
"Existing Customer","M",34,"$60K - $80K","Blue",8581,2326,0.271,6255,1
"Existing Customer","F",55,"$40K - $60K","Blue",3156,2517,0.798,639,3
"Attrited Customer","F",48,"Less than $40K","Blue",7151,800,0.112,6351,1
"Existing Customer","M",46,"$60K - $80K","Blue",1535,700,0.456,835,1
"Attrited Customer","F",61,"Less than $40K","Blue",2122,554,0.261,1568,3
"Existing Customer","M",48,"$60K - $80K","Blue",17131,1213,0.071,15918,2
"Existing Customer","F",51,"Less than $40K","Blue",5822,2387,0.41,3435,2
"Existing Customer","M",39,"$60K - $80K","Blue",3537,2517,0.712,1020,1
"Existing Customer","M",43,"$120K +","Blue",34516,2129,0.062,32387,1
"Existing Customer","M",53,"$60K - $80K","Blue",16320,0,0,16320,4
"Existing Customer","M",38,"$80K - $120K","Blue",2407,843,0.35,1564,3
"Existing Customer","F",49,"Less than $40K","Blue",3538,0,0,3538,1
"Existing Customer","F",37,"Less than $40K","Blue",2684,1381,0.515,1303,2
"Existing Customer","M",53,"$80K - $120K","Blue",34516,2517,0.073,31999,3
"Existing Customer","M",46,"$40K - $60K","Silver",15459,0,0,15459,2
"Existing Customer","F",44,"Less than $40K","Blue",4307,0,0,4307,3
"Existing Customer","F",50,"Less than $40K","Blue",2081,1235,0.593,846,2
"Existing Customer","F",58,"$40K - $60K","Blue",2848,1468,0.515,1380,2
"Existing Customer","M",55,"$120K +","Blue",34516,1266,0.037,33250,1
"Existing Customer","M",44,"$80K - $120K","Blue",6361,1292,0.203,5069,1
"Existing Customer","M",57,"$80K - $120K","Blue",15428,1553,0.101,13875,1
"Existing Customer","M",57,"$40K - $60K","Blue",2544,1927,0.757,617,1
"Attrited Customer","M",48,"$80K - $120K","Blue",9959,0,0,9959,1
"Existing Customer","M",51,"$60K - $80K","Blue",8796,2517,0.286,6279,3
"Existing Customer","F",53,"Less than $40K","Blue",3428,1566,0.457,1862,1
"Existing Customer","F",45,"Less than $40K","Blue",1438.3,0,0,1438.3,2
"Existing Customer","M",41,"$60K - $80K","Blue",18001,906,0.05,17095,3
"Existing Customer","F",51,"Less than $40K","Blue",2680,1753,0.654,927,1
"Existing Customer","F",46,"Less than $40K","Blue",4675,1734,0.371,2941,4
"Existing Customer","F",40,"Less than $40K","Blue",2448,1693,0.692,755,1
"Existing Customer","M",33,"$60K - $80K","Blue",4049,0,0,4049,3
"Existing Customer","M",53,"$80K - $120K","Blue",8154,996,0.122,7158,2
"Existing Customer","M",63,"$40K - $60K","Blue",4559,1571,0.345,2988,3
"Existing Customer","M",61,"$80K - $120K","Blue",19354,984,0.051,18370,2
"Attrited Customer","M",56,"$60K - $80K","Blue",2340,1930,0.825,410,3
"Existing Customer","M",53,"$60K - $80K","Blue",13848,1389,0.1,12459,3
"Attrited Customer","F",62,"Less than $40K","Blue",2490,513,0.206,1977,2
"Existing Customer","F",50,"Unknown","Silver",32156,1791,0.056,30365,1
"Existing Customer","M",37,"$60K - $80K","Blue",2578,2517,0.976,61,3
"Existing Customer","F",62,"Unknown","Blue",9050,1538,0.17,7512,3
"Existing Customer","M",49,"$80K - $120K","Silver",34516,0,0,34516,1
"Existing Customer","F",57,"Unknown","Blue",8362,0,0,8362,1
"Existing Customer","M",55,"$80K - $120K","Blue",6514,2258,0.347,4256,2
"Existing Customer","M",50,"$80K - $120K","Blue",4051,1183,0.292,2868,3
"Existing Customer","M",48,"$60K - $80K","Blue",11959,1665,0.139,10294,3
"Existing Customer","F",60,"$40K - $60K","Blue",2070,0,0,2070,2
"Existing Customer","M",46,"$120K +","Blue",11840,1295,0.109,10545,2
"Existing Customer","M",47,"$120K +","Blue",3636,1010,0.278,2626,3
"Existing Customer","M",54,"$60K - $80K","Blue",11067,2517,0.227,8550,3
"Existing Customer","M",53,"$60K - $80K","Blue",11262,1435,0.127,9827,3
"Existing Customer","F",56,"$40K - $60K","Blue",5108,1656,0.324,3452,1
"Existing Customer","F",56,"$40K - $60K","Blue",2072,1543,0.745,529,1
"Existing Customer","M",41,"$80K - $120K","Blue",4119,1656,0.402,2463,3
"Existing Customer","F",60,"$40K - $60K","Blue",5903,1335,0.226,4568,3
"Existing Customer","M",40,"$40K - $60K","Blue",7860,541,0.069,7319,2
"Existing Customer","F",49,"$40K - $60K","Blue",5918,842,0.142,5076,2
"Existing Customer","M",46,"$40K - $60K","Blue",6741,1745,0.259,4996,3
"Existing Customer","F",36,"Less than $40K","Blue",3880,1542,0.397,2338,1
"Existing Customer","F",57,"Less than $40K","Blue",2494,1639,0.657,855,2
"Existing Customer","M",38,"$80K - $120K","Blue",22149,987,0.045,21162,3
"Existing Customer","M",50,"$80K - $120K","Blue",34516,1542,0.045,32974,3
"Existing Customer","M",62,"$60K - $80K","Blue",5450,967,0.177,4483,2
"Attrited Customer","M",43,"$40K - $60K","Blue",1438.3,0,0,1438.3,2
"Existing Customer","F",44,"Less than $40K","Blue",2003,1224,0.611,779,3
"Existing Customer","M",39,"$40K - $60K","Blue",7723,1902,0.246,5821,3
"Existing Customer","M",38,"$80K - $120K","Blue",18226,1847,0.101,16379,1
"Existing Customer","F",44,"Less than $40K","Blue",8128,1846,0.227,6282,2
"Existing Customer","M",43,"$80K - $120K","Blue",5851,1660,0.284,4191,2
"Existing Customer","M",54,"$80K - $120K","Blue",10260,942,0.092,9318,3
"Existing Customer","F",38,"Unknown","Blue",26945,727,0.027,26218,1
"Existing Customer","M",55,"$60K - $80K","Blue",2243,1418,0.632,825,3
"Existing Customer","M",42,"$120K +","Blue",34516,1839,0.053,32677,1
"Attrited Customer","M",56,"$60K - $80K","Blue",12248,0,0,12248,3
"Attrited Customer","F",59,"Unknown","Blue",1438.3,0,0,1438.3,2
"Existing Customer","M",46,"$80K - $120K","Blue",19843,1178,0.059,18665,3
"Existing Customer","F",55,"Less than $40K","Blue",2163,0,0,2163,3
"Existing Customer","M",52,"$120K +","Blue",33864,989,0.029,32875,2
"Existing Customer","F",39,"Less than $40K","Blue",4531,1214,0.268,3317,1
"Existing Customer","F",42,"Less than $40K","Blue",2950,1705,0.578,1245,2
"Attrited Customer","F",43,"Less than $40K","Blue",7706,392,0.051,7314,2
"Existing Customer","F",47,"Unknown","Blue",25657,2216,0.086,23441,1
"Existing Customer","F",42,"Unknown","Blue",17536,1525,0.087,16011,3
"Existing Customer","M",39,"$40K - $60K","Blue",3770,1197,0.318,2573,3
"Existing Customer","M",50,"$60K - $80K","Blue",10344,1274,0.123,9070,2
"Existing Customer","M",57,"$120K +","Blue",26437,1472,0.056,24965,1
"Existing Customer","M",41,"Less than $40K","Blue",2450,1967,0.803,483,6
"Existing Customer","F",52,"$40K - $60K","Blue",3136,1864,0.594,1272,1
"Existing Customer","M",43,"$60K - $80K","Blue",6976,0,0,6976,3
"Existing Customer","M",42,"$80K - $120K","Blue",21134,1508,0.071,19626,3
"Existing Customer","F",58,"$40K - $60K","Blue",2019,1380,0.684,639,2
"Existing Customer","M",42,"$80K - $120K","Blue",34516,668,0.019,33848,2
"Existing Customer","M",55,"$80K - $120K","Blue",9959,1890,0.19,8069,3
"Existing Customer","M",38,"$80K - $120K","Blue",20241,1203,0.059,19038,3
"Existing Customer","F",40,"Less than $40K","Blue",2421,1747,0.722,674,1
"Existing Customer","M",48,"$80K - $120K","Blue",30948,2404,0.078,28544,6
"Existing Customer","F",32,"Less than $40K","Blue",2642,2035,0.77,607,3
"Existing Customer","F",33,"Less than $40K","Blue",8070,2350,0.291,5720,1
"Attrited Customer","M",58,"$40K - $60K","Blue",4085,2238,0.548,1847,3
"Existing Customer","M",26,"$40K - $60K","Blue",2187,1597,0.73,590,2
"Existing Customer","M",46,"$60K - $80K","Gold",34516,1092,0.032,33424,3
"Existing Customer","F",39,"Unknown","Blue",3358,1758,0.524,1600,3
"Existing Customer","F",36,"$40K - $60K","Blue",1888,0,0,1888,3
"Attrited Customer","M",43,"$60K - $80K","Blue",14447,0,0,14447,3
"Existing Customer","M",45,"$60K - $80K","Silver",32349,1630,0.05,30719,3
"Existing Customer","F",51,"Unknown","Blue",12605,1449,0.115,11156,2
"Existing Customer","F",62,"$40K - $60K","Blue",2964,2400,0.81,564,2
"Existing Customer","M",58,"$80K - $120K","Blue",3785,1935,0.511,1850,3
"Existing Customer","M",42,"$60K - $80K","Blue",2727,834,0.306,1893,1
"Existing Customer","M",49,"$60K - $80K","Blue",3343,1581,0.473,1762,1
"Attrited Customer","F",53,"Less than $40K","Blue",9786,0,0,9786,3
"Existing Customer","F",45,"$40K - $60K","Blue",6407,1884,0.294,4523,1
"Existing Customer","M",29,"$80K - $120K","Blue",4158,1635,0.393,2523,2
"Existing Customer","M",60,"$120K +","Blue",21697,2144,0.099,19553,1
"Existing Customer","M",50,"$80K - $120K","Blue",31383,1688,0.054,29695,2
"Existing Customer","M",53,"$120K +","Blue",30883,1694,0.055,29189,1
"Existing Customer","M",45,"$80K - $120K","Blue",12918,1345,0.104,11573,3
"Existing Customer","F",50,"Less than $40K","Blue",8520,814,0.096,7706,3
"Existing Customer","M",46,"$80K - $120K","Blue",14310,694,0.048,13616,3
"Existing Customer","M",61,"Unknown","Blue",14434,1927,0.134,12507,2
"Existing Customer","M",46,"$120K +","Blue",7793,1705,0.219,6088,2
"Attrited Customer","F",62,"Unknown","Blue",8990,0,0,8990,1
"Existing Customer","F",43,"$40K - $60K","Blue",4343,0,0,4343,2
"Existing Customer","M",54,"$120K +","Blue",2872,2035,0.709,837,2
"Existing Customer","M",50,"$120K +","Blue",9697,0,0,9697,1
"Existing Customer","M",35,"$40K - $60K","Blue",2967,1843,0.621,1124,3
"Existing Customer","M",35,"$40K - $60K","Blue",2148,1545,0.719,603,3
"Existing Customer","F",36,"Less than $40K","Blue",6116,2517,0.412,3599,3
"Existing Customer","M",42,"$80K - $120K","Blue",18085,1487,0.082,16598,2
"Existing Customer","F",39,"Less than $40K","Blue",2524,1395,0.553,1129,3
"Existing Customer","M",50,"$80K - $120K","Blue",33951,0,0,33951,2
"Attrited Customer","M",43,"$60K - $80K","Blue",3312,0,0,3312,3
"Existing Customer","F",39,"$40K - $60K","Blue",9956,1117,0.112,8839,2
"Existing Customer","M",47,"Less than $40K","Blue",3888,1663,0.428,2225,1
"Existing Customer","M",60,"$80K - $120K","Blue",30655,0,0,30655,1
"Existing Customer","M",30,"Less than $40K","Blue",2997,1393,0.465,1604,2
"Existing Customer","M",44,"$60K - $80K","Blue",11042,2211,0.2,8831,3
"Existing Customer","M",52,"$120K +","Blue",3386,1794,0.53,1592,3
"Existing Customer","F",45,"Less than $40K","Gold",15987,1648,0.103,14339,1
"Existing Customer","M",40,"$120K +","Blue",25188,1295,0.051,23893,3
"Existing Customer","F",36,"Less than $40K","Blue",2410,1705,0.707,705,2
"Existing Customer","F",65,"Unknown","Blue",4315,717,0.166,3598,3
"Existing Customer","F",35,"Less than $40K","Blue",2592,2227,0.859,365,1
"Existing Customer","F",54,"$40K - $60K","Blue",5476,2517,0.46,2959,3
"Existing Customer","M",53,"$80K - $120K","Blue",2464,2116,0.859,348,3
"Existing Customer","F",62,"Less than $40K","Blue",2378,1610,0.677,768,2
"Existing Customer","M",40,"$120K +","Blue",20056,1602,0.08,18454,4
"Existing Customer","M",41,"$60K - $80K","Blue",8013,2025,0.253,5988,2
"Existing Customer","M",53,"$120K +","Blue",3386,1984,0.586,1402,2
"Existing Customer","M",30,"$60K - $80K","Blue",7906,1631,0.206,6275,3
"Existing Customer","M",46,"$60K - $80K","Blue",11501,713,0.062,10788,3
"Existing Customer","M",29,"$40K - $60K","Blue",13632,1482,0.109,12150,1
"Existing Customer","F",37,"Less than $40K","Blue",2229,1791,0.803,438,1
"Existing Customer","F",51,"Less than $40K","Blue",5158,2190,0.425,2968,1
"Existing Customer","M",31,"$40K - $60K","Blue",2158,1729,0.801,429,3
"Existing Customer","M",45,"$80K - $120K","Blue",23271,1262,0.054,22009,2
"Attrited Customer","M",57,"$80K - $120K","Blue",10244,861,0.084,9383,3
"Existing Customer","M",43,"$60K - $80K","Blue",2588,1669,0.645,919,2
"Existing Customer","M",44,"$40K - $60K","Blue",10747,1603,0.149,9144,2
"Attrited Customer","M",53,"$120K +","Blue",7474,0,0,7474,3
"Existing Customer","F",32,"Less than $40K","Blue",3555,0,0,3555,1
"Existing Customer","M",53,"$80K - $120K","Blue",22140,733,0.033,21407,3
"Attrited Customer","M",54,"$80K - $120K","Blue",9457,350,0.037,9107,3
"Existing Customer","M",42,"Less than $40K","Blue",6218,2134,0.343,4084,5
"Existing Customer","F",38,"Less than $40K","Blue",2580,2265,0.878,315,3
"Existing Customer","M",44,"$80K - $120K","Blue",1438.3,0,0,1438.3,2
"Existing Customer","M",54,"$60K - $80K","Blue",6224,1892,0.304,4332,3
"Existing Customer","F",37,"$40K - $60K","Blue",3093,2517,0.814,576,3
"Existing Customer","F",48,"$40K - $60K","Blue",4076,0,0,4076,3
"Existing Customer","F",55,"Unknown","Blue",4861,1123,0.231,3738,2
"Existing Customer","F",43,"Unknown","Blue",9851,0,0,9851,3
"Existing Customer","M",37,"$60K - $80K","Blue",7349,2517,0.342,4832,3
"Existing Customer","M",34,"$60K - $80K","Blue",2853,2420,0.848,433,3
"Existing Customer","F",46,"Unknown","Blue",17023,1084,0.064,15939,3
"Existing Customer","M",32,"$40K - $60K","Blue",10060,2322,0.231,7738,2
"Existing Customer","M",53,"$40K - $60K","Blue",1595,870,0.545,725,1
"Existing Customer","M",46,"$80K - $120K","Blue",8475,1385,0.163,7090,2
"Existing Customer","M",38,"Less than $40K","Blue",5559,658,0.118,4901,3
"Existing Customer","F",31,"Less than $40K","Blue",2917,2127,0.729,790,3
"Existing Customer","M",38,"$60K - $80K","Blue",6692,2037,0.304,4655,3
"Attrited Customer","F",46,"Less than $40K","Blue",8551,1067,0.125,7484,2
"Existing Customer","M",47,"$60K - $80K","Blue",10569,0,0,10569,2
"Existing Customer","F",47,"Less than $40K","Blue",7051,0,0,7051,2
"Existing Customer","M",56,"$60K - $80K","Blue",10117,2242,0.222,7875,2
"Existing Customer","M",47,"$60K - $80K","Blue",8311,0,0,8311,2
"Existing Customer","M",47,"$80K - $120K","Blue",26442,1642,0.062,24800,3
"Existing Customer","F",64,"Less than $40K","Blue",4920,1142,0.232,3778,3
"Existing Customer","F",37,"Less than $40K","Blue",1438.3,674,0.469,764.3,2
"Existing Customer","M",42,"$60K - $80K","Silver",26750,1204,0.045,25546,2
"Existing Customer","M",41,"$80K - $120K","Silver",34516,1347,0.039,33169,3
"Existing Customer","F",65,"Less than $40K","Blue",1438.3,747,0.519,691.3,3
"Existing Customer","F",49,"$40K - $60K","Blue",1869,758,0.406,1111,2
"Attrited Customer","M",54,"$60K - $80K","Blue",14539,0,0,14539,2
"Existing Customer","M",46,"$120K +","Blue",26977,1961,0.073,25016,1
"Existing Customer","M",50,"$40K - $60K","Blue",5426,1478,0.272,3948,1
"Existing Customer","F",50,"Less than $40K","Blue",7623,2517,0.33,5106,1
"Existing Customer","F",48,"Less than $40K","Blue",4844,1576,0.325,3268,3
"Existing Customer","F",62,"Unknown","Blue",2683,1707,0.636,976,1
"Existing Customer","F",39,"Less than $40K","Blue",3214,2257,0.702,957,1
"Existing Customer","M",46,"$60K - $80K","Blue",5374,2324,0.432,3050,3
"Attrited Customer","M",41,"$80K - $120K","Blue",8004,1452,0.181,6552,3
"Existing Customer","F",39,"Unknown","Blue",1438.3,997,0.693,441.3,2
"Existing Customer","M",46,"$80K - $120K","Blue",2925,2365,0.809,560,3
"Existing Customer","F",39,"Less than $40K","Blue",9235,1479,0.16,7756,3
"Existing Customer","M",44,"Less than $40K","Blue",8837,2103,0.238,6734,3
"Existing Customer","F",57,"Less than $40K","Blue",8801,1421,0.161,7380,1
"Existing Customer","M",40,"$40K - $60K","Blue",3563,1707,0.479,1856,1
"Existing Customer","F",65,"Unknown","Blue",8138,2104,0.259,6034,3
"Existing Customer","F",26,"$40K - $60K","Blue",1438.3,673,0.468,765.3,3
"Existing Customer","M",47,"$60K - $80K","Blue",2458,1399,0.569,1059,2
"Existing Customer","M",47,"$60K - $80K","Blue",4592,1635,0.356,2957,2
"Attrited Customer","F",57,"$40K - $60K","Blue",1438.3,0,0,1438.3,1
"Existing Customer","M",31,"Less than $40K","Blue",1868,1515,0.811,353,3
"Existing Customer","M",54,"$60K - $80K","Blue",5269,1099,0.209,4170,1
"Existing Customer","F",43,"Unknown","Blue",20156,1759,0.087,18397,3
"Existing Customer","M",39,"$60K - $80K","Blue",7410,2517,0.34,4893,3
"Existing Customer","M",53,"$120K +","Blue",12163,2082,0.171,10081,2
"Existing Customer","M",44,"$60K - $80K","Blue",6224,0,0,6224,2
"Existing Customer","M",59,"Less than $40K","Blue",4250,1095,0.258,3155,3
"Existing Customer","F",53,"Unknown","Blue",12059,1978,0.164,10081,3
"Existing Customer","F",34,"$40K - $60K","Blue",2799,1762,0.63,1037,1
"Existing Customer","M",47,"$80K - $120K","Blue",18037,0,0,18037,1
"Existing Customer","M",54,"$120K +","Blue",5657,1719,0.304,3938,2
"Existing Customer","F",42,"Unknown","Blue",13770,2517,0.183,11253,1
"Existing Customer","F",53,"Less than $40K","Blue",4646,1730,0.372,2916,2
"Existing Customer","M",50,"$80K - $120K","Blue",2514,1521,0.605,993,3
"Attrited Customer","M",56,"$80K - $120K","Blue",14501,0,0,14501,2
"Attrited Customer","M",43,"$60K - $80K","Blue",8663,288,0.033,8375,3
"Existing Customer","F",44,"Less than $40K","Blue",2333,1485,0.637,848,3
"Existing Customer","F",34,"$40K - $60K","Blue",3038,1539,0.507,1499,5
"Existing Customer","M",61,"$80K - $120K","Blue",8851,0,0,8851,6
"Existing Customer","F",54,"Less than $40K","Blue",2945,2206,0.749,739,3
"Existing Customer","F",49,"Unknown","Blue",5267,0,0,5267,3
"Attrited Customer","M",56,"$60K - $80K","Blue",8512,0,0,8512,1
"Existing Customer","M",47,"$60K - $80K","Blue",19063,1714,0.09,17349,3
"Existing Customer","M",53,"$80K - $120K","Blue",5376,1177,0.219,4199,3
"Existing Customer","F",30,"Unknown","Blue",7772,1890,0.243,5882,1
"Existing Customer","F",39,"$40K - $60K","Blue",9173,2047,0.223,7126,1
"Existing Customer","M",44,"$80K - $120K","Silver",34516,1726,0.05,32790,1
"Existing Customer","F",54,"Unknown","Blue",11975,1542,0.129,10433,1
"Existing Customer","M",46,"$60K - $80K","Blue",15405,1691,0.11,13714,2
"Existing Customer","M",43,"$40K - $60K","Blue",2615,0,0,2615,1
"Existing Customer","M",35,"$80K - $120K","Blue",23991,2307,0.096,21684,1
"Existing Customer","F",39,"Less than $40K","Blue",1888,1292,0.684,596,3
"Existing Customer","F",61,"Less than $40K","Blue",3102,2091,0.674,1011,2
"Existing Customer","F",40,"Less than $40K","Blue",3170,2517,0.794,653,2
"Existing Customer","M",53,"$120K +","Blue",34516,1901,0.055,32615,2
"Existing Customer","M",55,"$120K +","Blue",14938,0,0,14938,3
"Existing Customer","M",41,"$60K - $80K","Blue",17298,2310,0.134,14988,2
"Existing Customer","M",35,"Less than $40K","Blue",3131,629,0.201,2502,3
"Existing Customer","M",61,"$40K - $60K","Blue",11915,1631,0.137,10284,2
"Attrited Customer","M",51,"$120K +","Blue",16868,0,0,16868,3
"Existing Customer","M",42,"$40K - $60K","Blue",3266,1900,0.582,1366,3
"Existing Customer","M",46,"$80K - $120K","Blue",2770,1286,0.464,1484,3
"Existing Customer","F",46,"Less than $40K","Blue",3556,2172,0.611,1384,2
"Existing Customer","M",46,"$40K - $60K","Blue",9149,1566,0.171,7583,2
"Existing Customer","M",26,"Unknown","Blue",1438.3,0,0,1438.3,1
"Existing Customer","M",46,"$60K - $80K","Blue",14701,1635,0.111,13066,3
"Existing Customer","M",62,"$60K - $80K","Blue",14825,962,0.065,13863,2
"Existing Customer","M",55,"$60K - $80K","Blue",10127,1873,0.185,8254,5
"Existing Customer","M",55,"$80K - $120K","Blue",2929,2431,0.83,498,1
"Existing Customer","M",32,"$40K - $60K","Blue",3735,1176,0.315,2559,2
"Existing Customer","F",37,"Less than $40K","Blue",2930,2024,0.691,906,1
"Existing Customer","F",33,"Unknown","Blue",12716,1496,0.118,11220,2
"Existing Customer","M",42,"$80K - $120K","Blue",22120,1805,0.082,20315,2
"Existing Customer","M",33,"$80K - $120K","Blue",1438.3,681,0.473,757.3,3
"Existing Customer","F",60,"Unknown","Blue",4546,0,0,4546,2
"Attrited Customer","M",65,"Less than $40K","Blue",1759,0,0,1759,2
"Attrited Customer","M",57,"$80K - $120K","Blue",4829,2418,0.501,2411,3
"Existing Customer","F",59,"Less than $40K","Blue",7692,1678,0.218,6014,3
"Existing Customer","F",45,"Less than $40K","Blue",2156,1208,0.56,948,3
"Existing Customer","M",62,"$60K - $80K","Blue",9521,1669,0.175,7852,3
"Existing Customer","M",51,"$120K +","Blue",26714,2517,0.094,24197,3
"Existing Customer","M",57,"$80K - $120K","Blue",2092,1387,0.663,705,2
"Existing Customer","F",38,"Unknown","Blue",11594,2072,0.179,9522,2
"Existing Customer","F",32,"Less than $40K","Blue",2834,1418,0.5,1416,1
"Existing Customer","F",43,"Less than $40K","Blue",4724,2056,0.435,2668,3
"Existing Customer","F",51,"Less than $40K","Blue",3049,1151,0.378,1898,4
"Existing Customer","M",50,"$80K - $120K","Blue",20614,0,0,20614,3
"Existing Customer","F",64,"Unknown","Blue",3250,1992,0.613,1258,1
"Existing Customer","F",53,"Less than $40K","Blue",3128,2517,0.805,611,1
"Attrited Customer","M",42,"$60K - $80K","Blue",6414,0,0,6414,2
"Existing Customer","M",53,"$80K - $120K","Blue",2506,0,0,2506,3
"Existing Customer","F",52,"Unknown","Blue",7469,2338,0.313,5131,2
"Existing Customer","F",60,"Less than $40K","Blue",3460,2517,0.727,943,3
"Existing Customer","M",30,"$80K - $120K","Blue",9959,2377,0.239,7582,3
"Existing Customer","F",43,"Less than $40K","Blue",4175,2517,0.603,1658,1
"Existing Customer","M",60,"$60K - $80K","Blue",10264,2073,0.202,8191,1
"Existing Customer","M",46,"$40K - $60K","Blue",4129,0,0,4129,3
"Existing Customer","F",65,"$40K - $60K","Blue",2658,1514,0.57,1144,2
"Existing Customer","F",44,"$40K - $60K","Blue",4589,1240,0.27,3349,2
"Existing Customer","F",56,"Less than $40K","Blue",2781,1035,0.372,1746,1
"Existing Customer","F",45,"Unknown","Blue",24880,836,0.034,24044,3
"Existing Customer","M",37,"$40K - $60K","Blue",8504,1956,0.23,6548,1
"Existing Customer","M",48,"$80K - $120K","Blue",8091,1996,0.247,6095,1
"Existing Customer","F",37,"$40K - $60K","Blue",3417,2517,0.737,900,4
"Existing Customer","M",39,"$60K - $80K","Blue",9204,845,0.092,8359,3
"Existing Customer","M",41,"$120K +","Blue",14302,2097,0.147,12205,2
"Existing Customer","F",55,"Less than $40K","Blue",3187,2517,0.79,670,2
"Existing Customer","M",34,"$80K - $120K","Blue",6313,782,0.124,5531,3
"Existing Customer","M",52,"$80K - $120K","Blue",15904,1024,0.064,14880,1
"Existing Customer","F",54,"Less than $40K","Silver",11696,2288,0.196,9408,2
"Existing Customer","M",40,"$80K - $120K","Blue",20371,1832,0.09,18539,3
"Existing Customer","M",52,"$120K +","Silver",34516,1043,0.03,33473,3
"Existing Customer","M",45,"$60K - $80K","Blue",7552,0,0,7552,1
"Existing Customer","M",61,"$40K - $60K","Blue",5561,1434,0.258,4127,1
"Existing Customer","F",57,"Less than $40K","Blue",1441,0,0,1441,3
"Existing Customer","M",51,"$120K +","Blue",19715,1014,0.051,18701,2
"Existing Customer","M",60,"Less than $40K","Blue",2486,1464,0.589,1022,3
"Existing Customer","F",48,"Less than $40K","Blue",4570,2439,0.534,2131,1
"Existing Customer","M",34,"$40K - $60K","Blue",3870,1394,0.36,2476,3
"Existing Customer","M",49,"$60K - $80K","Blue",12938,661,0.051,12277,3
"Existing Customer","M",53,"$120K +","Blue",21178,1796,0.085,19382,1
"Existing Customer","M",34,"$80K - $120K","Blue",12182,1136,0.093,11046,2
"Existing Customer","M",54,"$60K - $80K","Blue",3583,0,0,3583,2
"Existing Customer","M",40,"$120K +","Blue",17018,0,0,17018,2
"Existing Customer","F",49,"Unknown","Blue",16031,2245,0.14,13786,3
"Attrited Customer","F",41,"Less than $40K","Blue",4203,2517,0.599,1686,2
"Existing Customer","M",46,"Less than $40K","Blue",4213,997,0.237,3216,1
"Existing Customer","M",46,"$60K - $80K","Blue",21548,1180,0.055,20368,2
"Existing Customer","M",30,"$60K - $80K","Blue",18513,2517,0.136,15996,5
"Existing Customer","M",59,"$40K - $60K","Blue",2483,1372,0.553,1111,2
"Existing Customer","M",50,"$80K - $120K","Blue",3460,1881,0.544,1579,2
"Existing Customer","M",49,"$60K - $80K","Blue",6511,1790,0.275,4721,3
"Attrited Customer","M",45,"$60K - $80K","Blue",1438.3,0,0,1438.3,3
"Existing Customer","F",53,"Less than $40K","Blue",2615,1772,0.678,843,2
"Existing Customer","F",42,"$40K - $60K","Blue",2985,2355,0.789,630,3
"Existing Customer","M",46,"$40K - $60K","Silver",18797,2158,0.115,16639,1
"Existing Customer","M",33,"$60K - $80K","Blue",2859,2517,0.88,342,1
"Existing Customer","F",46,"Less than $40K","Blue",2888,2245,0.777,643,3
"Existing Customer","M",61,"$60K - $80K","Blue",9172,1567,0.171,7605,3
"Existing Customer","M",42,"$40K - $60K","Blue",14281,1519,0.106,12762,3
"Existing Customer","F",47,"Less than $40K","Blue",7353,1450,0.197,5903,2
"Existing Customer","F",47,"Less than $40K","Blue",5145,0,0,5145,2
"Existing Customer","F",53,"$40K - $60K","Blue",4753,2472,0.52,2281,2
"Existing Customer","F",46,"Less than $40K","Blue",2171,1418,0.653,753,3
"Existing Customer","M",26,"Less than $40K","Blue",4150,456,0.11,3694,2
"Existing Customer","M",45,"$60K - $80K","Blue",9106,2477,0.272,6629,3
"Existing Customer","M",36,"$40K - $60K","Blue",2686,1733,0.645,953,3
"Existing Customer","M",42,"$60K - $80K","Blue",10239,510,0.05,9729,1
"Existing Customer","M",52,"$80K - $120K","Blue",34516,549,0.016,33967,3
"Existing Customer","M",37,"$120K +","Blue",15017,1733,0.115,13284,3
"Existing Customer","M",53,"$40K - $60K","Blue",4426,1530,0.346,2896,1
"Existing Customer","F",65,"$40K - $60K","Blue",2155,0,0,2155,3
"Existing Customer","M",47,"$80K - $120K","Blue",20620,1085,0.053,19535,1
"Existing Customer","M",38,"$60K - $80K","Blue",3238,2146,0.663,1092,1
"Existing Customer","M",52,"$60K - $80K","Blue",14316,1081,0.076,13235,3
"Existing Customer","M",36,"$80K - $120K","Blue",2607,1880,0.721,727,3
"Existing Customer","M",43,"$60K - $80K","Blue",6231,0,0,6231,5
"Attrited Customer","F",38,"Less than $40K","Blue",3730,2517,0.675,1213,2
"Existing Customer","F",65,"Less than $40K","Blue",3094,2266,0.732,828,1
"Attrited Customer","F",51,"Less than $40K","Blue",6630,916,0.138,5714,2
"Attrited Customer","M",40,"$80K - $120K","Blue",1925,0,0,1925,2
"Existing Customer","M",39,"$80K - $120K","Blue",33406,1692,0.051,31714,2
"Existing Customer","F",39,"Unknown","Blue",2917,1357,0.465,1560,2
"Existing Customer","M",60,"$60K - $80K","Blue",9452,2517,0.266,6935,3
"Existing Customer","F",43,"$40K - $60K","Blue",2162,1377,0.637,785,3
"Existing Customer","M",31,"Less than $40K","Blue",1438.3,0,0,1438.3,2
"Existing Customer","M",55,"$120K +","Blue",34516,1478,0.043,33038,2
"Existing Customer","F",65,"Less than $40K","Blue",2888,1134,0.393,1754,3
"Existing Customer","F",54,"Less than $40K","Blue",3947,1746,0.442,2201,3
"Existing Customer","F",40,"Unknown","Blue",15970,1212,0.076,14758,3
"Existing Customer","F",38,"Less than $40K","Blue",1830,0,0,1830,1
"Existing Customer","M",36,"$60K - $80K","Blue",7712,2517,0.326,5195,3
"Existing Customer","M",43,"$60K - $80K","Blue",20811,1425,0.068,19386,3
"Existing Customer","M",41,"$120K +","Blue",11789,1420,0.12,10369,3
"Existing Customer","M",50,"$120K +","Blue",3073,1792,0.583,1281,1
"Existing Customer","M",48,"$80K - $120K","Silver",34516,0,0,34516,2
"Existing Customer","M",39,"$120K +","Silver",34516,2517,0.073,31999,2
"Existing Customer","F",55,"$40K - $60K","Blue",6725,2025,0.301,4700,2
"Existing Customer","M",44,"Less than $40K","Blue",2978,2134,0.717,844,2
"Attrited Customer","M",42,"$80K - $120K","Blue",34516,781,0.023,33735,1
"Existing Customer","M",54,"$120K +","Blue",34516,854,0.025,33662,1
"Existing Customer","M",57,"$120K +","Blue",24545,1735,0.071,22810,2
"Existing Customer","F",53,"$40K - $60K","Blue",1438.3,0,0,1438.3,2
"Existing Customer","F",41,"Less than $40K","Blue",2490,627,0.252,1863,1
"Existing Customer","M",39,"$120K +","Blue",10074,2517,0.25,7557,2
"Existing Customer","M",45,"$40K - $60K","Blue",2259,954,0.422,1305,3
"Existing Customer","M",46,"$80K - $120K","Silver",34516,1236,0.036,33280,3
"Existing Customer","M",54,"$80K - $120K","Blue",9519,1936,0.203,7583,2
"Existing Customer","F",40,"Unknown","Blue",3706,1043,0.281,2663,1
"Existing Customer","M",48,"$80K - $120K","Blue",4438,2472,0.557,1966,2
"Attrited Customer","F",56,"$40K - $60K","Blue",1438.3,0,0,1438.3,2
"Existing Customer","F",33,"$40K - $60K","Blue",2372,1887,0.796,485,2
"Existing Customer","F",44,"Less than $40K","Blue",4214,1249,0.296,2965,1
"Existing Customer","F",62,"Less than $40K","Blue",1438.3,0,0,1438.3,1
"Existing Customer","F",33,"Unknown","Blue",2613,1599,0.612,1014,2
"Existing Customer","F",36,"Less than $40K","Blue",4331,1445,0.334,2886,1
"Existing Customer","M",46,"$80K - $120K","Blue",3665,1725,0.471,1940,1
"Attrited Customer","F",61,"Less than $40K","Blue",1438.3,0,0,1438.3,2
"Attrited Customer","F",41,"Unknown","Blue",4411,2517,0.571,1894,1
"Existing Customer","M",42,"$40K - $60K","Silver",15871,2086,0.131,13785,6
"Attrited Customer","M",35,"$80K - $120K","Blue",12643,0,0,12643,2
"Existing Customer","F",65,"$40K - $60K","Blue",6088,2145,0.352,3943,2
"Attrited Customer","M",36,"$120K +","Blue",13873,0,0,13873,1
"Existing Customer","F",42,"Less than $40K","Blue",6158,0,0,6158,2
"Existing Customer","M",51,"$80K - $120K","Blue",5638,808,0.143,4830,3
"Existing Customer","F",54,"Less than $40K","Blue",2178,1144,0.525,1034,2
"Existing Customer","F",40,"$40K - $60K","Blue",12588,2005,0.159,10583,3
"Existing Customer","M",40,"$80K - $120K","Blue",11942,1651,0.138,10291,2
"Existing Customer","F",57,"Less than $40K","Blue",3914,0,0,3914,3
"Existing Customer","M",57,"$80K - $120K","Blue",3038,1410,0.464,1628,2
"Existing Customer","M",53,"$40K - $60K","Blue",5579,1423,0.255,4156,1
"Existing Customer","M",40,"$80K - $120K","Blue",18693,2052,0.11,16641,1
"Existing Customer","M",28,"Less than $40K","Blue",2943,1789,0.608,1154,1
"Existing Customer","F",38,"Less than $40K","Blue",2435,1888,0.775,547,2
"Existing Customer","F",37,"Less than $40K","Blue",2077,1392,0.67,685,2
"Existing Customer","F",65,"Unknown","Blue",5756,0,0,5756,2
"Attrited Customer","F",58,"Unknown","Blue",21065,2517,0.119,18548,1
"Existing Customer","M",41,"$60K - $80K","Blue",9428,1765,0.187,7663,3
"Existing Customer","M",54,"$80K - $120K","Blue",6065,1728,0.285,4337,1
"Existing Customer","F",39,"Unknown","Blue",5024,1613,0.321,3411,1
"Existing Customer","M",26,"Less than $40K","Blue",2174,1514,0.696,660,3
"Existing Customer","M",60,"$60K - $80K","Blue",3398,2341,0.689,1057,3
"Existing Customer","F",35,"Unknown","Blue",4319,1151,0.266,3168,2
"Existing Customer","M",46,"$80K - $120K","Blue",3673,2292,0.624,1381,3
"Existing Customer","M",47,"$60K - $80K","Blue",1815,740,0.408,1075,2
"Existing Customer","F",53,"Unknown","Blue",2495,1354,0.543,1141,1
"Existing Customer","M",55,"$80K - $120K","Blue",34516,2102,0.061,32414,2
"Existing Customer","F",50,"Less than $40K","Blue",3368,844,0.251,2524,1
"Attrited Customer","F",38,"$40K - $60K","Blue",7225,0,0,7225,2
"Existing Customer","F",39,"Less than $40K","Blue",5202,815,0.157,4387,3
"Existing Customer","F",39,"Less than $40K","Blue",1923,845,0.439,1078,2
"Existing Customer","M",39,"$60K - $80K","Blue",6929,1691,0.244,5238,2
"Existing Customer","F",49,"Less than $40K","Blue",4364,1507,0.345,2857,3
"Existing Customer","F",45,"Less than $40K","Blue",2400,1613,0.672,787,3
"Existing Customer","M",55,"$80K - $120K","Blue",25878,1733,0.067,24145,2
"Existing Customer","M",44,"$120K +","Blue",11876,1926,0.162,9950,1
"Existing Customer","F",49,"$40K - $60K","Blue",4568,0,0,4568,1
"Existing Customer","M",41,"$80K - $120K","Blue",4740,1348,0.284,3392,2
"Existing Customer","F",49,"$40K - $60K","Blue",4949,1495,0.302,3454,1
"Existing Customer","F",45,"Unknown","Blue",11189,2517,0.225,8672,3
"Existing Customer","M",44,"$120K +","Blue",34516,1197,0.035,33319,3
"Existing Customer","M",65,"Unknown","Blue",6099,2175,0.357,3924,2
"Attrited Customer","M",35,"$80K - $120K","Blue",3575,1884,0.527,1691,2
"Existing Customer","M",26,"Unknown","Blue",3184,1421,0.446,1763,2
"Existing Customer","M",38,"$80K - $120K","Blue",13363,1230,0.092,12133,3
"Existing Customer","M",65,"$40K - $60K","Blue",2163,932,0.431,1231,2
"Existing Customer","M",58,"$120K +","Blue",3452,2088,0.605,1364,1
"Existing Customer","F",47,"$40K - $60K","Blue",4466,777,0.174,3689,2
"Existing Customer","F",33,"Less than $40K","Blue",3030,2517,0.831,513,1
"Existing Customer","F",54,"$40K - $60K","Blue",2112,1594,0.755,518,1
"Existing Customer","F",35,"Less than $40K","Blue",7583,1619,0.214,5964,1
"Existing Customer","M",47,"$120K +","Blue",11760,2306,0.196,9454,3
"Existing Customer","M",35,"$60K - $80K","Blue",2259,1776,0.786,483,3
"Existing Customer","M",48,"$80K - $120K","Blue",19762,507,0.026,19255,2
"Existing Customer","M",36,"$60K - $80K","Blue",2803,1848,0.659,955,2
"Existing Customer","M",44,"$80K - $120K","Blue",25666,756,0.029,24910,3
"Existing Customer","F",44,"Less than $40K","Blue",9297,1668,0.179,7629,1
"Existing Customer","F",36,"Less than $40K","Blue",2999,1247,0.416,1752,1
"Existing Customer","M",64,"$40K - $60K","Blue",4234,1893,0.447,2341,2
"Existing Customer","F",34,"Less than $40K","Gold",15987,0,0,15987,3
"Existing Customer","M",49,"$80K - $120K","Blue",16435,0,0,16435,5
"Existing Customer","M",37,"$60K - $80K","Blue",5335,2145,0.402,3190,1
"Existing Customer","M",65,"$40K - $60K","Blue",3506,1604,0.458,1902,3
"Existing Customer","M",53,"$80K - $120K","Blue",3610,1629,0.451,1981,1
"Existing Customer","M",32,"$40K - $60K","Blue",3172,2055,0.648,1117,1
"Existing Customer","M",44,"$80K - $120K","Blue",8206,763,0.093,7443,2
"Existing Customer","M",65,"Less than $40K","Blue",2416,1499,0.62,917,2
"Existing Customer","M",60,"$40K - $60K","Blue",2458,1880,0.765,578,2
"Existing Customer","F",27,"Less than $40K","Blue",1677,1598,0.953,79,1
"Existing Customer","M",52,"$60K - $80K","Blue",11819,929,0.079,10890,1
"Existing Customer","M",42,"$80K - $120K","Gold",34516,1797,0.052,32719,1
"Existing Customer","M",29,"$40K - $60K","Blue",1459,590,0.404,869,3
"Existing Customer","M",29,"$40K - $60K","Blue",1458,671,0.46,787,1
"Existing Customer","M",38,"$40K - $60K","Blue",1438.3,0,0,1438.3,2
"Attrited Customer","M",36,"$40K - $60K","Blue",7758,1408,0.181,6350,1
"Existing Customer","F",40,"Less than $40K","Silver",10836,1932,0.178,8904,2
"Existing Customer","M",47,"$60K - $80K","Blue",5062,1996,0.394,3066,3
"Existing Customer","F",36,"Unknown","Blue",3399,2173,0.639,1226,2
"Existing Customer","M",26,"$40K - $60K","Blue",2212,1670,0.755,542,2
"Existing Customer","F",43,"$40K - $60K","Blue",3186,2470,0.775,716,1
"Existing Customer","F",52,"Less than $40K","Blue",5927,2320,0.391,3607,1
"Existing Customer","M",49,"$60K - $80K","Blue",5176,0,0,5176,1
"Existing Customer","M",50,"$80K - $120K","Blue",3126,0,0,3126,1
"Existing Customer","M",34,"$80K - $120K","Blue",4670,0,0,4670,4
"Existing Customer","F",53,"Unknown","Blue",2162,1592,0.736,570,3
"Existing Customer","M",49,"$80K - $120K","Blue",10155,1805,0.178,8350,1
"Existing Customer","M",53,"$80K - $120K","Blue",15242,1170,0.077,14072,2
"Existing Customer","M",48,"$120K +","Blue",34516,2517,0.073,31999,3
"Existing Customer","F",32,"Less than $40K","Blue",1438.3,1228,0.854,210.3,1
"Existing Customer","M",38,"$80K - $120K","Gold",34516,1140,0.033,33376,1
"Existing Customer","M",43,"$80K - $120K","Blue",16043,2036,0.127,14007,1
"Attrited Customer","F",51,"Less than $40K","Blue",3181,2517,0.791,664,3
"Existing Customer","M",58,"$120K +","Blue",27088,0,0,27088,1
"Existing Customer","F",59,"Less than $40K","Blue",5688,914,0.161,4774,3
"Existing Customer","M",51,"$60K - $80K","Blue",10462,1824,0.174,8638,2
"Attrited Customer","F",62,"$40K - $60K","Blue",5249,0,0,5249,1
"Existing Customer","M",38,"Less than $40K","Blue",5155,684,0.133,4471,3
"Existing Customer","M",33,"$120K +","Blue",10705,1352,0.126,9353,1
"Existing Customer","M",54,"$80K - $120K","Blue",16494,1348,0.082,15146,1
"Existing Customer","F",37,"$40K - $60K","Blue",6469,2351,0.363,4118,3
"Existing Customer","M",30,"$60K - $80K","Blue",5146,1773,0.345,3373,3
"Existing Customer","M",61,"$80K - $120K","Blue",2800,2448,0.874,352,1
"Existing Customer","M",49,"$60K - $80K","Blue",5159,1532,0.297,3627,1
"Existing Customer","M",56,"$60K - $80K","Blue",5248,1816,0.346,3432,2
"Existing Customer","F",51,"Less than $40K","Blue",5881,2005,0.341,3876,3
"Existing Customer","F",44,"Less than $40K","Blue",1467,896,0.611,571,3
"Existing Customer","F",64,"$40K - $60K","Blue",4999,2299,0.46,2700,2
"Existing Customer","F",46,"Unknown","Blue",4668,0,0,4668,2
"Existing Customer","F",39,"Less than $40K","Blue",1438.3,0,0,1438.3,3
"Existing Customer","F",38,"Less than $40K","Blue",8638,0,0,8638,3
"Existing Customer","M",53,"$120K +","Blue",9343,1286,0.138,8057,1
"Existing Customer","M",35,"$40K - $60K","Blue",2256,775,0.344,1481,1
"Existing Customer","M",26,"$60K - $80K","Blue",8267,1720,0.208,6547,1
"Existing Customer","M",32,"$40K - $60K","Blue",2235,1638,0.733,597,3
"Existing Customer","M",36,"$40K - $60K","Blue",3735,2027,0.543,1708,3
"Attrited Customer","M",48,"$80K - $120K","Blue",2111,0,0,2111,2
"Existing Customer","M",55,"$80K - $120K","Blue",10604,1988,0.187,8616,2
"Existing Customer","M",52,"$80K - $120K","Blue",21782,1006,0.046,20776,3
"Existing Customer","F",52,"Less than $40K","Blue",2133,1469,0.689,664,3
"Existing Customer","F",58,"$40K - $60K","Silver",16677,1590,0.095,15087,2
"Existing Customer","F",38,"Less than $40K","Blue",2717,1591,0.586,1126,3
"Existing Customer","M",60,"Less than $40K","Blue",3980,930,0.234,3050,3
"Attrited Customer","M",55,"$60K - $80K","Blue",8411,979,0.116,7432,2
"Existing Customer","F",43,"Less than $40K","Blue",2227,1394,0.626,833,2
"Existing Customer","M",35,"$80K - $120K","Silver",34516,1872,0.054,32644,3
"Existing Customer","F",38,"Less than $40K","Blue",1860,0,0,1860,3
"Existing Customer","M",48,"$60K - $80K","Blue",2829,2342,0.828,487,1
"Existing Customer","F",38,"Less than $40K","Blue",3764,0,0,3764,2
"Existing Customer","M",43,"$40K - $60K","Blue",4559,1664,0.365,2895,2
"Existing Customer","F",36,"Less than $40K","Blue",4701,1492,0.317,3209,3
"Existing Customer","M",34,"$80K - $120K","Blue",1631,0,0,1631,2
"Existing Customer","F",39,"Unknown","Blue",8096,1474,0.182,6622,3
"Existing Customer","F",43,"Less than $40K","Blue",2304,1589,0.69,715,1
"Existing Customer","F",48,"$40K - $60K","Blue",5210,0,0,5210,3
"Existing Customer","M",44,"$40K - $60K","Blue",5452,2091,0.384,3361,2
"Existing Customer","M",38,"$60K - $80K","Blue",7475,1473,0.197,6002,3
"Existing Customer","M",62,"$40K - $60K","Blue",2359,1242,0.526,1117,3
"Existing Customer","M",30,"$80K - $120K","Blue",4237,1676,0.396,2561,2
"Existing Customer","M",39,"$80K - $120K","Blue",18582,794,0.043,17788,6
"Existing Customer","F",53,"Less than $40K","Blue",7202,974,0.135,6228,2
"Existing Customer","F",64,"$40K - $60K","Blue",1438.3,0,0,1438.3,2
"Existing Customer","F",51,"Unknown","Blue",11221,1279,0.114,9942,1
"Existing Customer","M",32,"Unknown","Blue",18889,1880,0.1,17009,3
"Existing Customer","M",52,"$80K - $120K","Blue",2066,1601,0.775,465,3
"Existing Customer","M",43,"$80K - $120K","Blue",34516,1075,0.031,33441,2
"Existing Customer","M",40,"$60K - $80K","Blue",2742,1416,0.516,1326,1
"Existing Customer","M",54,"$60K - $80K","Blue",20050,1225,0.061,18825,1
"Existing Customer","F",34,"Less than $40K","Blue",3046,2279,0.748,767,1
"Existing Customer","F",33,"Less than $40K","Blue",6193,695,0.112,5498,3
"Existing Customer","M",36,"$80K - $120K","Blue",5634,1996,0.354,3638,3
"Existing Customer","M",65,"Less than $40K","Blue",4507,1574,0.349,2933,2
"Existing Customer","M",43,"$40K - $60K","Blue",3040,2517,0.828,523,2
"Existing Customer","M",53,"$120K +","Blue",21006,1905,0.091,19101,3
"Existing Customer","F",48,"Less than $40K","Blue",7326,1710,0.233,5616,3
"Attrited Customer","F",39,"Less than $40K","Blue",3651,0,0,3651,1
"Existing Customer","F",57,"Less than $40K","Blue",3416,2468,0.722,948,1
"Attrited Customer","F",51,"Unknown","Blue",3664,0,0,3664,3
"Existing Customer","M",48,"$60K - $80K","Blue",6085,930,0.153,5155,1
"Existing Customer","M",51,"$60K - $80K","Blue",22332,1748,0.078,20584,3
"Existing Customer","F",26,"Less than $40K","Blue",2063,1390,0.674,673,2
"Existing Customer","F",38,"Less than $40K","Blue",4429,0,0,4429,3
"Existing Customer","M",35,"$60K - $80K","Blue",3991,1982,0.497,2009,3
"Existing Customer","F",46,"Less than $40K","Blue",2201,651,0.296,1550,1
"Existing Customer","M",48,"$80K - $120K","Blue",2852,736,0.258,2116,3
"Existing Customer","F",49,"Less than $40K","Blue",9723,2459,0.253,7264,3
"Existing Customer","M",35,"$40K - $60K","Blue",5325,1318,0.248,4007,2
"Existing Customer","F",65,"$40K - $60K","Blue",7427,1303,0.175,6124,2
"Existing Customer","M",53,"$60K - $80K","Blue",5619,1310,0.233,4309,3
"Existing Customer","F",54,"Less than $40K","Blue",5413,1836,0.339,3577,1
"Existing Customer","F",64,"Unknown","Blue",7646,1010,0.132,6636,1
"Existing Customer","F",39,"Unknown","Blue",2420,1422,0.588,998,3
"Existing Customer","M",50,"$80K - $120K","Blue",4252,0,0,4252,4
"Existing Customer","F",54,"Less than $40K","Blue",2031,1069,0.526,962,2
"Existing Customer","F",38,"Unknown","Blue",6861,1598,0.233,5263,1
"Existing Customer","M",39,"$80K - $120K","Blue",3327,0,0,3327,2
"Existing Customer","M",53,"$40K - $60K","Blue",2885,1433,0.497,1452,1
"Existing Customer","M",53,"$120K +","Blue",7272,2037,0.28,5235,3
"Existing Customer","M",32,"$80K - $120K","Blue",34516,0,0,34516,3
"Existing Customer","F",57,"Less than $40K","Blue",2515,1922,0.764,593,3
"Existing Customer","F",65,"Less than $40K","Blue",2798,1806,0.645,992,2
"Existing Customer","M",57,"$80K - $120K","Blue",34516,2099,0.061,32417,2
"Existing Customer","F",65,"Less than $40K","Blue",1438.3,680,0.473,758.3,1
"Existing Customer","M",65,"Less than $40K","Silver",12609,2517,0.2,10092,2
"Existing Customer","M",55,"$80K - $120K","Blue",19159,2108,0.11,17051,2
"Existing Customer","M",54,"$80K - $120K","Blue",9642,2517,0.261,7125,1
"Existing Customer","M",44,"$120K +","Blue",8396,1672,0.199,6724,3
"Existing Customer","M",58,"$80K - $120K","Blue",6978,1148,0.165,5830,3
"Existing Customer","F",53,"$40K - $60K","Blue",2459,1733,0.705,726,3
"Existing Customer","F",33,"Less than $40K","Silver",12956,0,0,12956,2
"Existing Customer","F",47,"Less than $40K","Blue",7128,1560,0.219,5568,3
"Existing Customer","M",51,"$80K - $120K","Blue",18749,1314,0.07,17435,2
"Existing Customer","F",38,"Less than $40K","Blue",2193,1260,0.575,933,3
"Existing Customer","M",57,"$80K - $120K","Blue",4522,1861,0.412,2661,2
"Existing Customer","M",36,"$40K - $60K","Blue",2157,574,0.266,1583,1
"Existing Customer","M",35,"$80K - $120K","Blue",11927,675,0.057,11252,1
"Existing Customer","F",55,"Unknown","Blue",11341,0,0,11341,1
"Existing Customer","F",57,"Unknown","Blue",7345,1814,0.247,5531,3
"Existing Customer","M",56,"$60K - $80K","Blue",6036,1409,0.233,4627,3
"Existing Customer","F",38,"Less than $40K","Blue",2096,1567,0.748,529,1
"Existing Customer","F",54,"Less than $40K","Blue",1906,1271,0.667,635,1
"Existing Customer","M",48,"$80K - $120K","Blue",5039,0,0,5039,2
"Attrited Customer","M",53,"$80K - $120K","Blue",6214,1147,0.185,5067,1
"Existing Customer","F",30,"Less than $40K","Blue",1512,810,0.536,702,1
"Existing Customer","M",47,"$80K - $120K","Silver",34516,733,0.021,33783,3
"Existing Customer","F",60,"Less than $40K","Blue",3346,922,0.276,2424,3
"Attrited Customer","M",54,"$120K +","Blue",34516,0,0,34516,2
"Existing Customer","F",37,"Less than $40K","Blue",6660,1362,0.205,5298,2
"Existing Customer","F",32,"Less than $40K","Blue",2234,1865,0.835,369,2
"Existing Customer","F",44,"Less than $40K","Blue",9671,704,0.073,8967,4
"Existing Customer","F",53,"$40K - $60K","Blue",6605,1479,0.224,5126,3
"Existing Customer","M",43,"$80K - $120K","Blue",3083,1898,0.616,1185,3
"Attrited Customer","F",49,"Less than $40K","Blue",5456,951,0.174,4505,1
"Existing Customer","F",38,"Unknown","Blue",4394,0,0,4394,1
"Existing Customer","F",56,"$40K - $60K","Blue",4088,1557,0.381,2531,1
"Existing Customer","F",26,"$40K - $60K","Blue",3930,0,0,3930,3
"Existing Customer","M",58,"$60K - $80K","Blue",4188,1147,0.274,3041,2
"Existing Customer","M",33,"$60K - $80K","Blue",3637,1998,0.549,1639,3
"Existing Customer","M",35,"$80K - $120K","Blue",11521,1147,0.1,10374,2
"Existing Customer","M",37,"$60K - $80K","Blue",2253,1667,0.74,586,2
"Existing Customer","F",27,"Unknown","Blue",2339,2080,0.889,259,2
"Existing Customer","M",43,"$80K - $120K","Blue",30503,2517,0.083,27986,1
"Existing Customer","M",49,"$60K - $80K","Blue",4596,0,0,4596,3
"Attrited Customer","M",49,"$80K - $120K","Blue",5701,2517,0.442,3184,3
"Existing Customer","F",39,"Less than $40K","Blue",3221,0,0,3221,6
"Existing Customer","F",41,"Less than $40K","Blue",3022,1142,0.378,1880,3
"Existing Customer","F",32,"Less than $40K","Blue",2699,1609,0.596,1090,2
"Existing Customer","F",58,"Less than $40K","Blue",2210,1624,0.735,586,3
"Existing Customer","M",56,"$60K - $80K","Blue",1438.3,0,0,1438.3,3
"Existing Customer","M",37,"Less than $40K","Blue",2041,1687,0.827,354,3
"Existing Customer","M",39,"$120K +","Blue",3250,1698,0.522,1552,2
"Existing Customer","F",26,"$40K - $60K","Blue",1643,1101,0.67,542,3
"Existing Customer","F",31,"Unknown","Silver",34516,0,0,34516,3
"Attrited Customer","F",46,"Unknown","Blue",29543,1164,0.039,28379,3
"Existing Customer","M",36,"$120K +","Blue",3158,0,0,3158,3
"Existing Customer","M",39,"$80K - $120K","Blue",2899,1999,0.69,900,2
"Existing Customer","F",53,"Less than $40K","Blue",2972,2160,0.727,812,1
"Existing Customer","F",38,"Less than $40K","Blue",5645,0,0,5645,2
"Existing Customer","M",37,"Less than $40K","Blue",2463,1751,0.711,712,3
"Existing Customer","F",47,"Less than $40K","Blue",1438.3,0,0,1438.3,3
"Existing Customer","M",56,"$80K - $120K","Blue",34516,1477,0.043,33039,3
"Existing Customer","F",55,"Less than $40K","Blue",2897,1601,0.553,1296,2
"Existing Customer","F",31,"Less than $40K","Blue",5391,0,0,5391,2
"Existing Customer","F",62,"Unknown","Blue",2870,2284,0.796,586,2
"Existing Customer","M",34,"$120K +","Blue",23959,2517,0.105,21442,2
"Existing Customer","M",33,"$60K - $80K","Blue",14918,2028,0.136,12890,2
"Existing Customer","F",38,"Less than $40K","Blue",3590,1924,0.536,1666,3
"Existing Customer","M",65,"$40K - $60K","Blue",2297,0,0,2297,3
"Existing Customer","M",57,"$80K - $120K","Blue",25058,1710,0.068,23348,2
"Attrited Customer","F",58,"Less than $40K","Blue",7418,396,0.053,7022,2
"Existing Customer","M",60,"$40K - $60K","Blue",3012,0,0,3012,3
"Existing Customer","M",39,"$40K - $60K","Blue",4562,1721,0.377,2841,1
"Existing Customer","F",39,"Unknown","Blue",10723,1529,0.143,9194,2
"Existing Customer","F",39,"Less than $40K","Blue",1578,760,0.482,818,2
"Existing Customer","M",60,"Less than $40K","Blue",2094,1560,0.745,534,2
"Existing Customer","F",37,"Less than $40K","Blue",4138,0,0,4138,1
"Existing Customer","F",41,"Unknown","Blue",5417,1904,0.351,3513,1
"Existing Customer","M",56,"$120K +","Blue",34516,1047,0.03,33469,3
"Existing Customer","M",60,"$60K - $80K","Blue",9592,1968,0.205,7624,1
"Existing Customer","F",56,"Less than $40K","Blue",8881,2145,0.242,6736,1
"Existing Customer","M",62,"$40K - $60K","Blue",1438.3,0,0,1438.3,3
"Existing Customer","F",41,"Less than $40K","Blue",3893,1157,0.297,2736,3
"Existing Customer","F",44,"Less than $40K","Blue",3242,799,0.246,2443,2
"Existing Customer","M",59,"$40K - $60K","Blue",6035,1392,0.231,4643,3
"Existing Customer","F",55,"Unknown","Blue",17642,1846,0.105,15796,3
"Existing Customer","M",26,"$60K - $80K","Blue",4327,0,0,4327,3
"Attrited Customer","M",40,"$80K - $120K","Silver",34516,0,0,34516,1
"Existing Customer","F",44,"Less than $40K","Blue",4852,1777,0.366,3075,1
"Existing Customer","M",37,"Unknown","Blue",7147,1424,0.199,5723,3
"Existing Customer","M",37,"$60K - $80K","Blue",10320,1799,0.174,8521,3
"Existing Customer","F",65,"Less than $40K","Blue",3297,2297,0.697,1000,2
"Existing Customer","M",46,"$60K - $80K","Blue",9981,807,0.081,9174,2
"Existing Customer","M",53,"$120K +","Blue",3329,1092,0.328,2237,3
"Existing Customer","F",56,"Less than $40K","Blue",5991,1993,0.333,3998,3
"Existing Customer","M",48,"$40K - $60K","Blue",3235,2517,0.778,718,1
"Existing Customer","M",34,"$120K +","Blue",6259,1063,0.17,5196,3
"Existing Customer","M",65,"Less than $40K","Blue",2541,1616,0.636,925,3
"Existing Customer","M",55,"$80K - $120K","Blue",21351,2517,0.118,18834,2
"Existing Customer","M",32,"$40K - $60K","Blue",8998,1471,0.163,7527,2
"Existing Customer","F",58,"Unknown","Blue",10247,1600,0.156,8647,3
"Existing Customer","M",54,"$120K +","Blue",20311,1655,0.081,18656,3
"Existing Customer","M",52,"$60K - $80K","Silver",33182,1997,0.06,31185,1
"Existing Customer","M",36,"$60K - $80K","Blue",1686,1252,0.743,434,5
"Attrited Customer","M",56,"$60K - $80K","Blue",4742,855,0.18,3887,2
"Existing Customer","M",33,"$60K - $80K","Blue",1726,1215,0.704,511,1
"Existing Customer","M",61,"$80K - $120K","Blue",8420,1389,0.165,7031,2
"Existing Customer","M",61,"$60K - $80K","Blue",3352,1713,0.511,1639,3
"Existing Customer","M",43,"$40K - $60K","Blue",6648,2242,0.337,4406,2
"Existing Customer","F",48,"Less than $40K","Blue",2335,1845,0.79,490,3
"Existing Customer","M",36,"$60K - $80K","Blue",12397,1001,0.081,11396,3
"Existing Customer","M",34,"$40K - $60K","Blue",1438.3,708,0.492,730.3,1
"Existing Customer","F",53,"Less than $40K","Blue",2240,1601,0.715,639,6
"Existing Customer","F",43,"$40K - $60K","Blue",5330,1161,0.218,4169,3
"Existing Customer","F",61,"Less than $40K","Blue",1795,794,0.442,1001,3
"Existing Customer","M",55,"$80K - $120K","Blue",5741,1894,0.33,3847,1
"Existing Customer","F",51,"Unknown","Blue",2002,1248,0.623,754,3
"Existing Customer","M",38,"$80K - $120K","Blue",25662,1515,0.059,24147,3
"Existing Customer","M",52,"$80K - $120K","Blue",22103,1515,0.069,20588,1
"Existing Customer","F",36,"Less than $40K","Blue",1438.3,0,0,1438.3,1
"Attrited Customer","F",45,"$40K - $60K","Blue",12355,0,0,12355,2
"Existing Customer","F",34,"$40K - $60K","Blue",2000,0,0,2000,1
"Existing Customer","M",27,"$120K +","Blue",8713,1354,0.155,7359,2
"Existing Customer","F",49,"Less than $40K","Blue",9165,0,0,9165,1
"Existing Customer","F",43,"Less than $40K","Silver",11583,631,0.054,10952,1
"Existing Customer","M",52,"$80K - $120K","Blue",1438.3,702,0.488,736.3,3
"Attrited Customer","F",31,"Unknown","Blue",8149,0,0,8149,1
"Attrited Customer","M",40,"$80K - $120K","Blue",3616,1151,0.318,2465,2
"Existing Customer","M",39,"$80K - $120K","Blue",8434,2222,0.263,6212,2
"Existing Customer","M",45,"$60K - $80K","Blue",9791,1311,0.134,8480,3
"Existing Customer","F",37,"Less than $40K","Blue",8444,1945,0.23,6499,2
"Existing Customer","F",49,"Less than $40K","Blue",2228,1003,0.45,1225,1
"Attrited Customer","M",56,"$120K +","Blue",12211,0,0,12211,1
"Existing Customer","F",62,"Less than $40K","Blue",1438.3,0,0,1438.3,3
"Existing Customer","F",37,"$40K - $60K","Blue",1586,1038,0.654,548,3
"Existing Customer","M",42,"$40K - $60K","Blue",2247,1045,0.465,1202,3
"Existing Customer","M",36,"$60K - $80K","Blue",2789,1584,0.568,1205,4
"Existing Customer","M",59,"$40K - $60K","Blue",4241,0,0,4241,2
"Existing Customer","F",40,"Unknown","Blue",8398,1892,0.225,6506,1
"Existing Customer","M",43,"$40K - $60K","Blue",4112,768,0.187,3344,3
"Existing Customer","M",29,"$40K - $60K","Silver",15578,1383,0.089,14195,2
"Existing Customer","F",42,"$40K - $60K","Blue",4008,1636,0.408,2372,2
"Existing Customer","F",63,"Unknown","Blue",12766,0,0,12766,1
"Existing Customer","F",36,"Less than $40K","Blue",3438,1129,0.328,2309,2
"Existing Customer","M",53,"$80K - $120K","Blue",16692,2446,0.147,14246,1
"Existing Customer","F",36,"Less than $40K","Blue",4066,1639,0.403,2427,2
"Existing Customer","M",36,"$60K - $80K","Blue",13080,0,0,13080,2
"Existing Customer","M",26,"Less than $40K","Blue",1934,1070,0.553,864,1
"Existing Customer","F",45,"Less than $40K","Blue",3230,2517,0.779,713,2
"Existing Customer","F",55,"Less than $40K","Blue",3615,1699,0.47,1916,2
"Existing Customer","F",61,"Unknown","Blue",1801,0,0,1801,2
"Existing Customer","M",26,"Less than $40K","Blue",2665,1567,0.588,1098,3
"Existing Customer","M",40,"$60K - $80K","Silver",28822,2517,0.087,26305,3
"Existing Customer","M",38,"$40K - $60K","Blue",14632,1158,0.079,13474,3
"Existing Customer","F",32,"Unknown","Blue",6715,1314,0.196,5401,3
"Existing Customer","M",53,"$60K - $80K","Blue",6658,1761,0.264,4897,2
"Existing Customer","F",52,"$40K - $60K","Blue",3360,1219,0.363,2141,2
"Existing Customer","M",29,"$80K - $120K","Blue",14853,0,0,14853,3
"Existing Customer","M",38,"$60K - $80K","Blue",4800,1212,0.252,3588,3
"Existing Customer","M",27,"$40K - $60K","Blue",4610,0,0,4610,1
"Existing Customer","F",46,"Less than $40K","Blue",1438.3,981,0.682,457.3,3
"Existing Customer","M",57,"$60K - $80K","Blue",8377,1211,0.145,7166,4
"Existing Customer","M",42,"$80K - $120K","Blue",4147,1719,0.415,2428,5
"Existing Customer","F",62,"$40K - $60K","Blue",2644,2207,0.835,437,1
"Existing Customer","F",37,"$40K - $60K","Blue",13355,1631,0.122,11724,3
"Existing Customer","F",57,"$40K - $60K","Blue",3251,1887,0.58,1364,2
"Existing Customer","M",35,"$40K - $60K","Blue",2100,950,0.452,1150,3
"Existing Customer","F",55,"Less than $40K","Blue",3566,1401,0.393,2165,3
"Existing Customer","F",56,"Unknown","Blue",14915,1111,0.074,13804,1
"Existing Customer","M",39,"$60K - $80K","Blue",13003,0,0,13003,1
"Existing Customer","M",64,"Less than $40K","Blue",2492,1424,0.571,1068,3
"Existing Customer","F",37,"Less than $40K","Blue",1758,1180,0.671,578,2
"Existing Customer","M",34,"$60K - $80K","Blue",5510,1604,0.291,3906,2
"Existing Customer","M",46,"$60K - $80K","Blue",17196,1646,0.096,15550,1
"Existing Customer","F",65,"$40K - $60K","Blue",5877,1697,0.289,4180,1
"Existing Customer","M",36,"$60K - $80K","Blue",7667,0,0,7667,1
"Existing Customer","F",35,"$40K - $60K","Blue",2939,1865,0.635,1074,1
"Existing Customer","M",49,"$80K - $120K","Blue",5898,1348,0.229,4550,1
"Existing Customer","F",46,"Unknown","Blue",19995,0,0,19995,3
"Existing Customer","M",26,"$40K - $60K","Blue",2773,2080,0.75,693,1
"Existing Customer","M",52,"$60K - $80K","Blue",3323,2310,0.695,1013,2
"Existing Customer","F",38,"Unknown","Blue",16049,799,0.05,15250,3
"Existing Customer","M",37,"$40K - $60K","Blue",3601,1236,0.343,2365,4
"Existing Customer","F",33,"Less than $40K","Blue",2307,1385,0.6,922,2
"Existing Customer","M",59,"$60K - $80K","Blue",3742,1175,0.314,2567,3
"Existing Customer","M",34,"$40K - $60K","Blue",2937,869,0.296,2068,3
"Existing Customer","F",39,"Unknown","Blue",3209,2517,0.784,692,1
"Existing Customer","M",59,"$60K - $80K","Blue",12554,2169,0.173,10385,1
"Existing Customer","M",50,"$60K - $80K","Blue",4702,0,0,4702,3
"Existing Customer","F",26,"$40K - $60K","Blue",5645,2324,0.412,3321,2
"Existing Customer","M",32,"$60K - $80K","Blue",14308,1889,0.132,12419,3
"Attrited Customer","F",51,"$40K - $60K","Blue",4882,695,0.142,4187,1
"Existing Customer","M",41,"$80K - $120K","Blue",33405,0,0,33405,3
"Existing Customer","F",39,"$40K - $60K","Blue",2700,2220,0.822,480,1
"Existing Customer","F",49,"Less than $40K","Blue",2934,2381,0.812,553,1
"Existing Customer","M",30,"$120K +","Blue",1548,0,0,1548,2
"Existing Customer","F",40,"Less than $40K","Blue",5525,2409,0.436,3116,2
"Existing Customer","F",36,"Less than $40K","Blue",5750,1521,0.265,4229,2
"Existing Customer","M",56,"$120K +","Blue",27157,1547,0.057,25610,3
"Existing Customer","M",37,"$80K - $120K","Blue",12830,0,0,12830,2
"Existing Customer","F",51,"Less than $40K","Blue",5530,1999,0.361,3531,1
"Existing Customer","F",36,"Less than $40K","Blue",2684,1474,0.549,1210,2
"Existing Customer","M",62,"$80K - $120K","Blue",2437,1400,0.574,1037,1
"Existing Customer","F",31,"Less than $40K","Blue",3827,1397,0.365,2430,2
"Existing Customer","M",42,"$120K +","Blue",34516,1658,0.048,32858,2
"Existing Customer","M",38,"$60K - $80K","Blue",5940,1101,0.185,4839,3
"Attrited Customer","M",45,"$60K - $80K","Blue",13162,0,0,13162,3
"Existing Customer","F",50,"Less than $40K","Blue",1963,1357,0.691,606,2
"Existing Customer","M",58,"$80K - $120K","Blue",18713,1022,0.055,17691,3
"Existing Customer","M",35,"$80K - $120K","Blue",3023,1435,0.475,1588,1
"Existing Customer","M",58,"$120K +","Blue",6103,1798,0.295,4305,1
"Existing Customer","M",42,"$60K - $80K","Blue",10607,2517,0.237,8090,3
"Existing Customer","F",32,"Less than $40K","Blue",2917,2517,0.863,400,3
"Existing Customer","M",35,"$120K +","Blue",34516,1018,0.029,33498,3
"Existing Customer","M",51,"$80K - $120K","Blue",25197,2517,0.1,22680,2
"Existing Customer","M",63,"Less than $40K","Blue",2743,1815,0.662,928,2
"Existing Customer","M",42,"$120K +","Blue",4111,1233,0.3,2878,2
"Existing Customer","F",36,"Unknown","Blue",3667,948,0.259,2719,3
"Existing Customer","M",42,"$40K - $60K","Blue",3178,1800,0.566,1378,2
"Attrited Customer","F",37,"Unknown","Blue",5674,0,0,5674,3
"Existing Customer","M",38,"$80K - $120K","Blue",11444,1278,0.112,10166,3
"Existing Customer","M",29,"$40K - $60K","Blue",1438.3,0,0,1438.3,1
"Existing Customer","M",54,"$40K - $60K","Blue",6387,1597,0.25,4790,3
"Existing Customer","M",33,"$40K - $60K","Blue",5657,1792,0.317,3865,3
"Existing Customer","F",63,"Unknown","Blue",11827,0,0,11827,3
"Existing Customer","M",49,"$60K - $80K","Blue",2608,1589,0.609,1019,3
"Existing Customer","F",44,"Less than $40K","Blue",3203,2076,0.648,1127,5
"Existing Customer","F",33,"Unknown","Gold",34516,1540,0.045,32976,1
"Existing Customer","M",57,"$80K - $120K","Blue",2472,2457,0.994,15,3
"Existing Customer","F",52,"Less than $40K","Blue",2147,1173,0.546,974,3
"Existing Customer","F",52,"Less than $40K","Blue",3416,2044,0.598,1372,1
"Existing Customer","F",39,"Unknown","Blue",8058,791,0.098,7267,2
"Existing Customer","F",50,"Unknown","Blue",3410,2281,0.669,1129,1
"Existing Customer","M",43,"$60K - $80K","Blue",19044,0,0,19044,2
"Existing Customer","M",36,"$60K - $80K","Blue",1606,798,0.497,808,2
"Existing Customer","M",55,"$120K +","Blue",24336,856,0.035,23480,2
"Existing Customer","F",30,"Less than $40K","Blue",5030,1327,0.264,3703,2
"Existing Customer","M",36,"$120K +","Blue",24577,0,0,24577,3
"Existing Customer","F",26,"Less than $40K","Blue",3517,1195,0.34,2322,3
"Existing Customer","M",48,"$40K - $60K","Blue",7400,636,0.086,6764,2
"Existing Customer","F",53,"$40K - $60K","Blue",2956,1391,0.471,1565,2
"Attrited Customer","F",42,"Unknown","Blue",3578,0,0,3578,1
"Attrited Customer","M",53,"$120K +","Blue",12778,507,0.04,12271,3
"Existing Customer","F",58,"Less than $40K","Blue",1942,1536,0.791,406,3
"Existing Customer","M",32,"$80K - $120K","Blue",29961,789,0.026,29172,1
"Existing Customer","M",48,"$60K - $80K","Silver",33791,0,0,33791,3
"Existing Customer","M",48,"$40K - $60K","Silver",17657,2018,0.114,15639,0
"Existing Customer","M",54,"$120K +","Blue",2821,2415,0.856,406,3
"Existing Customer","M",59,"Less than $40K","Blue",1479,787,0.532,692,3
"Existing Customer","M",35,"$60K - $80K","Blue",1438.3,0,0,1438.3,3
"Existing Customer","M",37,"$40K - $60K","Blue",6859,1766,0.257,5093,1
"Existing Customer","M",36,"$120K +","Blue",3404,1568,0.461,1836,2
"Existing Customer","M",26,"$40K - $60K","Blue",2158,1695,0.785,463,1
"Attrited Customer","F",35,"Less than $40K","Blue",1890,666,0.352,1224,2
"Attrited Customer","M",40,"$60K - $80K","Blue",18386,890,0.048,17496,3
"Existing Customer","F",55,"Unknown","Blue",3602,2013,0.559,1589,5
"Existing Customer","M",39,"$80K - $120K","Blue",3766,1049,0.279,2717,1
"Existing Customer","F",39,"Less than $40K","Blue",5634,2057,0.365,3577,2
"Existing Customer","F",46,"$40K - $60K","Blue",3126,2517,0.805,609,2
"Existing Customer","M",49,"$60K - $80K","Blue",3017,786,0.261,2231,1
"Existing Customer","M",32,"$60K - $80K","Blue",5478,1491,0.272,3987,2
"Existing Customer","M",35,"$80K - $120K","Blue",13046,1177,0.09,11869,3
"Existing Customer","M",39,"$40K - $60K","Blue",8687,1146,0.132,7541,3
"Existing Customer","F",53,"Less than $40K","Blue",6174,1421,0.23,4753,2
"Existing Customer","F",26,"$40K - $60K","Blue",5655,0,0,5655,1
"Existing Customer","M",32,"$60K - $80K","Blue",5397,1784,0.331,3613,2
"Existing Customer","M",54,"$120K +","Blue",28465,0,0,28465,1
"Existing Customer","F",36,"Less than $40K","Blue",3444,2441,0.709,1003,2
"Existing Customer","F",45,"Less than $40K","Blue",2104,1267,0.602,837,1
"Existing Customer","M",49,"$80K - $120K","Blue",15610,2048,0.131,13562,1
"Existing Customer","M",44,"$120K +","Blue",34516,1356,0.039,33160,2
"Existing Customer","M",32,"Unknown","Blue",16912,1590,0.094,15322,1
"Existing Customer","F",64,"Less than $40K","Blue",5462,1864,0.341,3598,1
"Existing Customer","F",37,"Less than $40K","Blue",2868,1434,0.5,1434,1
"Existing Customer","M",31,"$60K - $80K","Blue",2685,1580,0.588,1105,1
"Existing Customer","F",49,"$40K - $60K","Blue",5238,1365,0.261,3873,1
"Existing Customer","F",32,"Less than $40K","Blue",4561,2029,0.445,2532,2
"Existing Customer","M",53,"$120K +","Blue",13091,985,0.075,12106,2
"Existing Customer","F",62,"Unknown","Blue",10826,1274,0.118,9552,3
"Existing Customer","F",26,"Unknown","Blue",2600,1876,0.722,724,2
"Existing Customer","F",49,"Unknown","Blue",2561,0,0,2561,3
"Existing Customer","F",30,"Less than $40K","Blue",7087,1060,0.15,6027,2
"Existing Customer","M",34,"$120K +","Blue",34516,2517,0.073,31999,3
"Existing Customer","M",41,"$40K - $60K","Blue",10266,1390,0.135,8876,2
"Existing Customer","F",27,"Less than $40K","Blue",1553,723,0.466,830,3
"Existing Customer","F",33,"$40K - $60K","Blue",6732,0,0,6732,2
"Existing Customer","M",56,"$120K +","Blue",12181,1702,0.14,10479,1
"Existing Customer","M",36,"$80K - $120K","Blue",7056,0,0,7056,1
"Existing Customer","M",35,"$60K - $80K","Blue",14365,0,0,14365,1
"Existing Customer","M",27,"$40K - $60K","Blue",11473,829,0.072,10644,2
"Existing Customer","M",46,"$60K - $80K","Blue",23996,2517,0.105,21479,2
"Existing Customer","M",48,"$60K - $80K","Blue",2998,1789,0.597,1209,2
"Existing Customer","M",54,"$80K - $120K","Blue",30011,1232,0.041,28779,2
"Existing Customer","M",38,"$60K - $80K","Blue",2405,1553,0.646,852,3
"Existing Customer","M",36,"$80K - $120K","Blue",21927,1291,0.059,20636,4
"Existing Customer","M",56,"$80K - $120K","Blue",3906,1851,0.474,2055,1
"Existing Customer","M",32,"$60K - $80K","Blue",10029,606,0.06,9423,3
"Existing Customer","M",36,"$60K - $80K","Blue",4934,1504,0.305,3430,3
"Existing Customer","F",35,"Less than $40K","Silver",13882,1452,0.105,12430,2
"Existing Customer","M",26,"Unknown","Blue",2347,0,0,2347,3
"Existing Customer","M",32,"$60K - $80K","Blue",4116,1223,0.297,2893,2
"Existing Customer","F",56,"$40K - $60K","Blue",13904,625,0.045,13279,1
"Existing Customer","M",54,"$80K - $120K","Blue",32558,2016,0.062,30542,2
"Existing Customer","M",54,"$80K - $120K","Blue",12902,1860,0.144,11042,1
"Existing Customer","F",37,"Less than $40K","Blue",2509,1144,0.456,1365,1
"Existing Customer","F",38,"Less than $40K","Blue",2484,2149,0.865,335,3
"Existing Customer","M",35,"$60K - $80K","Blue",2780,0,0,2780,1
"Existing Customer","M",39,"$60K - $80K","Blue",5219,1826,0.35,3393,2
"Existing Customer","M",48,"$80K - $120K","Blue",18102,1381,0.076,16721,3
"Existing Customer","M",29,"$40K - $60K","Blue",4532,0,0,4532,3
"Existing Customer","M",33,"$80K - $120K","Blue",22399,1431,0.064,20968,2
"Existing Customer","F",39,"$40K - $60K","Blue",4489,2498,0.556,1991,5
"Existing Customer","F",35,"Unknown","Blue",10329,514,0.05,9815,1
"Existing Customer","F",43,"Less than $40K","Blue",2637,1272,0.482,1365,2
"Existing Customer","F",27,"Less than $40K","Blue",1864,1384,0.742,480,1
"Existing Customer","F",52,"Unknown","Blue",13276,1917,0.144,11359,3
"Existing Customer","M",31,"$40K - $60K","Blue",1935,1033,0.534,902,3
"Existing Customer","M",45,"$60K - $80K","Blue",6784,891,0.131,5893,2
"Existing Customer","M",35,"$60K - $80K","Blue",19127,1880,0.098,17247,2
"Existing Customer","M",55,"$120K +","Blue",32641,1551,0.048,31090,2
"Existing Customer","M",61,"$40K - $60K","Blue",1438.3,847,0.589,591.3,3
"Existing Customer","F",37,"Less than $40K","Blue",2417,1929,0.798,488,2
"Existing Customer","M",38,"$80K - $120K","Blue",19259,2266,0.118,16993,1
"Existing Customer","F",54,"Less than $40K","Blue",3796,2396,0.631,1400,2
"Existing Customer","M",40,"$80K - $120K","Blue",4042,1744,0.431,2298,1
"Existing Customer","M",47,"$120K +","Blue",17603,1063,0.06,16540,1
"Existing Customer","F",55,"$40K - $60K","Blue",2894,2077,0.718,817,1
"Existing Customer","M",37,"$80K - $120K","Blue",16730,1956,0.117,14774,1
"Existing Customer","F",36,"Less than $40K","Blue",3282,1843,0.562,1439,3
"Existing Customer","F",53,"Unknown","Blue",15815,1217,0.077,14598,2
"Existing Customer","M",26,"$60K - $80K","Blue",1672,957,0.572,715,2
"Existing Customer","F",45,"Less than $40K","Blue",8121,1595,0.196,6526,3
"Existing Customer","F",36,"Less than $40K","Blue",3182,2435,0.765,747,1
"Existing Customer","M",60,"$60K - $80K","Blue",3182,1928,0.606,1254,1
"Attrited Customer","M",30,"Less than $40K","Blue",5061,0,0,5061,2
"Existing Customer","M",39,"$60K - $80K","Blue",6224,1898,0.305,4326,3
"Existing Customer","F",33,"Unknown","Blue",2735,1769,0.647,966,1
"Existing Customer","F",48,"Less than $40K","Blue",2464,1867,0.758,597,1
"Existing Customer","M",39,"$60K - $80K","Blue",3477,1875,0.539,1602,3
"Existing Customer","M",38,"$80K - $120K","Blue",3242,2076,0.64,1166,2
"Existing Customer","M",47,"$120K +","Blue",27858,1314,0.047,26544,1
"Existing Customer","M",26,"Less than $40K","Blue",1438.3,495,0.344,943.3,2
"Existing Customer","M",49,"$120K +","Blue",34516,0,0,34516,2
"Existing Customer","M",38,"$80K - $120K","Blue",6361,694,0.109,5667,2
"Existing Customer","M",30,"Less than $40K","Blue",2490,0,0,2490,6
"Existing Customer","M",53,"$120K +","Blue",14057,1655,0.118,12402,6
"Existing Customer","M",49,"$60K - $80K","Blue",2461,1586,0.644,875,1
"Existing Customer","M",35,"$60K - $80K","Blue",7766,1278,0.165,6488,3
"Existing Customer","M",40,"$40K - $60K","Silver",21308,564,0.026,20744,1
"Existing Customer","M",30,"$60K - $80K","Blue",4516,2252,0.499,2264,2
"Existing Customer","F",42,"$40K - $60K","Blue",5424,1812,0.334,3612,3
"Existing Customer","F",62,"Less than $40K","Blue",1764,1540,0.873,224,2
"Attrited Customer","F",50,"$40K - $60K","Blue",1493,932,0.624,561,3
"Existing Customer","M",56,"$120K +","Blue",17539,2517,0.144,15022,2
"Existing Customer","M",45,"$80K - $120K","Silver",34516,0,0,34516,2
"Existing Customer","F",35,"Less than $40K","Blue",2149,1118,0.52,1031,1
"Existing Customer","F",57,"Less than $40K","Blue",6256,1530,0.245,4726,4
"Existing Customer","F",33,"Unknown","Blue",11922,792,0.066,11130,1
"Attrited Customer","F",43,"Less than $40K","Blue",4075,1986,0.487,2089,2
"Existing Customer","M",53,"$80K - $120K","Blue",7290,2151,0.295,5139,1
"Existing Customer","M",50,"$60K - $80K","Blue",5965,688,0.115,5277,3
"Existing Customer","M",30,"$120K +","Blue",9007,1965,0.218,7042,1
"Existing Customer","F",37,"Less than $40K","Blue",6077,1397,0.23,4680,2
"Existing Customer","M",37,"$40K - $60K","Blue",1808,1009,0.558,799,3
"Existing Customer","M",45,"$80K - $120K","Blue",12810,0,0,12810,1
"Attrited Customer","M",58,"$40K - $60K","Blue",3421,2517,0.736,904,1
"Existing Customer","F",63,"$40K - $60K","Blue",3118,1528,0.49,1590,1
"Existing Customer","M",43,"$60K - $80K","Blue",20013,922,0.046,19091,3
"Existing Customer","F",26,"Unknown","Blue",4395,1240,0.282,3155,1
"Existing Customer","F",37,"Less than $40K","Blue",9661,0,0,9661,3
"Existing Customer","M",53,"$60K - $80K","Blue",1973,1324,0.671,649,2
"Existing Customer","M",55,"$120K +","Blue",9926,2018,0.203,7908,2
"Existing Customer","M",36,"$60K - $80K","Blue",4108,1659,0.404,2449,3
"Existing Customer","M",51,"$120K +","Blue",20741,2504,0.121,18237,1
"Existing Customer","M",36,"$80K - $120K","Blue",16335,892,0.055,15443,1
"Existing Customer","F",35,"Unknown","Blue",4588,2517,0.549,2071,3
"Existing Customer","F",34,"Less than $40K","Blue",5712,1955,0.342,3757,3
"Existing Customer","M",57,"$60K - $80K","Blue",5335,1206,0.226,4129,1
"Attrited Customer","F",54,"Unknown","Blue",13184,0,0,13184,2
"Existing Customer","M",29,"$60K - $80K","Blue",8592,1201,0.14,7391,2
"Existing Customer","F",37,"Less than $40K","Blue",1910,1164,0.609,746,3
"Existing Customer","F",53,"Less than $40K","Blue",6210,1083,0.174,5127,3
"Existing Customer","M",36,"$40K - $60K","Blue",2220,1337,0.602,883,2
"Existing Customer","M",49,"$40K - $60K","Silver",20756,1710,0.082,19046,2
"Existing Customer","F",64,"$40K - $60K","Blue",2895,2517,0.869,378,3
"Existing Customer","M",53,"$60K - $80K","Blue",3539,2517,0.711,1022,3
"Existing Customer","M",52,"$120K +","Blue",9274,2097,0.226,7177,1
"Existing Customer","F",35,"Less than $40K","Blue",3187,2517,0.79,670,1
"Attrited Customer","F",37,"Less than $40K","Blue",2802,2460,0.878,342,1
"Existing Customer","M",50,"$60K - $80K","Blue",2334,707,0.303,1627,3
"Existing Customer","F",65,"Less than $40K","Blue",1438.3,0,0,1438.3,3
"Existing Customer","F",53,"Less than $40K","Blue",3519,0,0,3519,2
"Existing Customer","M",53,"$120K +","Blue",3088,2083,0.675,1005,2
"Existing Customer","M",40,"$80K - $120K","Silver",34516,1002,0.029,33514,3
"Existing Customer","M",39,"$60K - $80K","Blue",11906,2032,0.171,9874,1
"Existing Customer","F",53,"Unknown","Blue",11098,821,0.074,10277,2
"Existing Customer","M",36,"$60K - $80K","Blue",2224,1772,0.797,452,3
"Existing Customer","F",35,"$40K - $60K","Blue",3454,1603,0.464,1851,3
"Existing Customer","F",37,"Less than $40K","Blue",5723,1873,0.327,3850,2
"Existing Customer","F",36,"Less than $40K","Blue",9239,1421,0.154,7818,2
"Existing Customer","M",39,"$80K - $120K","Blue",4061,1775,0.437,2286,3
"Existing Customer","M",65,"Less than $40K","Blue",4189,0,0,4189,3
"Existing Customer","F",45,"Less than $40K","Blue",6373,1562,0.245,4811,1
"Existing Customer","F",38,"Less than $40K","Blue",2228,1717,0.771,511,2
"Attrited Customer","F",36,"Less than $40K","Blue",3261,2517,0.772,744,2
"Existing Customer","F",40,"Less than $40K","Blue",8014,1402,0.175,6612,3
"Existing Customer","F",35,"$40K - $60K","Blue",10980,1726,0.157,9254,1
"Existing Customer","M",54,"$120K +","Blue",3092,2165,0.7,927,3
"Existing Customer","M",40,"$80K - $120K","Blue",14315,690,0.048,13625,1
"Existing Customer","M",59,"$40K - $60K","Blue",1648,997,0.605,651,3
"Attrited Customer","F",26,"$40K - $60K","Blue",1730,1616,0.934,114,2
"Existing Customer","M",46,"$60K - $80K","Blue",13768,763,0.055,13005,3
"Existing Customer","F",29,"Unknown","Blue",1709,1465,0.857,244,3
"Existing Customer","M",38,"$40K - $60K","Blue",1705,0,0,1705,2
"Existing Customer","M",31,"$60K - $80K","Blue",8673,0,0,8673,1
"Existing Customer","M",35,"$60K - $80K","Blue",6391,2317,0.363,4074,2
"Existing Customer","M",56,"$80K - $120K","Blue",11102,1946,0.175,9156,2
"Existing Customer","M",34,"$80K - $120K","Blue",24765,1999,0.081,22766,1
"Existing Customer","M",42,"$80K - $120K","Blue",31864,0,0,31864,3
"Existing Customer","M",29,"$60K - $80K","Blue",5346,0,0,5346,3
"Existing Customer","M",32,"$40K - $60K","Blue",2801,1472,0.526,1329,2
"Existing Customer","F",37,"Less than $40K","Blue",3148,0,0,3148,6
"Existing Customer","F",36,"Less than $40K","Blue",2786,1628,0.584,1158,5
"Existing Customer","M",37,"$60K - $80K","Blue",11894,816,0.069,11078,1
"Existing Customer","M",38,"$80K - $120K","Blue",7535,2517,0.334,5018,3
"Attrited Customer","M",52,"$60K - $80K","Silver",33180,511,0.015,32669,4
"Existing Customer","F",62,"Less than $40K","Blue",2986,1632,0.547,1354,2
"Existing Customer","F",35,"Unknown","Blue",6729,2375,0.353,4354,2
"Existing Customer","M",36,"$60K - $80K","Blue",2601,1817,0.699,784,3
"Existing Customer","M",54,"$80K - $120K","Blue",3380,1655,0.49,1725,3
"Existing Customer","M",27,"$60K - $80K","Blue",2730,1351,0.495,1379,2
"Attrited Customer","M",26,"$40K - $60K","Blue",3324,0,0,3324,1
"Existing Customer","F",56,"Less than $40K","Blue",2665,1844,0.692,821,3
"Existing Customer","F",60,"$40K - $60K","Blue",5015,2053,0.409,2962,3
"Existing Customer","M",54,"$60K - $80K","Blue",6905,2303,0.334,4602,3
"Existing Customer","M",48,"$80K - $120K","Blue",5848,950,0.162,4898,2
"Existing Customer","M",33,"$80K - $120K","Blue",19136,1608,0.084,17528,3
"Existing Customer","F",64,"Less than $40K","Blue",3500,1904,0.544,1596,3
"Existing Customer","M",35,"$60K - $80K","Blue",7453,0,0,7453,1
"Existing Customer","F",54,"Less than $40K","Blue",6266,1819,0.29,4447,3
"Existing Customer","F",29,"Less than $40K","Blue",4945,0,0,4945,3
"Attrited Customer","M",33,"$120K +","Blue",27992,0,0,27992,2
"Existing Customer","M",34,"$40K - $60K","Blue",3735,1285,0.344,2450,2
"Existing Customer","M",48,"$60K - $80K","Blue",6703,1252,0.187,5451,3
"Existing Customer","M",38,"$80K - $120K","Blue",6162,943,0.153,5219,1
"Existing Customer","M",42,"$60K - $80K","Blue",3337,795,0.238,2542,4
"Existing Customer","M",55,"$40K - $60K","Blue",2205,1337,0.606,868,3
"Existing Customer","M",62,"$40K - $60K","Blue",4450,1444,0.324,3006,1
"Existing Customer","F",33,"Less than $40K","Blue",1438.3,0,0,1438.3,2
"Existing Customer","M",38,"$80K - $120K","Blue",2172,1475,0.679,697,1
"Existing Customer","M",39,"$40K - $60K","Blue",4323,1267,0.293,3056,2
"Existing Customer","M",56,"$80K - $120K","Blue",4145,1468,0.354,2677,1
"Existing Customer","M",36,"Less than $40K","Blue",2032,1003,0.494,1029,3
"Existing Customer","M",29,"$80K - $120K","Blue",7010,2103,0.3,4907,3
"Existing Customer","M",57,"$120K +","Blue",3205,1530,0.477,1675,3
"Existing Customer","F",55,"Unknown","Blue",16547,1521,0.092,15026,2
"Existing Customer","F",51,"$40K - $60K","Blue",5930,0,0,5930,2
"Existing Customer","F",57,"Unknown","Blue",7469,1752,0.235,5717,1
"Existing Customer","F",56,"Less than $40K","Blue",2235,0,0,2235,2
"Existing Customer","M",26,"$40K - $60K","Blue",2047,1196,0.584,851,2
"Existing Customer","F",36,"Unknown","Silver",34516,907,0.026,33609,1
"Existing Customer","F",53,"$40K - $60K","Blue",2636,2357,0.894,279,3
"Existing Customer","M",41,"$40K - $60K","Blue",6425,915,0.142,5510,3
"Existing Customer","F",26,"Less than $40K","Blue",2902,1668,0.575,1234,3
"Existing Customer","F",51,"Less than $40K","Blue",4002,1669,0.417,2333,2
"Existing Customer","M",34,"$60K - $80K","Blue",5175,977,0.189,4198,3
"Existing Customer","F",65,"$40K - $60K","Blue",4599,637,0.139,3962,2
"Existing Customer","M",52,"$80K - $120K","Blue",31258,1518,0.049,29740,3
"Existing Customer","F",54,"Less than $40K","Blue",2683,1671,0.623,1012,2
"Attrited Customer","M",37,"$80K - $120K","Blue",11638,926,0.08,10712,4
"Existing Customer","F",40,"Unknown","Blue",1829,1140,0.623,689,1
"Existing Customer","M",55,"$80K - $120K","Blue",8276,1671,0.202,6605,1
"Existing Customer","M",45,"$80K - $120K","Blue",23539,1261,0.054,22278,3
"Existing Customer","F",37,"Less than $40K","Blue",2352,0,0,2352,3
"Existing Customer","M",30,"$60K - $80K","Blue",11371,1015,0.089,10356,1
"Existing Customer","F",55,"Less than $40K","Blue",2857,2517,0.881,340,6
"Existing Customer","M",36,"$80K - $120K","Silver",34516,1568,0.045,32948,2
"Existing Customer","M",39,"$40K - $60K","Blue",6690,1884,0.282,4806,3
"Existing Customer","M",34,"Less than $40K","Blue",4439,844,0.19,3595,1
"Existing Customer","M",47,"$60K - $80K","Blue",5344,1582,0.296,3762,3
"Existing Customer","M",42,"$80K - $120K","Blue",27310,0,0,27310,3
"Existing Customer","M",61,"$40K - $60K","Blue",2531,2360,0.932,171,2
"Existing Customer","M",31,"$40K - $60K","Blue",9096,0,0,9096,1
"Attrited Customer","M",40,"$80K - $120K","Silver",34516,0,0,34516,3
"Existing Customer","F",42,"Less than $40K","Blue",7169,902,0.126,6267,1
"Existing Customer","F",54,"Less than $40K","Blue",5399,1723,0.319,3676,3
"Existing Customer","F",52,"Less than $40K","Blue",2280,1170,0.513,1110,3
"Existing Customer","F",31,"Less than $40K","Blue",6315,1305,0.207,5010,1
"Existing Customer","M",43,"$40K - $60K","Blue",4402,1640,0.373,2762,1
"Existing Customer","M",49,"$120K +","Blue",27732,1623,0.059,26109,4
"Existing Customer","F",45,"$40K - $60K","Blue",4947,1053,0.213,3894,3
"Existing Customer","M",38,"$80K - $120K","Blue",3946,2375,0.602,1571,2
"Existing Customer","M",57,"$40K - $60K","Blue",12291,2289,0.186,10002,3
"Existing Customer","F",63,"$40K - $60K","Blue",3067,1874,0.611,1193,2
"Existing Customer","F",42,"Less than $40K","Blue",1438.3,674,0.469,764.3,2
"Existing Customer","F",61,"$40K - $60K","Blue",8633,2517,0.292,6116,2
"Existing Customer","M",37,"$40K - $60K","Blue",2394,0,0,2394,4
"Attrited Customer","M",61,"$120K +","Blue",11374,2517,0.221,8857,0
"Existing Customer","M",35,"$60K - $80K","Blue",6921,2159,0.312,4762,3
"Existing Customer","M",57,"$80K - $120K","Blue",2564,2379,0.928,185,6
"Existing Customer","M",64,"Less than $40K","Blue",2720,1904,0.7,816,3
"Existing Customer","F",39,"Unknown","Blue",9843,2154,0.219,7689,2
"Existing Customer","F",28,"Unknown","Blue",21691,661,0.03,21030,3
"Existing Customer","M",53,"$80K - $120K","Blue",1826,883,0.484,943,3
"Existing Customer","M",39,"$60K - $80K","Blue",5746,1829,0.318,3917,3
"Existing Customer","F",35,"Less than $40K","Blue",2926,1346,0.46,1580,2
"Existing Customer","F",47,"$40K - $60K","Blue",7061,1813,0.257,5248,3
"Existing Customer","M",47,"$80K - $120K","Blue",5589,1430,0.256,4159,3
"Existing Customer","M",38,"$80K - $120K","Blue",9620,2033,0.211,7587,3
"Existing Customer","F",26,"Less than $40K","Blue",2539,2162,0.852,377,3
"Existing Customer","F",37,"Unknown","Blue",3642,610,0.167,3032,2
"Existing Customer","M",57,"Less than $40K","Blue",3451,0,0,3451,4
"Existing Customer","F",38,"Less than $40K","Blue",1841,1246,0.677,595,2
"Existing Customer","M",39,"$120K +","Blue",5764,1529,0.265,4235,3
"Existing Customer","M",35,"$60K - $80K","Blue",18278,0,0,18278,3
"Existing Customer","M",38,"$80K - $120K","Blue",16059,618,0.038,15441,3
"Existing Customer","M",56,"$60K - $80K","Blue",5887,659,0.112,5228,2
"Existing Customer","M",36,"$40K - $60K","Blue",3152,1986,0.63,1166,2
"Attrited Customer","M",39,"$80K - $120K","Blue",12464,0,0,12464,3
"Existing Customer","F",58,"Unknown","Blue",4784,0,0,4784,2
"Existing Customer","M",28,"Less than $40K","Blue",1950,0,0,1950,2
"Existing Customer","F",65,"Less than $40K","Blue",7478,0,0,7478,3
"Existing Customer","F",26,"Less than $40K","Blue",1438.3,0,0,1438.3,3
"Existing Customer","M",28,"Less than $40K","Blue",1707,1191,0.698,516,2
"Existing Customer","F",30,"Unknown","Blue",4016,917,0.228,3099,2
"Existing Customer","F",31,"Less than $40K","Blue",2370,1699,0.717,671,3
"Existing Customer","M",57,"$60K - $80K","Blue",3478,2517,0.724,961,1
"Existing Customer","M",43,"$40K - $60K","Blue",1539,989,0.643,550,2
"Attrited Customer","F",26,"Less than $40K","Blue",1438.3,0,0,1438.3,2
"Existing Customer","F",39,"$40K - $60K","Blue",3142,1639,0.522,1503,3
"Existing Customer","M",35,"$60K - $80K","Blue",17236,0,0,17236,1
"Existing Customer","F",52,"$40K - $60K","Blue",1438.3,0,0,1438.3,1
"Existing Customer","M",33,"$80K - $120K","Blue",13206,925,0.07,12281,3
"Existing Customer","M",53,"$60K - $80K","Blue",2480,1351,0.545,1129,1
"Existing Customer","F",30,"Less than $40K","Blue",2898,0,0,2898,1
"Existing Customer","M",59,"Less than $40K","Blue",1570,1028,0.655,542,3
"Existing Customer","F",65,"Less than $40K","Blue",4460,1262,0.283,3198,3
"Existing Customer","F",33,"Less than $40K","Blue",1544,0,0,1544,2
"Existing Customer","F",52,"Unknown","Blue",3456,2219,0.642,1237,3
"Existing Customer","F",26,"Unknown","Blue",2751,1599,0.581,1152,3
"Existing Customer","M",52,"$60K - $80K","Blue",4153,0,0,4153,3
"Existing Customer","F",37,"Less than $40K","Blue",3685,1396,0.379,2289,2
"Existing Customer","M",56,"$120K +","Blue",8902,1932,0.217,6970,1
"Existing Customer","M",35,"$120K +","Blue",2944,1596,0.542,1348,3
"Existing Customer","F",58,"Less than $40K","Blue",2232,786,0.352,1446,3
"Existing Customer","F",34,"$40K - $60K","Blue",1569,909,0.579,660,2
"Existing Customer","M",37,"$80K - $120K","Blue",23622,1153,0.049,22469,2
"Existing Customer","M",53,"$40K - $60K","Blue",3326,1442,0.434,1884,3
"Existing Customer","M",38,"$40K - $60K","Blue",6116,1698,0.278,4418,3
"Existing Customer","M",38,"$80K - $120K","Blue",11352,0,0,11352,1
"Existing Customer","F",28,"Less than $40K","Silver",14910,873,0.059,14037,3
"Existing Customer","F",39,"Unknown","Blue",17531,0,0,17531,3
"Existing Customer","F",43,"Less than $40K","Blue",4138,643,0.155,3495,2
"Existing Customer","M",36,"$80K - $120K","Blue",8374,2147,0.256,6227,2
"Existing Customer","F",38,"Less than $40K","Blue",7049,0,0,7049,3
"Existing Customer","M",37,"$40K - $60K","Blue",3851,1695,0.44,2156,3
"Existing Customer","M",37,"$60K - $80K","Blue",15936,827,0.052,15109,1
"Existing Customer","F",29,"Less than $40K","Blue",2926,0,0,2926,4
"Existing Customer","M",51,"$60K - $80K","Blue",10305,691,0.067,9614,2
"Existing Customer","M",54,"$60K - $80K","Blue",2987,2517,0.843,470,2
"Existing Customer","M",35,"$80K - $120K","Gold",34516,1965,0.057,32551,2
"Existing Customer","F",38,"$40K - $60K","Blue",6275,1579,0.252,4696,3
"Existing Customer","F",33,"Less than $40K","Blue",7185,0,0,7185,2
"Existing Customer","F",45,"Less than $40K","Blue",3281,1961,0.598,1320,3
"Existing Customer","M",61,"$40K - $60K","Blue",3077,1646,0.535,1431,3
"Existing Customer","F",33,"Less than $40K","Blue",2042,1864,0.913,178,1
"Existing Customer","M",55,"$60K - $80K","Blue",2001,1553,0.776,448,1
"Existing Customer","F",34,"Less than $40K","Blue",3625,2517,0.694,1108,3
"Existing Customer","M",58,"$40K - $60K","Blue",7803,1885,0.242,5918,3
"Existing Customer","F",38,"Less than $40K","Blue",5951,1702,0.286,4249,1
"Attrited Customer","M",59,"$120K +","Blue",15796,812,0.051,14984,5
"Existing Customer","M",57,"$80K - $120K","Blue",7558,1364,0.18,6194,3
"Existing Customer","M",55,"$60K - $80K","Blue",5381,0,0,5381,1
"Existing Customer","M",63,"$60K - $80K","Blue",3556,2517,0.708,1039,1
"Existing Customer","M",60,"Less than $40K","Blue",2661,1466,0.551,1195,1
"Existing Customer","F",53,"Less than $40K","Blue",3506,1405,0.401,2101,1
"Existing Customer","M",35,"$60K - $80K","Blue",2066,1699,0.822,367,2
"Existing Customer","M",53,"$120K +","Blue",8329,877,0.105,7452,1
"Existing Customer","M",58,"Less than $40K","Blue",2774,0,0,2774,1
"Existing Customer","F",33,"Unknown","Blue",4134,1130,0.273,3004,3
"Existing Customer","M",53,"$80K - $120K","Blue",11329,1180,0.104,10149,2
"Existing Customer","M",59,"$60K - $80K","Blue",9055,1560,0.172,7495,2
"Existing Customer","M",37,"$120K +","Blue",17393,1409,0.081,15984,2
"Existing Customer","F",50,"Less than $40K","Blue",5908,0,0,5908,3
"Existing Customer","F",35,"Less than $40K","Blue",5825,1815,0.312,4010,2
"Existing Customer","M",28,"$40K - $60K","Blue",3665,0,0,3665,1
"Existing Customer","M",37,"$80K - $120K","Blue",3797,1425,0.375,2372,2
"Existing Customer","M",39,"$40K - $60K","Blue",3478,0,0,3478,3
"Existing Customer","M",31,"$40K - $60K","Blue",13734,0,0,13734,3
"Existing Customer","M",37,"$60K - $80K","Blue",3034,2167,0.714,867,3
"Existing Customer","M",39,"Less than $40K","Blue",2973,2360,0.794,613,1
"Existing Customer","M",38,"$80K - $120K","Blue",24296,0,0,24296,1
"Existing Customer","M",35,"$40K - $60K","Blue",8969,1226,0.137,7743,1
"Existing Customer","M",30,"Less than $40K","Blue",2550,1623,0.636,927,3
"Attrited Customer","F",48,"Less than $40K","Silver",10357,0,0,10357,1
"Existing Customer","F",33,"Less than $40K","Blue",1475,986,0.668,489,1
"Existing Customer","M",47,"$40K - $60K","Blue",5154,1407,0.273,3747,6
"Existing Customer","F",37,"Less than $40K","Blue",3586,1414,0.394,2172,2
"Existing Customer","M",38,"$60K - $80K","Blue",4646,1680,0.362,2966,1
"Existing Customer","M",39,"$40K - $60K","Blue",1640,1177,0.718,463,2
"Existing Customer","M",34,"$60K - $80K","Blue",2379,1982,0.833,397,2
"Existing Customer","M",65,"Less than $40K","Blue",3422,0,0,3422,3
"Existing Customer","M",43,"$60K - $80K","Blue",4365,0,0,4365,2
"Attrited Customer","M",38,"$80K - $120K","Blue",32938,2089,0.063,30849,4
"Existing Customer","M",48,"$40K - $60K","Blue",6710,1942,0.289,4768,2
"Existing Customer","M",38,"$60K - $80K","Blue",2507,1544,0.616,963,3
"Attrited Customer","F",65,"Less than $40K","Blue",6184,0,0,6184,6
"Existing Customer","F",36,"Less than $40K","Blue",2029,1190,0.586,839,3
"Existing Customer","M",35,"$40K - $60K","Silver",16659,0,0,16659,3
"Existing Customer","F",58,"Less than $40K","Blue",2203,1394,0.633,809,2
"Existing Customer","F",54,"Unknown","Blue",5122,1642,0.321,3480,2
"Existing Customer","M",53,"$80K - $120K","Blue",3074,2390,0.777,684,1
"Existing Customer","M",38,"$60K - $80K","Blue",2584,0,0,2584,3
"Existing Customer","M",31,"$40K - $60K","Blue",2037,0,0,2037,1
"Existing Customer","M",34,"$120K +","Blue",14938,1412,0.095,13526,3
"Existing Customer","M",38,"$60K - $80K","Blue",2014,896,0.445,1118,1
"Attrited Customer","M",39,"$60K - $80K","Blue",1818,0,0,1818,4
"Existing Customer","M",37,"$80K - $120K","Blue",14926,0,0,14926,1
"Existing Customer","F",51,"Less than $40K","Blue",2827,1308,0.463,1519,3
"Existing Customer","F",53,"Less than $40K","Blue",2773,1507,0.543,1266,2
"Existing Customer","M",53,"$80K - $120K","Blue",16033,560,0.035,15473,3
"Existing Customer","M",65,"Less than $40K","Blue",3213,2517,0.783,696,3
"Existing Customer","F",33,"Less than $40K","Blue",3616,0,0,3616,1
"Existing Customer","M",37,"$60K - $80K","Blue",5924,1023,0.173,4901,1
"Existing Customer","M",47,"$40K - $60K","Blue",14535,0,0,14535,3
"Existing Customer","F",59,"Less than $40K","Blue",2833,1609,0.568,1224,2
"Existing Customer","F",59,"Less than $40K","Blue",1479,601,0.406,878,2
"Existing Customer","F",34,"Unknown","Blue",1617,1347,0.833,270,1
"Existing Customer","M",26,"Less than $40K","Blue",2237,451,0.202,1786,4
"Existing Customer","M",45,"$120K +","Blue",2900,1782,0.614,1118,3
"Existing Customer","F",54,"Unknown","Blue",13126,2086,0.159,11040,3
"Existing Customer","M",52,"$80K - $120K","Blue",8695,1407,0.162,7288,1
"Existing Customer","M",47,"$40K - $60K","Blue",6692,1897,0.283,4795,3
"Existing Customer","F",57,"Less than $40K","Blue",2159,1004,0.465,1155,1
"Existing Customer","M",34,"$60K - $80K","Blue",2501,1909,0.763,592,2
"Existing Customer","M",36,"$80K - $120K","Blue",6338,2379,0.375,3959,3
"Attrited Customer","F",36,"$40K - $60K","Blue",2190,0,0,2190,3
"Existing Customer","F",57,"$40K - $60K","Blue",7578,1628,0.215,5950,2
"Existing Customer","M",29,"Less than $40K","Blue",2963,1466,0.495,1497,3
"Existing Customer","M",37,"$80K - $120K","Blue",8260,2077,0.251,6183,3
"Attrited Customer","F",46,"Less than $40K","Blue",8309,858,0.103,7451,4
"Existing Customer","M",55,"$80K - $120K","Blue",3864,1901,0.492,1963,1
"Existing Customer","M",56,"$80K - $120K","Blue",10230,1082,0.106,9148,3
"Attrited Customer","M",32,"$120K +","Blue",22382,0,0,22382,3
"Existing Customer","M",39,"$120K +","Blue",25790,1798,0.07,23992,3
"Existing Customer","F",63,"Less than $40K","Blue",2675,2517,0.941,158,1
"Existing Customer","F",49,"Less than $40K","Blue",1652,812,0.492,840,3
"Existing Customer","M",38,"$60K - $80K","Blue",5815,1698,0.292,4117,1
"Existing Customer","M",60,"Less than $40K","Blue",2595,2189,0.844,406,1
"Existing Customer","M",38,"$60K - $80K","Blue",3421,2308,0.675,1113,2
"Existing Customer","M",63,"$80K - $120K","Blue",6922,1704,0.246,5218,2
"Existing Customer","F",43,"Less than $40K","Blue",6979,898,0.129,6081,2
"Existing Customer","F",39,"Less than $40K","Blue",2594,0,0,2594,3
"Existing Customer","F",35,"Unknown","Blue",16915,1679,0.099,15236,2
"Attrited Customer","M",45,"$80K - $120K","Blue",34516,0,0,34516,4
"Existing Customer","F",35,"$40K - $60K","Blue",2523,1877,0.744,646,2
"Attrited Customer","F",48,"$40K - $60K","Blue",6235,0,0,6235,4
"Existing Customer","M",26,"$40K - $60K","Blue",1473,0,0,1473,2
"Existing Customer","M",36,"$120K +","Blue",17116,939,0.055,16177,2
"Existing Customer","M",37,"$80K - $120K","Blue",4631,1991,0.43,2640,3
"Existing Customer","M",39,"$60K - $80K","Blue",3047,2150,0.706,897,3
"Existing Customer","M",49,"$80K - $120K","Blue",32338,1664,0.051,30674,2
"Existing Customer","M",56,"$60K - $80K","Blue",2253,1375,0.61,878,3
"Existing Customer","M",45,"$60K - $80K","Blue",16611,0,0,16611,6
"Existing Customer","M",34,"Unknown","Blue",22886,836,0.037,22050,4
"Existing Customer","M",29,"$80K - $120K","Blue",3544,0,0,3544,3
"Existing Customer","M",28,"Less than $40K","Blue",3480,0,0,3480,3
"Existing Customer","F",65,"Less than $40K","Blue",3549,1880,0.53,1669,3
"Existing Customer","F",26,"Less than $40K","Blue",1438.3,737,0.512,701.3,2
"Existing Customer","F",57,"Less than $40K","Blue",3136,1422,0.453,1714,2
"Existing Customer","M",47,"$120K +","Blue",34516,933,0.027,33583,2
"Existing Customer","F",54,"Less than $40K","Blue",6814,1570,0.23,5244,3
"Existing Customer","M",48,"$120K +","Silver",34516,2098,0.061,32418,2
"Existing Customer","F",36,"Unknown","Blue",8500,2517,0.296,5983,3
"Existing Customer","M",43,"$80K - $120K","Blue",28170,1859,0.066,26311,3
"Existing Customer","F",54,"Less than $40K","Blue",6610,928,0.14,5682,1
"Existing Customer","M",37,"$60K - $80K","Blue",15755,1410,0.089,14345,3
"Existing Customer","M",33,"$80K - $120K","Blue",2711,2073,0.765,638,3
"Existing Customer","M",38,"$40K - $60K","Blue",3735,1199,0.321,2536,1
"Existing Customer","M",36,"$80K - $120K","Blue",10216,1822,0.178,8394,3
"Existing Customer","F",40,"Unknown","Blue",20420,1657,0.081,18763,1
"Attrited Customer","M",37,"$120K +","Blue",13662,0,0,13662,4
"Existing Customer","F",26,"Unknown","Blue",3038,1460,0.481,1578,3
"Existing Customer","M",45,"$60K - $80K","Blue",7050,659,0.093,6391,3
"Existing Customer","M",26,"Less than $40K","Blue",1775,1162,0.655,613,1
"Existing Customer","M",42,"$40K - $60K","Blue",8960,1054,0.118,7906,2
"Existing Customer","M",33,"$80K - $120K","Blue",2355,1773,0.753,582,1
"Existing Customer","F",57,"$40K - $60K","Blue",6803,1332,0.196,5471,2
"Existing Customer","M",55,"$60K - $80K","Blue",2145,1207,0.563,938,2
"Existing Customer","M",40,"$80K - $120K","Blue",3919,1640,0.418,2279,2
"Existing Customer","M",32,"Less than $40K","Blue",4500,0,0,4500,2
"Existing Customer","F",62,"Less than $40K","Blue",2941,1173,0.399,1768,3
"Existing Customer","M",26,"$60K - $80K","Blue",7102,0,0,7102,3
"Attrited Customer","M",37,"Less than $40K","Blue",6866,2389,0.348,4477,3
"Existing Customer","M",57,"$80K - $120K","Blue",10378,1540,0.148,8838,2
"Existing Customer","F",47,"Unknown","Blue",13473,1335,0.099,12138,3
"Existing Customer","M",47,"$80K - $120K","Blue",18178,0,0,18178,3
"Existing Customer","F",48,"Unknown","Blue",8171,852,0.104,7319,3
"Existing Customer","F",49,"Less than $40K","Blue",1438.3,0,0,1438.3,3
"Existing Customer","M",35,"$80K - $120K","Blue",8082,2307,0.285,5775,3
"Existing Customer","M",57,"$60K - $80K","Blue",24589,1640,0.067,22949,2
"Existing Customer","F",62,"Unknown","Silver",30310,0,0,30310,1
"Existing Customer","F",55,"Less than $40K","Blue",2967,2129,0.718,838,3
"Existing Customer","M",36,"$60K - $80K","Blue",3092,1825,0.59,1267,2
"Existing Customer","M",54,"$80K - $120K","Blue",1618,668,0.413,950,3
"Existing Customer","F",30,"Less than $40K","Blue",2498,1632,0.653,866,2
"Existing Customer","M",46,"$40K - $60K","Blue",2564,0,0,2564,2
"Existing Customer","M",43,"$80K - $120K","Blue",10540,1489,0.141,9051,4
"Existing Customer","M",34,"$120K +","Blue",13384,1853,0.138,11531,3
"Existing Customer","M",55,"$80K - $120K","Blue",16208,1278,0.079,14930,2
"Existing Customer","F",36,"Less than $40K","Blue",3049,2198,0.721,851,3
"Existing Customer","M",44,"$80K - $120K","Blue",19214,0,0,19214,4
"Existing Customer","M",39,"$60K - $80K","Blue",3071,2517,0.82,554,2
"Existing Customer","M",34,"$80K - $120K","Blue",13395,1678,0.125,11717,1
"Existing Customer","M",40,"$60K - $80K","Blue",17126,1201,0.07,15925,3
"Existing Customer","M",42,"$60K - $80K","Blue",8083,0,0,8083,3
"Existing Customer","M",36,"$40K - $60K","Blue",8995,1547,0.172,7448,2
"Existing Customer","F",26,"Less than $40K","Blue",2404,1198,0.498,1206,2
"Existing Customer","M",42,"$40K - $60K","Blue",2807,1845,0.657,962,2
"Existing Customer","M",55,"$40K - $60K","Blue",3097,827,0.267,2270,3
"Existing Customer","M",45,"$80K - $120K","Blue",10651,672,0.063,9979,2
"Existing Customer","M",61,"$60K - $80K","Blue",2175,1404,0.646,771,2
"Existing Customer","M",41,"$120K +","Blue",28020,1470,0.052,26550,3
"Existing Customer","F",35,"Less than $40K","Blue",2640,1051,0.398,1589,3
"Existing Customer","M",34,"$120K +","Blue",31313,2152,0.069,29161,1
"Existing Customer","M",37,"$80K - $120K","Blue",7304,0,0,7304,2
"Attrited Customer","M",46,"$60K - $80K","Blue",3254,0,0,3254,2
"Existing Customer","M",26,"$40K - $60K","Blue",1438.3,0,0,1438.3,3
"Existing Customer","F",54,"Less than $40K","Blue",3161,1220,0.386,1941,4
"Attrited Customer","F",47,"Less than $40K","Blue",7246,0,0,7246,3
"Existing Customer","F",56,"Less than $40K","Blue",3088,2517,0.815,571,4
"Existing Customer","F",42,"Less than $40K","Silver",13719,1384,0.101,12335,3
"Existing Customer","M",30,"$40K - $60K","Blue",4726,1380,0.292,3346,1
"Existing Customer","M",32,"Less than $40K","Blue",6100,1520,0.249,4580,3
"Existing Customer","M",40,"$80K - $120K","Blue",19279,1427,0.074,17852,2
"Existing Customer","F",33,"Less than $40K","Blue",3792,1625,0.429,2167,2
"Existing Customer","M",64,"Less than $40K","Blue",2084,1647,0.79,437,3
"Existing Customer","M",33,"$80K - $120K","Blue",34516,0,0,34516,3
"Existing Customer","M",52,"$80K - $120K","Blue",6849,2126,0.31,4723,2
"Existing Customer","F",59,"Less than $40K","Blue",2417,1932,0.799,485,3
"Existing Customer","F",41,"Unknown","Blue",5802,2490,0.429,3312,4
"Existing Customer","M",38,"$40K - $60K","Blue",2919,2192,0.751,727,2
"Existing Customer","M",29,"Less than $40K","Blue",2462,2021,0.821,441,1
"Existing Customer","F",43,"Unknown","Blue",1947,0,0,1947,4
"Attrited Customer","M",40,"$80K - $120K","Blue",18563,0,0,18563,2
"Existing Customer","F",37,"Less than $40K","Blue",3992,1289,0.323,2703,3
"Existing Customer","M",32,"Less than $40K","Blue",3568,2175,0.61,1393,2
"Existing Customer","M",36,"$60K - $80K","Blue",7776,831,0.107,6945,3
"Attrited Customer","M",58,"$40K - $60K","Blue",1438.3,0,0,1438.3,2
"Existing Customer","M",53,"$80K - $120K","Blue",9355,715,0.076,8640,3
"Existing Customer","F",37,"Unknown","Blue",19636,1566,0.08,18070,4
"Existing Customer","M",47,"$40K - $60K","Blue",7327,0,0,7327,3
"Existing Customer","M",36,"$120K +","Blue",7049,1932,0.274,5117,3
"Existing Customer","F",26,"$40K - $60K","Blue",2033,1471,0.724,562,3
"Existing Customer","F",38,"$40K - $60K","Blue",5153,2517,0.488,2636,1
"Existing Customer","F",32,"$40K - $60K","Blue",2062,1665,0.807,397,2
"Existing Customer","F",37,"Less than $40K","Blue",2005,1517,0.757,488,3
"Existing Customer","M",26,"Less than $40K","Blue",2479,828,0.334,1651,2
"Existing Customer","F",55,"$40K - $60K","Blue",4589,1622,0.353,2967,4
"Existing Customer","M",35,"$80K - $120K","Blue",2263,1188,0.525,1075,2
"Existing Customer","M",58,"$60K - $80K","Blue",8184,1205,0.147,6979,3
"Existing Customer","M",32,"Unknown","Blue",9238,0,0,9238,3
"Existing Customer","M",47,"$80K - $120K","Blue",30210,1194,0.04,29016,3
"Existing Customer","M",32,"Less than $40K","Blue",6942,0,0,6942,3
"Existing Customer","M",56,"$60K - $80K","Blue",14551,2517,0.173,12034,3
"Existing Customer","F",34,"Less than $40K","Blue",1438.3,0,0,1438.3,1
"Existing Customer","M",65,"Unknown","Blue",11332,633,0.056,10699,2
"Existing Customer","M",55,"$120K +","Blue",30967,817,0.026,30150,2
"Existing Customer","M",43,"$80K - $120K","Blue",7866,0,0,7866,3
"Existing Customer","M",31,"Less than $40K","Blue",2718,1920,0.706,798,2
"Existing Customer","F",54,"Less than $40K","Blue",3084,2517,0.816,567,2
"Existing Customer","M",52,"$80K - $120K","Blue",17302,1339,0.077,15963,2
"Existing Customer","M",48,"$40K - $60K","Blue",12159,1665,0.137,10494,3
"Existing Customer","F",54,"Less than $40K","Blue",2797,1627,0.582,1170,4
"Existing Customer","M",33,"$60K - $80K","Blue",2618,1812,0.692,806,3
"Attrited Customer","F",26,"Less than $40K","Blue",1442,1428,0.99,14,2
"Existing Customer","F",30,"Less than $40K","Blue",2063,0,0,2063,2
"Existing Customer","F",49,"Less than $40K","Blue",8154,0,0,8154,2
"Existing Customer","F",36,"$40K - $60K","Blue",9735,1245,0.128,8490,3
"Existing Customer","M",56,"$80K - $120K","Blue",4310,2229,0.517,2081,4
"Existing Customer","M",53,"$80K - $120K","Blue",11450,2129,0.186,9321,3
"Attrited Customer","M",39,"$120K +","Blue",8906,0,0,8906,3
"Existing Customer","M",34,"$60K - $80K","Blue",4245,1815,0.428,2430,3
"Existing Customer","M",53,"$80K - $120K","Blue",21953,1311,0.06,20642,4
"Existing Customer","M",32,"$40K - $60K","Blue",1614,925,0.573,689,1
"Existing Customer","M",39,"$80K - $120K","Blue",5140,2517,0.49,2623,4
"Existing Customer","M",57,"$120K +","Blue",31762,2517,0.079,29245,3
"Existing Customer","F",48,"Unknown","Blue",11692,648,0.055,11044,4
"Existing Customer","M",37,"$60K - $80K","Blue",16043,0,0,16043,2
"Existing Customer","M",36,"$80K - $120K","Blue",15488,1463,0.094,14025,4
"Existing Customer","M",39,"$40K - $60K","Blue",2503,2185,0.873,318,3
"Existing Customer","M",31,"Less than $40K","Blue",3312,2491,0.752,821,3
"Existing Customer","M",31,"$40K - $60K","Blue",6269,1169,0.186,5100,2
"Existing Customer","M",36,"$60K - $80K","Blue",20337,1605,0.079,18732,2
"Existing Customer","F",47,"Less than $40K","Blue",2224,1106,0.497,1118,2
"Attrited Customer","M",37,"$60K - $80K","Blue",3100,2517,0.812,583,3
"Existing Customer","M",38,"$60K - $80K","Silver",26437,681,0.026,25756,2
"Existing Customer","M",39,"$80K - $120K","Blue",9959,1476,0.148,8483,2
"Existing Customer","M",39,"$80K - $120K","Blue",25008,876,0.035,24132,3
"Existing Customer","M",37,"$40K - $60K","Blue",2031,0,0,2031,3
"Existing Customer","M",58,"$80K - $120K","Blue",1654,1253,0.758,401,4
"Existing Customer","F",58,"Less than $40K","Blue",4608,1077,0.234,3531,4
"Existing Customer","M",37,"$40K - $60K","Blue",3908,1629,0.417,2279,4
"Existing Customer","M",54,"$80K - $120K","Blue",2798,1256,0.449,1542,3
"Existing Customer","F",45,"Less than $40K","Blue",2551,2253,0.883,298,4
"Existing Customer","F",36,"Unknown","Blue",8621,1251,0.145,7370,2
"Existing Customer","M",53,"$40K - $60K","Blue",7451,683,0.092,6768,4
"Existing Customer","F",34,"Less than $40K","Blue",2617,1010,0.386,1607,3
"Attrited Customer","M",35,"$80K - $120K","Blue",12634,0,0,12634,3
"Existing Customer","M",32,"$40K - $60K","Blue",6407,963,0.15,5444,3
"Existing Customer","M",38,"Less than $40K","Blue",1438.3,0,0,1438.3,2
"Existing Customer","M",37,"$80K - $120K","Blue",2672,1259,0.471,1413,2
"Existing Customer","F",37,"Unknown","Blue",11948,1281,0.107,10667,3
"Existing Customer","F",47,"Less than $40K","Blue",2677,1390,0.519,1287,3
"Existing Customer","F",52,"Unknown","Blue",24703,1085,0.044,23618,2
"Existing Customer","M",54,"$60K - $80K","Blue",2240,1580,0.705,660,3
"Existing Customer","M",53,"$80K - $120K","Blue",6052,1720,0.284,4332,4
"Existing Customer","F",33,"Less than $40K","Blue",2562,1968,0.768,594,4
"Existing Customer","M",49,"$60K - $80K","Blue",15377,1516,0.099,13861,4
"Attrited Customer","M",37,"$120K +","Blue",8654,0,0,8654,3
"Existing Customer","M",31,"$40K - $60K","Blue",1438.3,0,0,1438.3,2
"Existing Customer","M",43,"$120K +","Blue",1438.3,0,0,1438.3,3
"Existing Customer","M",39,"$80K - $120K","Blue",16040,1220,0.076,14820,2
"Existing Customer","M",38,"$40K - $60K","Blue",2801,1980,0.707,821,3
"Existing Customer","F",62,"Less than $40K","Blue",2658,1158,0.436,1500,4
"Existing Customer","F",58,"$40K - $60K","Blue",12423,1910,0.154,10513,3
"Existing Customer","F",39,"Unknown","Blue",9347,1988,0.213,7359,1
"Existing Customer","M",30,"$40K - $60K","Blue",3143,1075,0.342,2068,3
"Existing Customer","M",46,"$80K - $120K","Blue",5106,1539,0.301,3567,3
"Existing Customer","M",39,"$60K - $80K","Blue",9871,1061,0.107,8810,3
"Existing Customer","F",53,"$40K - $60K","Blue",1525,1411,0.925,114,4
"Existing Customer","M",34,"$120K +","Blue",19630,1251,0.064,18379,2
"Existing Customer","F",54,"Less than $40K","Silver",12547,1378,0.11,11169,3
"Existing Customer","M",54,"$80K - $120K","Blue",17686,0,0,17686,1
"Existing Customer","M",39,"$60K - $80K","Blue",3257,2517,0.773,740,3
"Existing Customer","F",36,"Less than $40K","Blue",4824,2517,0.522,2307,3
"Existing Customer","M",38,"$40K - $60K","Blue",8603,1046,0.122,7557,6
"Existing Customer","M",45,"$60K - $80K","Blue",11498,1577,0.137,9921,1
"Existing Customer","F",28,"Less than $40K","Blue",3818,584,0.153,3234,1
"Existing Customer","F",37,"Unknown","Blue",16594,1931,0.116,14663,2
"Existing Customer","M",57,"$40K - $60K","Blue",5387,2047,0.38,3340,2
"Existing Customer","F",48,"Less than $40K","Blue",2930,773,0.264,2157,1
"Existing Customer","M",33,"$40K - $60K","Blue",10023,504,0.05,9519,1
"Existing Customer","M",38,"$60K - $80K","Blue",9303,1599,0.172,7704,2
"Existing Customer","M",36,"$60K - $80K","Blue",2956,2411,0.816,545,2
"Existing Customer","M",37,"$60K - $80K","Blue",2218,1266,0.571,952,1
"Existing Customer","M",36,"$80K - $120K","Blue",9959,0,0,9959,2
"Existing Customer","F",54,"$40K - $60K","Blue",5335,1373,0.257,3962,3
"Existing Customer","M",52,"$60K - $80K","Blue",7187,2014,0.28,5173,3
"Existing Customer","F",53,"Less than $40K","Blue",2590,1564,0.604,1026,2
"Existing Customer","F",27,"Less than $40K","Blue",4255,1748,0.411,2507,1
"Existing Customer","F",32,"Less than $40K","Blue",2778,2312,0.832,466,2
"Existing Customer","M",57,"$120K +","Blue",10711,1970,0.184,8741,3
"Attrited Customer","M",58,"$120K +","Blue",16163,0,0,16163,3
"Existing Customer","F",54,"Less than $40K","Blue",2513,1126,0.448,1387,1
"Existing Customer","M",45,"$60K - $80K","Blue",3291,1607,0.488,1684,1
"Existing Customer","F",36,"Less than $40K","Blue",8917,1091,0.122,7826,2
"Existing Customer","F",39,"$40K - $60K","Blue",4955,1157,0.234,3798,5
"Existing Customer","F",39,"$40K - $60K","Blue",2909,1274,0.438,1635,1
"Existing Customer","M",34,"$80K - $120K","Silver",34516,2517,0.073,31999,4
"Existing Customer","F",54,"$40K - $60K","Blue",1438.3,0,0,1438.3,1
"Existing Customer","M",54,"$80K - $120K","Blue",14015,2065,0.147,11950,1
"Existing Customer","M",36,"$60K - $80K","Blue",2540,1402,0.552,1138,2
"Existing Customer","M",37,"$120K +","Blue",3497,1665,0.476,1832,2
"Existing Customer","M",27,"$40K - $60K","Blue",3682,0,0,3682,3
"Existing Customer","F",55,"Less than $40K","Blue",4430,1543,0.348,2887,2
"Existing Customer","M",26,"Unknown","Blue",3877,0,0,3877,3
"Existing Customer","M",56,"$60K - $80K","Blue",15124,1974,0.131,13150,2
"Existing Customer","F",58,"Less than $40K","Blue",7712,962,0.125,6750,3
"Existing Customer","F",42,"Unknown","Blue",19373,1142,0.059,18231,2
"Existing Customer","M",30,"Unknown","Blue",21590,2517,0.117,19073,3
"Existing Customer","M",38,"$60K - $80K","Blue",3657,1687,0.461,1970,2
"Existing Customer","F",47,"Unknown","Silver",32444,1843,0.057,30601,1
"Existing Customer","F",33,"$40K - $60K","Blue",5830,1665,0.286,4165,1
"Attrited Customer","F",54,"Less than $40K","Blue",1438.3,0,0,1438.3,4
"Existing Customer","F",65,"Unknown","Blue",6463,1660,0.257,4803,2
"Existing Customer","M",33,"$60K - $80K","Blue",2400,0,0,2400,2
"Existing Customer","F",44,"Less than $40K","Blue",2311,1830,0.792,481,2
"Existing Customer","F",57,"$40K - $60K","Blue",3585,1244,0.347,2341,2
"Existing Customer","M",34,"$80K - $120K","Blue",9131,916,0.1,8215,3
"Existing Customer","F",63,"$40K - $60K","Blue",1438.3,0,0,1438.3,6
"Existing Customer","F",37,"Less than $40K","Blue",1438.3,0,0,1438.3,1
"Existing Customer","M",39,"$60K - $80K","Blue",5471,2056,0.376,3415,3
"Existing Customer","M",39,"$80K - $120K","Blue",8823,1541,0.175,7282,3
"Existing Customer","M",55,"$60K - $80K","Blue",2173,1520,0.699,653,2
"Attrited Customer","M",37,"$120K +","Blue",5616,0,0,5616,3
"Existing Customer","M",57,"$80K - $120K","Blue",8571,1616,0.189,6955,2
"Existing Customer","F",45,"Less than $40K","Blue",2803,0,0,2803,6
"Existing Customer","M",53,"$80K - $120K","Blue",3924,2517,0.641,1407,2
"Existing Customer","M",37,"$60K - $80K","Blue",5663,1149,0.203,4514,1
"Existing Customer","F",60,"Less than $40K","Blue",3955,2000,0.506,1955,1
"Existing Customer","F",29,"Less than $40K","Blue",7997,0,0,7997,3
"Existing Customer","F",56,"Less than $40K","Blue",3652,1351,0.37,2301,1
"Existing Customer","M",37,"$80K - $120K","Blue",12702,2008,0.158,10694,2
"Existing Customer","M",43,"$60K - $80K","Blue",7189,1550,0.216,5639,3
"Existing Customer","M",58,"$80K - $120K","Blue",12421,2517,0.203,9904,3
"Existing Customer","F",29,"Less than $40K","Blue",2585,2008,0.777,577,2
"Existing Customer","M",38,"$120K +","Blue",2818,1656,0.588,1162,1
"Attrited Customer","M",65,"Less than $40K","Blue",2351,0,0,2351,4
"Existing Customer","F",62,"Less than $40K","Blue",3143,2517,0.801,626,2
"Existing Customer","M",53,"$80K - $120K","Blue",6514,978,0.15,5536,5
"Existing Customer","F",26,"$40K - $60K","Blue",3119,1328,0.426,1791,3
"Attrited Customer","F",46,"Less than $40K","Silver",13092,1962,0.15,11130,0
"Existing Customer","F",51,"$40K - $60K","Blue",1438.3,0,0,1438.3,2
"Existing Customer","M",39,"Less than $40K","Blue",3702,1118,0.302,2584,2
"Existing Customer","F",51,"Unknown","Blue",9095,2517,0.277,6578,2
"Existing Customer","M",59,"$40K - $60K","Blue",2701,1572,0.582,1129,3
"Existing Customer","M",56,"$40K - $60K","Blue",1813,1387,0.765,426,2
"Existing Customer","F",56,"Unknown","Blue",5335,996,0.187,4339,3
"Existing Customer","M",31,"$40K - $60K","Blue",2469,1695,0.687,774,2
"Existing Customer","M",37,"$40K - $60K","Blue",3091,0,0,3091,1
"Existing Customer","M",36,"$40K - $60K","Blue",2683,1533,0.571,1150,5
"Existing Customer","F",26,"Unknown","Blue",5464,0,0,5464,4
"Existing Customer","F",61,"Less than $40K","Blue",2942,2022,0.687,920,1
"Existing Customer","M",26,"Less than $40K","Blue",2735,1348,0.493,1387,3
"Existing Customer","M",35,"$80K - $120K","Blue",15279,1496,0.098,13783,2
"Existing Customer","M",53,"$120K +","Blue",14938,1155,0.077,13783,2
"Existing Customer","M",59,"Less than $40K","Blue",4328,670,0.155,3658,3
"Existing Customer","M",37,"$80K - $120K","Blue",34516,934,0.027,33582,4
"Existing Customer","M",38,"$60K - $80K","Blue",5824,1542,0.265,4282,4
"Existing Customer","F",56,"Unknown","Blue",11281,2118,0.188,9163,2
"Existing Customer","M",37,"$60K - $80K","Blue",7959,998,0.125,6961,3
"Existing Customer","M",33,"$120K +","Blue",4459,1899,0.426,2560,1
"Existing Customer","M",38,"$80K - $120K","Blue",17162,773,0.045,16389,1
"Existing Customer","M",56,"$120K +","Blue",16254,1518,0.093,14736,3
"Existing Customer","M",59,"$80K - $120K","Blue",3278,1306,0.398,1972,1
"Existing Customer","M",30,"Less than $40K","Blue",7173,1227,0.171,5946,1
"Existing Customer","M",56,"$40K - $60K","Blue",3295,2002,0.608,1293,2
"Existing Customer","M",33,"$120K +","Blue",25033,2300,0.092,22733,2
"Existing Customer","M",31,"$60K - $80K","Blue",4232,2092,0.494,2140,2
"Existing Customer","M",26,"$40K - $60K","Blue",2703,1256,0.465,1447,4
"Existing Customer","M",29,"Less than $40K","Blue",2710,629,0.232,2081,1
"Existing Customer","F",53,"Less than $40K","Blue",2322,1284,0.553,1038,1
"Existing Customer","F",35,"Less than $40K","Blue",5931,0,0,5931,3
"Existing Customer","M",35,"$120K +","Blue",3300,1731,0.525,1569,1
"Existing Customer","F",56,"Less than $40K","Blue",1438.3,0,0,1438.3,2
"Existing Customer","F",35,"Unknown","Silver",34516,0,0,34516,3
"Existing Customer","M",35,"$40K - $60K","Blue",8682,1647,0.19,7035,2
"Attrited Customer","M",32,"$60K - $80K","Blue",12616,0,0,12616,3
"Existing Customer","M",49,"Less than $40K","Blue",9652,2517,0.261,7135,2
"Existing Customer","M",36,"$120K +","Blue",1651,770,0.466,881,2
"Existing Customer","M",37,"$60K - $80K","Blue",2576,1640,0.637,936,1
"Existing Customer","M",58,"$60K - $80K","Blue",2212,1392,0.629,820,1
"Existing Customer","F",35,"Less than $40K","Blue",2157,1188,0.551,969,6
"Existing Customer","F",39,"$40K - $60K","Blue",2575,1424,0.553,1151,1
"Existing Customer","F",65,"Less than $40K","Blue",8705,1453,0.167,7252,1
"Existing Customer","M",65,"Less than $40K","Blue",3838,1736,0.452,2102,3
"Existing Customer","M",51,"$120K +","Blue",10306,1427,0.138,8879,1
"Existing Customer","F",56,"$40K - $60K","Blue",5366,1271,0.237,4095,2
"Existing Customer","M",58,"$80K - $120K","Blue",2994,2351,0.785,643,3
"Attrited Customer","M",39,"Less than $40K","Blue",4247,0,0,4247,3
"Existing Customer","F",51,"Less than $40K","Blue",1737,1145,0.659,592,4
"Existing Customer","M",58,"$40K - $60K","Silver",18431,902,0.049,17529,2
"Existing Customer","F",34,"Less than $40K","Blue",2263,1794,0.793,469,3
"Existing Customer","M",39,"$80K - $120K","Blue",2718,2156,0.793,562,1
"Existing Customer","F",54,"Unknown","Blue",5839,2130,0.365,3709,3
"Existing Customer","F",26,"Unknown","Blue",5137,0,0,5137,0
"Existing Customer","M",53,"$80K - $120K","Blue",11909,1018,0.085,10891,2
"Existing Customer","M",32,"$80K - $120K","Blue",21390,0,0,21390,3
"Existing Customer","M",49,"$60K - $80K","Blue",9264,629,0.068,8635,1
"Existing Customer","F",39,"Less than $40K","Blue",5484,2517,0.459,2967,2
"Attrited Customer","M",32,"$40K - $60K","Blue",4739,0,0,4739,3
"Attrited Customer","M",30,"Less than $40K","Blue",7970,0,0,7970,3
"Existing Customer","M",37,"$80K - $120K","Blue",3127,2378,0.76,749,1
"Existing Customer","M",38,"$40K - $60K","Blue",7756,1670,0.215,6086,1
"Existing Customer","M",46,"$120K +","Blue",34516,676,0.02,33840,2
"Existing Customer","M",36,"$60K - $80K","Blue",5605,1322,0.236,4283,3
"Existing Customer","M",33,"$80K - $120K","Blue",2946,1359,0.461,1587,3
"Existing Customer","F",58,"Less than $40K","Blue",8886,0,0,8886,2
"Existing Customer","M",46,"$120K +","Blue",3104,862,0.278,2242,2
"Existing Customer","M",39,"$80K - $120K","Blue",19435,2120,0.109,17315,3
"Existing Customer","F",54,"Less than $40K","Blue",3312,1624,0.49,1688,3
"Existing Customer","M",50,"$120K +","Blue",34516,0,0,34516,1
"Existing Customer","M",41,"$60K - $80K","Blue",5246,0,0,5246,1
"Existing Customer","M",53,"$60K - $80K","Blue",2432,1554,0.639,878,1
"Existing Customer","F",36,"Less than $40K","Blue",3103,2399,0.773,704,3
"Existing Customer","M",38,"$120K +","Blue",30746,1168,0.038,29578,3
"Attrited Customer","F",55,"Unknown","Silver",34516,0,0,34516,3
"Existing Customer","M",45,"$120K +","Blue",11962,1025,0.086,10937,2
"Existing Customer","M",36,"$80K - $120K","Blue",14690,979,0.067,13711,3
"Existing Customer","M",45,"$40K - $60K","Blue",6629,1389,0.21,5240,1
"Existing Customer","M",38,"$40K - $60K","Blue",5535,1276,0.231,4259,2
"Existing Customer","F",35,"Less than $40K","Blue",2544,1848,0.726,696,3
"Existing Customer","M",48,"Less than $40K","Blue",3305,2517,0.762,788,3
"Existing Customer","M",51,"$120K +","Blue",34516,888,0.026,33628,2
"Existing Customer","F",37,"Unknown","Blue",9466,0,0,9466,2
"Existing Customer","F",33,"Unknown","Blue",5297,0,0,5297,3
"Existing Customer","M",31,"$80K - $120K","Blue",4260,1775,0.417,2485,3
"Existing Customer","F",40,"Less than $40K","Blue",7291,2517,0.345,4774,1
"Existing Customer","M",43,"$80K - $120K","Blue",13882,758,0.055,13124,2
"Existing Customer","M",63,"$40K - $60K","Blue",6500,1786,0.275,4714,2
"Existing Customer","F",35,"Less than $40K","Blue",1626,979,0.602,647,3
"Existing Customer","F",31,"Less than $40K","Blue",6662,0,0,6662,1
"Existing Customer","M",36,"$80K - $120K","Blue",5846,1732,0.296,4114,3
"Existing Customer","M",34,"$60K - $80K","Blue",8063,2149,0.267,5914,1
"Existing Customer","M",29,"$60K - $80K","Blue",6224,1092,0.175,5132,3
"Existing Customer","M",55,"$60K - $80K","Blue",4597,2442,0.531,2155,2
"Attrited Customer","M",46,"$40K - $60K","Blue",7869,0,0,7869,3
"Existing Customer","M",45,"$60K - $80K","Blue",17884,2096,0.117,15788,3
"Attrited Customer","F",52,"Less than $40K","Blue",1438.3,978,0.68,460.3,2
"Existing Customer","F",40,"Less than $40K","Blue",2046,1694,0.828,352,1
"Existing Customer","F",46,"Less than $40K","Blue",6370,0,0,6370,2
"Existing Customer","F",54,"Less than $40K","Blue",2737,2517,0.92,220,2
"Existing Customer","M",36,"Less than $40K","Blue",2622,2489,0.949,133,1
"Attrited Customer","M",44,"$40K - $60K","Blue",7266,906,0.125,6360,3
"Existing Customer","F",37,"Less than $40K","Blue",2258,1338,0.593,920,3
"Existing Customer","M",35,"$80K - $120K","Blue",6510,2055,0.316,4455,2
"Existing Customer","F",64,"Unknown","Blue",2508,1580,0.63,928,1
"Existing Customer","F",52,"Unknown","Blue",4006,2517,0.628,1489,1
"Existing Customer","F",37,"$40K - $60K","Blue",3252,1987,0.611,1265,1
"Existing Customer","F",45,"Unknown","Blue",16317,0,0,16317,3
"Existing Customer","M",28,"$40K - $60K","Blue",2109,1542,0.731,567,3
"Existing Customer","F",65,"Less than $40K","Blue",7023,1726,0.246,5297,2
"Existing Customer","M",55,"$120K +","Blue",8302,2517,0.303,5785,2
"Existing Customer","M",55,"$80K - $120K","Blue",9959,1209,0.121,8750,3
"Existing Customer","M",41,"$40K - $60K","Blue",3636,1884,0.518,1752,3
"Existing Customer","F",57,"Less than $40K","Blue",5184,1856,0.358,3328,1
"Existing Customer","M",37,"$60K - $80K","Blue",14575,0,0,14575,1
"Existing Customer","M",29,"Unknown","Blue",3107,1720,0.554,1387,3
"Existing Customer","F",62,"$40K - $60K","Blue",1438.3,0,0,1438.3,1
"Existing Customer","M",42,"$60K - $80K","Blue",3092,1115,0.361,1977,3
"Existing Customer","F",47,"Less than $40K","Blue",8322,0,0,8322,2
"Existing Customer","F",44,"Less than $40K","Silver",10110,1229,0.122,8881,3
"Existing Customer","F",34,"Less than $40K","Blue",2707,2036,0.752,671,3
"Existing Customer","M",37,"Unknown","Blue",4397,2007,0.456,2390,1
"Existing Customer","F",33,"Unknown","Blue",5795,0,0,5795,3
"Existing Customer","M",40,"$80K - $120K","Blue",9760,1657,0.17,8103,3
"Existing Customer","M",51,"$40K - $60K","Blue",6103,0,0,6103,2
"Existing Customer","M",65,"$40K - $60K","Blue",2246,1326,0.59,920,2
"Existing Customer","M",46,"$80K - $120K","Blue",4930,0,0,4930,3
"Existing Customer","M",27,"$40K - $60K","Blue",3178,1118,0.352,2060,1
"Existing Customer","F",37,"Less than $40K","Blue",3003,1810,0.603,1193,5
"Existing Customer","F",34,"Unknown","Blue",2318,2069,0.893,249,3
"Existing Customer","M",34,"$40K - $60K","Blue",2638,2092,0.793,546,1
"Existing Customer","F",35,"Less than $40K","Blue",2004,0,0,2004,2
"Existing Customer","F",55,"Less than $40K","Blue",2414,2276,0.943,138,1
"Existing Customer","F",60,"Less than $40K","Blue",1438.3,648,0.451,790.3,2
"Existing Customer","M",56,"$60K - $80K","Blue",2043,1928,0.944,115,1
"Existing Customer","M",52,"$80K - $120K","Blue",34516,2517,0.073,31999,3
"Existing Customer","F",45,"$40K - $60K","Blue",3111,2290,0.736,821,1
"Existing Customer","M",56,"$120K +","Blue",2585,1207,0.467,1378,3
"Attrited Customer","M",26,"Less than $40K","Blue",2469,2410,0.976,59,2
"Existing Customer","M",30,"Less than $40K","Blue",8744,1712,0.196,7032,2
"Existing Customer","M",34,"$80K - $120K","Blue",4185,2517,0.601,1668,1
"Existing Customer","M",39,"$60K - $80K","Blue",4759,1459,0.307,3300,2
"Existing Customer","M",36,"$120K +","Blue",24457,1300,0.053,23157,2
"Existing Customer","M",32,"$120K +","Blue",14244,1673,0.117,12571,2
"Attrited Customer","M",48,"$80K - $120K","Blue",6572,417,0.063,6155,3
"Existing Customer","F",50,"Unknown","Blue",23381,905,0.039,22476,3
"Existing Customer","F",39,"Less than $40K","Blue",3471,2517,0.725,954,3
"Existing Customer","F",61,"Less than $40K","Blue",2250,1041,0.463,1209,2
"Existing Customer","F",65,"Unknown","Blue",15965,2312,0.145,13653,3
"Existing Customer","F",45,"Less than $40K","Blue",9433,1578,0.167,7855,2
"Existing Customer","M",34,"$120K +","Blue",9180,1814,0.198,7366,3
"Existing Customer","M",37,"$40K - $60K","Blue",8818,1437,0.163,7381,2
"Existing Customer","F",44,"Less than $40K","Blue",4066,1028,0.253,3038,1
"Existing Customer","M",56,"$80K - $120K","Blue",9031,1535,0.17,7496,1
"Existing Customer","M",36,"$40K - $60K","Blue",9887,994,0.101,8893,1
"Existing Customer","F",65,"Less than $40K","Blue",4161,2491,0.599,1670,3
"Existing Customer","M",26,"Less than $40K","Blue",2740,2069,0.755,671,3
"Attrited Customer","F",26,"Unknown","Blue",6152,0,0,6152,2
"Existing Customer","M",34,"$60K - $80K","Blue",8167,1740,0.213,6427,1
"Existing Customer","M",51,"$120K +","Blue",23742,0,0,23742,2
"Existing Customer","M",57,"$60K - $80K","Blue",16791,1181,0.07,15610,3
"Existing Customer","M",30,"$80K - $120K","Blue",26783,1285,0.048,25498,1
"Existing Customer","M",35,"$80K - $120K","Blue",25516,1363,0.053,24153,3
"Existing Customer","M",32,"$40K - $60K","Blue",4815,1591,0.33,3224,3
"Existing Customer","M",62,"Unknown","Blue",3198,2308,0.722,890,2
"Attrited Customer","M",32,"Less than $40K","Blue",2218,1696,0.765,522,3
"Existing Customer","M",53,"$80K - $120K","Blue",23462,2202,0.094,21260,2
"Existing Customer","M",55,"$60K - $80K","Blue",2252,1737,0.771,515,4
"Existing Customer","F",26,"Less than $40K","Blue",2557,1990,0.778,567,3
"Attrited Customer","F",35,"Less than $40K","Blue",2300,0,0,2300,3
"Existing Customer","F",31,"Less than $40K","Blue",3540,1173,0.331,2367,1
"Existing Customer","M",53,"$60K - $80K","Blue",22938,1700,0.074,21238,1
"Existing Customer","M",45,"$40K - $60K","Blue",13129,901,0.069,12228,1
"Existing Customer","M",39,"$80K - $120K","Silver",34516,1900,0.055,32616,3
"Existing Customer","F",61,"Less than $40K","Blue",3396,802,0.236,2594,2
"Existing Customer","F",31,"Less than $40K","Blue",4712,955,0.203,3757,3
"Existing Customer","M",37,"$60K - $80K","Blue",7638,947,0.124,6691,2
"Existing Customer","M",41,"$60K - $80K","Blue",2624,1319,0.503,1305,2
"Existing Customer","M",58,"$120K +","Blue",17934,1578,0.088,16356,2
"Existing Customer","M",45,"$40K - $60K","Silver",15198,2098,0.138,13100,1
"Existing Customer","F",57,"Less than $40K","Blue",3191,2517,0.789,674,3
"Existing Customer","M",35,"$60K - $80K","Blue",6053,2001,0.331,4052,3
"Existing Customer","M",39,"$40K - $60K","Blue",5510,2027,0.368,3483,1
"Existing Customer","M",55,"$120K +","Blue",12875,1119,0.087,11756,3
"Existing Customer","F",41,"$40K - $60K","Blue",2602,1490,0.573,1112,2
"Existing Customer","F",55,"Less than $40K","Blue",2041,1885,0.924,156,3
"Existing Customer","F",52,"Less than $40K","Blue",2548,1683,0.661,865,3
"Existing Customer","M",57,"$120K +","Blue",4698,984,0.209,3714,3
"Existing Customer","F",40,"Less than $40K","Blue",2222,1551,0.698,671,2
"Existing Customer","M",47,"$80K - $120K","Blue",8217,0,0,8217,3
"Existing Customer","F",42,"Less than $40K","Silver",10091,0,0,10091,3
"Existing Customer","M",39,"$80K - $120K","Blue",19074,0,0,19074,3
"Existing Customer","M",39,"$60K - $80K","Gold",34516,542,0.016,33974,3
"Existing Customer","M",36,"$120K +","Blue",12852,1945,0.151,10907,2
"Existing Customer","M",36,"$60K - $80K","Blue",12763,2517,0.197,10246,1
"Existing Customer","M",29,"Less than $40K","Blue",2827,1430,0.506,1397,2
"Existing Customer","F",56,"Unknown","Blue",8242,0,0,8242,3
"Existing Customer","F",37,"Less than $40K","Blue",1825,1389,0.761,436,3
"Existing Customer","M",61,"Less than $40K","Blue",1438.3,0,0,1438.3,3
"Existing Customer","M",36,"$60K - $80K","Blue",5497,1517,0.276,3980,2
"Existing Customer","F",51,"$40K - $60K","Blue",6778,865,0.128,5913,2
"Attrited Customer","M",46,"$60K - $80K","Blue",4267,0,0,4267,3
"Existing Customer","F",31,"Less than $40K","Blue",3273,2517,0.769,756,2
"Existing Customer","M",33,"$40K - $60K","Blue",9371,1541,0.164,7830,2
"Existing Customer","F",50,"Less than $40K","Blue",1438.3,663,0.461,775.3,3
"Attrited Customer","F",57,"Unknown","Blue",8389,1960,0.234,6429,4
"Existing Customer","M",65,"Unknown","Blue",28410,1608,0.057,26802,2
"Existing Customer","M",48,"$40K - $60K","Blue",6168,2371,0.384,3797,2
"Existing Customer","F",57,"Unknown","Blue",2111,966,0.458,1145,3
"Existing Customer","F",63,"$40K - $60K","Blue",3141,1819,0.579,1322,1
"Existing Customer","F",50,"$40K - $60K","Blue",8307,2517,0.303,5790,2
"Existing Customer","M",39,"$80K - $120K","Blue",30753,1661,0.054,29092,2
"Existing Customer","M",39,"$60K - $80K","Blue",2731,1573,0.576,1158,1
"Existing Customer","F",39,"Less than $40K","Blue",2890,0,0,2890,1
"Existing Customer","M",52,"$120K +","Blue",34516,0,0,34516,1
"Existing Customer","M",37,"$80K - $120K","Blue",8058,1176,0.146,6882,3
"Existing Customer","F",50,"Unknown","Blue",5660,2401,0.424,3259,1
"Existing Customer","M",59,"$60K - $80K","Blue",4230,1366,0.323,2864,4
"Existing Customer","M",38,"$40K - $60K","Blue",9515,0,0,9515,3
"Existing Customer","F",65,"$40K - $60K","Blue",10962,1559,0.142,9403,3
"Existing Customer","M",57,"$120K +","Blue",23848,1967,0.082,21881,2
"Existing Customer","M",65,"Unknown","Blue",10144,1295,0.128,8849,3
"Existing Customer","F",38,"$40K - $60K","Blue",2997,1969,0.657,1028,3
"Existing Customer","M",41,"$80K - $120K","Blue",2647,620,0.234,2027,3
"Existing Customer","F",55,"Less than $40K","Blue",4580,1300,0.284,3280,1
"Existing Customer","M",28,"Unknown","Blue",2608,1630,0.625,978,1
"Existing Customer","M",31,"$80K - $120K","Blue",34516,1180,0.034,33336,3
"Existing Customer","F",39,"Less than $40K","Blue",3156,2095,0.664,1061,3
"Existing Customer","F",44,"Unknown","Blue",24936,2053,0.082,22883,2
"Existing Customer","M",55,"$80K - $120K","Blue",26101,614,0.024,25487,2
"Existing Customer","M",57,"$80K - $120K","Blue",14270,0,0,14270,3
"Existing Customer","M",28,"Unknown","Blue",25618,1209,0.047,24409,3
"Existing Customer","F",35,"Less than $40K","Blue",3230,2517,0.779,713,1
"Existing Customer","F",46,"Less than $40K","Blue",8881,1865,0.21,7016,3
"Existing Customer","F",65,"Unknown","Blue",11037,1491,0.135,9546,3
"Existing Customer","F",50,"Unknown","Blue",16763,0,0,16763,2
"Existing Customer","M",31,"$40K - $60K","Blue",2621,1461,0.557,1160,2
"Existing Customer","M",49,"$80K - $120K","Blue",4939,1190,0.241,3749,3
"Existing Customer","F",50,"Less than $40K","Blue",4419,1218,0.276,3201,3
"Existing Customer","F",44,"Less than $40K","Blue",9235,1796,0.194,7439,1
"Existing Customer","F",63,"Less than $40K","Blue",3055,1685,0.552,1370,1
"Existing Customer","M",41,"$80K - $120K","Blue",19412,770,0.04,18642,2
"Existing Customer","M",56,"$80K - $120K","Blue",12786,1880,0.147,10906,1
"Existing Customer","M",55,"$60K - $80K","Blue",4666,1275,0.273,3391,2
"Existing Customer","F",48,"Less than $40K","Blue",4894,1505,0.308,3389,3
"Existing Customer","M",35,"$120K +","Blue",27389,1250,0.046,26139,2
"Existing Customer","F",30,"Less than $40K","Blue",2132,797,0.374,1335,3
"Existing Customer","M",37,"$80K - $120K","Blue",6590,0,0,6590,3
"Existing Customer","F",53,"Less than $40K","Blue",3176,1470,0.463,1706,1
"Existing Customer","M",37,"$60K - $80K","Blue",4288,2349,0.548,1939,1
"Existing Customer","F",65,"Unknown","Blue",20130,2355,0.117,17775,3
"Existing Customer","M",48,"Less than $40K","Blue",5945,1685,0.283,4260,3
"Existing Customer","M",37,"$40K - $60K","Blue",3350,0,0,3350,1
"Existing Customer","M",35,"$60K - $80K","Blue",4008,1841,0.459,2167,3
"Existing Customer","F",35,"Less than $40K","Blue",5780,938,0.162,4842,3
"Existing Customer","F",49,"$40K - $60K","Blue",2497,1674,0.67,823,1
"Existing Customer","F",26,"Unknown","Blue",10286,2286,0.222,8000,3
"Existing Customer","M",58,"$60K - $80K","Blue",2347,2163,0.922,184,1
"Existing Customer","F",29,"Unknown","Blue",23125,1236,0.053,21889,1
"Existing Customer","F",58,"Less than $40K","Blue",3034,2517,0.83,517,2
"Existing Customer","M",33,"$80K - $120K","Blue",7081,1874,0.265,5207,4
"Existing Customer","M",36,"$40K - $60K","Blue",6824,1873,0.274,4951,1
"Existing Customer","F",47,"Less than $40K","Blue",1438.3,772,0.537,666.3,3
"Existing Customer","M",41,"Less than $40K","Blue",2683,1738,0.648,945,2
"Existing Customer","M",46,"$60K - $80K","Blue",12280,985,0.08,11295,2
"Existing Customer","M",58,"$60K - $80K","Blue",14607,1480,0.101,13127,2
"Existing Customer","F",53,"Less than $40K","Blue",2267,1469,0.648,798,3
"Existing Customer","F",54,"Less than $40K","Blue",2556,2260,0.884,296,2
"Existing Customer","F",39,"Unknown","Blue",12512,666,0.053,11846,1
"Existing Customer","M",49,"$80K - $120K","Blue",11332,946,0.083,10386,2
"Existing Customer","F",35,"Less than $40K","Blue",3073,526,0.171,2547,3
"Existing Customer","M",47,"$120K +","Silver",34516,2315,0.067,32201,3
"Existing Customer","M",38,"$60K - $80K","Blue",5323,2301,0.432,3022,3
"Existing Customer","M",56,"$80K - $120K","Blue",9078,1501,0.165,7577,1
"Existing Customer","M",56,"$120K +","Blue",27029,1347,0.05,25682,1
"Existing Customer","M",38,"$60K - $80K","Blue",9859,1305,0.132,8554,1
"Attrited Customer","M",46,"$80K - $120K","Blue",4026,243,0.06,3783,4
"Existing Customer","M",37,"$40K - $60K","Blue",2608,1799,0.69,809,2
"Existing Customer","F",63,"Less than $40K","Blue",3552,2517,0.709,1035,1
"Existing Customer","F",65,"Less than $40K","Blue",4613,1619,0.351,2994,2
"Existing Customer","M",38,"$80K - $120K","Blue",10386,1909,0.184,8477,2
"Existing Customer","F",45,"Unknown","Silver",34516,1298,0.038,33218,1
"Existing Customer","M",26,"$40K - $60K","Blue",2657,1611,0.606,1046,2
"Existing Customer","F",58,"Less than $40K","Blue",5031,1327,0.264,3704,2
"Attrited Customer","M",48,"$120K +","Blue",34516,787,0.023,33729,2
"Existing Customer","F",26,"$40K - $60K","Blue",1612,835,0.518,777,2
"Existing Customer","F",48,"Less than $40K","Blue",2423,1773,0.732,650,2
"Attrited Customer","M",33,"$80K - $120K","Blue",7140,0,0,7140,3
"Existing Customer","F",62,"$40K - $60K","Blue",3377,948,0.281,2429,3
"Attrited Customer","M",55,"$80K - $120K","Blue",34516,2408,0.07,32108,3
"Existing Customer","F",40,"Less than $40K","Blue",2295,0,0,2295,3
"Existing Customer","M",46,"$40K - $60K","Blue",3150,1543,0.49,1607,3
"Existing Customer","M",58,"$40K - $60K","Blue",2165,1135,0.524,1030,2
"Existing Customer","M",47,"$60K - $80K","Blue",4249,1562,0.368,2687,2
"Existing Customer","M",50,"$60K - $80K","Blue",2966,1433,0.483,1533,1
"Existing Customer","M",53,"$120K +","Blue",1612,744,0.462,868,3
"Existing Customer","M",45,"$60K - $80K","Blue",14593,1504,0.103,13089,1
"Existing Customer","M",48,"$40K - $60K","Blue",8327,1551,0.186,6776,3
"Existing Customer","M",43,"$60K - $80K","Gold",34516,1580,0.046,32936,1
"Existing Customer","M",60,"$60K - $80K","Blue",6479,1393,0.215,5086,1
"Existing Customer","M",56,"$120K +","Blue",18442,1470,0.08,16972,1
"Existing Customer","F",43,"$40K - $60K","Blue",2800,2517,0.899,283,3
"Existing Customer","F",57,"Less than $40K","Blue",3032,2215,0.731,817,2
"Existing Customer","F",52,"$40K - $60K","Blue",2151,1338,0.622,813,3
"Existing Customer","F",56,"Unknown","Blue",24073,1084,0.045,22989,3
"Attrited Customer","M",43,"$80K - $120K","Blue",25517,321,0.013,25196,2
"Existing Customer","M",38,"$60K - $80K","Blue",7709,2227,0.289,5482,1
"Existing Customer","M",53,"$40K - $60K","Blue",4065,2180,0.536,1885,3
"Existing Customer","F",52,"Unknown","Blue",13169,1499,0.114,11670,2
"Existing Customer","M",58,"$80K - $120K","Blue",11811,2508,0.212,9303,2
"Existing Customer","F",34,"Less than $40K","Blue",7440,704,0.095,6736,6
"Existing Customer","M",36,"$40K - $60K","Blue",12714,976,0.077,11738,1
"Existing Customer","F",55,"$40K - $60K","Blue",3735,1978,0.53,1757,1
"Existing Customer","M",54,"$80K - $120K","Blue",25882,1699,0.066,24183,1
"Existing Customer","M",36,"$40K - $60K","Blue",3877,1495,0.386,2382,3
"Existing Customer","F",35,"Unknown","Blue",3280,1806,0.551,1474,3
"Existing Customer","M",53,"$120K +","Blue",11023,0,0,11023,1
"Existing Customer","F",48,"Less than $40K","Blue",6182,1131,0.183,5051,2
"Existing Customer","M",37,"$40K - $60K","Blue",2186,1185,0.542,1001,3
"Existing Customer","M",45,"$80K - $120K","Blue",17996,864,0.048,17132,1
"Existing Customer","F",54,"Less than $40K","Blue",2306,2200,0.954,106,2
"Existing Customer","M",38,"$60K - $80K","Silver",26556,1583,0.06,24973,3
"Existing Customer","F",35,"Less than $40K","Blue",5779,2517,0.436,3262,3
"Existing Customer","F",36,"Less than $40K","Blue",5494,2078,0.378,3416,1
"Existing Customer","M",33,"$120K +","Blue",7571,2264,0.299,5307,1
"Existing Customer","M",28,"Less than $40K","Blue",2897,1398,0.483,1499,3
"Existing Customer","F",36,"$40K - $60K","Blue",3131,2379,0.76,752,2
"Existing Customer","F",34,"Less than $40K","Blue",4274,2517,0.589,1757,3
"Existing Customer","M",55,"$60K - $80K","Blue",4980,906,0.182,4074,6
"Existing Customer","F",61,"Less than $40K","Blue",3156,2155,0.683,1001,3
"Existing Customer","F",44,"Less than $40K","Blue",6861,2101,0.306,4760,1
"Existing Customer","M",54,"$80K - $120K","Blue",15554,2497,0.161,13057,3
"Existing Customer","M",39,"$80K - $120K","Blue",26570,1915,0.072,24655,2
"Existing Customer","M",51,"$60K - $80K","Blue",22224,979,0.044,21245,2
"Existing Customer","M",47,"$80K - $120K","Blue",10606,1713,0.162,8893,2
"Existing Customer","F",37,"$40K - $60K","Blue",5865,2517,0.429,3348,3
"Existing Customer","F",47,"$40K - $60K","Blue",5369,1854,0.345,3515,2
"Existing Customer","M",56,"$120K +","Blue",5188,753,0.145,4435,1
"Existing Customer","M",53,"$80K - $120K","Blue",17742,1463,0.082,16279,2
"Existing Customer","M",62,"$40K - $60K","Blue",2591,0,0,2591,1
"Existing Customer","F",58,"Less than $40K","Blue",2800,1834,0.655,966,2
"Existing Customer","M",57,"$80K - $120K","Blue",6543,2260,0.345,4283,2
"Existing Customer","F",54,"Unknown","Blue",26053,829,0.032,25224,3
"Existing Customer","F",33,"$40K - $60K","Blue",6316,1344,0.213,4972,3
"Existing Customer","F",54,"Less than $40K","Blue",4658,588,0.126,4070,2
"Existing Customer","M",30,"$60K - $80K","Blue",6476,0,0,6476,3
"Existing Customer","F",36,"Less than $40K","Blue",8087,1263,0.156,6824,2
"Existing Customer","M",60,"$60K - $80K","Blue",9033,845,0.094,8188,1
"Existing Customer","F",46,"Less than $40K","Blue",3206,0,0,3206,3
"Existing Customer","M",55,"$80K - $120K","Blue",28751,2158,0.075,26593,3
"Existing Customer","M",55,"$80K - $120K","Blue",2938,1995,0.679,943,3
"Existing Customer","M",31,"Less than $40K","Blue",5715,1741,0.305,3974,2
"Existing Customer","F",55,"Less than $40K","Blue",2111,1209,0.573,902,2
"Existing Customer","M",36,"$40K - $60K","Blue",11862,2282,0.192,9580,2
"Existing Customer","F",34,"Less than $40K","Blue",2791,2160,0.774,631,3
"Existing Customer","F",33,"Less than $40K","Blue",6551,1440,0.22,5111,2
"Existing Customer","M",30,"$40K - $60K","Blue",4533,1977,0.436,2556,3
"Existing Customer","F",54,"$40K - $60K","Blue",1854,1528,0.824,326,3
"Existing Customer","M",53,"$80K - $120K","Blue",6704,1354,0.202,5350,1
"Existing Customer","M",59,"$80K - $120K","Silver",34516,1494,0.043,33022,3
"Existing Customer","M",41,"$120K +","Blue",5489,1513,0.276,3976,3
"Existing Customer","M",45,"$40K - $60K","Blue",10619,607,0.057,10012,1
"Existing Customer","F",50,"Less than $40K","Blue",2481,1287,0.519,1194,3
"Existing Customer","M",57,"$60K - $80K","Blue",5100,1970,0.386,3130,4
"Existing Customer","M",63,"$40K - $60K","Blue",5905,726,0.123,5179,4
"Existing Customer","F",35,"Unknown","Blue",9293,0,0,9293,3
"Existing Customer","M",35,"$60K - $80K","Blue",5240,1451,0.277,3789,3
"Existing Customer","M",53,"$120K +","Blue",4182,741,0.177,3441,2
"Existing Customer","F",33,"Less than $40K","Blue",9857,0,0,9857,2
"Existing Customer","M",38,"$80K - $120K","Blue",20117,1226,0.061,18891,1
"Existing Customer","M",31,"Less than $40K","Blue",6012,0,0,6012,2
"Existing Customer","M",37,"$60K - $80K","Blue",6369,0,0,6369,2
"Existing Customer","M",36,"$80K - $120K","Blue",13005,2152,0.165,10853,2
"Attrited Customer","F",39,"Unknown","Blue",1575,592,0.376,983,2
"Existing Customer","F",58,"Less than $40K","Blue",6679,1207,0.181,5472,3
"Existing Customer","F",39,"Less than $40K","Blue",6458,1802,0.279,4656,3
"Existing Customer","M",61,"$60K - $80K","Blue",20803,1446,0.07,19357,2
"Existing Customer","M",34,"$40K - $60K","Blue",5540,1240,0.224,4300,2
"Existing Customer","M",55,"$80K - $120K","Blue",2801,2403,0.858,398,3
"Existing Customer","M",50,"Less than $40K","Blue",2419,2380,0.984,39,3
"Existing Customer","M",33,"$40K - $60K","Blue",5156,1427,0.277,3729,3
"Existing Customer","F",48,"Unknown","Blue",14228,1953,0.137,12275,4
"Existing Customer","M",63,"$80K - $120K","Blue",10257,1021,0.1,9236,3
"Attrited Customer","M",54,"$40K - $60K","Blue",3032,0,0,3032,1
"Attrited Customer","M",41,"$60K - $80K","Blue",1438.3,312,0.217,1126.3,3
"Existing Customer","M",51,"$80K - $120K","Blue",32096,0,0,32096,2
"Existing Customer","F",54,"Unknown","Blue",3014,794,0.263,2220,3
"Existing Customer","M",47,"$40K - $60K","Blue",5762,1890,0.328,3872,3
"Existing Customer","F",52,"Less than $40K","Blue",2555,1701,0.666,854,1
"Existing Customer","M",34,"$80K - $120K","Silver",34516,1731,0.05,32785,3
"Existing Customer","M",64,"Less than $40K","Blue",2140,1361,0.636,779,3
"Existing Customer","F",62,"$40K - $60K","Blue",4760,0,0,4760,1
"Existing Customer","M",38,"$80K - $120K","Blue",26372,1365,0.052,25007,2
"Existing Customer","F",52,"Less than $40K","Blue",8203,654,0.08,7549,2
"Existing Customer","F",35,"$40K - $60K","Blue",2655,1527,0.575,1128,2
"Existing Customer","M",35,"$120K +","Blue",13655,1048,0.077,12607,2
"Existing Customer","M",54,"$80K - $120K","Blue",12169,1935,0.159,10234,1
"Existing Customer","F",35,"Less than $40K","Blue",2956,1823,0.617,1133,1
"Existing Customer","M",35,"$60K - $80K","Blue",2598,1645,0.633,953,2
"Existing Customer","F",36,"Unknown","Blue",10566,726,0.069,9840,2
"Existing Customer","F",33,"$40K - $60K","Blue",8232,2259,0.274,5973,1
"Existing Customer","M",53,"$60K - $80K","Silver",26365,680,0.026,25685,2
"Existing Customer","F",37,"Less than $40K","Blue",4671,1933,0.414,2738,3
"Existing Customer","M",35,"$120K +","Blue",14869,0,0,14869,3
"Existing Customer","M",59,"$40K - $60K","Blue",2300,1965,0.854,335,2
"Existing Customer","M",47,"$80K - $120K","Blue",2797,1802,0.644,995,1
"Existing Customer","F",48,"$40K - $60K","Blue",2657,2115,0.796,542,2
"Existing Customer","M",58,"$80K - $120K","Blue",9149,1806,0.197,7343,1
"Existing Customer","F",55,"Less than $40K","Blue",2629,1476,0.561,1153,2
"Existing Customer","M",37,"$40K - $60K","Blue",3176,0,0,3176,3
"Existing Customer","M",57,"$80K - $120K","Blue",21875,2517,0.115,19358,1
"Existing Customer","M",60,"Unknown","Blue",3007,1664,0.553,1343,2
"Existing Customer","M",50,"$60K - $80K","Blue",17404,1745,0.1,15659,2
"Existing Customer","M",56,"$60K - $80K","Blue",2863,2517,0.879,346,6
"Existing Customer","M",48,"$60K - $80K","Gold",34516,2429,0.07,32087,1
"Existing Customer","M",40,"$60K - $80K","Blue",13919,1266,0.091,12653,1
"Attrited Customer","M",48,"$80K - $120K","Blue",18672,2517,0.135,16155,4
"Existing Customer","F",50,"Less than $40K","Blue",4204,499,0.119,3705,2
"Existing Customer","F",61,"Less than $40K","Blue",6859,2489,0.363,4370,2
"Existing Customer","M",36,"$80K - $120K","Blue",16050,1480,0.092,14570,3
"Existing Customer","M",46,"$120K +","Blue",34516,1024,0.03,33492,2
"Existing Customer","M",28,"Unknown","Blue",16766,1535,0.092,15231,3
"Existing Customer","M",49,"$80K - $120K","Blue",20895,1808,0.087,19087,2
"Existing Customer","F",44,"$40K - $60K","Blue",7881,2517,0.319,5364,3
"Existing Customer","M",57,"$80K - $120K","Blue",13427,0,0,13427,2
"Existing Customer","M",37,"$80K - $120K","Blue",2281,1677,0.735,604,3
"Existing Customer","M",57,"$80K - $120K","Blue",10974,0,0,10974,2
"Attrited Customer","M",33,"$60K - $80K","Blue",8925,168,0.019,8757,3
"Existing Customer","M",46,"$60K - $80K","Blue",5265,0,0,5265,1
"Attrited Customer","F",45,"Unknown","Blue",17156,2517,0.147,14639,4
"Existing Customer","M",53,"$80K - $120K","Blue",13457,1248,0.093,12209,2
"Existing Customer","M",52,"$60K - $80K","Blue",2742,2184,0.796,558,2
"Existing Customer","M",34,"$60K - $80K","Blue",3890,2286,0.588,1604,2
"Existing Customer","M",55,"$80K - $120K","Blue",17198,0,0,17198,2
"Existing Customer","M",53,"$120K +","Blue",3401,1713,0.504,1688,3
"Existing Customer","M",37,"$60K - $80K","Blue",18951,1243,0.066,17708,1
"Existing Customer","F",58,"$40K - $60K","Blue",1454,888,0.611,566,1
"Existing Customer","M",33,"$120K +","Blue",27499,1188,0.043,26311,3
"Existing Customer","M",39,"$120K +","Blue",32964,2231,0.068,30733,3
"Existing Customer","F",37,"Less than $40K","Blue",7411,633,0.085,6778,2
"Existing Customer","M",32,"$40K - $60K","Blue",7200,0,0,7200,3
"Existing Customer","F",26,"Unknown","Blue",12007,956,0.08,11051,2
"Existing Customer","F",60,"Less than $40K","Blue",3147,1602,0.509,1545,2
"Existing Customer","M",37,"$80K - $120K","Blue",5110,1942,0.38,3168,2
"Existing Customer","F",43,"Less than $40K","Blue",5438,2214,0.407,3224,6
"Existing Customer","M",56,"$80K - $120K","Blue",17450,2193,0.126,15257,1
"Existing Customer","M",52,"$80K - $120K","Blue",18352,1509,0.082,16843,3
"Existing Customer","M",34,"$120K +","Blue",5030,2326,0.462,2704,1
"Existing Customer","M",47,"$80K - $120K","Silver",34516,802,0.023,33714,2
"Existing Customer","M",26,"Less than $40K","Blue",1585,1535,0.968,50,3
"Existing Customer","M",54,"$120K +","Blue",3251,1919,0.59,1332,3
"Existing Customer","F",35,"Less than $40K","Blue",2858,1251,0.438,1607,2
"Existing Customer","M",52,"$80K - $120K","Silver",34516,1847,0.054,32669,1
"Existing Customer","M",41,"$60K - $80K","Blue",16443,1363,0.083,15080,1
"Existing Customer","F",36,"Less than $40K","Blue",3687,1655,0.449,2032,2
"Existing Customer","F",53,"Less than $40K","Blue",4840,2517,0.52,2323,1
"Existing Customer","M",42,"$120K +","Blue",15108,0,0,15108,3
"Existing Customer","M",54,"$60K - $80K","Blue",1909,1753,0.918,156,3
"Existing Customer","M",53,"$80K - $120K","Blue",19063,1236,0.065,17827,2
"Existing Customer","M",36,"$80K - $120K","Blue",15982,1691,0.106,14291,2
"Existing Customer","M",42,"$60K - $80K","Blue",1438.3,0,0,1438.3,2
"Existing Customer","F",27,"Less than $40K","Blue",2549,2130,0.836,419,3
"Existing Customer","M",58,"$60K - $80K","Blue",5967,2350,0.394,3617,2
"Existing Customer","M",59,"$40K - $60K","Blue",2182,1558,0.714,624,1
"Existing Customer","F",63,"Less than $40K","Blue",2689,2101,0.781,588,2
"Existing Customer","M",57,"$80K - $120K","Blue",30622,0,0,30622,2
"Existing Customer","F",56,"Unknown","Blue",4203,1965,0.468,2238,1
"Existing Customer","F",42,"Less than $40K","Blue",6453,0,0,6453,1
"Existing Customer","F",29,"Less than $40K","Blue",3318,927,0.279,2391,1
"Existing Customer","M",44,"$60K - $80K","Blue",22075,1506,0.068,20569,3
"Existing Customer","M",33,"$40K - $60K","Blue",6746,1750,0.259,4996,2
"Existing Customer","M",35,"$80K - $120K","Blue",4408,1463,0.332,2945,2
"Existing Customer","F",33,"Less than $40K","Blue",4838,1338,0.277,3500,3
"Existing Customer","M",46,"$80K - $120K","Silver",34516,0,0,34516,1
"Existing Customer","M",27,"$40K - $60K","Blue",3823,2130,0.557,1693,1
"Existing Customer","M",42,"$120K +","Blue",21670,2183,0.101,19487,2
"Existing Customer","M",53,"$60K - $80K","Blue",7928,1228,0.155,6700,3
"Existing Customer","M",50,"$120K +","Blue",33996,949,0.028,33047,1
"Existing Customer","F",48,"$40K - $60K","Blue",4365,0,0,4365,1
"Existing Customer","M",57,"$60K - $80K","Blue",2248,0,0,2248,3
"Existing Customer","F",34,"Less than $40K","Blue",1901,1176,0.619,725,1
"Existing Customer","M",55,"$80K - $120K","Silver",34516,1433,0.042,33083,1
"Existing Customer","M",58,"$120K +","Blue",31680,1812,0.057,29868,2
"Existing Customer","F",55,"Less than $40K","Blue",1872,1167,0.623,705,2
"Existing Customer","F",48,"Less than $40K","Blue",2055,0,0,2055,2
"Existing Customer","M",45,"$40K - $60K","Blue",10991,1328,0.121,9663,1
"Existing Customer","M",59,"Less than $40K","Blue",3939,2517,0.639,1422,1
"Existing Customer","F",53,"$40K - $60K","Blue",2127,1995,0.938,132,1
"Existing Customer","M",47,"$80K - $120K","Blue",34010,1340,0.039,32670,3
"Existing Customer","F",43,"Unknown","Blue",6971,1506,0.216,5465,2
"Existing Customer","F",33,"Less than $40K","Blue",1741,1328,0.763,413,2
"Existing Customer","F",49,"Unknown","Blue",24904,0,0,24904,3
"Attrited Customer","F",54,"Less than $40K","Blue",1438.3,0,0,1438.3,5
"Existing Customer","M",65,"Less than $40K","Blue",2621,1858,0.709,763,3
"Existing Customer","F",49,"$40K - $60K","Blue",11115,1292,0.116,9823,2
"Existing Customer","M",47,"$80K - $120K","Blue",13241,0,0,13241,2
"Existing Customer","M",51,"$80K - $120K","Blue",14438,2517,0.174,11921,1
"Existing Customer","M",36,"$80K - $120K","Blue",5228,1443,0.276,3785,1
"Existing Customer","M",36,"$60K - $80K","Blue",5550,1518,0.274,4032,1
"Existing Customer","M",46,"$40K - $60K","Blue",1438.3,890,0.619,548.3,3
"Existing Customer","F",62,"Less than $40K","Blue",2064,1282,0.621,782,1
"Existing Customer","F",30,"Less than $40K","Blue",3450,2517,0.73,933,3
"Existing Customer","M",46,"$120K +","Silver",34516,1380,0.04,33136,1
"Existing Customer","M",41,"$80K - $120K","Blue",30030,2028,0.068,28002,2
"Existing Customer","M",50,"$40K - $60K","Blue",2151,1163,0.541,988,3
"Existing Customer","M",53,"$80K - $120K","Blue",7181,2517,0.351,4664,1
"Existing Customer","M",55,"$120K +","Blue",27745,1300,0.047,26445,3
"Existing Customer","F",49,"Less than $40K","Blue",4852,2016,0.415,2836,3
"Existing Customer","M",56,"$60K - $80K","Blue",6735,2289,0.34,4446,3
"Existing Customer","M",63,"$40K - $60K","Blue",6128,1895,0.309,4233,1
"Existing Customer","M",41,"$80K - $120K","Blue",23124,1746,0.076,21378,3
"Existing Customer","M",34,"$40K - $60K","Blue",3436,1650,0.48,1786,2
"Existing Customer","M",35,"$120K +","Blue",3176,1510,0.475,1666,2
"Existing Customer","M",44,"$120K +","Blue",8874,1590,0.179,7284,3
"Existing Customer","F",38,"Less than $40K","Blue",3402,1813,0.533,1589,1
"Existing Customer","M",52,"$80K - $120K","Blue",2689,2077,0.772,612,1
"Existing Customer","M",54,"Less than $40K","Blue",1556,1278,0.821,278,3
"Existing Customer","F",58,"$40K - $60K","Blue",7372,1210,0.164,6162,3
"Existing Customer","M",26,"Less than $40K","Blue",5713,789,0.138,4924,1
"Existing Customer","F",27,"Less than $40K","Blue",2965,1635,0.551,1330,1
"Existing Customer","M",33,"$80K - $120K","Blue",9819,1200,0.122,8619,2
"Existing Customer","M",32,"$60K - $80K","Blue",8186,0,0,8186,3
"Existing Customer","F",58,"Less than $40K","Blue",3846,1285,0.334,2561,3
"Existing Customer","F",45,"Less than $40K","Silver",13131,1965,0.15,11166,2
"Existing Customer","F",48,"Less than $40K","Blue",2944,753,0.256,2191,2
"Existing Customer","M",38,"$60K - $80K","Silver",34516,1954,0.057,32562,3
"Existing Customer","M",54,"$80K - $120K","Blue",5660,2006,0.354,3654,3
"Existing Customer","F",40,"Less than $40K","Blue",7554,1848,0.245,5706,1
"Existing Customer","F",35,"Less than $40K","Blue",2494,1316,0.528,1178,1
"Existing Customer","M",31,"$80K - $120K","Blue",25215,1445,0.057,23770,1
"Existing Customer","F",40,"$40K - $60K","Blue",2606,1818,0.698,788,3
"Existing Customer","M",52,"$80K - $120K","Blue",8133,1942,0.239,6191,3
"Existing Customer","F",57,"Less than $40K","Blue",3101,1257,0.405,1844,2
"Existing Customer","M",48,"$80K - $120K","Blue",24446,1854,0.076,22592,2
"Existing Customer","M",49,"$80K - $120K","Blue",2361,1342,0.568,1019,3
"Existing Customer","M",40,"$40K - $60K","Blue",2441,1656,0.678,785,4
"Existing Customer","M",45,"$40K - $60K","Blue",8532,2165,0.254,6367,2
"Existing Customer","M",41,"$80K - $120K","Blue",16954,1588,0.094,15366,3
"Existing Customer","M",36,"$80K - $120K","Blue",2900,2029,0.7,871,3
"Existing Customer","F",37,"Less than $40K","Blue",6827,0,0,6827,2
"Existing Customer","F",44,"$40K - $60K","Blue",4513,1950,0.432,2563,2
"Existing Customer","M",52,"$120K +","Blue",27347,719,0.026,26628,3
"Existing Customer","F",42,"Less than $40K","Blue",1676,1372,0.819,304,3
"Existing Customer","F",62,"Less than $40K","Blue",2802,1977,0.706,825,6
"Attrited Customer","M",49,"$80K - $120K","Blue",23870,0,0,23870,0
"Existing Customer","F",30,"Less than $40K","Blue",4868,1090,0.224,3778,2
"Existing Customer","M",50,"$60K - $80K","Blue",20437,1020,0.05,19417,3
"Existing Customer","M",32,"$60K - $80K","Blue",2239,1338,0.598,901,1
"Existing Customer","F",32,"Less than $40K","Blue",2428,1027,0.423,1401,3
"Existing Customer","M",49,"$60K - $80K","Blue",15027,0,0,15027,1
"Existing Customer","M",37,"$120K +","Blue",32056,1887,0.059,30169,3
"Existing Customer","F",42,"Unknown","Silver",34516,919,0.027,33597,2
"Existing Customer","M",36,"$80K - $120K","Blue",5346,1539,0.288,3807,3
"Attrited Customer","F",52,"Less than $40K","Blue",2143,0,0,2143,4
"Existing Customer","M",48,"$60K - $80K","Gold",34516,2317,0.067,32199,2
"Existing Customer","M",29,"$60K - $80K","Blue",23507,1990,0.085,21517,1
"Existing Customer","F",33,"$40K - $60K","Blue",1864,1081,0.58,783,2
"Existing Customer","M",36,"$60K - $80K","Blue",23032,840,0.036,22192,2
"Existing Customer","F",36,"Less than $40K","Blue",4277,1578,0.369,2699,1
"Existing Customer","F",56,"$40K - $60K","Blue",2771,1446,0.522,1325,3
"Existing Customer","M",28,"Less than $40K","Blue",2265,1935,0.854,330,3
"Existing Customer","F",31,"Less than $40K","Blue",2853,1961,0.687,892,2
"Existing Customer","F",44,"Less than $40K","Blue",3075,2517,0.819,558,3
"Existing Customer","F",51,"Unknown","Blue",15340,2331,0.152,13009,1
"Existing Customer","M",55,"$40K - $60K","Blue",3065,0,0,3065,1
"Existing Customer","F",34,"Less than $40K","Blue",1438.3,0,0,1438.3,3
"Existing Customer","F",61,"$40K - $60K","Blue",7118,813,0.114,6305,3
"Existing Customer","M",37,"$60K - $80K","Blue",11419,2517,0.22,8902,2
"Existing Customer","M",46,"$40K - $60K","Blue",2403,0,0,2403,2
"Existing Customer","F",47,"Less than $40K","Blue",2821,951,0.337,1870,3
"Existing Customer","M",54,"$40K - $60K","Blue",2706,2517,0.93,189,3
"Existing Customer","F",50,"Less than $40K","Blue",2999,1958,0.653,1041,1
"Existing Customer","F",36,"Less than $40K","Blue",2226,1607,0.722,619,1
"Existing Customer","M",37,"$60K - $80K","Blue",3351,1847,0.551,1504,3
"Existing Customer","M",47,"$40K - $60K","Blue",5570,1858,0.334,3712,1
"Existing Customer","M",54,"$80K - $120K","Blue",10448,1569,0.15,8879,3
"Existing Customer","F",64,"Less than $40K","Blue",2174,1397,0.643,777,2
"Existing Customer","M",48,"$80K - $120K","Blue",31501,0,0,31501,3
"Existing Customer","M",35,"$60K - $80K","Blue",21695,1257,0.058,20438,3
"Existing Customer","M",49,"$80K - $120K","Blue",34516,2435,0.071,32081,1
"Existing Customer","M",42,"$60K - $80K","Blue",13650,1253,0.092,12397,3
"Existing Customer","M",49,"$80K - $120K","Blue",16156,2517,0.156,13639,3
"Existing Customer","F",53,"Less than $40K","Blue",2413,2015,0.835,398,2
"Existing Customer","M",56,"$80K - $120K","Blue",5920,1589,0.268,4331,2
"Existing Customer","M",41,"$60K - $80K","Blue",5841,2463,0.422,3378,3
"Existing Customer","M",37,"$60K - $80K","Blue",8418,2051,0.244,6367,1
"Existing Customer","M",30,"Less than $40K","Blue",2490,1259,0.506,1231,4
"Existing Customer","M",45,"$80K - $120K","Blue",20640,1603,0.078,19037,3
"Existing Customer","M",54,"$60K - $80K","Blue",9453,2188,0.231,7265,1
"Existing Customer","M",46,"$60K - $80K","Blue",7949,1514,0.19,6435,2
"Existing Customer","F",36,"Less than $40K","Blue",2758,2168,0.786,590,2
"Existing Customer","M",48,"$120K +","Blue",20148,1084,0.054,19064,2
"Existing Customer","F",59,"Less than $40K","Blue",1438.3,0,0,1438.3,1
"Existing Customer","M",60,"$80K - $120K","Blue",26566,2517,0.095,24049,3
"Existing Customer","M",44,"$60K - $80K","Blue",13477,2057,0.153,11420,3
"Existing Customer","M",65,"Less than $40K","Blue",9706,1968,0.203,7738,3
"Existing Customer","F",46,"$40K - $60K","Blue",7457,0,0,7457,2
"Existing Customer","M",48,"$80K - $120K","Silver",34516,807,0.023,33709,2
"Existing Customer","M",53,"$120K +","Blue",19081,2431,0.127,16650,1
"Existing Customer","F",53,"Unknown","Blue",2447,1558,0.637,889,2
"Existing Customer","M",41,"$80K - $120K","Blue",28830,0,0,28830,2
"Existing Customer","F",37,"$40K - $60K","Blue",2563,1638,0.639,925,1
"Existing Customer","F",29,"Less than $40K","Blue",5240,1608,0.307,3632,3
"Existing Customer","F",49,"Less than $40K","Blue",3397,1962,0.578,1435,3
"Existing Customer","M",47,"Less than $40K","Blue",1842,0,0,1842,3
"Existing Customer","F",53,"Less than $40K","Blue",2383,1938,0.813,445,2
"Existing Customer","M",33,"$60K - $80K","Blue",20791,0,0,20791,3
"Existing Customer","M",34,"$60K - $80K","Blue",19900,1581,0.079,18319,2
"Existing Customer","F",28,"Unknown","Silver",32024,1232,0.038,30792,3
"Existing Customer","F",36,"$40K - $60K","Blue",3701,969,0.262,2732,2
"Existing Customer","F",30,"Less than $40K","Blue",4199,1903,0.453,2296,1
"Existing Customer","M",34,"$40K - $60K","Blue",4353,1655,0.38,2698,1
"Attrited Customer","F",38,"$40K - $60K","Blue",4913,2517,0.512,2396,4
"Existing Customer","F",39,"Less than $40K","Blue",5454,1108,0.203,4346,3
"Existing Customer","F",32,"Unknown","Blue",2172,1381,0.636,791,3
"Existing Customer","M",36,"$40K - $60K","Blue",2845,2517,0.885,328,3
"Existing Customer","F",37,"Unknown","Blue",18570,1524,0.082,17046,1
"Existing Customer","M",45,"$60K - $80K","Silver",25907,745,0.029,25162,2
"Existing Customer","F",38,"Less than $40K","Blue",2206,2018,0.915,188,3
"Existing Customer","M",31,"$40K - $60K","Blue",12050,1732,0.144,10318,1
"Existing Customer","M",65,"Less than $40K","Blue",2107,1008,0.478,1099,3
"Existing Customer","F",63,"Less than $40K","Blue",2107,1351,0.641,756,3
"Existing Customer","M",65,"Less than $40K","Blue",3539,2517,0.711,1022,2
"Existing Customer","F",43,"Unknown","Blue",27175,775,0.029,26400,3
"Existing Customer","M",51,"$40K - $60K","Silver",17905,980,0.055,16925,2
"Existing Customer","M",37,"$60K - $80K","Blue",4940,1199,0.243,3741,1
"Existing Customer","F",55,"Unknown","Blue",3161,1389,0.439,1772,4
"Existing Customer","M",27,"$60K - $80K","Blue",2464,0,0,2464,3
"Existing Customer","F",34,"$40K - $60K","Blue",3203,2229,0.696,974,1
"Existing Customer","F",32,"Less than $40K","Blue",1835,1017,0.554,818,5
"Existing Customer","F",49,"Less than $40K","Blue",1993,0,0,1993,2
"Existing Customer","M",39,"$80K - $120K","Blue",34516,1629,0.047,32887,3
"Existing Customer","M",27,"Unknown","Blue",7130,873,0.122,6257,2
"Existing Customer","M",30,"Unknown","Blue",12539,910,0.073,11629,3
"Existing Customer","M",39,"$80K - $120K","Blue",8208,0,0,8208,2
"Existing Customer","M",42,"$80K - $120K","Blue",26222,1073,0.041,25149,2
"Existing Customer","M",55,"$80K - $120K","Blue",34173,1194,0.035,32979,2
"Existing Customer","F",57,"$40K - $60K","Blue",3377,1720,0.509,1657,1
"Existing Customer","M",53,"$120K +","Blue",5882,2335,0.397,3547,3
"Existing Customer","M",51,"$80K - $120K","Blue",7158,0,0,7158,3
"Existing Customer","M",47,"Less than $40K","Blue",5833,1747,0.3,4086,1
"Existing Customer","F",26,"$40K - $60K","Blue",4152,0,0,4152,3
"Existing Customer","M",37,"$40K - $60K","Blue",11699,1758,0.15,9941,2
"Existing Customer","F",45,"$40K - $60K","Blue",4505,1562,0.347,2943,3
"Existing Customer","M",55,"$60K - $80K","Blue",7667,1193,0.156,6474,3
"Existing Customer","M",37,"$120K +","Blue",34516,0,0,34516,3
"Existing Customer","F",36,"Less than $40K","Blue",2937,2159,0.735,778,2
"Existing Customer","F",36,"Less than $40K","Blue",5257,1572,0.299,3685,3
"Existing Customer","M",39,"$60K - $80K","Blue",10331,957,0.093,9374,3
"Existing Customer","M",47,"$60K - $80K","Blue",17557,0,0,17557,3
"Existing Customer","F",56,"Less than $40K","Blue",4366,1590,0.364,2776,3
"Existing Customer","F",56,"Unknown","Blue",8037,2276,0.283,5761,2
"Existing Customer","M",38,"Less than $40K","Blue",8740,734,0.084,8006,1
"Existing Customer","M",49,"$120K +","Blue",8514,2013,0.236,6501,2
"Existing Customer","F",36,"Less than $40K","Blue",2002,1377,0.688,625,3
"Existing Customer","F",51,"Less than $40K","Blue",3132,1815,0.58,1317,3
"Existing Customer","F",26,"$40K - $60K","Blue",2010,1070,0.532,940,3
"Existing Customer","M",34,"$80K - $120K","Blue",7567,1776,0.235,5791,2
"Attrited Customer","M",56,"$40K - $60K","Blue",2381,651,0.273,1730,6
"Existing Customer","M",43,"$120K +","Silver",34516,2398,0.069,32118,2
"Existing Customer","F",47,"Unknown","Blue",16411,1179,0.072,15232,2
"Existing Customer","F",42,"Less than $40K","Blue",1438.3,0,0,1438.3,2
"Existing Customer","M",38,"$80K - $120K","Blue",3735,1421,0.38,2314,3
"Existing Customer","M",55,"$60K - $80K","Blue",22127,1799,0.081,20328,3
"Existing Customer","F",28,"Unknown","Blue",5685,0,0,5685,2
"Existing Customer","M",62,"$40K - $60K","Blue",7348,1466,0.2,5882,2
"Attrited Customer","M",52,"$120K +","Blue",11188,0,0,11188,2
"Existing Customer","M",44,"$120K +","Blue",3650,2512,0.688,1138,1
"Existing Customer","F",29,"Less than $40K","Blue",5076,1223,0.241,3853,2
"Existing Customer","M",48,"$60K - $80K","Silver",32658,1482,0.045,31176,2
"Existing Customer","M",43,"$80K - $120K","Blue",28634,926,0.032,27708,1
"Existing Customer","F",49,"Less than $40K","Blue",3414,1473,0.431,1941,1
"Existing Customer","M",43,"$80K - $120K","Blue",12315,0,0,12315,6
"Existing Customer","F",41,"$40K - $60K","Blue",2690,1912,0.711,778,3
"Existing Customer","M",43,"$80K - $120K","Blue",12165,0,0,12165,2
"Existing Customer","F",51,"Less than $40K","Blue",1792,989,0.552,803,1
"Existing Customer","M",37,"$80K - $120K","Blue",19300,1181,0.061,18119,3
"Existing Customer","M",37,"$40K - $60K","Blue",8120,2098,0.258,6022,3
"Existing Customer","M",49,"$80K - $120K","Blue",2292,0,0,2292,2
"Existing Customer","M",36,"$80K - $120K","Blue",21434,1345,0.063,20089,3
"Existing Customer","F",50,"Less than $40K","Blue",3424,0,0,3424,3
"Existing Customer","M",64,"Less than $40K","Blue",2787,1201,0.431,1586,3
"Existing Customer","F",36,"Unknown","Blue",8696,1482,0.17,7214,2
"Existing Customer","M",45,"$120K +","Blue",32446,1974,0.061,30472,2
"Existing Customer","M",41,"$80K - $120K","Blue",9133,2140,0.234,6993,3
"Existing Customer","M",47,"$80K - $120K","Blue",5116,1468,0.287,3648,3
"Existing Customer","M",39,"$80K - $120K","Blue",18974,2517,0.133,16457,2
"Existing Customer","M",51,"$120K +","Blue",12101,2517,0.208,9584,2
"Existing Customer","F",55,"$40K - $60K","Blue",5379,962,0.179,4417,3
"Existing Customer","M",57,"$120K +","Blue",32676,2134,0.065,30542,3
"Existing Customer","M",36,"$120K +","Blue",34516,1491,0.043,33025,3
"Existing Customer","M",35,"$120K +","Blue",15202,1779,0.117,13423,3
"Existing Customer","F",38,"Less than $40K","Blue",2222,1205,0.542,1017,3
"Existing Customer","F",39,"$40K - $60K","Blue",5858,0,0,5858,2
"Existing Customer","F",65,"$40K - $60K","Blue",2692,1869,0.694,823,2
"Existing Customer","F",51,"Less than $40K","Blue",7165,2037,0.284,5128,3
"Existing Customer","F",50,"Less than $40K","Blue",1438.3,0,0,1438.3,3
"Existing Customer","M",38,"$60K - $80K","Silver",26988,1587,0.059,25401,1
"Existing Customer","F",36,"Less than $40K","Blue",2517,0,0,2517,3
"Attrited Customer","M",41,"$40K - $60K","Blue",11091,0,0,11091,3
"Existing Customer","F",40,"Less than $40K","Silver",10745,2084,0.194,8661,1
"Existing Customer","F",40,"Unknown","Silver",34516,1686,0.049,32830,2
"Existing Customer","M",26,"Less than $40K","Blue",2590,1748,0.675,842,3
"Existing Customer","F",46,"Less than $40K","Blue",2722,1473,0.541,1249,2
"Existing Customer","F",49,"Less than $40K","Blue",8228,0,0,8228,3
"Existing Customer","M",38,"$80K - $120K","Blue",11777,1781,0.151,9996,3
"Existing Customer","M",49,"$80K - $120K","Blue",34516,543,0.016,33973,1
"Existing Customer","M",38,"$80K - $120K","Blue",14821,0,0,14821,1
"Existing Customer","M",36,"Less than $40K","Blue",1438.3,928,0.645,510.3,3
"Existing Customer","F",34,"Less than $40K","Blue",6131,1270,0.207,4861,3
"Existing Customer","M",52,"$80K - $120K","Blue",2047,665,0.325,1382,1
"Existing Customer","M",40,"$80K - $120K","Blue",22380,1220,0.055,21160,3
"Existing Customer","M",36,"$80K - $120K","Blue",12893,1620,0.126,11273,3
"Existing Customer","M",53,"Less than $40K","Blue",3351,1474,0.44,1877,1
"Existing Customer","F",40,"Less than $40K","Blue",5093,2376,0.467,2717,1
"Existing Customer","M",54,"$40K - $60K","Blue",1438.3,0,0,1438.3,1
"Existing Customer","M",34,"$60K - $80K","Blue",2165,1952,0.902,213,1
"Existing Customer","F",62,"Less than $40K","Blue",1927,1319,0.684,608,2
"Existing Customer","F",39,"Unknown","Blue",22125,0,0,22125,1
"Existing Customer","M",50,"$120K +","Blue",34516,2099,0.061,32417,5
"Existing Customer","M",36,"$120K +","Blue",5260,1116,0.212,4144,3
"Existing Customer","F",56,"Less than $40K","Blue",1438.3,0,0,1438.3,2
"Attrited Customer","F",44,"$40K - $60K","Blue",4333,0,0,4333,4
"Existing Customer","M",45,"Less than $40K","Blue",6637,0,0,6637,2
"Existing Customer","M",36,"$120K +","Blue",3174,2462,0.776,712,3
"Existing Customer","F",44,"Less than $40K","Blue",4396,1489,0.339,2907,2
"Attrited Customer","M",52,"$80K - $120K","Blue",34516,0,0,34516,2
"Existing Customer","F",50,"Less than $40K","Blue",1438.3,0,0,1438.3,2
"Existing Customer","F",53,"Less than $40K","Blue",6853,1480,0.216,5373,3
"Existing Customer","F",36,"Less than $40K","Blue",2570,2230,0.868,340,3
"Existing Customer","F",27,"Less than $40K","Blue",2166,890,0.411,1276,3
"Existing Customer","F",31,"Unknown","Blue",3647,1480,0.406,2167,6
"Existing Customer","M",36,"$60K - $80K","Blue",11684,1786,0.153,9898,1
"Existing Customer","M",41,"$60K - $80K","Blue",4475,0,0,4475,1
"Existing Customer","M",28,"$60K - $80K","Blue",16604,1716,0.103,14888,3
"Existing Customer","M",59,"$40K - $60K","Blue",5446,1885,0.346,3561,2
"Existing Customer","M",43,"$80K - $120K","Blue",28700,769,0.027,27931,1
"Existing Customer","M",41,"$60K - $80K","Blue",2888,1676,0.58,1212,1
"Existing Customer","M",46,"$60K - $80K","Blue",9451,1280,0.135,8171,2
"Existing Customer","M",51,"$80K - $120K","Blue",13933,1019,0.073,12914,4
"Existing Customer","M",44,"Less than $40K","Blue",6130,808,0.132,5322,2
"Existing Customer","M",40,"$60K - $80K","Blue",15008,0,0,15008,2
"Existing Customer","M",32,"$40K - $60K","Blue",4583,1586,0.346,2997,1
"Attrited Customer","M",48,"$40K - $60K","Blue",5268,2191,0.416,3077,3
"Existing Customer","M",58,"$60K - $80K","Blue",14976,1463,0.098,13513,2
"Existing Customer","F",37,"Less than $40K","Blue",2282,0,0,2282,2
"Attrited Customer","M",51,"$80K - $120K","Blue",5130,0,0,5130,3
"Existing Customer","F",43,"Less than $40K","Blue",5702,0,0,5702,3
"Existing Customer","M",41,"$80K - $120K","Blue",14480,0,0,14480,3
"Existing Customer","M",51,"$40K - $60K","Blue",7570,1388,0.183,6182,3
"Existing Customer","M",52,"$80K - $120K","Blue",12878,1628,0.126,11250,2
"Existing Customer","M",61,"$60K - $80K","Silver",26218,0,0,26218,2
"Existing Customer","M",49,"$120K +","Silver",34516,1323,0.038,33193,1
"Existing Customer","F",36,"Unknown","Blue",2804,2090,0.745,714,3
"Existing Customer","M",35,"$40K - $60K","Blue",5801,1176,0.203,4625,4
"Existing Customer","F",63,"Less than $40K","Blue",2271,1278,0.563,993,3
"Existing Customer","F",36,"Less than $40K","Blue",3107,2354,0.758,753,3
"Existing Customer","F",33,"Less than $40K","Blue",2001,1217,0.608,784,1
"Existing Customer","M",33,"$80K - $120K","Blue",1438.3,0,0,1438.3,1
"Existing Customer","M",65,"Unknown","Blue",4465,703,0.157,3762,3
"Existing Customer","M",61,"$60K - $80K","Blue",3264,1348,0.413,1916,2
"Existing Customer","M",44,"$80K - $120K","Blue",26856,0,0,26856,3
"Existing Customer","M",38,"$80K - $120K","Silver",34516,1435,0.042,33081,3
"Existing Customer","M",41,"$80K - $120K","Blue",21756,0,0,21756,6
"Existing Customer","F",44,"Less than $40K","Blue",4726,1551,0.328,3175,1
"Attrited Customer","M",41,"$60K - $80K","Gold",34516,2517,0.073,31999,3
"Existing Customer","F",45,"Less than $40K","Blue",5596,0,0,5596,2
"Existing Customer","M",37,"$80K - $120K","Blue",15326,0,0,15326,2
"Existing Customer","M",51,"$80K - $120K","Blue",11373,1319,0.116,10054,1
"Existing Customer","M",65,"Less than $40K","Blue",2644,1691,0.64,953,1
"Existing Customer","F",37,"$40K - $60K","Blue",2673,2517,0.942,156,1
"Existing Customer","M",54,"$60K - $80K","Blue",7477,1752,0.234,5725,4
"Existing Customer","M",46,"$80K - $120K","Blue",16227,917,0.057,15310,1
"Existing Customer","M",41,"$80K - $120K","Blue",19110,2449,0.128,16661,3
"Existing Customer","M",49,"$40K - $60K","Blue",2993,1265,0.423,1728,1
"Existing Customer","M",51,"$80K - $120K","Blue",3290,2461,0.748,829,2
"Existing Customer","F",50,"Less than $40K","Silver",11176,2422,0.217,8754,3
"Existing Customer","F",48,"Unknown","Blue",21416,0,0,21416,1
"Existing Customer","M",53,"$80K - $120K","Blue",2492,1668,0.669,824,2
"Existing Customer","M",54,"$60K - $80K","Blue",14265,1878,0.132,12387,3
"Existing Customer","F",46,"$40K - $60K","Silver",16985,968,0.057,16017,3
"Existing Customer","F",47,"Less than $40K","Blue",7469,1899,0.254,5570,1
"Existing Customer","F",52,"Less than $40K","Blue",4592,2517,0.548,2075,1
"Existing Customer","F",43,"Less than $40K","Blue",4341,0,0,4341,3
"Existing Customer","M",41,"$80K - $120K","Gold",34516,0,0,34516,2
"Existing Customer","M",34,"$60K - $80K","Silver",27710,0,0,27710,3
"Existing Customer","F",33,"Less than $40K","Silver",13431,1583,0.118,11848,3
"Existing Customer","M",49,"$60K - $80K","Blue",2645,1499,0.567,1146,3
"Existing Customer","M",44,"$120K +","Blue",14028,1435,0.102,12593,1
"Existing Customer","M",36,"$80K - $120K","Blue",34516,774,0.022,33742,1
"Existing Customer","M",37,"$80K - $120K","Blue",5699,1006,0.177,4693,2
"Existing Customer","M",46,"$120K +","Blue",16284,0,0,16284,2
"Existing Customer","M",65,"Less than $40K","Blue",3226,2073,0.643,1153,2
"Existing Customer","M",52,"$80K - $120K","Blue",2803,778,0.278,2025,3
"Existing Customer","M",50,"$120K +","Blue",34516,2010,0.058,32506,2
"Existing Customer","M",59,"Less than $40K","Blue",2192,1569,0.716,623,5
"Existing Customer","F",37,"Unknown","Blue",8318,1945,0.234,6373,2
"Attrited Customer","M",40,"$60K - $80K","Blue",6391,0,0,6391,2
"Existing Customer","F",40,"Less than $40K","Blue",4736,945,0.2,3791,2
"Existing Customer","M",59,"$60K - $80K","Blue",9944,1606,0.162,8338,2
"Existing Customer","F",52,"$40K - $60K","Blue",4717,0,0,4717,3
"Existing Customer","F",43,"Unknown","Blue",12778,1528,0.12,11250,3
"Existing Customer","M",48,"$60K - $80K","Blue",16920,2157,0.127,14763,2
"Existing Customer","F",45,"Less than $40K","Blue",3240,2517,0.777,723,3
"Existing Customer","F",30,"Less than $40K","Blue",4704,0,0,4704,1
"Existing Customer","F",41,"$40K - $60K","Blue",14987,1425,0.095,13562,1
"Existing Customer","M",51,"$80K - $120K","Blue",3554,1563,0.44,1991,3
"Existing Customer","M",46,"$120K +","Blue",9227,938,0.102,8289,3
"Existing Customer","M",50,"$120K +","Blue",7522,1057,0.141,6465,3
"Existing Customer","F",31,"Less than $40K","Blue",1677,0,0,1677,2
"Existing Customer","M",48,"$60K - $80K","Blue",2319,1630,0.703,689,2
"Existing Customer","F",39,"Less than $40K","Blue",2722,1592,0.585,1130,2
"Existing Customer","F",50,"Less than $40K","Blue",2046,0,0,2046,3
"Existing Customer","M",47,"$80K - $120K","Silver",34516,0,0,34516,2
"Existing Customer","M",53,"$80K - $120K","Blue",18531,1548,0.084,16983,3
"Existing Customer","M",45,"$40K - $60K","Blue",4112,0,0,4112,3
"Existing Customer","M",46,"$120K +","Blue",34516,0,0,34516,1
"Existing Customer","M",34,"$80K - $120K","Silver",34516,1263,0.037,33253,3
"Existing Customer","M",39,"Less than $40K","Blue",4683,2514,0.537,2169,3
"Existing Customer","M",62,"$40K - $60K","Blue",1438.3,0,0,1438.3,1
"Existing Customer","F",53,"Less than $40K","Blue",4224,2417,0.572,1807,3
"Existing Customer","M",51,"$60K - $80K","Blue",7133,0,0,7133,1
"Existing Customer","F",34,"Unknown","Blue",10253,1857,0.181,8396,1
"Existing Customer","F",44,"$40K - $60K","Blue",4210,0,0,4210,3
"Existing Customer","M",49,"$120K +","Blue",12630,1822,0.144,10808,3
"Existing Customer","M",26,"Unknown","Blue",21084,2517,0.119,18567,1
"Attrited Customer","F",56,"Less than $40K","Blue",3639,2178,0.599,1461,5
"Existing Customer","M",52,"$120K +","Blue",31945,1591,0.05,30354,3
"Attrited Customer","F",65,"Unknown","Blue",5894,477,0.081,5417,6
"Existing Customer","F",65,"Less than $40K","Blue",2209,0,0,2209,2
"Existing Customer","M",35,"$60K - $80K","Blue",23447,1515,0.065,21932,2
"Existing Customer","M",48,"$80K - $120K","Blue",4180,688,0.165,3492,2
"Existing Customer","F",53,"$40K - $60K","Blue",4930,2227,0.452,2703,3
"Existing Customer","M",38,"$60K - $80K","Blue",3417,1749,0.512,1668,3
"Existing Customer","F",50,"Less than $40K","Blue",4785,1965,0.411,2820,2
"Existing Customer","M",46,"Less than $40K","Silver",12685,0,0,12685,2
"Existing Customer","M",48,"$80K - $120K","Blue",21374,0,0,21374,3
"Existing Customer","M",36,"$60K - $80K","Blue",1911,1217,0.637,694,3
"Existing Customer","F",41,"Less than $40K","Blue",8666,0,0,8666,3
"Existing Customer","M",60,"$60K - $80K","Blue",2759,2501,0.906,258,1
"Attrited Customer","F",49,"Unknown","Blue",5984,0,0,5984,3
"Existing Customer","F",45,"Unknown","Blue",23000,1097,0.048,21903,3
"Existing Customer","M",36,"$60K - $80K","Blue",1438.3,0,0,1438.3,3
"Existing Customer","M",49,"Less than $40K","Blue",2976,1817,0.611,1159,3
"Existing Customer","M",43,"$120K +","Blue",34516,0,0,34516,1
"Existing Customer","M",58,"$60K - $80K","Blue",1438.3,0,0,1438.3,2
"Existing Customer","M",46,"$80K - $120K","Blue",16099,0,0,16099,1
"Existing Customer","M",50,"$80K - $120K","Blue",19595,1187,0.061,18408,2
"Existing Customer","M",43,"$60K - $80K","Blue",13193,1749,0.133,11444,2
"Existing Customer","F",57,"$40K - $60K","Blue",8184,1508,0.184,6676,1
"Existing Customer","M",30,"Less than $40K","Blue",2607,1966,0.754,641,6
"Existing Customer","F",48,"Less than $40K","Blue",5758,0,0,5758,2
"Existing Customer","M",51,"$120K +","Blue",25873,582,0.022,25291,2
"Existing Customer","M",46,"$60K - $80K","Blue",2695,1657,0.615,1038,1
"Existing Customer","M",46,"$80K - $120K","Blue",20860,1496,0.072,19364,2
"Existing Customer","M",45,"$40K - $60K","Blue",1892,1049,0.554,843,3
"Existing Customer","M",52,"$80K - $120K","Blue",27751,1018,0.037,26733,3
"Existing Customer","M",48,"$80K - $120K","Blue",34516,657,0.019,33859,2
"Existing Customer","M",47,"$80K - $120K","Blue",24580,2517,0.102,22063,1
"Attrited Customer","M",49,"$80K - $120K","Blue",29893,0,0,29893,2
"Existing Customer","M",43,"$80K - $120K","Blue",21165,735,0.035,20430,1
"Existing Customer","F",47,"$40K - $60K","Blue",9148,561,0.061,8587,2
"Existing Customer","M",55,"$80K - $120K","Blue",10979,1889,0.172,9090,1
"Existing Customer","F",41,"Less than $40K","Blue",6519,851,0.131,5668,1
"Existing Customer","M",44,"$80K - $120K","Blue",2509,1464,0.583,1045,2
"Existing Customer","F",35,"Less than $40K","Blue",2664,0,0,2664,1
"Existing Customer","F",40,"Unknown","Blue",14999,1123,0.075,13876,5
"Existing Customer","F",32,"Less than $40K","Silver",10332,948,0.092,9384,1
"Existing Customer","M",50,"$60K - $80K","Blue",10226,1638,0.16,8588,1
"Attrited Customer","M",38,"$60K - $80K","Blue",12050,1821,0.151,10229,3
"Existing Customer","M",39,"$120K +","Blue",26124,0,0,26124,2
"Existing Customer","F",48,"Less than $40K","Blue",9816,0,0,9816,2
"Existing Customer","F",52,"Less than $40K","Blue",2783,2379,0.855,404,3
"Existing Customer","M",49,"$60K - $80K","Blue",15942,0,0,15942,2
"Existing Customer","F",46,"Less than $40K","Silver",12222,1260,0.103,10962,3
"Existing Customer","F",38,"Less than $40K","Blue",4002,1402,0.35,2600,2
"Existing Customer","M",60,"$80K - $120K","Silver",34516,1388,0.04,33128,3
"Existing Customer","M",48,"$80K - $120K","Blue",10227,1695,0.166,8532,2
"Existing Customer","F",45,"Less than $40K","Blue",4265,1622,0.38,2643,3
"Existing Customer","M",47,"$60K - $80K","Blue",13867,0,0,13867,2
"Existing Customer","M",43,"$40K - $60K","Blue",2243,0,0,2243,1
"Existing Customer","F",41,"$40K - $60K","Blue",11239,1375,0.122,9864,1
"Existing Customer","M",53,"$60K - $80K","Blue",22558,818,0.036,21740,1
"Existing Customer","M",50,"$120K +","Silver",34516,891,0.026,33625,2
"Existing Customer","M",56,"$80K - $120K","Blue",23510,1049,0.045,22461,2
"Existing Customer","F",63,"$40K - $60K","Blue",1651,1433,0.868,218,2
"Existing Customer","F",53,"Less than $40K","Blue",8693,796,0.092,7897,2
"Existing Customer","F",35,"Less than $40K","Blue",4549,1193,0.262,3356,3
"Existing Customer","M",51,"$80K - $120K","Blue",3558,0,0,3558,1
"Attrited Customer","F",51,"Less than $40K","Blue",7176,0,0,7176,3
"Existing Customer","M",44,"$80K - $120K","Silver",34516,657,0.019,33859,3
"Existing Customer","M",38,"$60K - $80K","Blue",18293,0,0,18293,3
"Existing Customer","F",40,"Unknown","Blue",18332,1376,0.075,16956,2
"Existing Customer","M",48,"$80K - $120K","Blue",6383,1436,0.225,4947,3
"Existing Customer","F",42,"Less than $40K","Silver",13441,2517,0.187,10924,2
"Existing Customer","M",50,"$120K +","Blue",20114,0,0,20114,1
"Existing Customer","F",54,"Less than $40K","Blue",2019,1387,0.687,632,2
"Existing Customer","M",38,"$60K - $80K","Silver",34516,1793,0.052,32723,1
"Attrited Customer","M",55,"$80K - $120K","Blue",1438.3,0,0,1438.3,1
"Attrited Customer","M",46,"$60K - $80K","Blue",8017,0,0,8017,3
"Existing Customer","F",49,"Unknown","Blue",8519,0,0,8519,1
"Existing Customer","M",38,"$80K - $120K","Blue",34516,2135,0.062,32381,2
"Existing Customer","M",50,"$60K - $80K","Blue",9474,1021,0.108,8453,3
"Existing Customer","F",40,"Less than $40K","Blue",6587,824,0.125,5763,3
"Existing Customer","M",32,"$60K - $80K","Blue",2999,0,0,2999,2
"Existing Customer","M",49,"$60K - $80K","Blue",7154,1472,0.206,5682,1
"Existing Customer","M",53,"$80K - $120K","Blue",4039,1397,0.346,2642,2
"Existing Customer","M",57,"$80K - $120K","Blue",5516,2517,0.456,2999,2
"Existing Customer","F",64,"Less than $40K","Blue",5577,689,0.124,4888,1
"Existing Customer","M",34,"$80K - $120K","Blue",8628,1500,0.174,7128,3
"Existing Customer","M",43,"$120K +","Blue",30137,1368,0.045,28769,3
"Existing Customer","F",42,"Less than $40K","Blue",9778,2154,0.22,7624,2
"Existing Customer","M",48,"$120K +","Blue",20912,0,0,20912,2
"Existing Customer","M",49,"$120K +","Blue",14699,1049,0.071,13650,2
"Existing Customer","M",57,"$60K - $80K","Blue",10350,0,0,10350,3
"Existing Customer","M",44,"$40K - $60K","Blue",11346,0,0,11346,2
"Existing Customer","F",63,"Less than $40K","Gold",15987,1345,0.084,14642,1
"Existing Customer","M",43,"$60K - $80K","Blue",19711,0,0,19711,2
"Existing Customer","M",33,"$40K - $60K","Blue",8650,1929,0.223,6721,1
"Existing Customer","M",55,"$80K - $120K","Silver",34516,1316,0.038,33200,1
"Existing Customer","M",50,"$80K - $120K","Blue",9748,1354,0.139,8394,1
"Existing Customer","F",49,"Less than $40K","Blue",2454,2060,0.839,394,1
"Attrited Customer","M",48,"$120K +","Blue",34516,0,0,34516,2
"Existing Customer","F",47,"Less than $40K","Blue",4255,1681,0.395,2574,2
"Existing Customer","F",35,"Less than $40K","Blue",3271,1367,0.418,1904,2
"Existing Customer","F",31,"Less than $40K","Blue",3480,724,0.208,2756,3
"Existing Customer","M",50,"$80K - $120K","Blue",13306,2458,0.185,10848,1
"Existing Customer","M",38,"$80K - $120K","Blue",13637,0,0,13637,1
"Existing Customer","M",39,"$60K - $80K","Blue",6733,1028,0.153,5705,2
"Existing Customer","F",52,"Less than $40K","Blue",2728,1365,0.5,1363,3
"Existing Customer","F",49,"$40K - $60K","Blue",6250,644,0.103,5606,1
"Existing Customer","M",49,"$40K - $60K","Blue",3653,881,0.241,2772,1
"Existing Customer","M",44,"$60K - $80K","Blue",22919,1368,0.06,21551,3
"Existing Customer","M",36,"$120K +","Blue",34516,0,0,34516,2
"Existing Customer","M",44,"$80K - $120K","Blue",4198,1782,0.424,2416,1
"Existing Customer","M",44,"$60K - $80K","Blue",7532,0,0,7532,2
"Existing Customer","M",35,"$60K - $80K","Blue",4587,1704,0.371,2883,2
"Attrited Customer","M",45,"$80K - $120K","Blue",12250,2165,0.177,10085,3
"Existing Customer","M",56,"$80K - $120K","Blue",17753,1899,0.107,15854,1
"Existing Customer","F",37,"Less than $40K","Silver",12535,2049,0.163,10486,3
"Existing Customer","F",48,"Less than $40K","Blue",3541,1444,0.408,2097,1
"Existing Customer","F",43,"Unknown","Blue",14622,0,0,14622,3
"Existing Customer","M",45,"$80K - $120K","Blue",23973,0,0,23973,1
"Existing Customer","M",54,"$80K - $120K","Blue",29200,1310,0.045,27890,2
"Existing Customer","M",46,"$60K - $80K","Blue",10077,0,0,10077,3
"Existing Customer","F",44,"Unknown","Blue",8667,1775,0.205,6892,2
"Existing Customer","M",44,"$60K - $80K","Blue",12871,758,0.059,12113,3
"Existing Customer","M",38,"$60K - $80K","Blue",2346,0,0,2346,2
"Existing Customer","F",55,"Less than $40K","Blue",9919,0,0,9919,2
"Existing Customer","M",50,"$120K +","Blue",17087,0,0,17087,1
"Attrited Customer","F",42,"Less than $40K","Blue",5505,2517,0.457,2988,3
"Existing Customer","F",49,"Less than $40K","Blue",1902,0,0,1902,1
"Existing Customer","F",31,"Less than $40K","Blue",4254,2464,0.579,1790,1
"Existing Customer","M",51,"$80K - $120K","Blue",9854,1886,0.191,7968,1
"Existing Customer","F",47,"Less than $40K","Blue",7711,988,0.128,6723,3
"Existing Customer","F",30,"Less than $40K","Blue",3213,2517,0.783,696,1
"Existing Customer","M",46,"$120K +","Blue",3132,1466,0.468,1666,2
"Existing Customer","F",45,"Less than $40K","Blue",9977,2088,0.209,7889,3
"Existing Customer","F",53,"Unknown","Blue",5659,1393,0.246,4266,1
"Attrited Customer","M",62,"$40K - $60K","Silver",17161,0,0,17161,4
"Existing Customer","F",65,"Unknown","Blue",5018,1131,0.225,3887,1
"Existing Customer","F",44,"Unknown","Blue",11474,1063,0.093,10411,3
"Existing Customer","M",51,"$40K - $60K","Blue",7925,1445,0.182,6480,1
"Existing Customer","F",28,"Less than $40K","Silver",12793,1650,0.129,11143,3
"Existing Customer","M",49,"Less than $40K","Blue",4834,0,0,4834,2
"Existing Customer","F",44,"Less than $40K","Blue",1438.3,688,0.478,750.3,2
"Existing Customer","M",55,"$120K +","Blue",12948,1839,0.142,11109,3
"Attrited Customer","M",49,"$60K - $80K","Blue",5662,1484,0.262,4178,4
"Existing Customer","F",34,"Less than $40K","Blue",2799,0,0,2799,1
"Existing Customer","M",50,"$80K - $120K","Blue",6030,1315,0.218,4715,3
"Existing Customer","M",42,"$80K - $120K","Blue",6779,1359,0.2,5420,3
"Existing Customer","F",53,"$40K - $60K","Silver",15248,1242,0.081,14006,1
"Existing Customer","M",53,"$60K - $80K","Blue",15583,0,0,15583,1
"Existing Customer","M",32,"$40K - $60K","Blue",2576,1754,0.681,822,2
"Existing Customer","M",48,"$60K - $80K","Silver",25270,1090,0.043,24180,3
"Existing Customer","M",35,"$60K - $80K","Blue",8717,719,0.082,7998,3
"Existing Customer","M",45,"$80K - $120K","Blue",1438.3,0,0,1438.3,2
"Existing Customer","M",45,"$80K - $120K","Blue",33755,2301,0.068,31454,2
"Existing Customer","F",53,"$40K - $60K","Blue",7282,0,0,7282,3
"Existing Customer","M",42,"$80K - $120K","Blue",7260,713,0.098,6547,3
"Existing Customer","F",43,"Less than $40K","Silver",12952,1864,0.144,11088,1
"Existing Customer","F",55,"Less than $40K","Blue",5353,1594,0.298,3759,1
"Existing Customer","M",38,"$60K - $80K","Blue",11741,1560,0.133,10181,4
"Existing Customer","F",39,"Less than $40K","Blue",2609,1656,0.635,953,3
"Existing Customer","F",51,"Unknown","Blue",11167,0,0,11167,3
"Existing Customer","M",44,"$80K - $120K","Blue",20882,1420,0.068,19462,2
"Existing Customer","M",42,"$120K +","Gold",34516,1230,0.036,33286,2
"Existing Customer","F",63,"$40K - $60K","Blue",3071,2044,0.666,1027,3
"Existing Customer","M",39,"$60K - $80K","Blue",2267,0,0,2267,1
"Existing Customer","M",52,"$120K +","Blue",6617,2517,0.38,4100,2
"Existing Customer","F",57,"Less than $40K","Blue",3276,0,0,3276,3
"Existing Customer","M",36,"$120K +","Blue",10097,2139,0.212,7958,3
"Existing Customer","F",42,"Less than $40K","Blue",8260,2517,0.305,5743,2
"Existing Customer","M",52,"$40K - $60K","Blue",5776,874,0.151,4902,2
"Existing Customer","F",40,"Less than $40K","Blue",1438.3,915,0.636,523.3,3
"Existing Customer","F",40,"Less than $40K","Blue",7207,2002,0.278,5205,3
"Attrited Customer","M",38,"$120K +","Blue",2106,238,0.113,1868,1
"Existing Customer","M",44,"$60K - $80K","Blue",21158,0,0,21158,2
"Existing Customer","M",43,"$120K +","Blue",22906,1132,0.049,21774,2
"Existing Customer","M",45,"$60K - $80K","Blue",2648,2309,0.872,339,3
"Existing Customer","F",34,"Unknown","Silver",30702,673,0.022,30029,2
"Existing Customer","M",49,"$120K +","Blue",34516,0,0,34516,3
"Existing Customer","F",53,"Unknown","Blue",17054,0,0,17054,1
"Attrited Customer","M",38,"$60K - $80K","Blue",16317,0,0,16317,1
"Existing Customer","M",36,"$80K - $120K","Blue",3761,1710,0.455,2051,2
"Existing Customer","M",48,"$40K - $60K","Blue",2173,0,0,2173,3
"Existing Customer","F",53,"$40K - $60K","Silver",15845,1675,0.106,14170,3
"Attrited Customer","F",49,"$40K - $60K","Blue",8061,2517,0.312,5544,3
"Existing Customer","M",37,"$120K +","Blue",34516,0,0,34516,1
"Existing Customer","M",44,"$80K - $120K","Blue",19430,0,0,19430,2
"Existing Customer","F",42,"Unknown","Blue",19127,985,0.051,18142,2
"Existing Customer","M",48,"$40K - $60K","Blue",2708,2517,0.929,191,1
"Existing Customer","F",60,"Unknown","Blue",23566,1147,0.049,22419,3
"Existing Customer","F",49,"Unknown","Blue",2532,2124,0.839,408,3
"Existing Customer","M",37,"$60K - $80K","Blue",9829,2517,0.256,7312,2
"Existing Customer","F",57,"$40K - $60K","Blue",7226,1689,0.234,5537,4
"Existing Customer","F",59,"Less than $40K","Blue",4072,0,0,4072,5
"Existing Customer","F",46,"Unknown","Blue",21646,1778,0.082,19868,1
"Existing Customer","F",39,"Less than $40K","Blue",1438.3,0,0,1438.3,3
"Existing Customer","M",40,"$120K +","Blue",14046,1994,0.142,12052,3
"Existing Customer","M",49,"$60K - $80K","Silver",25620,1107,0.043,24513,2
"Attrited Customer","M",53,"$120K +","Blue",34516,278,0.008,34238,3
"Existing Customer","F",59,"$40K - $60K","Silver",21358,1225,0.057,20133,3
"Attrited Customer","M",63,"$60K - $80K","Blue",1856,0,0,1856,3
"Existing Customer","M",36,"$80K - $120K","Blue",1438.3,0,0,1438.3,3
"Existing Customer","M",64,"Less than $40K","Blue",2586,0,0,2586,1
"Existing Customer","M",39,"$80K - $120K","Blue",3281,1272,0.388,2009,3
"Existing Customer","F",50,"Less than $40K","Blue",7115,2000,0.281,5115,1
"Existing Customer","F",38,"Unknown","Blue",13220,848,0.064,12372,3
"Existing Customer","M",45,"$60K - $80K","Blue",5996,865,0.144,5131,2
"Attrited Customer","M",47,"$40K - $60K","Blue",9080,2174,0.239,6906,3
"Existing Customer","F",54,"Unknown","Blue",7563,1465,0.194,6098,3
"Existing Customer","F",40,"Less than $40K","Blue",8749,1654,0.189,7095,1
"Existing Customer","M",52,"$60K - $80K","Blue",14973,0,0,14973,3
"Existing Customer","M",63,"Unknown","Blue",7108,600,0.084,6508,3
"Existing Customer","F",48,"Unknown","Blue",23007,1239,0.054,21768,2
"Existing Customer","M",46,"$60K - $80K","Blue",24248,1020,0.042,23228,2
"Attrited Customer","M",52,"$80K - $120K","Blue",11617,2517,0.217,9100,3
"Existing Customer","M",45,"$60K - $80K","Silver",30428,1721,0.057,28707,2
"Existing Customer","M",48,"$80K - $120K","Blue",6805,1448,0.213,5357,6
"Existing Customer","M",59,"$60K - $80K","Blue",14257,1113,0.078,13144,3
"Attrited Customer","M",47,"$120K +","Silver",34516,0,0,34516,4
"Existing Customer","F",55,"Less than $40K","Blue",5719,892,0.156,4827,2
"Existing Customer","M",53,"$80K - $120K","Blue",9517,1869,0.196,7648,1
"Attrited Customer","F",41,"$40K - $60K","Blue",5317,0,0,5317,2
"Existing Customer","M",40,"$40K - $60K","Blue",2526,2303,0.912,223,1
"Existing Customer","F",52,"Less than $40K","Blue",2971,0,0,2971,3
"Existing Customer","M",59,"Less than $40K","Blue",6834,900,0.132,5934,3
"Existing Customer","F",36,"Unknown","Blue",3002,1002,0.334,2000,3
"Existing Customer","M",59,"$60K - $80K","Blue",16727,1380,0.083,15347,2
"Existing Customer","M",41,"$60K - $80K","Blue",4573,0,0,4573,2
"Existing Customer","M",38,"$80K - $120K","Blue",15410,0,0,15410,1
"Existing Customer","F",44,"$40K - $60K","Blue",3299,2517,0.763,782,2
"Attrited Customer","F",42,"Less than $40K","Silver",13453,2517,0.187,10936,2
"Existing Customer","F",48,"Less than $40K","Blue",6362,1705,0.268,4657,1
"Existing Customer","F",57,"Less than $40K","Blue",2679,2011,0.751,668,3
"Existing Customer","M",34,"$120K +","Blue",4369,2049,0.469,2320,3
"Existing Customer","F",50,"Less than $40K","Blue",1721,1037,0.603,684,3
"Existing Customer","M",41,"$80K - $120K","Blue",2196,1619,0.737,577,2
"Existing Customer","M",50,"$40K - $60K","Blue",2845,1153,0.405,1692,3
"Existing Customer","M",49,"$120K +","Blue",21144,1190,0.056,19954,2
"Attrited Customer","M",47,"$120K +","Blue",3952,0,0,3952,3
"Existing Customer","F",45,"Less than $40K","Blue",3518,2035,0.578,1483,2
"Existing Customer","M",47,"$60K - $80K","Blue",17343,1280,0.074,16063,1
"Existing Customer","M",43,"$80K - $120K","Blue",3498,0,0,3498,1
"Existing Customer","M",39,"$40K - $60K","Blue",9121,1426,0.156,7695,1
"Existing Customer","M",36,"$120K +","Blue",20230,798,0.039,19432,3
"Attrited Customer","M",44,"$60K - $80K","Blue",15422,864,0.056,14558,3
"Existing Customer","M",47,"$60K - $80K","Blue",9132,800,0.088,8332,3
"Existing Customer","F",41,"Less than $40K","Blue",8054,1023,0.127,7031,2
"Attrited Customer","M",42,"$40K - $60K","Blue",1640,1444,0.88,196,2
"Existing Customer","M",48,"$80K - $120K","Blue",8739,0,0,8739,3
"Attrited Customer","M",46,"$80K - $120K","Blue",1818,0,0,1818,1
"Existing Customer","F",46,"Unknown","Blue",24949,1749,0.07,23200,3
"Existing Customer","F",46,"$40K - $60K","Blue",3115,1136,0.365,1979,3
"Existing Customer","M",52,"$120K +","Blue",29695,1525,0.051,28170,2
"Existing Customer","M",56,"$60K - $80K","Blue",7261,1079,0.149,6182,1
"Attrited Customer","F",38,"Less than $40K","Blue",1621,580,0.358,1041,2
"Existing Customer","M",41,"$80K - $120K","Blue",33472,2517,0.075,30955,5
"Existing Customer","M",51,"$40K - $60K","Blue",11512,988,0.086,10524,3
"Existing Customer","F",26,"Unknown","Blue",12463,1319,0.106,11144,3
"Existing Customer","M",51,"$60K - $80K","Blue",8511,0,0,8511,1
"Existing Customer","M",41,"$60K - $80K","Blue",4821,1426,0.296,3395,1
"Existing Customer","M",57,"$60K - $80K","Blue",2480,1584,0.639,896,1
"Existing Customer","M",44,"$120K +","Blue",34516,2517,0.073,31999,3
"Existing Customer","M",52,"$120K +","Blue",8596,2019,0.235,6577,2
"Existing Customer","M",49,"$60K - $80K","Blue",7223,1963,0.272,5260,3
"Existing Customer","M",52,"$60K - $80K","Blue",1629,978,0.6,651,2
"Existing Customer","F",44,"Unknown","Blue",17116,1289,0.075,15827,2
"Existing Customer","M",63,"$60K - $80K","Blue",7216,2321,0.322,4895,2
"Existing Customer","M",44,"$60K - $80K","Silver",28397,1421,0.05,26976,1
"Attrited Customer","M",53,"$60K - $80K","Blue",13720,0,0,13720,3
"Existing Customer","F",47,"$40K - $60K","Blue",7553,660,0.087,6893,3
"Existing Customer","M",49,"$60K - $80K","Blue",2952,2517,0.853,435,6
"Existing Customer","M",35,"$80K - $120K","Blue",11229,1054,0.094,10175,3
"Existing Customer","M",45,"$40K - $60K","Blue",7109,866,0.122,6243,2
"Existing Customer","M",45,"$40K - $60K","Blue",1862,845,0.454,1017,3
"Existing Customer","M",36,"$60K - $80K","Blue",4511,754,0.167,3757,3
"Existing Customer","M",42,"$40K - $60K","Blue",2533,1126,0.445,1407,3
"Existing Customer","M",46,"$120K +","Blue",2016,797,0.395,1219,2
"Attrited Customer","M",49,"$40K - $60K","Blue",3893,0,0,3893,3
"Existing Customer","M",50,"$40K - $60K","Blue",5530,2034,0.368,3496,3
"Existing Customer","F",57,"Less than $40K","Blue",1737,813,0.468,924,3
"Existing Customer","F",46,"Unknown","Blue",6853,1679,0.245,5174,3
"Existing Customer","M",55,"$120K +","Blue",34516,1190,0.034,33326,2
"Existing Customer","M",38,"$40K - $60K","Blue",11068,1254,0.113,9814,1
"Existing Customer","F",35,"Less than $40K","Blue",5546,1829,0.33,3717,2
"Attrited Customer","M",48,"$60K - $80K","Blue",7277,504,0.069,6773,3
"Existing Customer","M",57,"$40K - $60K","Blue",9426,1574,0.167,7852,3
"Existing Customer","M",55,"$60K - $80K","Blue",1594,927,0.582,667,3
"Existing Customer","M",47,"$80K - $120K","Blue",2158,1170,0.542,988,2
"Existing Customer","M",37,"$40K - $60K","Blue",3490,1421,0.407,2069,2
"Existing Customer","F",48,"Less than $40K","Blue",2364,1619,0.685,745,2
"Existing Customer","F",49,"Unknown","Blue",15704,0,0,15704,2
"Existing Customer","M",49,"$60K - $80K","Blue",18253,2517,0.138,15736,2
"Existing Customer","F",48,"Less than $40K","Blue",3696,0,0,3696,3
"Existing Customer","M",52,"$40K - $60K","Blue",8748,2284,0.261,6464,3
"Existing Customer","F",44,"$40K - $60K","Blue",5608,1243,0.222,4365,2
"Existing Customer","M",41,"$80K - $120K","Blue",34516,0,0,34516,2
"Existing Customer","F",51,"Less than $40K","Blue",3236,0,0,3236,3
"Existing Customer","F",45,"Less than $40K","Blue",2736,2043,0.747,693,1
"Existing Customer","F",49,"Less than $40K","Blue",5195,0,0,5195,2
"Existing Customer","M",47,"$120K +","Silver",34516,1686,0.049,32830,2
"Existing Customer","M",44,"$40K - $60K","Blue",6327,0,0,6327,3
"Existing Customer","M",42,"$80K - $120K","Blue",4728,1386,0.293,3342,1
"Existing Customer","M",62,"$80K - $120K","Blue",34516,2517,0.073,31999,1
"Existing Customer","M",32,"$120K +","Blue",6276,2289,0.365,3987,3
"Existing Customer","M",43,"$80K - $120K","Blue",13430,2356,0.175,11074,1
"Existing Customer","M",62,"$60K - $80K","Blue",2796,0,0,2796,1
"Existing Customer","M",46,"$40K - $60K","Blue",2457,1051,0.428,1406,3
"Existing Customer","F",62,"Less than $40K","Blue",7075,1396,0.197,5679,3
"Existing Customer","M",42,"$80K - $120K","Blue",12386,980,0.079,11406,2
"Existing Customer","M",39,"$80K - $120K","Blue",32210,1115,0.035,31095,3
"Existing Customer","M",59,"$40K - $60K","Blue",2136,1502,0.703,634,3
"Existing Customer","M",43,"$80K - $120K","Blue",10851,1101,0.101,9750,3
"Existing Customer","M",52,"$120K +","Blue",2717,1953,0.719,764,1
"Existing Customer","F",59,"Unknown","Blue",3578,663,0.185,2915,2
"Existing Customer","M",60,"$60K - $80K","Blue",10698,1790,0.167,8908,3
"Existing Customer","F",48,"Less than $40K","Blue",4668,0,0,4668,3
"Existing Customer","F",40,"Unknown","Blue",6772,0,0,6772,2
"Existing Customer","M",55,"$80K - $120K","Blue",10696,1206,0.113,9490,2
"Existing Customer","M",48,"$80K - $120K","Blue",11851,0,0,11851,3
"Existing Customer","M",36,"$40K - $60K","Blue",11558,0,0,11558,3
"Existing Customer","M",49,"$60K - $80K","Blue",9551,1833,0.192,7718,2
"Existing Customer","M",40,"$80K - $120K","Blue",29923,0,0,29923,3
"Attrited Customer","F",54,"Less than $40K","Blue",1438.3,0,0,1438.3,3
"Existing Customer","M",40,"$120K +","Blue",34516,1329,0.039,33187,2
"Existing Customer","M",63,"$80K - $120K","Blue",9033,0,0,9033,2
"Attrited Customer","F",44,"Less than $40K","Blue",3675,2517,0.685,1158,3
"Existing Customer","M",44,"$80K - $120K","Blue",9183,2191,0.239,6992,3
"Existing Customer","F",45,"Less than $40K","Blue",7924,1896,0.239,6028,1
"Existing Customer","F",36,"Less than $40K","Blue",5383,737,0.137,4646,1
"Existing Customer","F",45,"$40K - $60K","Silver",21425,1459,0.068,19966,2
"Existing Customer","M",38,"$80K - $120K","Blue",32866,2098,0.064,30768,1
"Existing Customer","F",44,"Less than $40K","Blue",1438.3,0,0,1438.3,2
"Existing Customer","M",35,"$40K - $60K","Blue",10467,1961,0.187,8506,3
"Existing Customer","M",55,"$120K +","Blue",12856,0,0,12856,2
"Attrited Customer","F",61,"$40K - $60K","Blue",9721,0,0,9721,3
"Attrited Customer","F",43,"Less than $40K","Blue",3981,0,0,3981,3
"Existing Customer","F",40,"Less than $40K","Blue",7587,0,0,7587,3
"Existing Customer","F",51,"$40K - $60K","Blue",3417,1482,0.434,1935,5
"Existing Customer","F",48,"Unknown","Blue",8012,0,0,8012,3
"Attrited Customer","M",64,"Less than $40K","Blue",3812,2517,0.66,1295,3
"Existing Customer","M",49,"$80K - $120K","Blue",21378,1284,0.06,20094,1
"Existing Customer","F",54,"Less than $40K","Silver",12873,0,0,12873,3
"Existing Customer","M",46,"$60K - $80K","Blue",20229,1217,0.06,19012,3
"Existing Customer","F",34,"Less than $40K","Blue",5387,795,0.148,4592,1
"Existing Customer","M",46,"$80K - $120K","Blue",16546,1850,0.112,14696,3
"Existing Customer","M",48,"$40K - $60K","Blue",11191,0,0,11191,1
"Existing Customer","M",45,"$60K - $80K","Blue",17576,0,0,17576,1
"Existing Customer","F",65,"Less than $40K","Blue",4182,0,0,4182,2
"Existing Customer","M",45,"$40K - $60K","Blue",10271,1746,0.17,8525,5
"Existing Customer","F",40,"Less than $40K","Blue",1647,1198,0.727,449,1
"Existing Customer","F",50,"Less than $40K","Blue",1560,995,0.638,565,3
"Existing Customer","M",40,"$60K - $80K","Blue",1659,0,0,1659,2
"Existing Customer","M",38,"$120K +","Blue",22487,889,0.04,21598,2
"Existing Customer","M",36,"Less than $40K","Blue",5403,1854,0.343,3549,2
"Existing Customer","F",54,"$40K - $60K","Blue",4717,1590,0.337,3127,3
"Existing Customer","M",50,"$60K - $80K","Blue",5180,1211,0.234,3969,2
"Attrited Customer","M",50,"$80K - $120K","Blue",4915,464,0.094,4451,2
"Existing Customer","M",41,"$80K - $120K","Blue",12154,2517,0.207,9637,2
"Existing Customer","M",46,"$60K - $80K","Blue",3258,0,0,3258,3
"Existing Customer","F",44,"Unknown","Blue",13349,0,0,13349,3
"Attrited Customer","M",50,"$120K +","Silver",34516,0,0,34516,3
"Existing Customer","M",45,"$80K - $120K","Blue",31458,1202,0.038,30256,5
"Existing Customer","F",40,"Less than $40K","Blue",1438.3,0,0,1438.3,1
"Existing Customer","F",46,"Less than $40K","Silver",10961,1391,0.127,9570,1
"Existing Customer","M",48,"$60K - $80K","Blue",8904,1886,0.212,7018,3
"Existing Customer","M",47,"$40K - $60K","Blue",2498,2258,0.904,240,2
"Existing Customer","M",42,"$80K - $120K","Blue",16105,724,0.045,15381,1
"Existing Customer","F",43,"Unknown","Silver",34516,1858,0.054,32658,1
"Existing Customer","F",49,"Unknown","Blue",2222,694,0.312,1528,2
"Existing Customer","F",46,"Unknown","Blue",16815,0,0,16815,2
"Attrited Customer","F",41,"Unknown","Blue",11538,0,0,11538,3
"Attrited Customer","M",45,"$40K - $60K","Blue",9569,0,0,9569,2
"Existing Customer","M",40,"$80K - $120K","Blue",3340,1282,0.384,2058,1
"Existing Customer","M",40,"$80K - $120K","Blue",3654,1172,0.321,2482,2
"Existing Customer","M",49,"$40K - $60K","Blue",10541,1387,0.132,9154,2
"Existing Customer","M",51,"$120K +","Silver",34516,1959,0.057,32557,2
"Existing Customer","F",43,"Unknown","Silver",34516,1893,0.055,32623,3
"Existing Customer","M",45,"$80K - $120K","Blue",1613,0,0,1613,3
"Attrited Customer","M",38,"$80K - $120K","Blue",1438.3,0,0,1438.3,3
"Existing Customer","F",40,"Unknown","Blue",13126,0,0,13126,3
"Existing Customer","M",49,"$40K - $60K","Blue",1922,710,0.369,1212,2
"Existing Customer","F",45,"Less than $40K","Silver",14521,0,0,14521,2
"Attrited Customer","F",63,"Less than $40K","Blue",1931,1531,0.793,400,6
"Existing Customer","M",43,"$40K - $60K","Blue",8513,1042,0.122,7471,3
"Existing Customer","M",50,"$40K - $60K","Blue",2421,1029,0.425,1392,1
"Existing Customer","F",47,"Less than $40K","Blue",1478,792,0.536,686,3
"Existing Customer","M",63,"$60K - $80K","Blue",2466,0,0,2466,1
"Existing Customer","F",30,"Less than $40K","Blue",2501,1845,0.738,656,1
"Existing Customer","M",41,"$60K - $80K","Blue",13602,0,0,13602,1
"Existing Customer","M",38,"Less than $40K","Blue",3094,1317,0.426,1777,3
"Existing Customer","F",44,"Less than $40K","Blue",2485,1489,0.599,996,2
"Existing Customer","M",50,"$80K - $120K","Blue",14817,1463,0.099,13354,3
"Existing Customer","M",50,"$80K - $120K","Blue",13824,1582,0.114,12242,3
"Existing Customer","F",46,"Less than $40K","Blue",1438.3,0,0,1438.3,1
"Existing Customer","M",51,"$60K - $80K","Blue",3797,1202,0.317,2595,1
"Existing Customer","F",53,"Less than $40K","Blue",6189,0,0,6189,3
"Existing Customer","M",40,"$60K - $80K","Blue",22956,1407,0.061,21549,2
"Existing Customer","F",49,"$40K - $60K","Blue",3943,1135,0.288,2808,2
"Existing Customer","M",54,"$120K +","Blue",5569,968,0.174,4601,2
"Existing Customer","M",50,"$80K - $120K","Blue",2418,1720,0.711,698,2
"Existing Customer","M",45,"Less than $40K","Blue",1963,1549,0.789,414,2
"Existing Customer","F",46,"Unknown","Blue",7966,1423,0.179,6543,1
"Existing Customer","F",51,"Less than $40K","Blue",7742,2024,0.261,5718,1
"Existing Customer","F",63,"Less than $40K","Blue",2074,1688,0.814,386,3
"Attrited Customer","F",54,"$40K - $60K","Blue",4948,0,0,4948,3
"Existing Customer","M",51,"$60K - $80K","Blue",4988,0,0,4988,2
"Existing Customer","M",60,"$60K - $80K","Silver",28701,0,0,28701,3
"Existing Customer","M",30,"$40K - $60K","Blue",6607,2517,0.381,4090,1
"Existing Customer","M",44,"$60K - $80K","Blue",16034,1597,0.1,14437,2
"Existing Customer","M",33,"$60K - $80K","Blue",24149,1848,0.077,22301,3
"Existing Customer","F",40,"$40K - $60K","Silver",16903,1507,0.089,15396,3
"Existing Customer","M",52,"$60K - $80K","Blue",1438.3,0,0,1438.3,1
"Attrited Customer","M",39,"$60K - $80K","Blue",24657,633,0.026,24024,3
"Attrited Customer","F",51,"$40K - $60K","Blue",5026,0,0,5026,3
"Existing Customer","F",51,"Unknown","Blue",9352,1429,0.153,7923,2
"Existing Customer","M",46,"$60K - $80K","Blue",4939,1296,0.262,3643,3
"Attrited Customer","M",44,"$40K - $60K","Blue",9502,2457,0.259,7045,2
"Attrited Customer","F",62,"Less than $40K","Blue",2936,326,0.111,2610,3
"Existing Customer","M",53,"$80K - $120K","Blue",22855,0,0,22855,1
"Existing Customer","F",47,"$40K - $60K","Blue",6602,1224,0.185,5378,1
"Attrited Customer","M",45,"$80K - $120K","Blue",3728,0,0,3728,3
"Existing Customer","M",42,"$60K - $80K","Blue",2021,1731,0.857,290,2
"Existing Customer","F",47,"$40K - $60K","Blue",2255,1733,0.769,522,2
"Existing Customer","F",41,"Less than $40K","Gold",15704,1991,0.127,13713,3
"Existing Customer","M",46,"$60K - $80K","Blue",5746,1572,0.274,4174,2
"Existing Customer","M",36,"$40K - $60K","Blue",8436,2517,0.298,5919,6
"Attrited Customer","F",47,"$40K - $60K","Blue",1438.3,0,0,1438.3,3
"Existing Customer","F",56,"Less than $40K","Blue",8340,1902,0.228,6438,5
"Existing Customer","M",54,"$80K - $120K","Blue",15108,1288,0.085,13820,2
"Existing Customer","F",42,"$40K - $60K","Silver",15104,1204,0.08,13900,2
"Existing Customer","F",39,"Less than $40K","Blue",2490,1281,0.514,1209,3
"Existing Customer","M",45,"Less than $40K","Blue",2009,1795,0.893,214,3
"Attrited Customer","M",52,"$120K +","Blue",31668,810,0.026,30858,3
"Existing Customer","M",46,"$60K - $80K","Blue",5735,2410,0.42,3325,3
"Existing Customer","M",48,"$80K - $120K","Blue",7633,1707,0.224,5926,1
"Existing Customer","M",46,"$60K - $80K","Blue",23642,2049,0.087,21593,1
"Existing Customer","M",42,"$40K - $60K","Blue",6698,1327,0.198,5371,3
"Existing Customer","F",45,"Less than $40K","Blue",1438.3,0,0,1438.3,3
"Existing Customer","F",50,"Less than $40K","Blue",1438.3,1002,0.697,436.3,3
"Existing Customer","F",50,"Less than $40K","Blue",2563,1860,0.726,703,2
"Existing Customer","F",39,"$40K - $60K","Silver",17814,0,0,17814,2
"Existing Customer","F",45,"Unknown","Blue",7738,947,0.122,6791,2
"Attrited Customer","M",52,"$120K +","Blue",13114,2247,0.171,10867,5
"Existing Customer","M",42,"$120K +","Blue",34516,1067,0.031,33449,2
"Existing Customer","F",49,"Unknown","Blue",17345,545,0.031,16800,3
"Existing Customer","M",51,"$120K +","Blue",8706,868,0.1,7838,3
"Existing Customer","M",48,"$60K - $80K","Blue",19272,1519,0.079,17753,1
"Existing Customer","F",52,"Unknown","Blue",4798,0,0,4798,3
"Attrited Customer","M",43,"$60K - $80K","Blue",12254,0,0,12254,3
"Existing Customer","M",49,"$80K - $120K","Blue",9549,0,0,9549,1
"Existing Customer","M",37,"Less than $40K","Silver",11568,1846,0.16,9722,3
"Existing Customer","F",48,"Less than $40K","Blue",6197,1219,0.197,4978,1
"Existing Customer","M",40,"$80K - $120K","Silver",34516,0,0,34516,1
"Existing Customer","M",49,"$40K - $60K","Blue",5137,0,0,5137,3
"Existing Customer","M",46,"$80K - $120K","Blue",1791,1337,0.747,454,3
"Existing Customer","F",50,"Less than $40K","Blue",7238,2111,0.292,5127,1
"Existing Customer","M",50,"$80K - $120K","Blue",4514,2016,0.447,2498,2
"Existing Customer","F",44,"Unknown","Blue",5366,968,0.18,4398,1
"Existing Customer","M",47,"$60K - $80K","Silver",29812,2031,0.068,27781,2
"Existing Customer","F",48,"$40K - $60K","Blue",9559,1514,0.158,8045,2
"Existing Customer","F",49,"Less than $40K","Blue",8353,1535,0.184,6818,2
"Existing Customer","F",51,"Less than $40K","Blue",5455,1217,0.223,4238,2
"Existing Customer","F",59,"Less than $40K","Blue",9899,2023,0.204,7876,3
"Existing Customer","M",45,"$40K - $60K","Silver",15578,0,0,15578,3
"Existing Customer","F",50,"Unknown","Blue",15641,2379,0.152,13262,2
"Existing Customer","F",46,"Less than $40K","Blue",3504,1698,0.485,1806,2
"Existing Customer","M",47,"$80K - $120K","Blue",18432,1422,0.077,17010,3
"Existing Customer","M",46,"$60K - $80K","Blue",2369,1405,0.593,964,3
"Attrited Customer","F",60,"$40K - $60K","Blue",10882,2517,0.231,8365,5
"Existing Customer","F",38,"$40K - $60K","Blue",3509,1819,0.518,1690,1
"Existing Customer","F",51,"Less than $40K","Blue",2469,1491,0.604,978,3
"Existing Customer","F",47,"Less than $40K","Silver",14335,938,0.065,13397,3
"Existing Customer","M",47,"$40K - $60K","Blue",4005,1985,0.496,2020,3
"Existing Customer","F",49,"Less than $40K","Blue",1976,1694,0.857,282,1
"Attrited Customer","F",39,"Less than $40K","Blue",3664,0,0,3664,3
"Existing Customer","F",44,"Less than $40K","Blue",3734,0,0,3734,1
"Existing Customer","M",40,"$40K - $60K","Blue",6033,0,0,6033,2
"Existing Customer","M",56,"$80K - $120K","Blue",4531,0,0,4531,2
"Existing Customer","F",45,"Less than $40K","Blue",6245,0,0,6245,4
"Existing Customer","M",37,"$80K - $120K","Silver",34516,0,0,34516,1
"Existing Customer","M",42,"$60K - $80K","Blue",11880,2025,0.17,9855,2
"Existing Customer","F",43,"Less than $40K","Blue",4188,0,0,4188,2
"Existing Customer","F",59,"Less than $40K","Blue",9344,1334,0.143,8010,1
"Existing Customer","M",42,"$80K - $120K","Blue",24126,948,0.039,23178,2
"Existing Customer","M",46,"$120K +","Blue",34516,772,0.022,33744,3
"Existing Customer","M",28,"Less than $40K","Blue",2295,1015,0.442,1280,3
"Attrited Customer","F",47,"$40K - $60K","Blue",5496,0,0,5496,3
"Attrited Customer","M",54,"$80K - $120K","Blue",12342,0,0,12342,3
"Existing Customer","F",55,"Less than $40K","Blue",1928,1125,0.584,803,2
"Existing Customer","M",62,"$60K - $80K","Blue",12814,1010,0.079,11804,1
"Existing Customer","F",49,"Less than $40K","Blue",5242,1465,0.279,3777,2
"Attrited Customer","M",48,"$60K - $80K","Blue",8808,390,0.044,8418,2
"Existing Customer","F",43,"Less than $40K","Blue",4469,2002,0.448,2467,1
"Existing Customer","M",51,"$80K - $120K","Blue",8031,1167,0.145,6864,2
"Existing Customer","M",48,"$60K - $80K","Blue",9728,0,0,9728,1
"Existing Customer","F",47,"$40K - $60K","Blue",4748,1008,0.212,3740,1
"Existing Customer","M",50,"$80K - $120K","Blue",19999,1007,0.05,18992,1
"Existing Customer","M",56,"$40K - $60K","Blue",6331,1420,0.224,4911,1
"Existing Customer","M",43,"$40K - $60K","Blue",9662,817,0.085,8845,1
"Attrited Customer","F",47,"Less than $40K","Blue",1693,1088,0.643,605,3
"Existing Customer","F",49,"Less than $40K","Blue",2964,2043,0.689,921,2
"Existing Customer","F",48,"Less than $40K","Blue",5483,535,0.098,4948,3
"Attrited Customer","M",40,"$60K - $80K","Blue",15186,0,0,15186,2
"Existing Customer","M",41,"$80K - $120K","Blue",33408,0,0,33408,3
"Existing Customer","F",43,"Less than $40K","Blue",3125,2517,0.805,608,2
"Existing Customer","M",42,"$60K - $80K","Blue",2934,2517,0.858,417,3
"Existing Customer","M",39,"$120K +","Blue",34516,0,0,34516,2
"Attrited Customer","F",50,"$40K - $60K","Blue",5349,2391,0.447,2958,3
"Existing Customer","M",50,"$80K - $120K","Blue",9810,1838,0.187,7972,2
"Existing Customer","M",50,"$120K +","Blue",7084,0,0,7084,1
"Existing Customer","F",51,"Less than $40K","Blue",3537,0,0,3537,1
"Existing Customer","M",47,"Less than $40K","Blue",8896,1338,0.15,7558,1
"Existing Customer","M",41,"$80K - $120K","Blue",30733,1153,0.038,29580,2
"Existing Customer","M",49,"$60K - $80K","Blue",10177,1748,0.172,8429,2
"Existing Customer","F",42,"Less than $40K","Blue",6848,0,0,6848,2
"Existing Customer","M",42,"$60K - $80K","Blue",17165,1153,0.067,16012,2
"Existing Customer","M",45,"$80K - $120K","Blue",20274,2100,0.104,18174,3
"Existing Customer","M",50,"$60K - $80K","Blue",19939,0,0,19939,5
"Existing Customer","M",53,"$120K +","Blue",3378,1852,0.548,1526,3
"Existing Customer","M",51,"$80K - $120K","Blue",9773,1998,0.204,7775,3
"Existing Customer","F",50,"Unknown","Blue",3668,0,0,3668,3
"Existing Customer","M",64,"Less than $40K","Blue",3196,0,0,3196,2
"Attrited Customer","M",45,"$80K - $120K","Silver",34516,0,0,34516,3
"Existing Customer","F",52,"Less than $40K","Blue",7030,994,0.141,6036,2
"Attrited Customer","M",47,"$80K - $120K","Blue",9410,0,0,9410,2
"Attrited Customer","M",38,"$120K +","Blue",34516,1229,0.036,33287,2
"Existing Customer","F",45,"Less than $40K","Blue",4096,1468,0.358,2628,3
"Existing Customer","F",43,"Unknown","Blue",7210,782,0.108,6428,1
"Existing Customer","M",57,"$80K - $120K","Blue",8026,2202,0.274,5824,3
"Existing Customer","F",47,"Unknown","Blue",18064,2039,0.113,16025,1
"Existing Customer","F",42,"Less than $40K","Blue",5596,1086,0.194,4510,2
"Existing Customer","F",52,"Less than $40K","Blue",6897,640,0.093,6257,3
"Existing Customer","F",48,"Less than $40K","Silver",13991,1580,0.113,12411,3
"Existing Customer","M",44,"$40K - $60K","Blue",11366,2109,0.186,9257,2
"Existing Customer","F",40,"Less than $40K","Blue",1707,989,0.579,718,1
"Existing Customer","F",50,"Unknown","Blue",23692,2402,0.101,21290,4
"Existing Customer","M",41,"$80K - $120K","Blue",11191,0,0,11191,2
"Existing Customer","F",42,"Less than $40K","Blue",3476,700,0.201,2776,1
"Existing Customer","M",43,"$60K - $80K","Silver",27781,0,0,27781,3
"Existing Customer","M",44,"$60K - $80K","Blue",10534,0,0,10534,3
"Existing Customer","F",61,"Less than $40K","Blue",2721,0,0,2721,2
"Existing Customer","M",51,"$80K - $120K","Blue",10458,0,0,10458,2
"Attrited Customer","M",40,"$60K - $80K","Blue",12544,1636,0.13,10908,3
"Existing Customer","M",46,"$60K - $80K","Blue",11464,0,0,11464,3
"Existing Customer","M",50,"$120K +","Blue",3104,1791,0.577,1313,2
"Existing Customer","M",48,"$60K - $80K","Blue",11770,1813,0.154,9957,1
"Existing Customer","M",50,"$120K +","Blue",34516,1185,0.034,33331,2
"Existing Customer","M",44,"$60K - $80K","Blue",10998,1586,0.144,9412,1
"Existing Customer","F",42,"Less than $40K","Blue",2757,1785,0.647,972,1
"Existing Customer","M",46,"$60K - $80K","Blue",5489,1189,0.217,4300,1
"Existing Customer","M",52,"$120K +","Blue",19709,1924,0.098,17785,1
"Attrited Customer","M",42,"Less than $40K","Blue",6967,1767,0.254,5200,3
"Existing Customer","M",47,"$80K - $120K","Blue",23424,2517,0.107,20907,2
"Existing Customer","M",39,"$60K - $80K","Blue",21718,2386,0.11,19332,2
"Existing Customer","F",53,"Less than $40K","Blue",4908,1429,0.291,3479,3
"Existing Customer","M",52,"$40K - $60K","Blue",1470,0,0,1470,1
"Existing Customer","M",39,"$80K - $120K","Gold",34516,1793,0.052,32723,1
"Existing Customer","M",63,"Less than $40K","Blue",7936,2081,0.262,5855,2
"Existing Customer","M",53,"$60K - $80K","Blue",14366,888,0.062,13478,3
"Existing Customer","F",54,"$40K - $60K","Blue",9231,1642,0.178,7589,1
"Existing Customer","F",45,"$40K - $60K","Silver",18679,905,0.048,17774,2
"Existing Customer","F",45,"Unknown","Blue",20356,2517,0.124,17839,3
"Existing Customer","F",52,"Unknown","Blue",2259,1721,0.762,538,1
"Existing Customer","F",64,"Less than $40K","Blue",6663,765,0.115,5898,3
"Existing Customer","F",47,"Less than $40K","Blue",2424,0,0,2424,2
"Existing Customer","F",45,"$40K - $60K","Silver",15677,1227,0.078,14450,2
"Existing Customer","M",41,"$40K - $60K","Blue",2334,1138,0.488,1196,2
"Existing Customer","F",56,"Unknown","Blue",1816,1052,0.579,764,1
"Existing Customer","F",52,"Less than $40K","Blue",4950,1829,0.369,3121,1
"Existing Customer","M",39,"$80K - $120K","Blue",34516,2055,0.06,32461,1
"Existing Customer","M",61,"$120K +","Blue",24172,2517,0.104,21655,3
"Existing Customer","M",57,"$60K - $80K","Blue",9037,1544,0.171,7493,1
"Existing Customer","F",46,"Less than $40K","Blue",7616,1251,0.164,6365,2
"Existing Customer","M",38,"$40K - $60K","Blue",11209,1165,0.104,10044,3
"Existing Customer","F",44,"Unknown","Blue",9908,2066,0.209,7842,2
"Existing Customer","M",40,"$40K - $60K","Silver",18737,0,0,18737,3
"Existing Customer","F",57,"Less than $40K","Blue",5330,0,0,5330,2
"Attrited Customer","M",52,"$120K +","Blue",19032,0,0,19032,1
"Existing Customer","F",50,"Unknown","Blue",5916,983,0.166,4933,1
"Existing Customer","M",51,"$40K - $60K","Silver",16277,1170,0.072,15107,5
"Existing Customer","M",42,"$60K - $80K","Blue",9442,838,0.089,8604,1
"Existing Customer","F",51,"Less than $40K","Blue",2990,0,0,2990,1
"Existing Customer","M",45,"$80K - $120K","Blue",2210,759,0.343,1451,6
"Attrited Customer","M",44,"$40K - $60K","Blue",1527,0,0,1527,4
"Existing Customer","M",45,"$60K - $80K","Blue",6022,1433,0.238,4589,1
"Existing Customer","M",55,"$120K +","Blue",26729,1052,0.039,25677,2
"Existing Customer","M",63,"Less than $40K","Blue",6102,0,0,6102,3
"Existing Customer","F",33,"Less than $40K","Blue",6803,2296,0.337,4507,1
"Existing Customer","M",46,"$80K - $120K","Blue",8101,1266,0.156,6835,1
"Existing Customer","F",41,"Less than $40K","Blue",4632,0,0,4632,1
"Existing Customer","F",58,"$40K - $60K","Blue",1996,1850,0.927,146,3
"Existing Customer","M",51,"$120K +","Blue",11600,738,0.064,10862,1
"Existing Customer","M",35,"$40K - $60K","Blue",2657,1983,0.746,674,3
"Existing Customer","F",42,"Less than $40K","Blue",8464,1002,0.118,7462,2
"Existing Customer","M",45,"$80K - $120K","Blue",29003,2323,0.08,26680,2
"Existing Customer","M",51,"$40K - $60K","Blue",5000,942,0.188,4058,3
"Existing Customer","F",63,"Unknown","Blue",14963,1616,0.108,13347,1
"Existing Customer","F",45,"Less than $40K","Blue",3855,1188,0.308,2667,3
"Existing Customer","M",36,"$120K +","Blue",28200,765,0.027,27435,3
"Existing Customer","F",39,"Less than $40K","Blue",2310,1306,0.565,1004,3
"Existing Customer","F",52,"Less than $40K","Blue",1960,1428,0.729,532,1
"Existing Customer","F",52,"Less than $40K","Blue",3773,1291,0.342,2482,1
"Existing Customer","M",50,"$80K - $120K","Blue",9771,1776,0.182,7995,2
"Existing Customer","F",60,"Unknown","Blue",6417,1372,0.214,5045,3
"Existing Customer","M",43,"$60K - $80K","Blue",16037,0,0,16037,3
"Attrited Customer","M",49,"$40K - $60K","Blue",14839,512,0.035,14327,3
"Existing Customer","M",44,"$80K - $120K","Silver",34516,1461,0.042,33055,2
"Existing Customer","F",54,"$40K - $60K","Blue",8769,1314,0.15,7455,3
"Existing Customer","M",50,"$120K +","Blue",20968,0,0,20968,3
"Existing Customer","M",44,"$60K - $80K","Blue",2188,1241,0.567,947,1
"Existing Customer","M",52,"$80K - $120K","Blue",30314,776,0.026,29538,3
"Attrited Customer","F",47,"Unknown","Blue",18799,2517,0.134,16282,3
"Existing Customer","F",49,"Less than $40K","Blue",1638,1038,0.634,600,3
"Existing Customer","M",45,"$40K - $60K","Blue",3538,0,0,3538,3
"Existing Customer","F",35,"$40K - $60K","Blue",2546,1348,0.529,1198,2
"Existing Customer","M",65,"Unknown","Blue",10775,1787,0.166,8988,2
"Existing Customer","F",47,"$40K - $60K","Blue",4798,1017,0.212,3781,3
"Existing Customer","F",56,"Less than $40K","Blue",5816,716,0.123,5100,6
"Existing Customer","M",49,"$80K - $120K","Blue",20533,1321,0.064,19212,2
"Existing Customer","M",58,"$80K - $120K","Blue",9890,0,0,9890,3
"Existing Customer","M",52,"$80K - $120K","Blue",30820,1724,0.056,29096,3
"Existing Customer","F",45,"Less than $40K","Blue",6091,0,0,6091,2
"Existing Customer","M",50,"$60K - $80K","Blue",9690,1115,0.115,8575,2
"Existing Customer","F",62,"$40K - $60K","Blue",6797,1428,0.21,5369,3
"Existing Customer","F",44,"Less than $40K","Blue",4985,1379,0.277,3606,3
"Attrited Customer","F",61,"Less than $40K","Blue",2125,0,0,2125,3
"Existing Customer","F",47,"Less than $40K","Blue",4012,0,0,4012,2
"Existing Customer","F",52,"Unknown","Blue",23858,1179,0.049,22679,2
"Existing Customer","M",46,"$40K - $60K","Blue",2619,2271,0.867,348,3
"Existing Customer","F",40,"Less than $40K","Blue",6728,1192,0.177,5536,1
"Existing Customer","F",47,"$40K - $60K","Blue",2680,1652,0.616,1028,3
"Existing Customer","F",52,"Less than $40K","Blue",2936,2181,0.743,755,1
"Existing Customer","M",46,"$60K - $80K","Blue",7478,1775,0.237,5703,3
"Existing Customer","M",49,"$60K - $80K","Blue",2527,1419,0.562,1108,2
"Attrited Customer","F",44,"Less than $40K","Blue",5644,2517,0.446,3127,1
"Existing Customer","F",50,"Less than $40K","Blue",2837,1377,0.485,1460,3
"Existing Customer","M",40,"$80K - $120K","Blue",18584,2446,0.132,16138,2
"Attrited Customer","F",45,"Less than $40K","Blue",5941,0,0,5941,3
"Attrited Customer","F",41,"$40K - $60K","Blue",9576,0,0,9576,2
"Attrited Customer","M",63,"$60K - $80K","Blue",9569,0,0,9569,3
"Existing Customer","M",32,"$80K - $120K","Blue",15412,0,0,15412,5
"Existing Customer","M",55,"$80K - $120K","Blue",2663,1784,0.67,879,3
"Existing Customer","F",51,"Less than $40K","Blue",1438.3,1031,0.717,407.3,3
"Existing Customer","M",52,"$60K - $80K","Blue",5376,804,0.15,4572,2
"Attrited Customer","M",47,"Unknown","Blue",18873,0,0,18873,3
"Existing Customer","M",39,"$60K - $80K","Blue",5341,0,0,5341,1
"Attrited Customer","M",45,"$60K - $80K","Blue",9904,2513,0.254,7391,3
"Attrited Customer","F",43,"Less than $40K","Blue",7084,0,0,7084,3
"Attrited Customer","M",47,"$80K - $120K","Blue",7498,2319,0.309,5179,2
"Existing Customer","F",51,"$40K - $60K","Blue",5450,1674,0.307,3776,2
"Existing Customer","M",50,"$120K +","Blue",32719,1650,0.05,31069,2
"Attrited Customer","M",37,"$40K - $60K","Blue",3250,1721,0.53,1529,3
"Existing Customer","M",44,"$40K - $60K","Blue",6111,2517,0.412,3594,3
"Existing Customer","F",62,"Less than $40K","Silver",12590,931,0.074,11659,1
"Existing Customer","F",41,"$40K - $60K","Blue",1982,1068,0.539,914,1
"Existing Customer","M",39,"$60K - $80K","Silver",25133,0,0,25133,3
"Existing Customer","M",40,"$120K +","Blue",17818,1451,0.081,16367,1
"Existing Customer","M",46,"$120K +","Blue",5155,868,0.168,4287,3
"Existing Customer","F",51,"Less than $40K","Blue",6006,1576,0.262,4430,2
"Existing Customer","M",64,"Unknown","Blue",2571,1210,0.471,1361,3
"Existing Customer","M",40,"$60K - $80K","Blue",3269,1601,0.49,1668,3
"Existing Customer","M",50,"$40K - $60K","Blue",2798,1291,0.461,1507,1
"Existing Customer","F",44,"$40K - $60K","Blue",7277,0,0,7277,3
"Existing Customer","M",32,"Less than $40K","Blue",3788,1325,0.35,2463,3
"Existing Customer","M",43,"$80K - $120K","Blue",28262,1483,0.052,26779,2
"Existing Customer","F",47,"Less than $40K","Blue",2169,1330,0.613,839,2
"Existing Customer","F",43,"Less than $40K","Blue",3767,976,0.259,2791,3
"Attrited Customer","M",46,"$120K +","Blue",8989,552,0.061,8437,2
"Existing Customer","F",47,"Less than $40K","Blue",2838,2517,0.887,321,5
"Existing Customer","M",48,"Less than $40K","Blue",7199,1031,0.143,6168,3
"Existing Customer","F",44,"$40K - $60K","Blue",8495,1537,0.181,6958,1
"Existing Customer","M",40,"$80K - $120K","Silver",34516,1182,0.034,33334,2
"Existing Customer","M",46,"$80K - $120K","Blue",14164,1525,0.108,12639,1
"Existing Customer","F",50,"Unknown","Blue",3604,0,0,3604,2
"Existing Customer","F",46,"Less than $40K","Blue",1752,611,0.349,1141,1
"Existing Customer","F",43,"Less than $40K","Blue",4204,0,0,4204,3
"Existing Customer","F",42,"Less than $40K","Blue",8017,0,0,8017,3
"Existing Customer","F",43,"Less than $40K","Blue",2778,1640,0.59,1138,3
"Existing Customer","M",51,"$60K - $80K","Blue",6649,1781,0.268,4868,2
"Attrited Customer","M",40,"$60K - $80K","Blue",6813,2332,0.342,4481,2
"Existing Customer","F",40,"$40K - $60K","Blue",2797,850,0.304,1947,1
"Attrited Customer","M",45,"$60K - $80K","Blue",18004,2517,0.14,15487,2
"Existing Customer","M",47,"$80K - $120K","Blue",11242,1561,0.139,9681,2
"Existing Customer","F",26,"Unknown","Blue",10693,2517,0.235,8176,1
"Existing Customer","F",50,"Less than $40K","Blue",3026,1888,0.624,1138,3
"Existing Customer","F",37,"Less than $40K","Blue",1438.3,787,0.547,651.3,3
"Existing Customer","M",51,"$80K - $120K","Blue",34516,1046,0.03,33470,3
"Existing Customer","F",49,"$40K - $60K","Blue",12836,1034,0.081,11802,2
"Attrited Customer","F",62,"Less than $40K","Blue",1892,1604,0.848,288,3
"Existing Customer","M",37,"$80K - $120K","Blue",11277,1747,0.155,9530,2
"Existing Customer","M",54,"$60K - $80K","Blue",12815,1017,0.079,11798,3
"Existing Customer","M",44,"$120K +","Blue",24016,0,0,24016,2
"Existing Customer","M",43,"$60K - $80K","Blue",3482,1942,0.558,1540,1
"Existing Customer","F",44,"Unknown","Blue",26516,1434,0.054,25082,6
"Existing Customer","F",49,"Less than $40K","Blue",2285,1931,0.845,354,5
"Existing Customer","M",48,"$40K - $60K","Blue",9617,2035,0.212,7582,3
"Existing Customer","M",51,"$80K - $120K","Blue",34516,0,0,34516,3
"Existing Customer","F",41,"Less than $40K","Blue",2354,1909,0.811,445,1
"Existing Customer","F",41,"Less than $40K","Silver",11533,1418,0.123,10115,1
"Existing Customer","M",59,"$40K - $60K","Blue",5042,1002,0.199,4040,2
"Existing Customer","F",37,"Less than $40K","Blue",2584,1614,0.625,970,3
"Attrited Customer","F",50,"Unknown","Blue",1438.3,0,0,1438.3,3
"Existing Customer","M",47,"$40K - $60K","Blue",3402,1607,0.472,1795,3
"Attrited Customer","F",55,"$40K - $60K","Blue",1809,0,0,1809,3
"Existing Customer","M",40,"$60K - $80K","Blue",8624,0,0,8624,2
"Attrited Customer","M",48,"$80K - $120K","Blue",22917,0,0,22917,3
"Existing Customer","M",45,"$80K - $120K","Blue",18410,974,0.053,17436,2
"Existing Customer","F",29,"Unknown","Gold",34516,1452,0.042,33064,1
"Existing Customer","M",44,"$80K - $120K","Blue",34516,1259,0.036,33257,3
"Existing Customer","M",41,"$80K - $120K","Blue",10130,1449,0.143,8681,3
"Attrited Customer","F",53,"Less than $40K","Blue",3099,0,0,3099,3
"Existing Customer","M",55,"$120K +","Blue",19849,2205,0.111,17644,1
"Existing Customer","M",39,"Less than $40K","Blue",2283,1053,0.461,1230,2
"Existing Customer","M",39,"$80K - $120K","Blue",6347,569,0.09,5778,3
"Existing Customer","F",41,"Less than $40K","Blue",2758,1675,0.607,1083,2
"Attrited Customer","M",44,"$80K - $120K","Gold",34516,0,0,34516,2
"Existing Customer","M",50,"$40K - $60K","Blue",3469,0,0,3469,2
"Attrited Customer","F",45,"Less than $40K","Blue",5155,0,0,5155,4
"Existing Customer","M",52,"$120K +","Silver",34516,1230,0.036,33286,2
"Existing Customer","M",50,"$60K - $80K","Blue",4092,996,0.243,3096,1
"Existing Customer","M",52,"$80K - $120K","Blue",4675,0,0,4675,3
"Existing Customer","F",43,"$40K - $60K","Blue",2297,1044,0.455,1253,3
"Attrited Customer","F",38,"Unknown","Blue",5260,1706,0.324,3554,3
"Existing Customer","M",51,"$80K - $120K","Blue",3458,1989,0.575,1469,3
"Existing Customer","M",59,"$60K - $80K","Blue",3943,2517,0.638,1426,2
"Existing Customer","F",52,"$40K - $60K","Blue",3028,2258,0.746,770,3
"Existing Customer","F",49,"Unknown","Blue",1438.3,0,0,1438.3,3
"Existing Customer","F",47,"Less than $40K","Silver",11884,1339,0.113,10545,3
"Existing Customer","M",43,"$120K +","Silver",34516,1844,0.053,32672,2
"Existing Customer","M",47,"$80K - $120K","Blue",26058,1664,0.064,24394,3
"Existing Customer","F",47,"Less than $40K","Blue",2808,2264,0.806,544,3
"Existing Customer","F",42,"Less than $40K","Blue",1874,1341,0.716,533,3
"Existing Customer","M",35,"$80K - $120K","Silver",34516,0,0,34516,3
"Existing Customer","M",61,"$60K - $80K","Blue",11236,576,0.051,10660,2
"Existing Customer","M",42,"$80K - $120K","Blue",6380,1238,0.194,5142,1
"Existing Customer","M",52,"$120K +","Blue",34516,761,0.022,33755,2
"Existing Customer","F",35,"Less than $40K","Blue",2664,0,0,2664,3
"Existing Customer","M",50,"$80K - $120K","Blue",1645,0,0,1645,3
"Existing Customer","M",40,"$60K - $80K","Blue",5797,1779,0.307,4018,3
"Existing Customer","M",45,"$60K - $80K","Blue",21721,1247,0.057,20474,2
"Existing Customer","M",45,"$60K - $80K","Silver",31756,1459,0.046,30297,2
"Existing Customer","M",43,"$80K - $120K","Blue",8333,774,0.093,7559,2
"Attrited Customer","F",41,"Less than $40K","Blue",2067,1966,0.951,101,3
"Attrited Customer","F",38,"Unknown","Blue",2214,570,0.257,1644,2
"Attrited Customer","F",38,"Less than $40K","Blue",3775,0,0,3775,3
"Existing Customer","M",41,"$80K - $120K","Blue",4388,1519,0.346,2869,3
"Existing Customer","F",64,"Unknown","Blue",4100,863,0.21,3237,2
"Existing Customer","F",46,"Less than $40K","Blue",5157,1485,0.288,3672,2
"Existing Customer","M",61,"$40K - $60K","Silver",15939,0,0,15939,3
"Existing Customer","F",46,"Unknown","Blue",9216,2059,0.223,7157,1
"Existing Customer","F",32,"Unknown","Blue",3413,2517,0.737,896,2
"Existing Customer","M",43,"$80K - $120K","Blue",20348,1732,0.085,18616,2
"Existing Customer","F",34,"Less than $40K","Blue",5015,1671,0.333,3344,1
"Existing Customer","F",54,"Less than $40K","Blue",2440,1083,0.444,1357,1
"Existing Customer","F",45,"Less than $40K","Blue",4948,1655,0.334,3293,1
"Existing Customer","F",49,"Less than $40K","Blue",2468,0,0,2468,3
"Attrited Customer","M",42,"$60K - $80K","Blue",11328,1369,0.121,9959,3
"Existing Customer","F",49,"Less than $40K","Blue",1438.3,710,0.494,728.3,1
"Existing Customer","M",38,"$60K - $80K","Silver",34516,1566,0.045,32950,3
"Existing Customer","F",51,"Less than $40K","Blue",3183,1358,0.427,1825,3
"Attrited Customer","M",38,"$60K - $80K","Blue",1438.3,0,0,1438.3,3
"Existing Customer","M",47,"$80K - $120K","Blue",12945,1582,0.122,11363,3
"Existing Customer","M",51,"$60K - $80K","Blue",2458,0,0,2458,3
"Existing Customer","M",40,"$80K - $120K","Silver",34516,2183,0.063,32333,3
"Existing Customer","M",44,"$80K - $120K","Blue",2617,2517,0.962,100,1
"Existing Customer","M",40,"$40K - $60K","Blue",6500,2025,0.312,4475,1
"Existing Customer","M",60,"$80K - $120K","Blue",24528,2396,0.098,22132,3
"Existing Customer","M",49,"$60K - $80K","Blue",15898,0,0,15898,3
"Attrited Customer","F",54,"Less than $40K","Blue",8516,0,0,8516,4
"Existing Customer","F",50,"Less than $40K","Silver",10062,1149,0.114,8913,2
"Existing Customer","M",51,"$60K - $80K","Blue",9589,628,0.065,8961,3
"Existing Customer","F",44,"Unknown","Blue",5826,0,0,5826,3
"Existing Customer","F",48,"Less than $40K","Blue",3521,672,0.191,2849,1
"Existing Customer","M",53,"$60K - $80K","Blue",8386,2375,0.283,6011,3
"Existing Customer","F",42,"Unknown","Blue",15449,0,0,15449,3
"Existing Customer","F",44,"Less than $40K","Blue",7323,0,0,7323,2
"Attrited Customer","F",45,"Less than $40K","Blue",8924,0,0,8924,2
"Existing Customer","F",52,"Less than $40K","Blue",1438.3,783,0.544,655.3,3
"Existing Customer","F",48,"$40K - $60K","Silver",18965,2262,0.119,16703,3
"Existing Customer","M",57,"$80K - $120K","Blue",7976,585,0.073,7391,1
"Existing Customer","F",47,"Unknown","Blue",3054,1862,0.61,1192,1
"Existing Customer","M",53,"$120K +","Blue",10620,2090,0.197,8530,2
"Attrited Customer","M",61,"$40K - $60K","Blue",3984,2245,0.564,1739,5
"Existing Customer","M",65,"$40K - $60K","Blue",2507,1613,0.643,894,2
"Existing Customer","M",43,"$40K - $60K","Blue",7599,1100,0.145,6499,3
"Existing Customer","M",40,"$120K +","Blue",31954,2297,0.072,29657,2
"Existing Customer","M",40,"$60K - $80K","Blue",19666,1180,0.06,18486,3
"Existing Customer","M",39,"$40K - $60K","Blue",6628,1735,0.262,4893,3
"Existing Customer","M",39,"$60K - $80K","Blue",13049,943,0.072,12106,3
"Attrited Customer","F",45,"Less than $40K","Blue",3036,2517,0.829,519,3
"Existing Customer","M",48,"$60K - $80K","Blue",16575,0,0,16575,3
"Existing Customer","M",38,"$60K - $80K","Blue",23391,1977,0.085,21414,3
"Existing Customer","M",51,"$120K +","Blue",23898,0,0,23898,1
"Existing Customer","F",47,"Less than $40K","Blue",4944,1151,0.233,3793,3
"Existing Customer","F",48,"Less than $40K","Blue",6921,1023,0.148,5898,3
"Existing Customer","M",47,"$80K - $120K","Blue",18026,755,0.042,17271,1
"Existing Customer","F",45,"Less than $40K","Blue",5216,1519,0.291,3697,4
"Existing Customer","F",65,"Less than $40K","Blue",7699,1758,0.228,5941,5
"Existing Customer","M",49,"Less than $40K","Blue",7232,1830,0.253,5402,1
"Existing Customer","F",61,"Unknown","Blue",8476,0,0,8476,2
"Existing Customer","M",51,"$120K +","Blue",25837,1812,0.07,24025,1
"Existing Customer","M",48,"$80K - $120K","Blue",1536,1017,0.662,519,1
"Existing Customer","F",44,"Less than $40K","Blue",4453,973,0.219,3480,3
"Existing Customer","M",45,"$120K +","Blue",34516,880,0.025,33636,2
"Existing Customer","F",49,"Less than $40K","Blue",4389,981,0.224,3408,2
"Existing Customer","F",38,"Unknown","Blue",13429,1246,0.093,12183,2
"Existing Customer","F",42,"Less than $40K","Blue",1840,1565,0.851,275,3
"Existing Customer","M",44,"$80K - $120K","Blue",17846,1568,0.088,16278,2
"Existing Customer","F",46,"Less than $40K","Blue",9013,0,0,9013,1
"Existing Customer","F",40,"Unknown","Blue",18862,2105,0.112,16757,2
"Existing Customer","F",50,"Unknown","Blue",3230,1172,0.363,2058,3
"Existing Customer","M",46,"Less than $40K","Blue",7958,1559,0.196,6399,3
"Existing Customer","M",35,"$40K - $60K","Blue",5619,1504,0.268,4115,3
"Existing Customer","M",49,"$60K - $80K","Blue",4854,1212,0.25,3642,1
"Attrited Customer","F",62,"$40K - $60K","Blue",3807,2517,0.661,1290,5
"Existing Customer","F",45,"$40K - $60K","Blue",2529,1654,0.654,875,1
"Attrited Customer","M",45,"$60K - $80K","Blue",4097,655,0.16,3442,5
"Existing Customer","M",56,"Less than $40K","Blue",3057,1077,0.352,1980,2
"Existing Customer","F",58,"Less than $40K","Blue",1957,1152,0.589,805,1
"Existing Customer","F",51,"Less than $40K","Blue",2941,655,0.223,2286,1
"Attrited Customer","M",38,"$60K - $80K","Blue",11252,1129,0.1,10123,2
"Existing Customer","M",39,"$60K - $80K","Blue",24534,1475,0.06,23059,1
"Attrited Customer","M",43,"$120K +","Blue",33384,0,0,33384,3
"Existing Customer","F",44,"Less than $40K","Blue",2232,2002,0.897,230,2
"Existing Customer","F",40,"Less than $40K","Blue",7582,1942,0.256,5640,1
"Existing Customer","M",49,"$80K - $120K","Blue",13884,1204,0.087,12680,2
"Attrited Customer","F",64,"Less than $40K","Blue",6167,0,0,6167,1
"Existing Customer","F",49,"Unknown","Blue",11545,1732,0.15,9813,2
"Existing Customer","F",47,"$40K - $60K","Blue",2872,2517,0.876,355,3
"Attrited Customer","F",44,"Unknown","Blue",5666,2386,0.421,3280,3
"Existing Customer","M",64,"Less than $40K","Blue",4417,0,0,4417,3
"Existing Customer","F",48,"Less than $40K","Blue",2991,1508,0.504,1483,3
"Existing Customer","F",52,"Less than $40K","Silver",13109,1375,0.105,11734,2
"Existing Customer","F",57,"Less than $40K","Blue",5443,1889,0.347,3554,2
"Existing Customer","M",65,"Less than $40K","Blue",2717,0,0,2717,1
"Existing Customer","M",52,"$60K - $80K","Blue",2628,2195,0.835,433,3
"Existing Customer","M",42,"$80K - $120K","Blue",16054,0,0,16054,1
"Existing Customer","M",37,"$40K - $60K","Blue",3216,0,0,3216,3
"Attrited Customer","F",53,"Less than $40K","Blue",1438.3,0,0,1438.3,3
"Existing Customer","F",46,"Unknown","Blue",12295,1292,0.105,11003,1
"Existing Customer","F",55,"Unknown","Blue",5794,0,0,5794,1
"Existing Customer","F",51,"Less than $40K","Blue",1858,925,0.498,933,3
"Existing Customer","F",35,"Less than $40K","Blue",2593,1660,0.64,933,2
"Existing Customer","M",41,"$60K - $80K","Blue",12420,0,0,12420,3
"Existing Customer","M",41,"$60K - $80K","Blue",2775,1664,0.6,1111,3
"Attrited Customer","F",43,"Less than $40K","Blue",2886,0,0,2886,3
"Existing Customer","M",45,"$40K - $60K","Blue",7037,0,0,7037,4
"Existing Customer","F",44,"Less than $40K","Blue",7065,990,0.14,6075,3
"Attrited Customer","F",63,"Less than $40K","Blue",1896,0,0,1896,3
"Existing Customer","M",46,"$60K - $80K","Blue",11634,0,0,11634,2
"Attrited Customer","F",51,"Less than $40K","Platinum",15987,193,0.012,15794,2
"Attrited Customer","F",44,"Unknown","Blue",13735,1733,0.126,12002,3
"Existing Customer","M",58,"$40K - $60K","Blue",3880,2517,0.649,1363,2
"Existing Customer","F",38,"Less than $40K","Blue",6899,0,0,6899,1
"Existing Customer","M",50,"$60K - $80K","Blue",6508,2276,0.35,4232,1
"Existing Customer","F",46,"Less than $40K","Blue",5090,1650,0.324,3440,3
"Attrited Customer","M",47,"$120K +","Blue",7015,0,0,7015,4
"Existing Customer","M",51,"$120K +","Blue",30560,0,0,30560,2
"Attrited Customer","M",49,"$80K - $120K","Blue",4384,0,0,4384,3
"Existing Customer","F",47,"Less than $40K","Blue",2950,2000,0.678,950,1
"Attrited Customer","M",49,"$60K - $80K","Blue",1511,0,0,1511,3
"Attrited Customer","F",49,"Unknown","Blue",4946,0,0,4946,3
"Existing Customer","F",54,"Less than $40K","Blue",7477,1960,0.262,5517,3
"Attrited Customer","M",57,"$60K - $80K","Silver",32182,0,0,32182,3
"Existing Customer","M",47,"$60K - $80K","Blue",5715,1214,0.212,4501,1
"Existing Customer","F",49,"$40K - $60K","Blue",9595,509,0.053,9086,3
"Existing Customer","M",37,"$60K - $80K","Blue",21952,1600,0.073,20352,2
"Existing Customer","F",45,"Less than $40K","Blue",2606,1978,0.759,628,3
"Existing Customer","M",50,"$80K - $120K","Blue",2826,1741,0.616,1085,1
"Existing Customer","F",45,"Less than $40K","Blue",1438.3,0,0,1438.3,3
"Attrited Customer","F",42,"$40K - $60K","Blue",5667,812,0.143,4855,3
"Existing Customer","M",45,"$80K - $120K","Blue",6366,1344,0.211,5022,2
"Existing Customer","M",41,"$60K - $80K","Blue",2122,1189,0.56,933,2
"Existing Customer","F",44,"Less than $40K","Blue",1687,1290,0.765,397,2
"Existing Customer","M",41,"$80K - $120K","Blue",14320,0,0,14320,2
"Existing Customer","F",53,"Less than $40K","Blue",5972,1885,0.316,4087,3
"Existing Customer","F",43,"Less than $40K","Blue",8771,1662,0.189,7109,2
"Existing Customer","F",64,"Less than $40K","Blue",7112,1358,0.191,5754,1
"Existing Customer","M",46,"$40K - $60K","Blue",7333,875,0.119,6458,2
"Existing Customer","F",37,"Less than $40K","Blue",2001,1366,0.683,635,1
"Existing Customer","F",46,"Less than $40K","Blue",1438.3,639,0.444,799.3,2
"Existing Customer","M",48,"$80K - $120K","Blue",34516,1416,0.041,33100,2
"Existing Customer","M",48,"$40K - $60K","Blue",4207,1921,0.457,2286,3
"Existing Customer","F",38,"Less than $40K","Blue",1555,986,0.634,569,3
"Existing Customer","M",44,"$120K +","Blue",34516,1344,0.039,33172,2
"Attrited Customer","M",55,"$80K - $120K","Blue",6846,0,0,6846,3
"Existing Customer","M",50,"$40K - $60K","Blue",2071,1035,0.5,1036,1
"Attrited Customer","M",43,"$80K - $120K","Blue",11336,0,0,11336,2
"Existing Customer","M",55,"$60K - $80K","Blue",15221,1166,0.077,14055,3
"Attrited Customer","M",47,"$80K - $120K","Blue",21359,0,0,21359,3
"Existing Customer","M",42,"$80K - $120K","Blue",19366,1592,0.082,17774,3
"Existing Customer","M",41,"$60K - $80K","Blue",2243,1944,0.867,299,2
"Existing Customer","F",56,"Less than $40K","Blue",2923,1934,0.662,989,2
"Existing Customer","F",50,"$40K - $60K","Blue",7853,1343,0.171,6510,2
"Existing Customer","M",41,"$40K - $60K","Silver",16386,2236,0.136,14150,3
"Existing Customer","F",48,"Unknown","Blue",11164,859,0.077,10305,2
"Existing Customer","F",49,"Less than $40K","Blue",2960,1835,0.62,1125,3
"Existing Customer","M",41,"$120K +","Blue",10816,871,0.081,9945,3
"Existing Customer","F",37,"Less than $40K","Blue",2917,2216,0.76,701,1
"Existing Customer","F",44,"Less than $40K","Blue",2568,1603,0.624,965,3
"Existing Customer","F",44,"Less than $40K","Blue",4539,2053,0.452,2486,3
"Attrited Customer","M",48,"$80K - $120K","Blue",4806,1357,0.282,3449,3
"Existing Customer","F",65,"Unknown","Blue",2025,1701,0.84,324,3
"Existing Customer","M",54,"$80K - $120K","Blue",6249,2517,0.403,3732,1
"Existing Customer","F",48,"Less than $40K","Blue",1686,1271,0.754,415,6
"Existing Customer","M",41,"$80K - $120K","Blue",10239,2224,0.217,8015,3
"Existing Customer","F",43,"Less than $40K","Blue",4284,1094,0.255,3190,3
"Existing Customer","F",46,"Less than $40K","Blue",2601,1604,0.617,997,1
"Existing Customer","F",47,"Less than $40K","Blue",1738,0,0,1738,2
"Attrited Customer","F",42,"$40K - $60K","Blue",4527,0,0,4527,3
"Existing Customer","M",42,"$80K - $120K","Silver",34516,1934,0.056,32582,2
"Existing Customer","M",47,"Less than $40K","Blue",3532,0,0,3532,2
"Existing Customer","F",50,"Unknown","Blue",4846,2490,0.514,2356,2
"Existing Customer","F",43,"Less than $40K","Silver",11392,0,0,11392,2
"Existing Customer","M",49,"$60K - $80K","Blue",22036,1560,0.071,20476,3
"Existing Customer","F",43,"Less than $40K","Blue",2772,1782,0.643,990,3
"Existing Customer","M",52,"$80K - $120K","Blue",7474,2444,0.327,5030,2
"Existing Customer","M",40,"$80K - $120K","Blue",34516,1501,0.043,33015,2
"Existing Customer","M",46,"$60K - $80K","Blue",11117,0,0,11117,3
"Existing Customer","F",47,"Unknown","Blue",10714,2407,0.225,8307,3
"Existing Customer","M",60,"$40K - $60K","Blue",5420,0,0,5420,3
"Existing Customer","F",38,"Less than $40K","Blue",2652,2496,0.941,156,1
"Existing Customer","M",51,"$40K - $60K","Blue",6492,719,0.111,5773,3
"Existing Customer","F",62,"$40K - $60K","Blue",11352,2517,0.222,8835,2
"Existing Customer","F",52,"Unknown","Blue",3167,1387,0.438,1780,1
"Existing Customer","M",41,"Less than $40K","Blue",7015,918,0.131,6097,3
"Existing Customer","M",48,"$120K +","Blue",34516,1639,0.047,32877,2
"Existing Customer","M",43,"$80K - $120K","Blue",3244,2260,0.697,984,1
"Existing Customer","F",51,"Less than $40K","Blue",2431,0,0,2431,2
"Existing Customer","F",42,"Less than $40K","Blue",3050,1824,0.598,1226,4
"Existing Customer","F",54,"Less than $40K","Blue",2191,1655,0.755,536,1
"Existing Customer","F",52,"Less than $40K","Blue",5677,1403,0.247,4274,3
"Existing Customer","F",48,"Less than $40K","Blue",4176,1248,0.299,2928,4
"Existing Customer","M",40,"Less than $40K","Blue",2577,1812,0.703,765,1
"Existing Customer","M",65,"$40K - $60K","Blue",3305,1909,0.578,1396,4
"Existing Customer","M",47,"$60K - $80K","Blue",9261,1605,0.173,7656,3
"Existing Customer","F",64,"$40K - $60K","Blue",1564,0,0,1564,2
"Existing Customer","F",50,"$40K - $60K","Blue",12740,1173,0.092,11567,3
"Existing Customer","F",57,"Unknown","Silver",34516,1698,0.049,32818,3
"Attrited Customer","M",58,"$80K - $120K","Blue",3091,2517,0.814,574,2
"Existing Customer","F",39,"$40K - $60K","Blue",3812,1103,0.289,2709,3
"Attrited Customer","F",54,"Unknown","Blue",3778,0,0,3778,3
"Existing Customer","M",58,"$120K +","Blue",12698,2361,0.186,10337,2
"Attrited Customer","F",41,"Unknown","Blue",26229,0,0,26229,2
"Existing Customer","F",51,"$40K - $60K","Blue",8346,1452,0.174,6894,3
"Existing Customer","M",52,"$80K - $120K","Blue",5395,2084,0.386,3311,4
"Existing Customer","M",58,"$60K - $80K","Blue",1490,1069,0.717,421,1
"Existing Customer","M",42,"$80K - $120K","Blue",18274,1623,0.089,16651,2
"Existing Customer","F",62,"$40K - $60K","Blue",4409,785,0.178,3624,1
"Existing Customer","M",45,"$80K - $120K","Blue",7560,788,0.104,6772,4
"Existing Customer","M",53,"$120K +","Blue",20783,1257,0.06,19526,2
"Existing Customer","F",53,"$40K - $60K","Blue",6188,2517,0.407,3671,4
"Existing Customer","M",50,"$120K +","Blue",27876,557,0.02,27319,3
"Existing Customer","F",44,"Less than $40K","Blue",1924,1471,0.765,453,2
"Attrited Customer","M",40,"$80K - $120K","Blue",29149,0,0,29149,3
"Attrited Customer","F",55,"Less than $40K","Blue",1438.3,0,0,1438.3,4
"Existing Customer","F",50,"Less than $40K","Blue",3160,1180,0.373,1980,4
"Existing Customer","F",38,"$40K - $60K","Blue",1438.3,0,0,1438.3,2
"Existing Customer","M",45,"$60K - $80K","Blue",1438.3,0,0,1438.3,3
"Attrited Customer","F",40,"Less than $40K","Blue",1535,0,0,1535,3
"Existing Customer","F",55,"$40K - $60K","Blue",1438.3,696,0.484,742.3,4
"Existing Customer","F",49,"Less than $40K","Blue",2331,1798,0.771,533,2
"Existing Customer","F",43,"$40K - $60K","Blue",8156,0,0,8156,2
"Existing Customer","F",47,"Less than $40K","Blue",8109,541,0.067,7568,2
"Existing Customer","F",43,"Less than $40K","Blue",5853,1190,0.203,4663,4
"Attrited Customer","F",48,"Less than $40K","Blue",5997,0,0,5997,3
"Existing Customer","M",51,"$60K - $80K","Blue",10824,0,0,10824,3
"Existing Customer","M",47,"$60K - $80K","Blue",9300,769,0.083,8531,1
"Existing Customer","F",51,"$40K - $60K","Blue",5351,0,0,5351,1
"Existing Customer","F",49,"Less than $40K","Blue",2097,1250,0.596,847,2
"Existing Customer","F",53,"Less than $40K","Blue",2266,0,0,2266,4
"Existing Customer","M",55,"$80K - $120K","Blue",13598,852,0.063,12746,2
"Attrited Customer","F",46,"$40K - $60K","Blue",1803,0,0,1803,2
"Existing Customer","F",50,"Less than $40K","Blue",6292,0,0,6292,1
"Existing Customer","M",65,"Unknown","Blue",23566,1670,0.071,21896,3
"Existing Customer","F",51,"Less than $40K","Blue",1765,1487,0.842,278,4
"Existing Customer","M",46,"$80K - $120K","Blue",4964,2316,0.467,2648,2
"Existing Customer","M",42,"$60K - $80K","Blue",3741,0,0,3741,3
"Existing Customer","F",49,"Unknown","Silver",31631,0,0,31631,2
"Existing Customer","M",40,"$80K - $120K","Blue",5014,1887,0.376,3127,2
"Existing Customer","F",45,"Less than $40K","Blue",2484,1543,0.621,941,4
"Existing Customer","M",65,"Less than $40K","Blue",7636,0,0,7636,3
"Existing Customer","M",46,"$80K - $120K","Blue",11096,0,0,11096,3
"Existing Customer","F",47,"Unknown","Blue",25027,1501,0.06,23526,1
"Existing Customer","M",44,"$120K +","Blue",27391,587,0.021,26804,4
"Attrited Customer","F",58,"Unknown","Blue",3266,859,0.263,2407,5
"Attrited Customer","M",50,"$60K - $80K","Blue",7050,1008,0.143,6042,4
"Existing Customer","F",54,"Less than $40K","Blue",2704,789,0.292,1915,2
"Existing Customer","M",40,"$80K - $120K","Blue",11721,1175,0.1,10546,3
"Existing Customer","F",49,"Less than $40K","Blue",2432,0,0,2432,3
"Attrited Customer","F",39,"$40K - $60K","Silver",15142,0,0,15142,0
"Existing Customer","F",51,"Less than $40K","Blue",1936,0,0,1936,2
"Existing Customer","F",64,"Less than $40K","Blue",1829,0,0,1829,2
"Existing Customer","F",43,"Less than $40K","Blue",2786,1793,0.644,993,3
"Existing Customer","F",38,"Unknown","Blue",19595,610,0.031,18985,1
"Existing Customer","M",44,"$60K - $80K","Blue",3828,1146,0.299,2682,4
"Existing Customer","M",46,"$80K - $120K","Blue",4786,0,0,4786,1
"Existing Customer","M",44,"$80K - $120K","Blue",22143,730,0.033,21413,3
"Existing Customer","M",44,"$80K - $120K","Blue",7150,1887,0.264,5263,1
"Existing Customer","M",63,"$60K - $80K","Silver",25502,1450,0.057,24052,4
"Attrited Customer","M",40,"$60K - $80K","Blue",20178,1553,0.077,18625,4
"Existing Customer","F",46,"Less than $40K","Blue",5258,1994,0.379,3264,2
"Attrited Customer","F",47,"Less than $40K","Blue",1561,0,0,1561,3
"Existing Customer","M",43,"$60K - $80K","Blue",11550,1505,0.13,10045,2
"Attrited Customer","M",58,"$120K +","Blue",28618,0,0,28618,3
"Existing Customer","M",47,"$60K - $80K","Blue",6623,1823,0.275,4800,2
"Attrited Customer","M",49,"$120K +","Blue",8136,2517,0.309,5619,4
"Existing Customer","M",42,"$120K +","Blue",19156,1353,0.071,17803,1
"Existing Customer","F",55,"Less than $40K","Blue",7982,897,0.112,7085,2
"Attrited Customer","F",45,"Unknown","Blue",3120,2517,0.807,603,2
"Existing Customer","F",60,"$40K - $60K","Blue",4606,0,0,4606,1
"Existing Customer","F",48,"Less than $40K","Blue",2005,1143,0.57,862,3
"Existing Customer","M",50,"$40K - $60K","Blue",9949,1597,0.161,8352,3
"Attrited Customer","F",41,"Less than $40K","Blue",2892,2517,0.87,375,2
"Existing Customer","F",51,"Less than $40K","Blue",7093,918,0.129,6175,3
"Existing Customer","M",47,"$60K - $80K","Blue",1896,1119,0.59,777,4
"Existing Customer","M",47,"$60K - $80K","Blue",3569,1030,0.289,2539,2
"Existing Customer","F",41,"$40K - $60K","Blue",4663,0,0,4663,2
"Existing Customer","F",55,"Unknown","Blue",2553,1823,0.714,730,6
"Existing Customer","M",38,"$40K - $60K","Blue",5362,1110,0.207,4252,1
"Existing Customer","F",41,"Less than $40K","Blue",2873,1247,0.434,1626,6
"Existing Customer","M",40,"$80K - $120K","Blue",7840,0,0,7840,4
"Existing Customer","F",43,"Less than $40K","Blue",2209,0,0,2209,3
"Existing Customer","F",36,"Less than $40K","Blue",1971,0,0,1971,2
"Existing Customer","F",48,"Less than $40K","Blue",1438.3,665,0.462,773.3,3
"Existing Customer","F",41,"$40K - $60K","Blue",6230,1173,0.188,5057,3
"Existing Customer","F",47,"$40K - $60K","Blue",2636,1589,0.603,1047,1
"Existing Customer","M",44,"$80K - $120K","Blue",22243,1377,0.062,20866,3
"Existing Customer","F",50,"Less than $40K","Blue",2855,527,0.185,2328,2
"Existing Customer","F",46,"Less than $40K","Blue",7578,1794,0.237,5784,3
"Existing Customer","F",47,"Unknown","Blue",8440,2087,0.247,6353,4
"Existing Customer","M",53,"$80K - $120K","Blue",4186,0,0,4186,3
"Existing Customer","M",44,"$80K - $120K","Blue",22074,0,0,22074,4
"Attrited Customer","M",46,"$80K - $120K","Blue",17667,0,0,17667,2
"Existing Customer","M",39,"$120K +","Blue",26548,1829,0.069,24719,2
"Existing Customer","M",51,"$60K - $80K","Blue",3532,764,0.216,2768,3
"Existing Customer","F",45,"Unknown","Blue",8795,2517,0.286,6278,4
"Existing Customer","F",49,"Less than $40K","Blue",2162,1882,0.87,280,3
"Attrited Customer","M",47,"$120K +","Blue",34516,1126,0.033,33390,2
"Existing Customer","F",53,"Unknown","Gold",34516,2374,0.069,32142,1
"Attrited Customer","M",44,"$80K - $120K","Silver",34516,2361,0.068,32155,3
"Existing Customer","M",41,"$120K +","Blue",3491,2506,0.718,985,1
"Existing Customer","F",52,"Less than $40K","Blue",6060,1687,0.278,4373,3
"Existing Customer","F",48,"Unknown","Blue",7860,0,0,7860,4
"Attrited Customer","M",48,"$80K - $120K","Blue",25190,0,0,25190,2
"Existing Customer","M",50,"$60K - $80K","Blue",13911,2160,0.155,11751,2
"Existing Customer","M",51,"$60K - $80K","Blue",2281,1751,0.768,530,4
"Existing Customer","M",43,"$60K - $80K","Blue",5652,548,0.097,5104,3
"Attrited Customer","F",44,"Less than $40K","Blue",1606,1578,0.983,28,2
"Existing Customer","F",45,"Unknown","Blue",2777,2118,0.763,659,4
"Existing Customer","M",40,"$60K - $80K","Blue",2223,597,0.269,1626,4
"Existing Customer","M",48,"$40K - $60K","Blue",2916,1074,0.368,1842,1
"Existing Customer","M",45,"$120K +","Blue",16476,1374,0.083,15102,4
"Existing Customer","F",44,"Less than $40K","Blue",9598,1092,0.114,8506,2
"Existing Customer","M",42,"$60K - $80K","Blue",18570,1892,0.102,16678,2
"Attrited Customer","F",54,"Less than $40K","Silver",13626,0,0,13626,2
"Existing Customer","F",29,"Less than $40K","Blue",2298,0,0,2298,3
"Existing Customer","F",40,"Unknown","Blue",9191,1666,0.181,7525,2
"Existing Customer","F",58,"Less than $40K","Blue",1438.3,818,0.569,620.3,3
"Existing Customer","F",50,"Unknown","Blue",4181,0,0,4181,4
"Existing Customer","M",48,"$40K - $60K","Blue",2592,0,0,2592,1
"Existing Customer","F",51,"Less than $40K","Blue",7540,773,0.103,6767,3
"Existing Customer","F",43,"Less than $40K","Blue",1477,0,0,1477,4
"Existing Customer","F",58,"Less than $40K","Blue",2628,1542,0.587,1086,2
"Existing Customer","M",46,"$80K - $120K","Blue",8916,0,0,8916,2
"Existing Customer","F",52,"Unknown","Blue",1481,0,0,1481,1
"Existing Customer","F",44,"Less than $40K","Blue",1555,0,0,1555,2
"Attrited Customer","M",45,"Less than $40K","Blue",8580,1636,0.191,6944,3
"Existing Customer","F",48,"$40K - $60K","Silver",21163,2517,0.119,18646,1
"Existing Customer","F",39,"Less than $40K","Blue",2936,0,0,2936,3
"Existing Customer","F",56,"Less than $40K","Blue",1438.3,0,0,1438.3,3
"Attrited Customer","M",54,"$60K - $80K","Silver",30540,0,0,30540,3
"Existing Customer","M",47,"$60K - $80K","Blue",7357,1069,0.145,6288,1
"Existing Customer","F",44,"Less than $40K","Silver",11879,0,0,11879,3
"Existing Customer","M",52,"$80K - $120K","Blue",21877,1073,0.049,20804,1
"Existing Customer","M",42,"$60K - $80K","Blue",7255,0,0,7255,3
"Existing Customer","F",55,"Less than $40K","Blue",6394,0,0,6394,1
"Attrited Customer","M",49,"$80K - $120K","Blue",34516,2517,0.073,31999,2
"Existing Customer","M",38,"$60K - $80K","Blue",5597,1118,0.2,4479,3
"Existing Customer","M",42,"$80K - $120K","Blue",32535,0,0,32535,2
"Attrited Customer","F",38,"Less than $40K","Blue",4391,1933,0.44,2458,2
"Existing Customer","M",46,"$40K - $60K","Blue",8738,1172,0.134,7566,1
"Existing Customer","F",42,"Less than $40K","Blue",1592,0,0,1592,6
"Existing Customer","M",65,"Less than $40K","Blue",3675,0,0,3675,3
"Attrited Customer","M",48,"$120K +","Blue",24593,0,0,24593,4
"Existing Customer","F",55,"Unknown","Blue",7613,0,0,7613,2
"Attrited Customer","M",45,"$120K +","Blue",26107,0,0,26107,4
"Attrited Customer","F",53,"Less than $40K","Blue",4287,0,0,4287,2
"Existing Customer","M",57,"$60K - $80K","Blue",9843,1273,0.129,8570,3
"Existing Customer","M",50,"$60K - $80K","Blue",10733,783,0.073,9950,1
"Existing Customer","M",41,"$80K - $120K","Blue",3460,955,0.276,2505,2
"Existing Customer","F",46,"Less than $40K","Blue",1996,1544,0.774,452,1
"Existing Customer","M",49,"$60K - $80K","Blue",5536,756,0.137,4780,2
"Existing Customer","F",31,"Unknown","Blue",1469,0,0,1469,3
"Existing Customer","M",54,"$120K +","Blue",5597,0,0,5597,1
"Attrited Customer","F",51,"Less than $40K","Blue",8960,2222,0.248,6738,3
"Existing Customer","M",52,"$60K - $80K","Blue",5693,0,0,5693,2
"Existing Customer","M",43,"Less than $40K","Blue",4098,1776,0.433,2322,1
"Existing Customer","M",44,"$80K - $120K","Blue",18358,1044,0.057,17314,3
"Existing Customer","M",44,"$40K - $60K","Blue",2337,1442,0.617,895,1
"Attrited Customer","M",51,"$60K - $80K","Blue",8989,0,0,8989,3
"Existing Customer","F",51,"Less than $40K","Blue",2124,1426,0.671,698,2
"Existing Customer","F",55,"Less than $40K","Blue",3968,1374,0.346,2594,3
"Existing Customer","M",42,"$40K - $60K","Blue",2793,1661,0.595,1132,2
"Existing Customer","M",53,"$60K - $80K","Blue",13513,1495,0.111,12018,2
"Existing Customer","M",43,"$80K - $120K","Blue",16351,1541,0.094,14810,3
"Existing Customer","M",51,"$60K - $80K","Blue",9619,1731,0.18,7888,2
"Existing Customer","M",56,"$80K - $120K","Blue",19030,912,0.048,18118,2
"Existing Customer","F",44,"Less than $40K","Blue",2107,0,0,2107,1
"Existing Customer","F",55,"Less than $40K","Blue",2517,1257,0.499,1260,3
"Existing Customer","F",41,"$40K - $60K","Blue",3179,1229,0.387,1950,2
"Existing Customer","F",48,"Less than $40K","Blue",3968,935,0.236,3033,1
"Existing Customer","M",45,"$60K - $80K","Blue",5065,1362,0.269,3703,3
"Attrited Customer","F",65,"Less than $40K","Silver",10885,1758,0.162,9127,4
"Attrited Customer","M",46,"$80K - $120K","Blue",1438.3,864,0.601,574.3,2
"Existing Customer","M",52,"$60K - $80K","Blue",10817,1142,0.106,9675,2
"Existing Customer","F",65,"Unknown","Blue",13666,0,0,13666,2
"Existing Customer","M",49,"$80K - $120K","Blue",2149,1796,0.836,353,1
"Attrited Customer","F",50,"$40K - $60K","Blue",7191,0,0,7191,1
"Existing Customer","F",52,"Less than $40K","Blue",2155,1219,0.566,936,2
"Existing Customer","F",42,"Unknown","Blue",5395,1439,0.267,3956,3
"Existing Customer","F",50,"Less than $40K","Blue",3222,1422,0.441,1800,2
"Existing Customer","F",27,"Less than $40K","Blue",2042,1567,0.767,475,2
"Attrited Customer","F",37,"Less than $40K","Blue",1610,0,0,1610,3
"Existing Customer","F",42,"Less than $40K","Blue",3809,1165,0.306,2644,2
"Existing Customer","F",43,"Less than $40K","Blue",5544,1095,0.198,4449,1
"Existing Customer","F",37,"Less than $40K","Blue",2388,1708,0.715,680,3
"Existing Customer","F",49,"Less than $40K","Blue",2473,1263,0.511,1210,1
"Existing Customer","M",42,"$40K - $60K","Blue",13103,1809,0.138,11294,3
"Existing Customer","F",48,"$40K - $60K","Blue",2465,1128,0.458,1337,1
"Existing Customer","F",52,"$40K - $60K","Blue",6081,989,0.163,5092,2
"Existing Customer","M",45,"$60K - $80K","Blue",21815,0,0,21815,1
"Existing Customer","M",49,"$80K - $120K","Silver",34516,2386,0.069,32130,3
"Attrited Customer","M",38,"$40K - $60K","Blue",3458,321,0.093,3137,2
"Existing Customer","F",50,"$40K - $60K","Blue",8264,2057,0.249,6207,3
"Attrited Customer","F",65,"Less than $40K","Blue",1697,377,0.222,1320,4
"Existing Customer","M",50,"$40K - $60K","Blue",3069,1881,0.613,1188,2
"Attrited Customer","M",46,"$80K - $120K","Blue",10309,0,0,10309,3
"Existing Customer","M",43,"$60K - $80K","Blue",4983,1355,0.272,3628,3
"Existing Customer","M",42,"$120K +","Blue",3103,1783,0.575,1320,2
"Existing Customer","F",45,"$40K - $60K","Blue",1663,1112,0.669,551,1
"Existing Customer","F",55,"Less than $40K","Blue",2695,0,0,2695,1
"Existing Customer","F",50,"Unknown","Blue",18178,0,0,18178,3
"Existing Customer","M",50,"$60K - $80K","Blue",14782,1020,0.069,13762,2
"Existing Customer","F",54,"$40K - $60K","Blue",2488,2196,0.883,292,1
"Existing Customer","F",45,"Unknown","Blue",1785,0,0,1785,1
"Existing Customer","F",45,"$40K - $60K","Blue",4701,1170,0.249,3531,2
"Existing Customer","F",39,"Less than $40K","Blue",1438.3,0,0,1438.3,3
"Existing Customer","F",45,"Less than $40K","Blue",2826,2162,0.765,664,3
"Existing Customer","F",52,"$40K - $60K","Blue",4597,1905,0.414,2692,2
"Existing Customer","F",33,"Less than $40K","Blue",2591,2340,0.903,251,3
"Existing Customer","M",40,"$40K - $60K","Blue",2494,1492,0.598,1002,2
"Existing Customer","M",61,"$40K - $60K","Blue",5039,1352,0.268,3687,1
"Attrited Customer","M",48,"$40K - $60K","Blue",7897,157,0.02,7740,3
"Existing Customer","M",50,"$60K - $80K","Blue",4772,1770,0.371,3002,3
"Existing Customer","F",35,"Less than $40K","Blue",3436,2493,0.726,943,3
"Existing Customer","F",50,"$40K - $60K","Blue",12064,1312,0.109,10752,1
"Existing Customer","M",53,"$80K - $120K","Blue",9065,1548,0.171,7517,2
"Existing Customer","M",49,"$80K - $120K","Blue",34516,0,0,34516,3
"Existing Customer","M",45,"$60K - $80K","Blue",10290,753,0.073,9537,3
"Existing Customer","F",52,"Less than $40K","Blue",3433,2486,0.724,947,1
"Existing Customer","M",40,"$120K +","Silver",34516,964,0.028,33552,3
"Existing Customer","F",45,"Less than $40K","Blue",3240,1775,0.548,1465,1
"Existing Customer","F",50,"Less than $40K","Blue",1438.3,851,0.592,587.3,2
"Existing Customer","F",51,"Less than $40K","Blue",6462,2517,0.39,3945,1
"Existing Customer","F",60,"Unknown","Blue",4408,1201,0.272,3207,1
"Attrited Customer","F",50,"$40K - $60K","Blue",1438.3,458,0.318,980.3,3
"Attrited Customer","F",46,"Less than $40K","Blue",1438.3,0,0,1438.3,3
"Attrited Customer","F",50,"Unknown","Blue",1773,0,0,1773,2
"Existing Customer","M",52,"$80K - $120K","Blue",4555,0,0,4555,1
"Existing Customer","M",54,"$80K - $120K","Blue",30666,1046,0.034,29620,2
"Existing Customer","M",53,"$80K - $120K","Blue",1575,0,0,1575,2
"Existing Customer","M",53,"$120K +","Blue",1891,922,0.488,969,3
"Existing Customer","M",40,"$120K +","Blue",16634,1946,0.117,14688,2
"Existing Customer","F",50,"Unknown","Blue",7985,0,0,7985,1
"Existing Customer","M",45,"$120K +","Blue",3304,1370,0.415,1934,1
"Existing Customer","F",40,"$40K - $60K","Blue",6247,1508,0.241,4739,2
"Existing Customer","M",36,"$40K - $60K","Blue",3645,2517,0.691,1128,2
"Existing Customer","M",62,"Unknown","Blue",21329,2119,0.099,19210,3
"Existing Customer","F",35,"$40K - $60K","Blue",7234,2000,0.276,5234,1
"Existing Customer","F",47,"Less than $40K","Blue",2262,0,0,2262,2
"Existing Customer","M",40,"Less than $40K","Blue",1438.3,860,0.598,578.3,3
"Existing Customer","F",45,"Less than $40K","Blue",4187,2199,0.525,1988,2
"Attrited Customer","M",48,"$80K - $120K","Blue",16362,2268,0.139,14094,2
"Existing Customer","M",59,"$120K +","Blue",34516,0,0,34516,2
"Existing Customer","M",44,"$60K - $80K","Blue",2748,878,0.32,1870,2
"Existing Customer","M",38,"$80K - $120K","Blue",5242,470,0.09,4772,2
"Existing Customer","M",43,"$60K - $80K","Blue",21585,986,0.046,20599,3
"Existing Customer","F",31,"Unknown","Blue",2488,0,0,2488,2
"Existing Customer","F",50,"Less than $40K","Blue",9966,0,0,9966,1
"Existing Customer","F",45,"Unknown","Blue",27804,0,0,27804,2
"Existing Customer","M",45,"$60K - $80K","Blue",15626,1148,0.073,14478,1
"Attrited Customer","M",47,"$80K - $120K","Blue",18800,2517,0.134,16283,4
"Existing Customer","M",49,"$80K - $120K","Blue",1963,1516,0.772,447,1
"Attrited Customer","F",43,"Less than $40K","Blue",4579,1506,0.329,3073,3
"Existing Customer","M",43,"$60K - $80K","Silver",25824,1170,0.045,24654,3
"Existing Customer","M",48,"$80K - $120K","Blue",3429,1268,0.37,2161,2
"Attrited Customer","M",59,"$40K - $60K","Silver",15809,0,0,15809,2
"Existing Customer","F",47,"Less than $40K","Blue",2493,831,0.333,1662,1
"Existing Customer","M",48,"$80K - $120K","Blue",6593,0,0,6593,3
"Attrited Customer","F",53,"$40K - $60K","Blue",1625,0,0,1625,3
"Attrited Customer","F",53,"$40K - $60K","Blue",2121,0,0,2121,3
"Existing Customer","F",40,"Less than $40K","Blue",4757,1978,0.416,2779,3
"Attrited Customer","F",42,"Less than $40K","Blue",8668,0,0,8668,3
"Existing Customer","M",50,"$60K - $80K","Blue",21869,950,0.043,20919,3
"Existing Customer","F",45,"Less than $40K","Blue",2480,1890,0.762,590,4
"Existing Customer","M",49,"$60K - $80K","Blue",8190,1716,0.21,6474,4
"Existing Customer","F",55,"Less than $40K","Blue",1850,942,0.509,908,2
"Existing Customer","F",46,"Less than $40K","Blue",2483,2049,0.825,434,3
"Existing Customer","F",40,"Less than $40K","Blue",2925,1447,0.495,1478,3
"Attrited Customer","F",49,"Less than $40K","Blue",7066,0,0,7066,4
"Existing Customer","M",48,"$40K - $60K","Blue",2514,2251,0.895,263,1
"Existing Customer","M",50,"$60K - $80K","Blue",3640,659,0.181,2981,1
"Attrited Customer","F",50,"$40K - $60K","Blue",5527,1120,0.203,4407,2
"Existing Customer","M",45,"$80K - $120K","Blue",31625,0,0,31625,1
"Existing Customer","M",57,"$80K - $120K","Blue",32409,0,0,32409,3
"Existing Customer","M",44,"$60K - $80K","Blue",9827,600,0.061,9227,2
"Existing Customer","F",50,"Less than $40K","Blue",2623,1714,0.653,909,1
"Existing Customer","M",42,"$40K - $60K","Blue",2993,2249,0.751,744,2
"Existing Customer","M",37,"$80K - $120K","Blue",12944,1399,0.108,11545,2
"Existing Customer","M",54,"$60K - $80K","Blue",6401,1471,0.23,4930,1
"Existing Customer","M",43,"$80K - $120K","Blue",5506,2129,0.387,3377,1
"Existing Customer","M",52,"$80K - $120K","Blue",34516,0,0,34516,3
"Existing Customer","M",46,"$60K - $80K","Blue",17673,1783,0.101,15890,1
"Existing Customer","F",43,"$40K - $60K","Blue",2656,1166,0.439,1490,3
"Existing Customer","M",46,"Less than $40K","Blue",6118,1092,0.178,5026,1
"Existing Customer","M",45,"$40K - $60K","Silver",17437,2225,0.128,15212,1
"Attrited Customer","F",50,"Unknown","Blue",1461,0,0,1461,2
"Existing Customer","F",55,"$40K - $60K","Blue",1965,1525,0.776,440,3
"Existing Customer","M",51,"$60K - $80K","Silver",30899,0,0,30899,2
"Existing Customer","M",48,"$60K - $80K","Blue",8876,1132,0.128,7744,2
"Existing Customer","M",44,"$60K - $80K","Blue",2440,1501,0.615,939,1
"Existing Customer","F",50,"Less than $40K","Blue",1652,1318,0.798,334,3
"Existing Customer","M",46,"$80K - $120K","Blue",15535,1302,0.084,14233,2
"Attrited Customer","M",52,"$120K +","Blue",13354,0,0,13354,4
"Attrited Customer","M",49,"$120K +","Blue",26723,0,0,26723,2
"Existing Customer","F",55,"Less than $40K","Blue",3949,2024,0.513,1925,1
"Existing Customer","M",49,"$60K - $80K","Blue",5937,2120,0.357,3817,2
"Existing Customer","M",40,"Unknown","Blue",18806,1192,0.063,17614,2
"Attrited Customer","F",45,"Unknown","Blue",3512,2517,0.717,995,2
"Existing Customer","F",44,"Less than $40K","Blue",1975,1264,0.64,711,3
"Existing Customer","F",41,"Less than $40K","Blue",2888,821,0.284,2067,2
"Attrited Customer","F",47,"Less than $40K","Blue",2263,0,0,2263,2
"Existing Customer","M",38,"$80K - $120K","Blue",26792,1671,0.062,25121,3
"Attrited Customer","M",52,"$60K - $80K","Blue",9375,1625,0.173,7750,1
"Attrited Customer","F",48,"Less than $40K","Blue",2806,2514,0.896,292,1
"Attrited Customer","F",41,"Less than $40K","Blue",1478,524,0.355,954,2
"Existing Customer","M",53,"$60K - $80K","Blue",6836,1607,0.235,5229,2
"Attrited Customer","M",47,"$80K - $120K","Blue",8757,0,0,8757,1
"Existing Customer","M",40,"$60K - $80K","Blue",10529,0,0,10529,3
"Existing Customer","M",61,"$40K - $60K","Blue",2122,975,0.459,1147,1
"Existing Customer","F",45,"Unknown","Blue",2883,1732,0.601,1151,2
"Attrited Customer","F",56,"$40K - $60K","Blue",2339,0,0,2339,4
"Existing Customer","F",57,"Less than $40K","Blue",5225,2290,0.438,2935,3
"Existing Customer","M",48,"$40K - $60K","Blue",2582,1399,0.542,1183,2
"Existing Customer","M",60,"$80K - $120K","Blue",11524,0,0,11524,2
"Existing Customer","F",49,"Unknown","Blue",13039,1840,0.141,11199,3
"Attrited Customer","F",50,"Unknown","Blue",2509,0,0,2509,3
"Existing Customer","M",65,"$40K - $60K","Blue",1456,867,0.595,589,2
"Existing Customer","M",57,"$120K +","Blue",5612,1884,0.336,3728,1
"Existing Customer","F",51,"Less than $40K","Blue",3025,1912,0.632,1113,1
"Existing Customer","F",40,"Less than $40K","Blue",4205,2517,0.599,1688,2
"Existing Customer","M",55,"$120K +","Blue",3515,2517,0.716,998,2
"Existing Customer","M",52,"$120K +","Blue",26174,1864,0.071,24310,3
"Existing Customer","F",44,"Less than $40K","Blue",1602,1044,0.652,558,3
"Existing Customer","F",49,"Unknown","Blue",29939,0,0,29939,1
"Existing Customer","F",49,"Less than $40K","Blue",2115,1598,0.756,517,1
"Attrited Customer","M",42,"$60K - $80K","Blue",5298,0,0,5298,2
"Existing Customer","F",56,"Less than $40K","Blue",2433,1947,0.8,486,3
"Existing Customer","F",60,"Less than $40K","Blue",1443,0,0,1443,2
"Existing Customer","M",50,"$120K +","Blue",9758,1792,0.184,7966,1
"Existing Customer","M",42,"$80K - $120K","Blue",4562,2258,0.495,2304,3
"Existing Customer","F",65,"Unknown","Blue",1438.3,0,0,1438.3,3
"Existing Customer","F",41,"Unknown","Blue",4210,1597,0.379,2613,2
"Attrited Customer","F",57,"Less than $40K","Blue",1438.3,0,0,1438.3,0
"Existing Customer","M",48,"$120K +","Blue",24931,1353,0.054,23578,2
"Existing Customer","M",47,"$80K - $120K","Blue",8854,2382,0.269,6472,1
"Existing Customer","F",62,"Less than $40K","Blue",2230,1716,0.77,514,1
"Existing Customer","M",46,"$80K - $120K","Blue",28327,582,0.021,27745,1
"Existing Customer","F",56,"Unknown","Blue",2500,1298,0.519,1202,3
"Existing Customer","M",41,"$60K - $80K","Blue",9246,0,0,9246,1
"Existing Customer","F",43,"$40K - $60K","Blue",11155,1583,0.142,9572,3
"Existing Customer","M",43,"$120K +","Blue",11926,1766,0.148,10160,2
"Attrited Customer","M",54,"$40K - $60K","Blue",5501,0,0,5501,3
"Existing Customer","F",45,"Less than $40K","Blue",2110,844,0.4,1266,2
"Existing Customer","M",49,"$60K - $80K","Blue",12994,904,0.07,12090,3
"Existing Customer","F",52,"Unknown","Blue",29551,2095,0.071,27456,1
"Attrited Customer","M",46,"$80K - $120K","Blue",5054,2517,0.498,2537,2
"Existing Customer","F",45,"Less than $40K","Blue",3136,2253,0.718,883,2
"Existing Customer","F",43,"Unknown","Blue",6109,1549,0.254,4560,3
"Existing Customer","M",49,"$80K - $120K","Blue",3989,2514,0.63,1475,3
"Existing Customer","F",33,"Less than $40K","Blue",3315,1243,0.375,2072,1
"Existing Customer","M",52,"$80K - $120K","Silver",34516,1938,0.056,32578,4
"Existing Customer","F",40,"Less than $40K","Blue",1794,1019,0.568,775,2
"Existing Customer","M",51,"$60K - $80K","Blue",5993,1582,0.264,4411,3
"Existing Customer","F",44,"Less than $40K","Blue",8320,0,0,8320,2
"Attrited Customer","F",62,"Less than $40K","Blue",1930,0,0,1930,3
"Existing Customer","F",45,"Less than $40K","Blue",2329,1465,0.629,864,3
"Existing Customer","F",55,"Less than $40K","Blue",1438.3,756,0.526,682.3,3
"Attrited Customer","M",55,"$40K - $60K","Silver",18128,0,0,18128,3
"Existing Customer","M",48,"$120K +","Blue",10642,1715,0.161,8927,3
"Existing Customer","F",38,"Less than $40K","Blue",2230,0,0,2230,1
"Existing Customer","F",52,"Less than $40K","Blue",6946,0,0,6946,2
"Existing Customer","F",50,"Unknown","Blue",9716,874,0.09,8842,2
"Existing Customer","F",58,"Unknown","Blue",4377,1500,0.343,2877,3
"Attrited Customer","F",42,"$40K - $60K","Blue",2516,0,0,2516,3
"Existing Customer","M",52,"$120K +","Blue",34516,0,0,34516,2
"Existing Customer","F",55,"Less than $40K","Blue",1844,0,0,1844,3
"Existing Customer","M",48,"$60K - $80K","Blue",13233,1106,0.084,12127,3
"Existing Customer","M",41,"$80K - $120K","Silver",34516,1433,0.042,33083,2
"Existing Customer","F",48,"$40K - $60K","Blue",1593,0,0,1593,3
"Existing Customer","F",50,"Less than $40K","Blue",8589,685,0.08,7904,2
"Attrited Customer","F",53,"$40K - $60K","Blue",1714,0,0,1714,3
"Existing Customer","M",46,"$120K +","Blue",1438.3,845,0.587,593.3,1
"Existing Customer","F",50,"Less than $40K","Blue",2433,1948,0.801,485,2
"Existing Customer","M",47,"$80K - $120K","Blue",21148,1746,0.083,19402,2
"Existing Customer","F",65,"Less than $40K","Blue",7487,1953,0.261,5534,3
"Attrited Customer","F",47,"Less than $40K","Blue",5798,2517,0.434,3281,3
"Existing Customer","M",52,"$80K - $120K","Blue",34516,1757,0.051,32759,3
"Existing Customer","F",52,"Unknown","Blue",7608,2373,0.312,5235,2
"Attrited Customer","F",44,"Less than $40K","Blue",2184,0,0,2184,3
"Existing Customer","F",35,"Less than $40K","Blue",2189,1833,0.837,356,3
"Attrited Customer","M",50,"$80K - $120K","Blue",3495,0,0,3495,2
"Attrited Customer","F",52,"$40K - $60K","Blue",8018,134,0.017,7884,2
"Attrited Customer","M",41,"$80K - $120K","Blue",20543,0,0,20543,3
"Existing Customer","F",62,"Unknown","Blue",18819,0,0,18819,2
"Existing Customer","M",49,"$60K - $80K","Blue",17811,643,0.036,17168,2
"Existing Customer","M",43,"$80K - $120K","Blue",14418,0,0,14418,2
"Existing Customer","M",44,"$80K - $120K","Blue",3936,2024,0.514,1912,3
"Existing Customer","F",43,"Unknown","Blue",5738,0,0,5738,3
"Existing Customer","M",54,"$120K +","Blue",34516,0,0,34516,1
"Existing Customer","F",55,"Less than $40K","Blue",1513,725,0.479,788,3
"Attrited Customer","M",49,"$60K - $80K","Blue",18075,0,0,18075,4
"Existing Customer","F",45,"Unknown","Blue",5989,0,0,5989,1
"Existing Customer","F",56,"Less than $40K","Blue",2490,1623,0.652,867,2
"Existing Customer","F",49,"Less than $40K","Blue",2659,0,0,2659,2
"Attrited Customer","M",53,"$120K +","Silver",34516,2297,0.067,32219,4
"Existing Customer","M",49,"$80K - $120K","Blue",13490,1672,0.124,11818,2
"Existing Customer","M",46,"$40K - $60K","Blue",1664,798,0.48,866,4
"Existing Customer","M",49,"$120K +","Blue",7753,1643,0.212,6110,3
"Existing Customer","F",36,"Less than $40K","Blue",2909,2085,0.717,824,2
"Existing Customer","M",57,"$80K - $120K","Silver",34516,1384,0.04,33132,3
"Existing Customer","F",52,"$40K - $60K","Blue",3476,1560,0.449,1916,1
"Existing Customer","M",52,"$80K - $120K","Blue",16026,1160,0.072,14866,2
"Existing Customer","M",45,"Less than $40K","Blue",2705,1334,0.493,1371,3
"Existing Customer","M",54,"$120K +","Blue",2884,1144,0.397,1740,3
"Existing Customer","M",49,"$80K - $120K","Blue",24299,2517,0.104,21782,1
"Existing Customer","M",43,"$60K - $80K","Blue",20755,2276,0.11,18479,1
"Attrited Customer","M",50,"$60K - $80K","Blue",21096,0,0,21096,2
"Existing Customer","M",46,"$120K +","Blue",6457,0,0,6457,3
"Existing Customer","F",45,"Less than $40K","Blue",1603,0,0,1603,2
"Existing Customer","F",43,"Unknown","Blue",9051,1557,0.172,7494,6
"Attrited Customer","F",50,"Unknown","Blue",10057,0,0,10057,0
"Existing Customer","M",33,"$60K - $80K","Blue",2043,1725,0.844,318,2
"Existing Customer","F",65,"Less than $40K","Blue",2802,2403,0.858,399,3
"Existing Customer","F",56,"Less than $40K","Blue",1960,1690,0.862,270,2
"Existing Customer","F",40,"Less than $40K","Blue",2348,1061,0.452,1287,1
"Existing Customer","M",40,"$60K - $80K","Blue",2978,0,0,2978,4
"Existing Customer","F",49,"Less than $40K","Blue",2017,1557,0.772,460,3
"Existing Customer","F",29,"Unknown","Blue",13613,1172,0.086,12441,2
"Existing Customer","F",45,"Less than $40K","Blue",5553,1117,0.201,4436,2
"Existing Customer","M",51,"$80K - $120K","Blue",6346,578,0.091,5768,1
"Existing Customer","M",45,"$120K +","Silver",34516,1406,0.041,33110,2
"Existing Customer","F",40,"Less than $40K","Blue",1438.3,988,0.687,450.3,3
"Existing Customer","M",37,"$40K - $60K","Silver",15133,1663,0.11,13470,1
"Existing Customer","M",42,"$40K - $60K","Blue",2502,1488,0.595,1014,3
"Existing Customer","F",45,"Less than $40K","Blue",2589,2052,0.793,537,2
"Existing Customer","F",47,"Less than $40K","Blue",2049,1460,0.713,589,1
"Existing Customer","M",47,"$40K - $60K","Blue",3560,751,0.211,2809,1
"Existing Customer","F",49,"Less than $40K","Blue",1438.3,0,0,1438.3,2
"Existing Customer","M",43,"$120K +","Blue",25937,0,0,25937,1
"Existing Customer","M",43,"$60K - $80K","Blue",2387,1482,0.621,905,2
"Existing Customer","M",48,"Less than $40K","Blue",2912,1501,0.515,1411,1
"Existing Customer","M",53,"$60K - $80K","Blue",7062,1255,0.178,5807,2
"Existing Customer","M",56,"$80K - $120K","Blue",12186,1080,0.089,11106,3
"Attrited Customer","M",64,"Less than $40K","Blue",3570,2517,0.705,1053,3
"Existing Customer","F",38,"Unknown","Blue",3072,1970,0.641,1102,4
"Existing Customer","F",51,"Unknown","Silver",31501,1810,0.057,29691,3
"Existing Customer","F",42,"Less than $40K","Blue",5928,2517,0.425,3411,1
"Existing Customer","F",44,"Unknown","Blue",8482,0,0,8482,1
"Existing Customer","M",50,"$120K +","Blue",23911,2100,0.088,21811,3
"Existing Customer","M",62,"$80K - $120K","Blue",1438.3,0,0,1438.3,3
"Existing Customer","F",49,"Less than $40K","Blue",3261,814,0.25,2447,3
"Existing Customer","M",41,"$60K - $80K","Blue",2317,1232,0.532,1085,1
"Existing Customer","M",43,"$120K +","Blue",33913,0,0,33913,3
"Attrited Customer","M",43,"$80K - $120K","Blue",34516,0,0,34516,3
"Existing Customer","F",45,"Unknown","Blue",1637,774,0.473,863,1
"Existing Customer","M",48,"$60K - $80K","Blue",5448,0,0,5448,3
"Existing Customer","F",64,"$40K - $60K","Blue",5152,948,0.184,4204,2
"Attrited Customer","F",46,"Unknown","Blue",15195,0,0,15195,3
"Existing Customer","F",53,"Less than $40K","Blue",2799,1303,0.466,1496,3
"Attrited Customer","F",38,"Less than $40K","Blue",1438.3,0,0,1438.3,3
"Existing Customer","M",51,"$80K - $120K","Blue",1817,885,0.487,932,3
"Attrited Customer","F",47,"Unknown","Blue",3443,0,0,3443,3
"Attrited Customer","F",51,"Less than $40K","Blue",4281,0,0,4281,3
"Existing Customer","F",56,"Less than $40K","Blue",2029,974,0.48,1055,3
"Existing Customer","F",33,"Unknown","Blue",1438.3,1055,0.734,383.3,3
"Existing Customer","M",52,"$80K - $120K","Blue",28186,1308,0.046,26878,2
"Existing Customer","F",46,"Unknown","Silver",34516,0,0,34516,3
"Existing Customer","F",46,"Unknown","Blue",3818,0,0,3818,1
"Existing Customer","F",40,"$40K - $60K","Blue",11494,1160,0.101,10334,1
"Existing Customer","M",49,"$80K - $120K","Blue",28142,762,0.027,27380,1
"Existing Customer","F",40,"Less than $40K","Blue",2316,1510,0.652,806,1
"Existing Customer","M",43,"$40K - $60K","Blue",10533,1689,0.16,8844,2
"Existing Customer","M",48,"$80K - $120K","Blue",14322,0,0,14322,2
"Existing Customer","M",50,"$120K +","Blue",34516,1662,0.048,32854,2
"Existing Customer","M",48,"$80K - $120K","Blue",6798,2517,0.37,4281,1
"Existing Customer","F",46,"Unknown","Blue",1438.3,0,0,1438.3,3
"Attrited Customer","M",46,"$60K - $80K","Blue",2445,848,0.347,1597,3
"Existing Customer","F",51,"$40K - $60K","Blue",2585,1847,0.715,738,3
"Existing Customer","F",52,"Unknown","Blue",1438.3,0,0,1438.3,2
"Existing Customer","F",46,"Less than $40K","Blue",1781,1315,0.738,466,2
"Attrited Customer","M",42,"$40K - $60K","Blue",1606,0,0,1606,3
"Existing Customer","F",42,"Less than $40K","Blue",2205,1245,0.565,960,2
"Existing Customer","F",49,"Unknown","Blue",2270,1647,0.726,623,3
"Existing Customer","F",44,"Less than $40K","Blue",2568,1875,0.73,693,2
"Attrited Customer","F",55,"Less than $40K","Blue",3292,0,0,3292,4
"Attrited Customer","F",54,"Less than $40K","Silver",10797,1252,0.116,9545,3
"Existing Customer","M",46,"$60K - $80K","Silver",30501,2030,0.067,28471,3
"Existing Customer","F",45,"Less than $40K","Blue",5371,1499,0.279,3872,3
"Existing Customer","M",37,"$80K - $120K","Blue",13441,0,0,13441,4
"Existing Customer","M",52,"$60K - $80K","Blue",9137,1729,0.189,7408,2
"Attrited Customer","F",45,"Less than $40K","Blue",5848,2517,0.43,3331,3
"Existing Customer","M",47,"$120K +","Blue",10614,784,0.074,9830,2
"Existing Customer","F",42,"Unknown","Blue",4035,1003,0.249,3032,3
"Existing Customer","F",59,"$40K - $60K","Blue",4205,710,0.169,3495,1
"Existing Customer","F",46,"Less than $40K","Blue",2586,2196,0.849,390,2
"Existing Customer","F",41,"Less than $40K","Blue",7234,1420,0.196,5814,2
"Existing Customer","M",57,"$120K +","Silver",34516,1417,0.041,33099,3
"Existing Customer","M",35,"$80K - $120K","Blue",21114,0,0,21114,2
"Existing Customer","M",53,"$40K - $60K","Blue",2522,1704,0.676,818,1
"Existing Customer","M",37,"$80K - $120K","Blue",11309,0,0,11309,3
"Attrited Customer","M",43,"$120K +","Blue",13883,783,0.056,13100,4
"Existing Customer","M",43,"$60K - $80K","Blue",13448,0,0,13448,1
"Existing Customer","M",55,"$60K - $80K","Silver",25991,0,0,25991,2
"Existing Customer","F",52,"Less than $40K","Blue",2537,1097,0.432,1440,1
"Existing Customer","M",46,"$40K - $60K","Blue",1438.3,794,0.552,644.3,2
"Attrited Customer","F",40,"Unknown","Blue",13019,0,0,13019,2
"Attrited Customer","F",53,"$40K - $60K","Blue",3339,0,0,3339,2
"Existing Customer","M",49,"$80K - $120K","Blue",28390,1141,0.04,27249,3
"Existing Customer","M",44,"$80K - $120K","Blue",23665,1624,0.069,22041,2
"Existing Customer","M",46,"$40K - $60K","Blue",1438.3,0,0,1438.3,2
"Existing Customer","F",43,"Less than $40K","Blue",2459,1127,0.458,1332,2
"Attrited Customer","F",28,"Less than $40K","Blue",1624,0,0,1624,2
"Existing Customer","F",49,"$40K - $60K","Blue",8900,1700,0.191,7200,2
"Existing Customer","F",48,"Unknown","Blue",5239,1172,0.224,4067,3
"Existing Customer","F",42,"Less than $40K","Blue",9351,1482,0.158,7869,3
"Existing Customer","F",43,"Less than $40K","Blue",2655,1650,0.621,1005,2
"Existing Customer","M",51,"$120K +","Blue",3173,2517,0.793,656,2
"Existing Customer","M",48,"$60K - $80K","Blue",6243,1331,0.213,4912,2
"Existing Customer","F",37,"Unknown","Blue",6730,1093,0.162,5637,2
"Existing Customer","F",40,"Less than $40K","Blue",2490,2225,0.894,265,1
"Attrited Customer","F",51,"Less than $40K","Blue",1746,1107,0.634,639,3
"Existing Customer","M",44,"$60K - $80K","Blue",4141,1424,0.344,2717,1
"Existing Customer","F",58,"Less than $40K","Silver",11684,653,0.056,11031,1
"Existing Customer","F",47,"Less than $40K","Blue",2363,494,0.209,1869,1
"Attrited Customer","M",48,"$80K - $120K","Silver",34516,0,0,34516,3
"Existing Customer","M",46,"$60K - $80K","Silver",28829,0,0,28829,3
"Existing Customer","F",33,"$40K - $60K","Blue",1438.3,746,0.519,692.3,2
"Existing Customer","F",47,"Less than $40K","Blue",2730,1970,0.722,760,2
"Existing Customer","F",55,"Less than $40K","Blue",1994,1175,0.589,819,1
"Existing Customer","M",48,"$80K - $120K","Blue",9727,1626,0.167,8101,3
"Existing Customer","M",41,"$60K - $80K","Silver",33771,0,0,33771,2
"Existing Customer","M",39,"$60K - $80K","Blue",10452,1120,0.107,9332,2
"Attrited Customer","F",45,"Less than $40K","Blue",2858,0,0,2858,3
"Existing Customer","M",46,"$40K - $60K","Blue",4707,1121,0.238,3586,2
"Existing Customer","F",49,"Less than $40K","Blue",3537,0,0,3537,2
"Attrited Customer","M",46,"$80K - $120K","Blue",8258,1771,0.214,6487,3
"Existing Customer","F",46,"Less than $40K","Blue",3072,1611,0.524,1461,3
"Existing Customer","M",48,"Less than $40K","Blue",8892,889,0.1,8003,3
"Attrited Customer","M",52,"$120K +","Blue",3841,2517,0.655,1324,2
"Existing Customer","F",37,"$40K - $60K","Blue",1920,0,0,1920,3
"Existing Customer","M",42,"Less than $40K","Blue",7802,1885,0.242,5917,2
"Existing Customer","F",48,"Less than $40K","Blue",1705,1192,0.699,513,2
"Attrited Customer","F",52,"$40K - $60K","Blue",1822,1605,0.881,217,2
"Existing Customer","F",45,"Unknown","Blue",9294,2000,0.215,7294,3
"Existing Customer","M",40,"$120K +","Blue",12248,1323,0.108,10925,3
"Existing Customer","F",39,"$40K - $60K","Blue",10264,803,0.078,9461,2
"Existing Customer","M",42,"$40K - $60K","Silver",15069,1843,0.122,13226,2
"Attrited Customer","F",41,"$40K - $60K","Blue",4650,204,0.044,4446,2
"Existing Customer","F",53,"Less than $40K","Blue",3685,0,0,3685,2
"Existing Customer","F",49,"$40K - $60K","Blue",7231,2517,0.348,4714,2
"Existing Customer","M",44,"$60K - $80K","Blue",10007,1586,0.158,8421,1
"Existing Customer","M",52,"$60K - $80K","Blue",2641,1584,0.6,1057,1
"Existing Customer","F",29,"Less than $40K","Blue",3095,1488,0.481,1607,2
"Attrited Customer","F",48,"Less than $40K","Blue",3607,0,0,3607,2
"Existing Customer","F",36,"Unknown","Blue",1954,1179,0.603,775,1
"Existing Customer","M",45,"$60K - $80K","Blue",21317,0,0,21317,2
"Attrited Customer","M",41,"$80K - $120K","Blue",19402,0,0,19402,3
"Existing Customer","M",45,"$80K - $120K","Blue",8063,1485,0.184,6578,3
"Existing Customer","F",40,"$40K - $60K","Blue",3097,2409,0.778,688,2
"Attrited Customer","F",48,"Less than $40K","Blue",1438.3,0,0,1438.3,3
"Existing Customer","F",43,"Less than $40K","Blue",3161,2424,0.767,737,2
"Attrited Customer","F",38,"$40K - $60K","Blue",2435,2432,0.999,3,2
"Existing Customer","F",59,"Less than $40K","Blue",1845,1076,0.583,769,2
"Attrited Customer","F",49,"Less than $40K","Blue",1603,749,0.467,854,3
"Existing Customer","F",39,"Less than $40K","Blue",4710,1869,0.397,2841,1
"Attrited Customer","F",50,"Unknown","Blue",2751,2253,0.819,498,3
"Existing Customer","F",38,"Less than $40K","Blue",1438.3,0,0,1438.3,4
"Existing Customer","M",52,"$60K - $80K","Blue",24287,1676,0.069,22611,1
"Existing Customer","F",42,"Less than $40K","Blue",1694,1074,0.634,620,1
"Attrited Customer","F",50,"Less than $40K","Blue",1457,0,0,1457,2
"Existing Customer","M",33,"Unknown","Blue",25045,0,0,25045,1
"Existing Customer","F",52,"$40K - $60K","Blue",10859,1710,0.157,9149,2
"Existing Customer","M",45,"$40K - $60K","Silver",16928,1519,0.09,15409,2
"Existing Customer","M",37,"$40K - $60K","Blue",4297,0,0,4297,3
"Existing Customer","M",42,"$60K - $80K","Blue",8302,1294,0.156,7008,2
"Existing Customer","F",43,"Less than $40K","Blue",2734,2517,0.921,217,3
"Existing Customer","M",40,"$80K - $120K","Blue",27374,1509,0.055,25865,2
"Existing Customer","F",43,"Unknown","Blue",2960,1853,0.626,1107,3
"Existing Customer","M",54,"$60K - $80K","Blue",9110,0,0,9110,2
"Existing Customer","F",42,"Less than $40K","Blue",1539,0,0,1539,3
"Existing Customer","F",39,"$40K - $60K","Blue",1947,1160,0.596,787,2
"Existing Customer","F",45,"$40K - $60K","Blue",2667,1551,0.582,1116,1
"Existing Customer","F",54,"Less than $40K","Blue",3062,2039,0.666,1023,1
"Existing Customer","F",47,"$40K - $60K","Blue",3114,1059,0.34,2055,5
"Existing Customer","M",54,"$60K - $80K","Blue",14948,2158,0.144,12790,2
"Attrited Customer","F",49,"Less than $40K","Blue",1749,0,0,1749,2
"Existing Customer","M",44,"$40K - $60K","Blue",2534,1706,0.673,828,2
"Existing Customer","F",46,"Less than $40K","Blue",2503,2373,0.948,130,2
"Existing Customer","F",38,"Less than $40K","Blue",1854,0,0,1854,3
"Existing Customer","F",43,"Less than $40K","Blue",4092,622,0.152,3470,1
"Existing Customer","M",62,"$60K - $80K","Blue",13284,607,0.046,12677,1
"Existing Customer","F",59,"Less than $40K","Blue",4830,1469,0.304,3361,3
"Attrited Customer","F",45,"Less than $40K","Blue",5911,916,0.155,4995,2
"Existing Customer","F",53,"Unknown","Blue",11012,1328,0.121,9684,2
"Existing Customer","M",43,"$60K - $80K","Blue",19188,0,0,19188,3
"Existing Customer","F",44,"Unknown","Blue",18056,940,0.052,17116,2
"Existing Customer","F",50,"Less than $40K","Blue",1438.3,754,0.524,684.3,5
"Existing Customer","F",31,"Less than $40K","Blue",3201,984,0.307,2217,2
"Existing Customer","F",50,"$40K - $60K","Blue",1479,1004,0.679,475,1
"Existing Customer","F",38,"Less than $40K","Blue",3144,2216,0.705,928,1
"Existing Customer","M",58,"$80K - $120K","Blue",1854,1480,0.798,374,3
"Attrited Customer","M",49,"$60K - $80K","Blue",1960,0,0,1960,3
"Existing Customer","M",37,"$80K - $120K","Blue",9782,1793,0.183,7989,2
"Existing Customer","F",47,"Less than $40K","Blue",3144,0,0,3144,3
"Attrited Customer","M",47,"$40K - $60K","Blue",4738,0,0,4738,3
"Attrited Customer","F",46,"Unknown","Silver",34516,154,0.004,34362,2
"Existing Customer","F",35,"Less than $40K","Blue",1438.3,856,0.595,582.3,2
"Attrited Customer","M",43,"$120K +","Blue",34516,0,0,34516,1
"Existing Customer","F",32,"Less than $40K","Blue",2156,1114,0.517,1042,2
"Existing Customer","F",63,"Less than $40K","Blue",1938,0,0,1938,4
"Existing Customer","F",61,"Less than $40K","Blue",1438.3,0,0,1438.3,3
"Attrited Customer","F",54,"Unknown","Blue",3781,1692,0.448,2089,3
"Existing Customer","M",48,"$60K - $80K","Gold",34516,1948,0.056,32568,2
"Existing Customer","M",49,"$120K +","Blue",1438.3,1058,0.736,380.3,2
"Attrited Customer","M",49,"$80K - $120K","Blue",3261,0,0,3261,2
"Existing Customer","F",35,"Less than $40K","Blue",2211,1370,0.62,841,3
"Existing Customer","F",39,"Unknown","Blue",1493,792,0.53,701,2
"Existing Customer","F",48,"Unknown","Blue",20631,2048,0.099,18583,1
"Existing Customer","F",53,"Less than $40K","Blue",2255,1647,0.73,608,2
"Existing Customer","M",51,"$80K - $120K","Blue",1507,961,0.638,546,1
"Existing Customer","F",65,"Less than $40K","Silver",11097,0,0,11097,1
"Existing Customer","F",49,"Unknown","Blue",8162,1704,0.209,6458,1
"Existing Customer","M",44,"$60K - $80K","Blue",18721,1568,0.084,17153,1
"Attrited Customer","F",62,"Less than $40K","Blue",5210,0,0,5210,2
"Existing Customer","F",43,"Less than $40K","Blue",1736,1513,0.872,223,2
"Existing Customer","M",51,"$80K - $120K","Blue",1864,1427,0.766,437,2
"Existing Customer","F",43,"Less than $40K","Blue",6611,1041,0.157,5570,3
"Existing Customer","F",34,"Unknown","Blue",7942,2087,0.263,5855,1
"Attrited Customer","M",49,"$80K - $120K","Blue",13382,1159,0.087,12223,3
"Attrited Customer","M",63,"Unknown","Blue",18550,0,0,18550,0
"Existing Customer","F",39,"Less than $40K","Blue",2650,1646,0.621,1004,3
"Attrited Customer","M",37,"$40K - $60K","Blue",1696,0,0,1696,2
"Existing Customer","F",40,"Less than $40K","Blue",2628,1771,0.674,857,1
"Existing Customer","F",46,"$40K - $60K","Blue",1457,563,0.386,894,3
"Existing Customer","M",46,"$80K - $120K","Blue",34516,1259,0.036,33257,1
"Existing Customer","F",40,"Unknown","Blue",3056,2038,0.667,1018,1
"Existing Customer","M",52,"$80K - $120K","Blue",2650,1049,0.396,1601,2
"Existing Customer","F",58,"Less than $40K","Blue",3331,2251,0.676,1080,2
"Existing Customer","F",49,"Less than $40K","Blue",3343,1820,0.544,1523,2
"Attrited Customer","M",51,"$60K - $80K","Blue",4123,1760,0.427,2363,3
"Existing Customer","F",55,"Less than $40K","Blue",2677,1555,0.581,1122,1
"Attrited Customer","F",57,"Less than $40K","Blue",3023,2517,0.833,506,3
"Existing Customer","F",56,"Less than $40K","Blue",2238,1324,0.592,914,3
"Attrited Customer","F",59,"Unknown","Blue",3875,1397,0.361,2478,3
"Existing Customer","M",42,"$60K - $80K","Blue",20803,1747,0.084,19056,2
"Attrited Customer","M",48,"$40K - $60K","Blue",2760,0,0,2760,3
"Existing Customer","M",45,"$80K - $120K","Blue",9086,1254,0.138,7832,2
"Existing Customer","M",47,"$60K - $80K","Blue",21142,0,0,21142,3
"Existing Customer","M",62,"Less than $40K","Blue",3653,1769,0.484,1884,2
"Existing Customer","F",44,"Less than $40K","Blue",1713,0,0,1713,2
"Existing Customer","M",55,"$80K - $120K","Blue",34516,1718,0.05,32798,1
"Existing Customer","M",43,"$80K - $120K","Blue",6548,1244,0.19,5304,1
"Existing Customer","F",35,"$40K - $60K","Blue",1953,1554,0.796,399,1
"Existing Customer","M",49,"$40K - $60K","Blue",3051,1783,0.584,1268,1
"Attrited Customer","M",44,"$80K - $120K","Blue",25256,966,0.038,24290,2
"Attrited Customer","F",48,"Unknown","Blue",1630,1243,0.763,387,3
"Existing Customer","M",42,"$120K +","Gold",34516,1045,0.03,33471,2
"Existing Customer","M",43,"$40K - $60K","Blue",10800,1491,0.138,9309,2
"Attrited Customer","F",39,"Less than $40K","Blue",1876,1536,0.819,340,3
"Attrited Customer","M",42,"$60K - $80K","Blue",4963,0,0,4963,3
"Existing Customer","M",44,"$60K - $80K","Blue",16739,1229,0.073,15510,1
"Existing Customer","F",56,"Less than $40K","Blue",2463,1621,0.658,842,6
"Existing Customer","M",46,"$80K - $120K","Silver",34516,1278,0.037,33238,3
"Existing Customer","M",50,"$60K - $80K","Blue",4743,1687,0.356,3056,1
"Existing Customer","M",43,"$60K - $80K","Blue",9382,1455,0.155,7927,3
"Existing Customer","F",45,"Less than $40K","Blue",2059,1118,0.543,941,2
"Existing Customer","M",58,"$60K - $80K","Blue",20410,1196,0.059,19214,2
"Existing Customer","F",39,"Less than $40K","Blue",6798,918,0.135,5880,3
"Existing Customer","F",44,"Less than $40K","Blue",6472,2128,0.329,4344,1
"Existing Customer","M",45,"Less than $40K","Blue",2766,1985,0.718,781,1
"Existing Customer","F",55,"Less than $40K","Blue",1438.3,0,0,1438.3,3
"Existing Customer","F",49,"Less than $40K","Blue",3283,1856,0.565,1427,3
"Existing Customer","F",46,"Less than $40K","Blue",2470,1961,0.794,509,1
"Existing Customer","M",43,"$120K +","Blue",20695,1250,0.06,19445,1
"Existing Customer","F",42,"Less than $40K","Blue",4228,1709,0.404,2519,2
"Existing Customer","M",45,"$80K - $120K","Blue",31743,1332,0.042,30411,3
"Existing Customer","F",48,"Less than $40K","Blue",3212,2517,0.784,695,3
"Existing Customer","F",47,"Unknown","Blue",5884,1382,0.235,4502,2
"Existing Customer","F",44,"Less than $40K","Blue",1724,0,0,1724,2
"Attrited Customer","F",59,"Less than $40K","Blue",2468,0,0,2468,3
"Attrited Customer","F",49,"Less than $40K","Blue",1438.3,0,0,1438.3,3
"Existing Customer","F",47,"Less than $40K","Blue",3111,1541,0.495,1570,1
"Existing Customer","F",58,"Less than $40K","Blue",2799,1532,0.547,1267,1
"Existing Customer","F",48,"Less than $40K","Blue",1912,1163,0.608,749,3
"Existing Customer","M",46,"$80K - $120K","Blue",18927,887,0.047,18040,3
"Attrited Customer","F",51,"Less than $40K","Blue",2016,395,0.196,1621,4
"Existing Customer","M",51,"$80K - $120K","Blue",4830,1970,0.408,2860,2
"Attrited Customer","M",56,"$80K - $120K","Blue",1438.3,0,0,1438.3,2
"Existing Customer","F",50,"Less than $40K","Blue",1986,1614,0.813,372,3
"Existing Customer","M",47,"$80K - $120K","Blue",2877,1136,0.395,1741,1
"Existing Customer","F",53,"Less than $40K","Blue",2312,1997,0.864,315,2
"Existing Customer","F",46,"$40K - $60K","Blue",2644,2126,0.804,518,3
"Existing Customer","F",39,"Less than $40K","Blue",2062,1302,0.631,760,3
"Existing Customer","F",50,"Less than $40K","Blue",3510,1881,0.536,1629,2
"Existing Customer","M",55,"$80K - $120K","Blue",15026,916,0.061,14110,2
"Attrited Customer","M",50,"$80K - $120K","Blue",27186,0,0,27186,3
"Existing Customer","M",45,"$60K - $80K","Blue",2174,877,0.403,1297,3
"Existing Customer","M",42,"$80K - $120K","Blue",29535,895,0.03,28640,1
"Existing Customer","F",50,"Less than $40K","Blue",2974,2090,0.703,884,2
"Attrited Customer","F",50,"Less than $40K","Blue",1438.3,0,0,1438.3,2
"Existing Customer","F",51,"Less than $40K","Blue",8148,701,0.086,7447,3
"Existing Customer","F",48,"Less than $40K","Blue",2646,1983,0.749,663,6
"Attrited Customer","F",37,"Unknown","Blue",2054,0,0,2054,3
"Attrited Customer","M",43,"$120K +","Blue",34516,1477,0.043,33039,2
"Existing Customer","F",37,"Less than $40K","Blue",1879,1486,0.791,393,3
"Existing Customer","M",45,"$80K - $120K","Blue",15913,1696,0.107,14217,2
"Existing Customer","F",44,"Less than $40K","Blue",8685,0,0,8685,3
"Existing Customer","F",60,"$40K - $60K","Blue",2676,1740,0.65,936,3
"Existing Customer","F",58,"Less than $40K","Blue",1438.3,0,0,1438.3,2
"Existing Customer","M",42,"$40K - $60K","Blue",1711,0,0,1711,1
"Existing Customer","M",61,"$40K - $60K","Blue",2572,1969,0.766,603,2
"Attrited Customer","M",56,"$60K - $80K","Blue",4535,0,0,4535,2
"Existing Customer","M",44,"$60K - $80K","Blue",5950,1117,0.188,4833,6
"Attrited Customer","M",39,"$40K - $60K","Blue",2088,975,0.467,1113,3
"Existing Customer","F",43,"Less than $40K","Silver",10466,2080,0.199,8386,3
"Existing Customer","M",39,"$60K - $80K","Blue",4761,1561,0.328,3200,2
"Existing Customer","F",50,"Less than $40K","Blue",1488,755,0.507,733,1
"Existing Customer","M",44,"$60K - $80K","Blue",19114,1754,0.092,17360,1
"Existing Customer","F",30,"Unknown","Blue",7536,1272,0.169,6264,5
"Existing Customer","F",47,"Unknown","Blue",2441,1672,0.685,769,3
"Existing Customer","M",47,"$80K - $120K","Blue",13189,1205,0.091,11984,3
"Attrited Customer","F",49,"Less than $40K","Blue",1914,0,0,1914,3
"Existing Customer","F",42,"$40K - $60K","Blue",2468,1850,0.75,618,2
"Existing Customer","F",57,"Less than $40K","Blue",2564,1258,0.491,1306,3
"Attrited Customer","F",43,"Less than $40K","Blue",1679,951,0.566,728,2
"Existing Customer","F",44,"$40K - $60K","Blue",3410,1110,0.326,2300,1
"Existing Customer","F",45,"Less than $40K","Blue",2728,0,0,2728,5
"Existing Customer","M",51,"$60K - $80K","Blue",7119,1513,0.213,5606,3
"Existing Customer","F",57,"Less than $40K","Blue",3532,869,0.246,2663,1
"Existing Customer","F",60,"Unknown","Blue",7459,1717,0.23,5742,3
"Existing Customer","F",64,"Less than $40K","Blue",2294,1582,0.69,712,2
"Existing Customer","M",37,"$80K - $120K","Blue",1663,0,0,1663,3
"Existing Customer","F",49,"$40K - $60K","Blue",5129,1654,0.322,3475,3
"Attrited Customer","F",53,"Less than $40K","Blue",1722,0,0,1722,2
"Existing Customer","F",46,"Unknown","Blue",2586,1270,0.491,1316,3
"Existing Customer","F",50,"Less than $40K","Blue",8708,996,0.114,7712,3
"Existing Customer","F",56,"Less than $40K","Blue",8869,0,0,8869,2
"Existing Customer","F",45,"Less than $40K","Blue",2641,1336,0.506,1305,2
"Existing Customer","M",43,"$80K - $120K","Blue",34516,1048,0.03,33468,3
"Existing Customer","M",52,"$80K - $120K","Silver",34516,1473,0.043,33043,6
"Existing Customer","F",47,"Less than $40K","Blue",1965,1175,0.598,790,1
"Existing Customer","F",50,"Less than $40K","Blue",1513,0,0,1513,3
"Attrited Customer","M",42,"$40K - $60K","Blue",10543,0,0,10543,2
"Existing Customer","M",49,"$80K - $120K","Blue",17764,1459,0.082,16305,2
"Existing Customer","F",50,"$40K - $60K","Blue",1438.3,0,0,1438.3,1
"Existing Customer","F",49,"$40K - $60K","Blue",6371,1946,0.305,4425,2
"Existing Customer","M",43,"$80K - $120K","Blue",19188,1622,0.085,17566,1
"Existing Customer","M",60,"Less than $40K","Blue",3076,2257,0.734,819,3
"Existing Customer","M",49,"$40K - $60K","Blue",2822,1501,0.532,1321,3
"Attrited Customer","F",42,"$40K - $60K","Blue",4139,0,0,4139,3
"Existing Customer","M",42,"$80K - $120K","Silver",34516,904,0.026,33612,2
"Existing Customer","M",43,"$120K +","Blue",4121,2084,0.506,2037,2
"Existing Customer","F",42,"Less than $40K","Silver",10074,1079,0.107,8995,1
"Existing Customer","M",43,"$60K - $80K","Blue",2621,598,0.228,2023,2
"Existing Customer","M",47,"$60K - $80K","Blue",3394,0,0,3394,2
"Existing Customer","M",56,"$80K - $120K","Blue",17628,1414,0.08,16214,1
"Existing Customer","M",56,"$80K - $120K","Blue",4480,2465,0.55,2015,3
"Existing Customer","F",43,"Less than $40K","Blue",3370,2284,0.678,1086,3
"Attrited Customer","M",38,"$60K - $80K","Blue",12871,0,0,12871,3
"Existing Customer","F",47,"Unknown","Blue",3112,2023,0.65,1089,2
"Attrited Customer","F",57,"Less than $40K","Blue",1551,790,0.509,761,3
"Existing Customer","M",44,"$60K - $80K","Blue",1682,930,0.553,752,2
"Existing Customer","F",42,"Less than $40K","Blue",2758,2017,0.731,741,3
"Existing Customer","F",49,"Less than $40K","Blue",1909,866,0.454,1043,2
"Existing Customer","M",48,"$80K - $120K","Blue",11332,1647,0.145,9685,1
"Existing Customer","M",44,"$120K +","Blue",7567,2496,0.33,5071,1
"Attrited Customer","M",42,"$60K - $80K","Blue",6743,1737,0.258,5006,2
"Attrited Customer","M",48,"$80K - $120K","Blue",32838,1717,0.052,31121,3
"Attrited Customer","F",42,"Less than $40K","Blue",1438.3,0,0,1438.3,3
"Existing Customer","M",43,"$80K - $120K","Blue",2510,1508,0.601,1002,1
"Existing Customer","F",50,"Less than $40K","Blue",3199,2517,0.787,682,2
"Existing Customer","F",35,"Less than $40K","Blue",1918,900,0.469,1018,2
"Attrited Customer","M",47,"$60K - $80K","Blue",18660,728,0.039,17932,3
"Attrited Customer","M",41,"$80K - $120K","Blue",7591,0,0,7591,2
"Existing Customer","M",43,"$120K +","Blue",14315,1348,0.094,12967,3
"Existing Customer","F",64,"Unknown","Blue",18038,1184,0.066,16854,3
"Existing Customer","F",42,"Less than $40K","Blue",1853,0,0,1853,2
"Existing Customer","M",49,"$40K - $60K","Blue",4951,2002,0.404,2949,1
"Existing Customer","M",46,"$120K +","Blue",34516,2213,0.064,32303,2
"Attrited Customer","F",51,"Less than $40K","Blue",1757,331,0.188,1426,2
"Existing Customer","M",47,"$60K - $80K","Blue",24033,612,0.025,23421,3
"Existing Customer","F",38,"$40K - $60K","Blue",3276,2331,0.712,945,3
"Existing Customer","M",52,"$120K +","Blue",3614,0,0,3614,1
"Existing Customer","M",47,"$60K - $80K","Blue",1943,1654,0.851,289,1
"Attrited Customer","F",40,"$40K - $60K","Blue",3795,2517,0.663,1278,2
"Existing Customer","F",43,"Less than $40K","Blue",4075,2189,0.537,1886,3
"Attrited Customer","F",48,"Less than $40K","Blue",3001,482,0.161,2519,2
"Existing Customer","M",47,"Less than $40K","Blue",5726,834,0.146,4892,3
"Existing Customer","F",54,"Less than $40K","Blue",2077,1634,0.787,443,2
"Existing Customer","F",41,"Less than $40K","Blue",2157,721,0.334,1436,2
"Existing Customer","F",40,"$40K - $60K","Blue",2037,1349,0.662,688,2
"Existing Customer","M",33,"$120K +","Blue",14914,1102,0.074,13812,1
"Existing Customer","F",47,"Less than $40K","Blue",1580,620,0.392,960,3
"Existing Customer","M",46,"$60K - $80K","Blue",15483,1719,0.111,13764,3
"Attrited Customer","F",44,"Less than $40K","Blue",1916,0,0,1916,2
"Attrited Customer","M",51,"$80K - $120K","Blue",3610,1554,0.43,2056,3
"Existing Customer","F",48,"Less than $40K","Blue",1667,0,0,1667,2
"Existing Customer","F",51,"Less than $40K","Blue",1438.3,0,0,1438.3,3
"Attrited Customer","F",48,"Less than $40K","Blue",1942,860,0.443,1082,3
"Existing Customer","F",48,"Unknown","Blue",2231,0,0,2231,3
"Existing Customer","F",50,"Unknown","Blue",6465,1863,0.288,4602,2
"Existing Customer","M",35,"$40K - $60K","Blue",8599,938,0.109,7661,3
"Existing Customer","F",35,"Less than $40K","Blue",1438.3,0,0,1438.3,3
"Existing Customer","F",51,"Less than $40K","Blue",4402,697,0.158,3705,3
"Existing Customer","M",50,"$60K - $80K","Blue",5444,2499,0.459,2945,3
"Existing Customer","F",50,"Less than $40K","Blue",1438.3,0,0,1438.3,2
"Attrited Customer","F",54,"Less than $40K","Blue",1438.3,0,0,1438.3,1
"Existing Customer","F",45,"Less than $40K","Blue",2679,1558,0.582,1121,2
"Existing Customer","F",31,"Less than $40K","Blue",2766,1731,0.626,1035,3
"Existing Customer","M",42,"$60K - $80K","Silver",25293,1140,0.045,24153,3
"Existing Customer","F",45,"Unknown","Blue",2707,1796,0.663,911,3
"Attrited Customer","F",45,"Less than $40K","Blue",1748,1103,0.631,645,3
"Existing Customer","F",45,"$40K - $60K","Blue",4034,1867,0.463,2167,2
"Existing Customer","M",53,"$120K +","Blue",26129,1752,0.067,24377,2
"Attrited Customer","M",51,"$80K - $120K","Blue",14902,0,0,14902,2
"Existing Customer","F",38,"$40K - $60K","Blue",12228,2137,0.175,10091,2
"Existing Customer","F",55,"Less than $40K","Blue",1724,0,0,1724,3
"Attrited Customer","F",47,"Less than $40K","Blue",1438.3,0,0,1438.3,3
"Existing Customer","M",38,"$80K - $120K","Blue",16665,1147,0.069,15518,0
"Attrited Customer","M",52,"$120K +","Blue",20974,0,0,20974,3
"Existing Customer","F",43,"Less than $40K","Blue",3139,1089,0.347,2050,0
"Existing Customer","M",54,"$120K +","Blue",19865,0,0,19865,1
"Existing Customer","F",42,"Less than $40K","Blue",2069,1288,0.623,781,2
"Attrited Customer","F",35,"Less than $40K","Blue",2231,1791,0.803,440,2
"Existing Customer","F",62,"Unknown","Silver",33371,0,0,33371,1
"Existing Customer","F",48,"Less than $40K","Blue",2544,0,0,2544,1
"Existing Customer","M",41,"$120K +","Blue",34516,0,0,34516,1
"Existing Customer","F",49,"$40K - $60K","Blue",5370,653,0.122,4717,3
"Existing Customer","M",54,"$80K - $120K","Blue",22437,1389,0.062,21048,1
"Attrited Customer","F",53,"Less than $40K","Blue",3573,0,0,3573,2
"Existing Customer","M",51,"$60K - $80K","Blue",1959,0,0,1959,3
"Existing Customer","F",59,"Less than $40K","Blue",1661,0,0,1661,3
"Existing Customer","F",39,"Unknown","Blue",5363,0,0,5363,2
"Existing Customer","F",65,"$40K - $60K","Blue",3009,721,0.24,2288,3
"Existing Customer","M",47,"$40K - $60K","Silver",18535,1192,0.064,17343,3
"Existing Customer","M",42,"Less than $40K","Blue",2171,1415,0.652,756,3
"Attrited Customer","M",45,"$80K - $120K","Silver",34516,1964,0.057,32552,2
"Existing Customer","F",57,"Less than $40K","Blue",2376,1515,0.638,861,1
"Existing Customer","F",51,"Less than $40K","Blue",2882,0,0,2882,3
"Existing Customer","F",50,"Less than $40K","Blue",3277,2481,0.757,796,3
"Existing Customer","M",47,"$80K - $120K","Blue",2514,1845,0.734,669,2
"Existing Customer","F",57,"$40K - $60K","Blue",3301,2517,0.762,784,2
"Existing Customer","M",48,"$60K - $80K","Blue",12391,784,0.063,11607,3
"Existing Customer","F",47,"Less than $40K","Blue",2168,1485,0.685,683,3
"Existing Customer","F",42,"Unknown","Blue",7762,1319,0.17,6443,1
"Existing Customer","F",45,"Unknown","Blue",12587,815,0.065,11772,3
"Existing Customer","M",52,"$60K - $80K","Blue",14785,1088,0.074,13697,3
"Existing Customer","M",37,"$60K - $80K","Blue",3433,964,0.281,2469,2
"Attrited Customer","F",60,"$40K - $60K","Blue",2425,0,0,2425,2
"Attrited Customer","M",63,"$60K - $80K","Blue",11619,0,0,11619,3
"Existing Customer","F",62,"Less than $40K","Blue",3989,0,0,3989,3
"Attrited Customer","F",47,"Less than $40K","Blue",2173,596,0.274,1577,2
"Existing Customer","F",50,"Less than $40K","Blue",2393,1499,0.626,894,1
"Attrited Customer","F",39,"Less than $40K","Blue",1677,0,0,1677,2
"Existing Customer","F",40,"Less than $40K","Blue",2035,0,0,2035,4
"Existing Customer","M",39,"$120K +","Blue",8842,0,0,8842,2
"Existing Customer","F",42,"Less than $40K","Blue",2483,1297,0.522,1186,3
"Existing Customer","M",65,"$40K - $60K","Blue",13921,1201,0.086,12720,2
"Attrited Customer","F",32,"Less than $40K","Blue",2761,0,0,2761,3
"Existing Customer","F",47,"$40K - $60K","Blue",2623,1647,0.628,976,3
"Existing Customer","F",49,"Less than $40K","Blue",3232,824,0.255,2408,1
"Attrited Customer","M",48,"$60K - $80K","Blue",19075,0,0,19075,2
"Existing Customer","M",45,"$80K - $120K","Blue",31978,1659,0.052,30319,3
"Existing Customer","M",62,"$120K +","Blue",34516,2061,0.06,32455,3
"Existing Customer","F",45,"Less than $40K","Blue",6225,1596,0.256,4629,1
"Attrited Customer","F",49,"Unknown","Blue",2672,0,0,2672,3
"Attrited Customer","F",41,"$40K - $60K","Blue",10360,2517,0.243,7843,3
"Existing Customer","M",50,"$120K +","Blue",10747,1027,0.096,9720,6
"Existing Customer","M",46,"$60K - $80K","Blue",3135,0,0,3135,1
"Existing Customer","F",42,"Less than $40K","Blue",1438.3,860,0.598,578.3,1
"Existing Customer","F",41,"Less than $40K","Blue",3189,0,0,3189,3
"Existing Customer","M",65,"Less than $40K","Blue",8963,0,0,8963,2
"Attrited Customer","M",55,"$60K - $80K","Blue",1723,0,0,1723,2
"Existing Customer","F",36,"Unknown","Blue",2161,1404,0.65,757,6
"Existing Customer","F",46,"Less than $40K","Blue",3901,1001,0.257,2900,3
"Existing Customer","F",58,"Less than $40K","Blue",1438.3,801,0.557,637.3,2
"Existing Customer","F",42,"Less than $40K","Blue",3131,849,0.271,2282,2
"Existing Customer","F",38,"$40K - $60K","Blue",2331,1709,0.733,622,2
"Existing Customer","F",29,"Less than $40K","Blue",1895,1146,0.605,749,3
"Existing Customer","F",46,"Unknown","Blue",26496,1406,0.053,25090,2
"Attrited Customer","F",55,"Less than $40K","Blue",1583,234,0.148,1349,1
"Existing Customer","F",57,"Less than $40K","Blue",1438.3,904,0.629,534.3,2
"Existing Customer","F",45,"Less than $40K","Blue",2072,1544,0.745,528,3
"Existing Customer","F",47,"Less than $40K","Blue",2707,1367,0.505,1340,3
"Existing Customer","F",43,"Less than $40K","Silver",13608,1190,0.087,12418,3
"Existing Customer","F",52,"Unknown","Blue",10273,1657,0.161,8616,1
"Existing Customer","F",64,"Less than $40K","Blue",2609,1115,0.427,1494,6
"Existing Customer","F",52,"Less than $40K","Blue",8431,1862,0.221,6569,1
"Existing Customer","M",61,"$60K - $80K","Blue",5852,1935,0.331,3917,3
"Existing Customer","F",40,"Less than $40K","Blue",3140,2183,0.695,957,2
"Attrited Customer","M",50,"$40K - $60K","Blue",12914,1227,0.095,11687,1
"Existing Customer","F",45,"Less than $40K","Blue",8694,961,0.111,7733,1
"Attrited Customer","F",36,"Less than $40K","Blue",1735,0,0,1735,1
"Existing Customer","F",51,"Unknown","Blue",2286,1641,0.718,645,1
"Existing Customer","F",43,"Less than $40K","Blue",3589,1808,0.504,1781,2
"Existing Customer","F",51,"Less than $40K","Blue",2673,1275,0.477,1398,2
"Existing Customer","M",47,"$80K - $120K","Blue",9437,2024,0.214,7413,1
"Existing Customer","F",39,"$40K - $60K","Blue",2751,2258,0.821,493,2
"Existing Customer","M",40,"$40K - $60K","Blue",11557,1050,0.091,10507,2
"Existing Customer","F",38,"Unknown","Blue",14831,1302,0.088,13529,2
"Attrited Customer","F",51,"$40K - $60K","Blue",1495,0,0,1495,1
"Existing Customer","M",44,"$60K - $80K","Blue",2791,1979,0.709,812,3
"Existing Customer","M",38,"$120K +","Blue",9703,941,0.097,8762,3
"Existing Customer","M",47,"$120K +","Blue",3889,1839,0.473,2050,3
"Existing Customer","F",32,"Unknown","Blue",14140,845,0.06,13295,2
"Existing Customer","M",53,"$80K - $120K","Blue",9106,975,0.107,8131,2
"Attrited Customer","F",40,"Less than $40K","Blue",2694,0,0,2694,1
"Existing Customer","M",45,"$60K - $80K","Blue",19629,0,0,19629,3
"Existing Customer","M",41,"$40K - $60K","Blue",6507,1452,0.223,5055,1
"Attrited Customer","F",53,"Unknown","Blue",10195,0,0,10195,2
"Existing Customer","F",44,"Less than $40K","Blue",2096,1711,0.816,385,1
"Existing Customer","F",39,"$40K - $60K","Blue",11314,0,0,11314,1
"Existing Customer","F",50,"Less than $40K","Blue",1837,665,0.362,1172,1
"Attrited Customer","M",39,"$60K - $80K","Blue",7821,2517,0.322,5304,2
"Attrited Customer","F",44,"Less than $40K","Blue",1984,0,0,1984,3
"Existing Customer","F",56,"Less than $40K","Blue",2535,1699,0.67,836,3
"Existing Customer","M",63,"$40K - $60K","Blue",1970,1224,0.621,746,3
"Existing Customer","M",50,"$120K +","Blue",34516,2076,0.06,32440,5
"Existing Customer","F",40,"Less than $40K","Blue",2694,1833,0.68,861,1
"Existing Customer","M",48,"$60K - $80K","Blue",4476,0,0,4476,3
"Attrited Customer","F",53,"$40K - $60K","Blue",1699,0,0,1699,2
"Existing Customer","F",44,"Less than $40K","Blue",1953,1762,0.902,191,2
"Existing Customer","F",56,"Unknown","Blue",5264,0,0,5264,1
"Attrited Customer","F",40,"Unknown","Blue",3698,478,0.129,3220,2
"Existing Customer","M",41,"$120K +","Blue",34516,825,0.024,33691,3
"Existing Customer","F",40,"Less than $40K","Blue",2712,0,0,2712,1
"Existing Customer","F",45,"Less than $40K","Blue",5486,685,0.125,4801,1
"Existing Customer","F",40,"Less than $40K","Blue",2107,941,0.447,1166,3
"Existing Customer","M",52,"$120K +","Blue",18096,2404,0.133,15692,1
"Attrited Customer","F",59,"Unknown","Blue",2721,1885,0.693,836,3
"Existing Customer","F",49,"Less than $40K","Blue",2976,2257,0.758,719,3
"Existing Customer","M",47,"$80K - $120K","Blue",16741,1225,0.073,15516,1
"Existing Customer","F",42,"Less than $40K","Blue",3714,2517,0.678,1197,2
"Attrited Customer","F",41,"Less than $40K","Blue",6936,0,0,6936,2
"Existing Customer","M",43,"$120K +","Blue",11099,0,0,11099,3
"Existing Customer","F",40,"Less than $40K","Gold",15987,1965,0.123,14022,4
"Existing Customer","F",45,"Less than $40K","Blue",4406,1247,0.283,3159,4
"Existing Customer","M",43,"$120K +","Silver",34516,1153,0.033,33363,3
"Existing Customer","F",48,"Unknown","Blue",5104,736,0.144,4368,2
"Attrited Customer","F",46,"$40K - $60K","Blue",7195,0,0,7195,2
"Existing Customer","F",41,"Less than $40K","Blue",1956,1053,0.538,903,1
"Existing Customer","F",38,"Less than $40K","Blue",3317,2517,0.759,800,3
"Attrited Customer","F",45,"$40K - $60K","Blue",2759,0,0,2759,2
"Existing Customer","F",44,"Unknown","Blue",6038,0,0,6038,1
"Existing Customer","F",35,"Less than $40K","Blue",2942,2100,0.714,842,2
"Existing Customer","F",49,"Less than $40K","Blue",5095,0,0,5095,2
"Existing Customer","F",47,"Less than $40K","Blue",1438.3,0,0,1438.3,2
"Existing Customer","M",48,"$80K - $120K","Blue",10111,868,0.086,9243,3
"Attrited Customer","F",50,"Less than $40K","Blue",3201,2517,0.786,684,3
"Existing Customer","M",44,"$60K - $80K","Blue",2761,0,0,2761,1
"Existing Customer","M",37,"$40K - $60K","Blue",5987,1405,0.235,4582,2
"Existing Customer","F",47,"Unknown","Blue",5630,748,0.133,4882,1
"Existing Customer","F",35,"Unknown","Blue",6622,2126,0.321,4496,2
"Existing Customer","M",51,"$120K +","Blue",18733,1292,0.069,17441,2
"Existing Customer","F",36,"$40K - $60K","Blue",2265,1345,0.594,920,3
"Existing Customer","F",33,"$40K - $60K","Blue",2907,1537,0.529,1370,3
"Attrited Customer","F",32,"Unknown","Blue",8791,0,0,8791,3
"Attrited Customer","F",59,"Less than $40K","Blue",2302,0,0,2302,4
"Existing Customer","F",51,"$40K - $60K","Blue",5489,1665,0.303,3824,6
"Existing Customer","F",50,"Less than $40K","Blue",2055,1276,0.621,779,1
"Existing Customer","F",39,"$40K - $60K","Blue",2147,771,0.359,1376,3
"Existing Customer","F",49,"Less than $40K","Blue",1757,1307,0.744,450,3
"Attrited Customer","M",43,"$80K - $120K","Blue",2900,2517,0.868,383,3
"Existing Customer","F",41,"Less than $40K","Blue",2670,2079,0.779,591,2
"Existing Customer","M",51,"$80K - $120K","Blue",21382,1692,0.079,19690,2
"Existing Customer","F",54,"$40K - $60K","Blue",2254,533,0.236,1721,2
"Existing Customer","F",40,"Unknown","Blue",4433,1488,0.336,2945,3
"Existing Customer","F",55,"Less than $40K","Blue",1438.3,739,0.514,699.3,2
"Attrited Customer","F",49,"Less than $40K","Blue",2520,1473,0.585,1047,3
"Attrited Customer","F",41,"$40K - $60K","Blue",5655,1154,0.204,4501,3
"Existing Customer","M",48,"$60K - $80K","Blue",1438.3,0,0,1438.3,1
"Existing Customer","F",44,"Less than $40K","Blue",2786,1635,0.587,1151,3
"Existing Customer","F",51,"Less than $40K","Blue",3961,1729,0.437,2232,3
"Existing Customer","M",43,"$60K - $80K","Blue",2476,1944,0.785,532,1
"Attrited Customer","M",52,"$80K - $120K","Blue",11606,0,0,11606,3
"Existing Customer","F",45,"Unknown","Blue",8459,757,0.089,7702,1
"Existing Customer","F",48,"Unknown","Blue",9554,2337,0.245,7217,1
"Existing Customer","M",50,"$60K - $80K","Blue",4388,642,0.146,3746,3
"Existing Customer","M",43,"$60K - $80K","Blue",19826,1389,0.07,18437,3
"Existing Customer","F",34,"$40K - $60K","Blue",2173,0,0,2173,1
"Existing Customer","F",48,"$40K - $60K","Blue",2545,1894,0.744,651,2
"Attrited Customer","F",49,"Less than $40K","Blue",1757,0,0,1757,2
"Existing Customer","M",54,"$80K - $120K","Blue",3164,2201,0.696,963,2
"Existing Customer","F",44,"Less than $40K","Blue",6022,871,0.145,5151,2
"Attrited Customer","F",46,"Less than $40K","Blue",1804,0,0,1804,3
"Existing Customer","M",53,"$120K +","Blue",22664,0,0,22664,2
"Existing Customer","M",39,"$60K - $80K","Blue",2527,2204,0.872,323,3
"Attrited Customer","F",49,"Less than $40K","Blue",3547,2517,0.71,1030,4
"Existing Customer","F",52,"Less than $40K","Blue",1438.3,604,0.42,834.3,2
"Existing Customer","F",51,"Unknown","Blue",6182,1516,0.245,4666,2
"Attrited Customer","M",40,"$80K - $120K","Blue",29715,0,0,29715,3
"Existing Customer","F",49,"Less than $40K","Blue",2154,1490,0.692,664,3
"Existing Customer","M",46,"$60K - $80K","Blue",2179,1632,0.749,547,3
"Existing Customer","M",59,"$60K - $80K","Blue",4906,1302,0.265,3604,1
"Existing Customer","F",38,"$40K - $60K","Blue",2346,1407,0.6,939,3
"Existing Customer","F",45,"Less than $40K","Blue",4753,0,0,4753,2
"Attrited Customer","F",44,"Less than $40K","Blue",1880,0,0,1880,2
"Existing Customer","M",64,"Less than $40K","Silver",12155,0,0,12155,4
"Existing Customer","F",49,"$40K - $60K","Blue",2721,1527,0.561,1194,3
"Existing Customer","F",51,"Less than $40K","Blue",6160,2258,0.367,3902,2
"Existing Customer","F",41,"Less than $40K","Blue",2069,1393,0.673,676,3
"Existing Customer","M",41,"$80K - $120K","Blue",28422,1258,0.044,27164,3
"Existing Customer","M",39,"$80K - $120K","Blue",1438.3,0,0,1438.3,4
"Existing Customer","M",41,"Less than $40K","Blue",1438.3,0,0,1438.3,2
"Attrited Customer","M",65,"Unknown","Blue",1671,0,0,1671,4
"Attrited Customer","F",44,"Less than $40K","Blue",1491,0,0,1491,2
"Attrited Customer","M",43,"$80K - $120K","Blue",11422,1095,0.096,10327,2
"Attrited Customer","F",54,"Less than $40K","Blue",5139,0,0,5139,3
"Existing Customer","M",61,"$60K - $80K","Blue",4783,2517,0.526,2266,1
"Existing Customer","M",47,"$60K - $80K","Blue",2589,1693,0.654,896,2
"Existing Customer","M",38,"$80K - $120K","Blue",8138,0,0,8138,2
"Existing Customer","F",51,"Unknown","Blue",4502,1785,0.396,2717,1
"Existing Customer","M",44,"$60K - $80K","Silver",33521,928,0.028,32593,2
"Existing Customer","F",48,"Less than $40K","Blue",4361,806,0.185,3555,3
"Existing Customer","M",53,"$60K - $80K","Blue",7026,1728,0.246,5298,3
"Existing Customer","M",50,"$80K - $120K","Blue",16388,2001,0.122,14387,2
"Attrited Customer","F",30,"Less than $40K","Blue",2905,2517,0.866,388,2
"Existing Customer","M",41,"$80K - $120K","Blue",2404,1887,0.785,517,2
"Attrited Customer","F",55,"Less than $40K","Blue",1477,0,0,1477,2
"Attrited Customer","F",43,"Less than $40K","Blue",3556,2517,0.708,1039,3
"Existing Customer","M",48,"$60K - $80K","Blue",5649,748,0.132,4901,1
"Existing Customer","F",41,"$40K - $60K","Blue",14345,960,0.067,13385,1
"Existing Customer","F",47,"Less than $40K","Blue",6524,1993,0.305,4531,2
"Existing Customer","F",55,"Less than $40K","Blue",2281,920,0.403,1361,1
"Existing Customer","F",47,"Less than $40K","Blue",2633,1924,0.731,709,1
"Existing Customer","M",51,"$80K - $120K","Blue",7693,0,0,7693,1
"Existing Customer","F",44,"Unknown","Blue",10262,1888,0.184,8374,6
"Existing Customer","F",49,"Unknown","Blue",11320,0,0,11320,1
"Existing Customer","F",53,"Less than $40K","Blue",2482,916,0.369,1566,2
"Existing Customer","F",47,"Less than $40K","Blue",3035,0,0,3035,2
"Existing Customer","M",51,"$120K +","Blue",26308,0,0,26308,3
"Existing Customer","F",53,"Less than $40K","Blue",6721,1115,0.166,5606,2
"Existing Customer","M",49,"$60K - $80K","Blue",6205,2233,0.36,3972,3
"Existing Customer","F",35,"Less than $40K","Blue",2624,1458,0.556,1166,2
"Attrited Customer","F",40,"Less than $40K","Blue",1479,458,0.31,1021,2
"Existing Customer","M",44,"$60K - $80K","Blue",4489,0,0,4489,2
"Attrited Customer","F",53,"Unknown","Blue",5842,198,0.034,5644,3
"Existing Customer","F",42,"Less than $40K","Blue",8777,1668,0.19,7109,2
"Existing Customer","F",51,"Less than $40K","Blue",3250,0,0,3250,6
"Attrited Customer","M",46,"$60K - $80K","Blue",15060,0,0,15060,3
"Existing Customer","M",40,"$80K - $120K","Blue",2126,1321,0.621,805,1
"Existing Customer","M",47,"$40K - $60K","Blue",4907,773,0.158,4134,2
"Existing Customer","F",51,"Unknown","Blue",3553,0,0,3553,2
"Existing Customer","F",41,"Unknown","Blue",2515,1313,0.522,1202,2
"Attrited Customer","M",41,"$80K - $120K","Blue",4428,0,0,4428,2
"Existing Customer","M",43,"$40K - $60K","Blue",1616,0,0,1616,3
"Existing Customer","F",64,"Less than $40K","Blue",6723,968,0.144,5755,1
"Existing Customer","F",42,"Less than $40K","Blue",2756,1911,0.693,845,4
"Attrited Customer","F",50,"Less than $40K","Blue",2897,1506,0.52,1391,2
"Existing Customer","F",52,"Less than $40K","Blue",5456,0,0,5456,3
"Existing Customer","F",46,"$40K - $60K","Blue",3569,0,0,3569,2
"Existing Customer","M",39,"$80K - $120K","Blue",34198,1804,0.053,32394,3
"Existing Customer","M",44,"$80K - $120K","Blue",34516,1311,0.038,33205,2
"Existing Customer","F",57,"$40K - $60K","Blue",2817,1864,0.662,953,1
"Existing Customer","F",53,"Less than $40K","Blue",2126,1257,0.591,869,2
"Existing Customer","F",43,"Less than $40K","Blue",2573,1640,0.637,933,1
"Existing Customer","F",45,"$40K - $60K","Blue",2016,1303,0.646,713,5
"Existing Customer","F",48,"Less than $40K","Blue",4006,1646,0.411,2360,3
"Existing Customer","F",41,"Unknown","Blue",5869,0,0,5869,1
"Attrited Customer","M",47,"$80K - $120K","Blue",4586,0,0,4586,2
"Existing Customer","F",50,"Less than $40K","Blue",1438.3,0,0,1438.3,3
"Existing Customer","M",46,"$60K - $80K","Blue",1790,796,0.445,994,3
"Existing Customer","F",51,"Unknown","Blue",5862,2306,0.393,3556,2
"Existing Customer","M",43,"$60K - $80K","Blue",7411,1341,0.181,6070,5
"Attrited Customer","F",47,"Less than $40K","Blue",5667,2517,0.444,3150,2
"Existing Customer","M",47,"$60K - $80K","Blue",15594,0,0,15594,2
"Attrited Customer","F",47,"Unknown","Blue",11410,979,0.086,10431,3
"Attrited Customer","M",47,"$60K - $80K","Blue",1584,1214,0.766,370,3
"Existing Customer","M",44,"$80K - $120K","Blue",13298,1694,0.127,11604,3
"Attrited Customer","F",51,"Less than $40K","Blue",2114,0,0,2114,2
"Attrited Customer","M",44,"$60K - $80K","Blue",2540,0,0,2540,2
"Existing Customer","F",41,"Less than $40K","Blue",1762,1051,0.596,711,2
"Existing Customer","F",47,"Less than $40K","Blue",2245,1503,0.669,742,3
"Existing Customer","M",47,"$40K - $60K","Blue",8168,2137,0.262,6031,2
"Attrited Customer","M",41,"$60K - $80K","Blue",2238,0,0,2238,2
"Attrited Customer","F",54,"Less than $40K","Blue",3881,2517,0.649,1364,2
"Existing Customer","M",44,"$80K - $120K","Blue",20485,0,0,20485,1
"Existing Customer","F",44,"Unknown","Blue",9856,671,0.068,9185,4
"Existing Customer","M",44,"Less than $40K","Blue",2111,1047,0.496,1064,1
"Existing Customer","F",43,"Less than $40K","Blue",2905,2079,0.716,826,2
"Existing Customer","M",49,"$60K - $80K","Silver",32244,0,0,32244,3
"Existing Customer","F",47,"$40K - $60K","Blue",5624,1216,0.216,4408,2
"Existing Customer","F",44,"Less than $40K","Blue",1656,1429,0.863,227,2
"Attrited Customer","M",42,"$40K - $60K","Blue",3032,0,0,3032,3
"Attrited Customer","M",42,"$60K - $80K","Blue",15699,0,0,15699,3
"Existing Customer","F",40,"$40K - $60K","Blue",6608,2270,0.344,4338,1
"Existing Customer","F",47,"Less than $40K","Blue",5062,1423,0.281,3639,2
"Existing Customer","M",44,"$40K - $60K","Blue",1547,0,0,1547,3
"Existing Customer","F",60,"Less than $40K","Silver",11060,1647,0.149,9413,1
"Existing Customer","F",41,"$40K - $60K","Blue",1438.3,0,0,1438.3,1
"Existing Customer","F",46,"Less than $40K","Blue",3670,0,0,3670,3
"Existing Customer","F",42,"Less than $40K","Blue",1538,868,0.564,670,1
"Existing Customer","F",54,"$40K - $60K","Blue",1438.3,886,0.616,552.3,1
"Attrited Customer","F",45,"Less than $40K","Blue",2330,2294,0.985,36,2
"Existing Customer","M",49,"$60K - $80K","Blue",3170,1428,0.45,1742,2
"Existing Customer","F",42,"Less than $40K","Blue",2120,1527,0.72,593,2
"Existing Customer","M",53,"$80K - $120K","Blue",20231,1434,0.071,18797,1
"Attrited Customer","F",48,"Unknown","Blue",1438.3,0,0,1438.3,2
"Existing Customer","F",45,"Less than $40K","Blue",5583,0,0,5583,3
"Existing Customer","F",41,"Less than $40K","Blue",7764,621,0.08,7143,3
"Attrited Customer","M",51,"$80K - $120K","Blue",25670,0,0,25670,3
"Attrited Customer","M",45,"$60K - $80K","Blue",3841,0,0,3841,2
"Existing Customer","F",52,"Less than $40K","Blue",2001,909,0.454,1092,3
"Existing Customer","F",44,"Less than $40K","Blue",8512,1471,0.173,7041,2
"Existing Customer","F",47,"$40K - $60K","Blue",5869,2517,0.429,3352,3
"Existing Customer","F",44,"Unknown","Blue",5791,0,0,5791,2
"Attrited Customer","M",50,"$120K +","Silver",34516,399,0.012,34117,2
"Existing Customer","M",49,"$80K - $120K","Blue",2191,1414,0.645,777,1
"Existing Customer","M",37,"$60K - $80K","Blue",2865,1176,0.41,1689,1
"Existing Customer","M",43,"$120K +","Blue",6467,1887,0.292,4580,1
"Attrited Customer","F",37,"Less than $40K","Blue",1468,1074,0.732,394,1
"Existing Customer","F",58,"$40K - $60K","Blue",5386,0,0,5386,3
"Existing Customer","F",46,"Less than $40K","Blue",1438.3,576,0.4,862.3,3
"Existing Customer","F",59,"Unknown","Blue",5402,892,0.165,4510,1
"Attrited Customer","F",49,"Unknown","Blue",3855,211,0.055,3644,2
"Attrited Customer","F",42,"Less than $40K","Blue",2983,0,0,2983,3
"Existing Customer","F",54,"Less than $40K","Blue",1438.3,1120,0.779,318.3,1
"Attrited Customer","F",31,"Less than $40K","Blue",4871,0,0,4871,3
"Existing Customer","F",40,"Less than $40K","Blue",2636,1953,0.741,683,1
"Existing Customer","F",32,"$40K - $60K","Blue",1553,1177,0.758,376,3
"Attrited Customer","F",45,"$40K - $60K","Blue",3304,0,0,3304,2
"Attrited Customer","M",49,"$120K +","Blue",34516,2517,0.073,31999,3
"Existing Customer","F",53,"Less than $40K","Blue",3378,2134,0.632,1244,2
"Existing Customer","F",34,"$40K - $60K","Blue",2313,1775,0.767,538,2
"Existing Customer","F",49,"Less than $40K","Blue",2434,0,0,2434,3
"Existing Customer","F",60,"$40K - $60K","Blue",1438.3,0,0,1438.3,1
"Existing Customer","M",40,"$80K - $120K","Blue",14544,0,0,14544,1
"Attrited Customer","M",59,"$60K - $80K","Blue",24621,471,0.019,24150,6
"Existing Customer","F",44,"Less than $40K","Blue",2337,698,0.299,1639,3
"Existing Customer","F",49,"$40K - $60K","Blue",2720,1926,0.708,794,3
"Existing Customer","M",44,"$80K - $120K","Blue",1965,1021,0.52,944,1
"Existing Customer","M",47,"$60K - $80K","Silver",33122,1587,0.048,31535,2
"Existing Customer","F",52,"Less than $40K","Blue",1438.3,797,0.554,641.3,3
"Existing Customer","F",47,"Less than $40K","Blue",2709,2034,0.751,675,3
"Attrited Customer","F",57,"Unknown","Blue",2404,284,0.118,2120,6
"Existing Customer","M",41,"$60K - $80K","Blue",4499,0,0,4499,2
"Attrited Customer","F",33,"Unknown","Blue",4734,2517,0.532,2217,2
"Attrited Customer","M",55,"$120K +","Blue",4697,0,0,4697,2
"Existing Customer","M",50,"$120K +","Gold",34516,668,0.019,33848,5
"Existing Customer","M",47,"$60K - $80K","Blue",2572,1093,0.425,1479,1
"Existing Customer","M",56,"$60K - $80K","Blue",3110,2378,0.765,732,1
"Existing Customer","M",41,"$60K - $80K","Blue",1734,857,0.494,877,3
"Existing Customer","F",46,"Unknown","Blue",3562,0,0,3562,3
"Attrited Customer","F",43,"Less than $40K","Blue",1536,0,0,1536,2
"Existing Customer","M",39,"$60K - $80K","Blue",19198,2218,0.116,16980,2
"Existing Customer","F",42,"Unknown","Blue",4540,2517,0.554,2023,3
"Existing Customer","F",45,"Less than $40K","Blue",1438.3,1226,0.852,212.3,5
"Existing Customer","F",54,"Less than $40K","Blue",1990,1747,0.878,243,2
"Existing Customer","M",59,"$120K +","Blue",3422,1039,0.304,2383,3
"Existing Customer","F",45,"Less than $40K","Blue",2192,1464,0.668,728,3
"Existing Customer","F",43,"Less than $40K","Blue",5152,1713,0.332,3439,2
"Existing Customer","M",41,"Less than $40K","Blue",2515,1767,0.703,748,2
"Attrited Customer","F",49,"Less than $40K","Blue",2094,0,0,2094,3
"Existing Customer","F",48,"$40K - $60K","Blue",1906,1259,0.661,647,3
"Attrited Customer","M",42,"$60K - $80K","Blue",5096,0,0,5096,2
"Existing Customer","M",39,"$40K - $60K","Blue",2222,0,0,2222,2
"Existing Customer","F",42,"$40K - $60K","Blue",3015,0,0,3015,2
"Existing Customer","M",48,"$40K - $60K","Blue",3786,0,0,3786,3
"Existing Customer","M",39,"$40K - $60K","Blue",12078,1687,0.14,10391,1
"Existing Customer","F",48,"Unknown","Blue",6448,1087,0.169,5361,3
"Attrited Customer","F",47,"Less than $40K","Blue",5398,0,0,5398,3
"Attrited Customer","F",59,"Less than $40K","Blue",1438.3,0,0,1438.3,5
"Attrited Customer","F",33,"$40K - $60K","Blue",1438.3,0,0,1438.3,2
"Existing Customer","F",48,"Less than $40K","Blue",2620,2081,0.794,539,3
"Existing Customer","M",49,"$60K - $80K","Blue",13435,0,0,13435,3
"Existing Customer","F",43,"Less than $40K","Blue",3186,2517,0.79,669,2
"Existing Customer","F",42,"$40K - $60K","Blue",1950,1062,0.545,888,1
"Existing Customer","M",63,"Less than $40K","Blue",7098,2224,0.313,4874,2
"Existing Customer","F",42,"Less than $40K","Blue",2250,1788,0.795,462,2
"Existing Customer","M",45,"$120K +","Silver",34516,2038,0.059,32478,1
"Existing Customer","F",58,"Less than $40K","Blue",2495,2061,0.826,434,3
"Existing Customer","F",39,"Less than $40K","Blue",3086,2213,0.717,873,3
"Existing Customer","F",53,"Less than $40K","Blue",1520,0,0,1520,2
"Attrited Customer","M",38,"$120K +","Blue",4043,2517,0.623,1526,3
"Existing Customer","M",65,"Less than $40K","Blue",4599,1438,0.313,3161,1
"Attrited Customer","F",38,"Less than $40K","Blue",1438.3,0,0,1438.3,2
"Existing Customer","F",55,"Unknown","Blue",7869,1251,0.159,6618,3
"Existing Customer","F",60,"$40K - $60K","Blue",5362,2057,0.384,3305,3
"Existing Customer","M",60,"$40K - $60K","Silver",16541,1428,0.086,15113,2
"Existing Customer","F",45,"Less than $40K","Blue",7486,1758,0.235,5728,2
"Existing Customer","F",42,"Less than $40K","Blue",1438.3,0,0,1438.3,3
"Existing Customer","F",51,"Unknown","Blue",8365,1504,0.18,6861,3
"Attrited Customer","F",56,"Less than $40K","Blue",2846,0,0,2846,2
"Existing Customer","F",49,"Less than $40K","Blue",7789,957,0.123,6832,1
"Attrited Customer","F",44,"Less than $40K","Blue",1438.3,170,0.118,1268.3,3
"Attrited Customer","F",48,"Unknown","Blue",2220,0,0,2220,2
"Existing Customer","M",48,"$120K +","Blue",6626,1558,0.235,5068,3
"Existing Customer","F",46,"Unknown","Blue",5547,0,0,5547,2
"Existing Customer","F",37,"Less than $40K","Blue",1734,987,0.569,747,3
"Existing Customer","F",41,"Less than $40K","Blue",2934,933,0.318,2001,3
"Existing Customer","M",44,"$120K +","Blue",14527,2070,0.142,12457,1
"Existing Customer","F",48,"Less than $40K","Blue",2646,872,0.33,1774,3
"Existing Customer","M",47,"$80K - $120K","Blue",8185,1556,0.19,6629,3
"Existing Customer","M",46,"$40K - $60K","Blue",6340,1985,0.313,4355,2
"Existing Customer","M",62,"$80K - $120K","Blue",5711,0,0,5711,2
"Existing Customer","F",46,"Less than $40K","Blue",2258,1600,0.709,658,3
"Attrited Customer","F",43,"Less than $40K","Blue",2086,2007,0.962,79,2
"Existing Customer","F",44,"$40K - $60K","Blue",3256,1013,0.311,2243,1
"Existing Customer","M",50,"$60K - $80K","Blue",14854,2136,0.144,12718,3
"Existing Customer","M",49,"$120K +","Blue",7184,1207,0.168,5977,1
"Existing Customer","M",48,"$40K - $60K","Blue",6541,1119,0.171,5422,2
"Existing Customer","M",62,"$40K - $60K","Blue",9065,641,0.071,8424,1
"Attrited Customer","M",54,"$40K - $60K","Blue",3682,2517,0.684,1165,1
"Attrited Customer","F",56,"Less than $40K","Blue",1438.3,0,0,1438.3,6
"Attrited Customer","F",46,"Unknown","Blue",2286,0,0,2286,3
"Existing Customer","M",57,"$80K - $120K","Blue",12663,1028,0.081,11635,3
"Existing Customer","F",48,"Less than $40K","Blue",1438.3,816,0.567,622.3,3
"Existing Customer","F",39,"Less than $40K","Blue",1438.3,668,0.464,770.3,2
"Existing Customer","F",45,"Unknown","Blue",5056,0,0,5056,2
"Attrited Customer","F",53,"Less than $40K","Blue",1438.3,0,0,1438.3,1
"Existing Customer","M",26,"$120K +","Blue",30928,2005,0.065,28923,2
"Existing Customer","M",40,"$80K - $120K","Blue",1804,1040,0.576,764,2
"Existing Customer","M",43,"$80K - $120K","Blue",1669,0,0,1669,1
"Existing Customer","F",33,"Unknown","Blue",9725,0,0,9725,3
"Existing Customer","M",45,"$60K - $80K","Blue",21696,1036,0.048,20660,3
"Existing Customer","F",49,"Less than $40K","Blue",2992,1845,0.617,1147,3
"Existing Customer","F",38,"Less than $40K","Blue",1934,985,0.509,949,2
"Existing Customer","M",43,"$120K +","Blue",34516,830,0.024,33686,3
"Existing Customer","F",42,"Less than $40K","Blue",1734,0,0,1734,2
"Existing Customer","F",42,"Less than $40K","Blue",1438.3,838,0.583,600.3,3
"Attrited Customer","F",39,"Less than $40K","Blue",1438.3,886,0.616,552.3,3
"Existing Customer","M",48,"$40K - $60K","Blue",9673,0,0,9673,1
"Existing Customer","F",56,"$40K - $60K","Blue",3609,1026,0.284,2583,1
"Attrited Customer","F",39,"Less than $40K","Blue",1438.3,576,0.4,862.3,3
"Existing Customer","M",39,"$40K - $60K","Blue",6423,0,0,6423,3
"Attrited Customer","F",48,"$40K - $60K","Blue",14899,0,0,14899,3
"Existing Customer","F",52,"$40K - $60K","Blue",3224,2111,0.655,1113,1
"Existing Customer","F",44,"Less than $40K","Blue",4135,1606,0.388,2529,3
"Existing Customer","M",44,"$60K - $80K","Blue",4969,1187,0.239,3782,2
"Existing Customer","F",41,"$40K - $60K","Blue",8376,1219,0.146,7157,3
"Existing Customer","M",44,"$80K - $120K","Blue",3454,2065,0.598,1389,5
"Existing Customer","M",42,"$80K - $120K","Blue",25944,1987,0.077,23957,3
"Existing Customer","M",49,"$60K - $80K","Blue",1438.3,535,0.372,903.3,3
"Attrited Customer","F",38,"Less than $40K","Blue",1556,0,0,1556,2
"Attrited Customer","M",57,"$60K - $80K","Blue",8701,215,0.025,8486,0
"Attrited Customer","M",33,"$40K - $60K","Blue",5600,2517,0.449,3083,1
"Existing Customer","F",45,"Less than $40K","Blue",2900,2018,0.696,882,1
"Existing Customer","F",61,"$40K - $60K","Blue",4906,2185,0.445,2721,3
"Existing Customer","F",41,"Less than $40K","Blue",2687,1317,0.49,1370,3
"Existing Customer","F",40,"$40K - $60K","Blue",4464,1418,0.318,3046,1
"Existing Customer","F",51,"$40K - $60K","Blue",1438.3,869,0.604,569.3,1
"Existing Customer","F",34,"Less than $40K","Blue",2221,1814,0.817,407,1
"Existing Customer","M",42,"$60K - $80K","Blue",2966,2371,0.799,595,3
"Existing Customer","F",38,"$40K - $60K","Blue",1593,1091,0.685,502,2
"Existing Customer","F",41,"Less than $40K","Blue",2450,1490,0.608,960,3
"Existing Customer","F",53,"Less than $40K","Blue",1529,563,0.368,966,2
"Existing Customer","F",45,"$40K - $60K","Blue",6274,883,0.141,5391,2
"Existing Customer","F",43,"Less than $40K","Blue",1438.3,0,0,1438.3,2
"Existing Customer","F",41,"Less than $40K","Blue",2134,1085,0.508,1049,1
"Existing Customer","M",50,"$80K - $120K","Blue",17158,1211,0.071,15947,3
"Existing Customer","F",51,"$40K - $60K","Blue",3359,873,0.26,2486,3
"Existing Customer","M",47,"$80K - $120K","Blue",11997,1424,0.119,10573,1
"Existing Customer","F",41,"Less than $40K","Blue",3302,1980,0.6,1322,3
"Attrited Customer","F",55,"$40K - $60K","Blue",2687,1689,0.629,998,4
"Existing Customer","F",53,"Less than $40K","Blue",1438.3,0,0,1438.3,3
"Attrited Customer","F",46,"Less than $40K","Blue",1801,316,0.175,1485,3
"Attrited Customer","M",53,"$60K - $80K","Blue",4573,2076,0.454,2497,2
"Attrited Customer","F",48,"Less than $40K","Blue",2860,2517,0.88,343,3
"Existing Customer","F",46,"$40K - $60K","Blue",13387,0,0,13387,3
"Existing Customer","F",46,"Less than $40K","Blue",2283,1020,0.447,1263,3
"Attrited Customer","F",47,"Less than $40K","Blue",2033,228,0.112,1805,3
"Existing Customer","F",49,"$40K - $60K","Blue",2506,1549,0.618,957,3
"Existing Customer","F",47,"Less than $40K","Blue",1438.3,735,0.511,703.3,2
"Existing Customer","M",42,"$80K - $120K","Blue",2447,2195,0.897,252,5
"Existing Customer","F",54,"Less than $40K","Blue",1438.3,814,0.566,624.3,2
"Existing Customer","M",41,"$80K - $120K","Blue",10873,1514,0.139,9359,3
"Attrited Customer","F",39,"$40K - $60K","Blue",7596,2199,0.289,5397,2
"Attrited Customer","F",54,"Less than $40K","Blue",2921,2412,0.826,509,3
"Existing Customer","F",42,"$40K - $60K","Blue",10136,0,0,10136,2
"Existing Customer","F",52,"Less than $40K","Blue",2187,1094,0.5,1093,2
"Existing Customer","F",60,"Less than $40K","Blue",3302,2517,0.762,785,2
"Existing Customer","M",40,"$80K - $120K","Blue",30997,2330,0.075,28667,2
"Existing Customer","F",48,"Less than $40K","Blue",2578,2424,0.94,154,2
"Attrited Customer","F",51,"Less than $40K","Blue",1438.3,0,0,1438.3,3
"Existing Customer","M",48,"$80K - $120K","Blue",3034,468,0.154,2566,3
"Existing Customer","F",46,"Less than $40K","Blue",1438.3,0,0,1438.3,2
"Existing Customer","F",50,"Unknown","Blue",2611,1824,0.699,787,2
"Existing Customer","F",54,"$40K - $60K","Blue",2222,1398,0.629,824,3
"Attrited Customer","F",37,"Less than $40K","Blue",3328,2517,0.756,811,3
"Attrited Customer","F",43,"Less than $40K","Blue",2440,1002,0.411,1438,2
"Existing Customer","F",54,"Unknown","Blue",9723,1307,0.134,8416,2
"Existing Customer","F",60,"Less than $40K","Blue",2346,2150,0.916,196,1
"Existing Customer","M",51,"$60K - $80K","Silver",26142,0,0,26142,6
"Attrited Customer","F",39,"Unknown","Blue",12405,0,0,12405,2
"Existing Customer","M",47,"$80K - $120K","Blue",17655,0,0,17655,3
"Existing Customer","F",51,"Less than $40K","Blue",4941,786,0.159,4155,1
"Attrited Customer","F",30,"Less than $40K","Blue",1644,0,0,1644,1
"Existing Customer","F",34,"Unknown","Blue",3095,2010,0.649,1085,3
"Existing Customer","F",60,"Less than $40K","Blue",3828,0,0,3828,3
"Existing Customer","F",49,"Less than $40K","Blue",2182,1722,0.789,460,2
"Existing Customer","M",51,"$60K - $80K","Blue",13906,1430,0.103,12476,3
"Existing Customer","M",50,"$80K - $120K","Blue",10588,994,0.094,9594,3
"Existing Customer","F",32,"Less than $40K","Blue",2973,2446,0.823,527,3
"Attrited Customer","F",50,"Unknown","Blue",4045,0,0,4045,2
"Existing Customer","M",40,"$80K - $120K","Blue",2165,1465,0.677,700,3
"Attrited Customer","F",34,"Less than $40K","Blue",5845,0,0,5845,2
"Existing Customer","M",50,"$120K +","Blue",15341,1016,0.066,14325,3
"Existing Customer","M",45,"$60K - $80K","Blue",3035,1498,0.494,1537,2
"Existing Customer","F",45,"Unknown","Blue",1986,1042,0.525,944,2
"Existing Customer","F",45,"Less than $40K","Blue",4602,1517,0.33,3085,3
"Attrited Customer","F",43,"Less than $40K","Blue",2689,2384,0.887,305,3
"Existing Customer","M",65,"$40K - $60K","Blue",9383,829,0.088,8554,1
"Existing Customer","F",47,"Less than $40K","Blue",1438.3,780,0.542,658.3,3
"Attrited Customer","F",42,"Less than $40K","Blue",1443,0,0,1443,2
"Existing Customer","F",51,"Less than $40K","Blue",2847,2082,0.731,765,2
"Existing Customer","M",44,"$80K - $120K","Blue",15638,1729,0.111,13909,2
"Existing Customer","M",43,"$120K +","Blue",10700,1346,0.126,9354,3
"Attrited Customer","F",44,"Less than $40K","Blue",1438.3,0,0,1438.3,2
"Attrited Customer","F",50,"$40K - $60K","Blue",1694,479,0.283,1215,3
"Attrited Customer","F",53,"Unknown","Blue",7939,0,0,7939,3
"Existing Customer","F",42,"Less than $40K","Blue",2555,1587,0.621,968,2
"Existing Customer","F",55,"Less than $40K","Blue",2850,2517,0.883,333,1
"Existing Customer","M",59,"$60K - $80K","Blue",8973,1300,0.145,7673,2
"Existing Customer","F",58,"$40K - $60K","Blue",6960,1536,0.221,5424,3
"Existing Customer","F",60,"Less than $40K","Blue",4167,0,0,4167,2
"Existing Customer","F",49,"Unknown","Blue",5099,1178,0.231,3921,3
"Existing Customer","F",42,"Unknown","Blue",2782,1782,0.641,1000,3
"Existing Customer","F",44,"Less than $40K","Blue",1480,1017,0.687,463,1
"Existing Customer","M",56,"$80K - $120K","Blue",5070,0,0,5070,1
"Existing Customer","M",52,"$80K - $120K","Blue",2757,1425,0.517,1332,3
"Existing Customer","M",54,"$80K - $120K","Blue",5774,1519,0.263,4255,3
"Existing Customer","M",55,"$60K - $80K","Blue",6054,1103,0.182,4951,6
"Existing Customer","M",57,"$60K - $80K","Blue",19090,0,0,19090,3
"Existing Customer","F",43,"Less than $40K","Blue",2069,839,0.406,1230,3
"Existing Customer","F",47,"Less than $40K","Blue",2447,1973,0.806,474,1
"Existing Customer","F",56,"Less than $40K","Blue",3022,1627,0.538,1395,1
"Existing Customer","F",44,"Less than $40K","Blue",4473,0,0,4473,1
"Existing Customer","F",54,"Less than $40K","Blue",5267,0,0,5267,6
"Existing Customer","M",37,"$80K - $120K","Blue",7199,1274,0.177,5925,2
"Existing Customer","F",49,"Less than $40K","Blue",1438.3,0,0,1438.3,4
"Attrited Customer","F",51,"Less than $40K","Blue",3245,0,0,3245,3
"Existing Customer","F",47,"$40K - $60K","Blue",3888,2517,0.647,1371,3
"Existing Customer","F",45,"Unknown","Blue",14728,0,0,14728,2
"Attrited Customer","F",38,"$40K - $60K","Blue",1438.3,0,0,1438.3,3
"Attrited Customer","M",48,"$40K - $60K","Blue",11272,1744,0.155,9528,3
"Existing Customer","F",49,"Less than $40K","Blue",2705,1681,0.621,1024,3
"Existing Customer","M",41,"$80K - $120K","Blue",12270,0,0,12270,2
"Existing Customer","F",54,"Less than $40K","Blue",3006,633,0.211,2373,1
"Existing Customer","M",39,"$80K - $120K","Blue",7901,1184,0.15,6717,2
"Existing Customer","M",38,"$80K - $120K","Blue",5983,1885,0.315,4098,3
"Existing Customer","M",64,"$40K - $60K","Blue",7362,1907,0.259,5455,3
"Existing Customer","M",55,"$80K - $120K","Blue",3046,2415,0.793,631,3
"Existing Customer","M",50,"$120K +","Blue",34516,1871,0.054,32645,1
"Attrited Customer","F",55,"Unknown","Blue",12972,1424,0.11,11548,3
"Existing Customer","F",44,"Unknown","Blue",17785,1259,0.071,16526,1
"Existing Customer","M",55,"$120K +","Blue",3029,1505,0.497,1524,3
"Existing Customer","M",58,"Unknown","Blue",9097,1656,0.182,7441,2
"Existing Customer","F",51,"Less than $40K","Blue",1438.3,0,0,1438.3,1
"Existing Customer","M",58,"$80K - $120K","Blue",2375,1163,0.49,1212,1
"Attrited Customer","F",47,"Less than $40K","Blue",8109,0,0,8109,2
"Existing Customer","F",53,"$40K - $60K","Blue",2618,2026,0.774,592,1
"Existing Customer","F",42,"Unknown","Blue",3549,0,0,3549,2
"Existing Customer","M",45,"Less than $40K","Blue",2718,1474,0.542,1244,2
"Existing Customer","F",60,"Less than $40K","Blue",2230,1796,0.805,434,1
"Attrited Customer","F",42,"Less than $40K","Blue",3802,1300,0.342,2502,3
"Existing Customer","F",55,"Less than $40K","Blue",2736,993,0.363,1743,2
"Existing Customer","F",51,"Less than $40K","Blue",2258,1250,0.554,1008,2
"Attrited Customer","F",51,"Less than $40K","Blue",1438.3,0,0,1438.3,3
"Attrited Customer","M",65,"Less than $40K","Blue",2954,2517,0.852,437,2
"Existing Customer","M",50,"$80K - $120K","Blue",11882,1472,0.124,10410,3
"Existing Customer","F",49,"Less than $40K","Blue",1438.3,0,0,1438.3,3
"Existing Customer","F",38,"Less than $40K","Blue",1438.3,538,0.374,900.3,2
"Existing Customer","F",54,"Less than $40K","Blue",2778,743,0.267,2035,2
"Existing Customer","F",54,"Less than $40K","Blue",2474,1539,0.622,935,5
"Existing Customer","F",54,"$40K - $60K","Blue",5632,1596,0.283,4036,3
"Attrited Customer","F",49,"Unknown","Blue",11025,0,0,11025,2
"Existing Customer","F",43,"Less than $40K","Blue",2642,2377,0.9,265,3
"Existing Customer","M",43,"$80K - $120K","Blue",30357,1255,0.041,29102,6
"Existing Customer","F",57,"Less than $40K","Blue",2201,1420,0.645,781,6
"Attrited Customer","F",46,"Less than $40K","Blue",2002,0,0,2002,0
"Existing Customer","F",43,"Unknown","Blue",8777,2517,0.287,6260,3
"Attrited Customer","F",53,"Less than $40K","Blue",2575,411,0.16,2164,3
"Existing Customer","F",43,"$40K - $60K","Blue",5182,1607,0.31,3575,3
"Existing Customer","M",49,"$60K - $80K","Blue",3783,0,0,3783,3
"Existing Customer","M",51,"$120K +","Blue",34516,0,0,34516,5
"Existing Customer","F",46,"Less than $40K","Blue",1515,0,0,1515,1
"Existing Customer","F",56,"Less than $40K","Blue",2865,2022,0.706,843,3
"Existing Customer","F",46,"$40K - $60K","Blue",2711,0,0,2711,2
"Existing Customer","F",54,"Less than $40K","Blue",2341,1550,0.662,791,2
"Existing Customer","M",51,"$80K - $120K","Blue",13287,1864,0.14,11423,1
"Existing Customer","F",33,"Less than $40K","Blue",1438.3,0,0,1438.3,1
"Attrited Customer","M",41,"$40K - $60K","Blue",1639,0,0,1639,3
"Existing Customer","M",55,"$60K - $80K","Blue",5668,2517,0.444,3151,1
"Attrited Customer","M",55,"$120K +","Blue",24542,2354,0.096,22188,4
"Existing Customer","F",41,"Less than $40K","Blue",1959,1268,0.647,691,3
"Attrited Customer","F",50,"Less than $40K","Blue",1838,0,0,1838,2
"Attrited Customer","F",36,"Less than $40K","Blue",3111,2517,0.809,594,2
"Existing Customer","F",39,"Less than $40K","Blue",3927,720,0.183,3207,3
"Existing Customer","F",38,"Less than $40K","Blue",4345,838,0.193,3507,1
"Existing Customer","F",46,"Less than $40K","Blue",3003,1454,0.484,1549,2
"Attrited Customer","F",40,"Less than $40K","Blue",1438.3,544,0.378,894.3,3
"Existing Customer","M",58,"$60K - $80K","Blue",2541,1053,0.414,1488,3
"Attrited Customer","F",43,"Less than $40K","Blue",2422,1014,0.419,1408,3
"Attrited Customer","F",56,"Less than $40K","Blue",1440,1211,0.841,229,2
"Existing Customer","M",58,"$80K - $120K","Blue",26108,1146,0.044,24962,3
"Attrited Customer","F",29,"Less than $40K","Blue",2516,2312,0.919,204,2
"Attrited Customer","F",48,"$40K - $60K","Blue",3646,1047,0.287,2599,3
"Existing Customer","F",61,"$40K - $60K","Blue",2214,2123,0.959,91,1
"Existing Customer","M",51,"$80K - $120K","Blue",11862,0,0,11862,3
"Existing Customer","F",44,"Unknown","Blue",8729,1427,0.163,7302,1
"Existing Customer","F",35,"Unknown","Blue",2423,0,0,2423,1
"Attrited Customer","F",48,"Less than $40K","Blue",4073,2517,0.618,1556,3
"Existing Customer","M",26,"Less than $40K","Blue",9916,0,0,9916,2
"Existing Customer","F",39,"Less than $40K","Blue",1438.3,949,0.66,489.3,2
"Existing Customer","M",38,"$80K - $120K","Blue",6452,1151,0.178,5301,3
"Attrited Customer","F",51,"Less than $40K","Blue",1952,1411,0.723,541,3
"Existing Customer","F",37,"Less than $40K","Blue",1438.3,647,0.45,791.3,5
"Existing Customer","F",53,"Unknown","Blue",4500,0,0,4500,2
"Existing Customer","F",53,"Less than $40K","Blue",2252,1811,0.804,441,1
"Existing Customer","F",39,"Less than $40K","Blue",2370,2031,0.857,339,2
"Existing Customer","F",56,"$40K - $60K","Blue",2610,1988,0.762,622,2
"Existing Customer","F",52,"Less than $40K","Blue",2294,1787,0.779,507,3
"Existing Customer","F",51,"Unknown","Blue",5062,1659,0.328,3403,3
"Existing Customer","F",43,"Less than $40K","Blue",2415,1452,0.601,963,2
"Existing Customer","F",51,"Less than $40K","Blue",2918,2049,0.702,869,3
"Existing Customer","F",53,"Less than $40K","Blue",2708,2271,0.839,437,1
"Existing Customer","F",54,"Less than $40K","Blue",3666,1739,0.474,1927,1
"Existing Customer","F",36,"$40K - $60K","Blue",1438.3,0,0,1438.3,3
"Attrited Customer","F",53,"Less than $40K","Blue",1438.3,0,0,1438.3,3
"Attrited Customer","F",39,"Unknown","Blue",2809,0,0,2809,3
"Existing Customer","M",46,"$80K - $120K","Blue",26303,2376,0.09,23927,2
"Existing Customer","M",56,"$80K - $120K","Blue",15982,0,0,15982,2
"Existing Customer","F",40,"Unknown","Blue",25060,0,0,25060,2
"Existing Customer","F",42,"$40K - $60K","Blue",1545,751,0.486,794,3
"Existing Customer","F",43,"Less than $40K","Blue",1438.3,604,0.42,834.3,2
"Existing Customer","M",43,"$60K - $80K","Blue",4112,1128,0.274,2984,3
"Existing Customer","F",47,"Less than $40K","Blue",1451,0,0,1451,3
"Existing Customer","F",49,"Unknown","Blue",16424,1368,0.083,15056,3
"Existing Customer","F",48,"Less than $40K","Blue",2340,1680,0.718,660,3
"Existing Customer","F",47,"Less than $40K","Blue",1926,879,0.456,1047,3
"Attrited Customer","M",48,"$40K - $60K","Blue",2954,931,0.315,2023,2
"Attrited Customer","F",36,"$40K - $60K","Blue",1848,0,0,1848,3
"Existing Customer","F",47,"Unknown","Blue",1634,1463,0.895,171,1
"Existing Customer","F",49,"Less than $40K","Blue",4328,2058,0.476,2270,1
"Existing Customer","F",51,"Less than $40K","Blue",2943,2131,0.724,812,3
"Existing Customer","F",54,"Less than $40K","Blue",2611,1573,0.602,1038,3
"Existing Customer","F",43,"Less than $40K","Blue",2419,0,0,2419,1
"Existing Customer","F",49,"$40K - $60K","Blue",5481,0,0,5481,2
"Existing Customer","F",40,"Less than $40K","Blue",2129,1507,0.708,622,1
"Existing Customer","M",40,"$60K - $80K","Blue",9026,2312,0.256,6714,2
"Existing Customer","M",48,"$40K - $60K","Blue",1761,1249,0.709,512,2
"Attrited Customer","M",60,"Less than $40K","Blue",3316,0,0,3316,3
"Attrited Customer","F",50,"Unknown","Blue",1970,1477,0.75,493,4
"Existing Customer","F",46,"Less than $40K","Blue",1438.3,0,0,1438.3,3
"Existing Customer","F",35,"Unknown","Blue",2278,1303,0.572,975,3
"Existing Customer","M",65,"$40K - $60K","Blue",13364,1318,0.099,12046,2
"Existing Customer","M",52,"$60K - $80K","Blue",2801,2467,0.881,334,2
"Existing Customer","M",44,"Unknown","Blue",28292,0,0,28292,3
"Existing Customer","F",35,"Less than $40K","Blue",2933,1011,0.345,1922,3
"Existing Customer","M",45,"$80K - $120K","Blue",21630,0,0,21630,3
"Existing Customer","F",56,"Less than $40K","Blue",3132,2230,0.712,902,1
"Existing Customer","F",50,"$40K - $60K","Blue",2961,2048,0.692,913,3
"Attrited Customer","F",52,"Unknown","Blue",4173,1771,0.424,2402,3
"Existing Customer","F",37,"Unknown","Blue",2458,642,0.261,1816,3
"Existing Customer","M",44,"$60K - $80K","Blue",12229,997,0.082,11232,3
"Existing Customer","F",35,"Less than $40K","Blue",2272,604,0.266,1668,1
"Existing Customer","M",42,"$120K +","Blue",6953,1445,0.208,5508,2
"Existing Customer","F",48,"$40K - $60K","Blue",1792,933,0.521,859,6
"Existing Customer","F",47,"Less than $40K","Blue",2765,901,0.326,1864,2
"Attrited Customer","F",43,"Less than $40K","Blue",2895,0,0,2895,2
"Existing Customer","F",39,"Less than $40K","Blue",6904,1148,0.166,5756,1
"Attrited Customer","M",39,"$40K - $60K","Blue",2220,0,0,2220,3
"Existing Customer","F",48,"Less than $40K","Blue",1495,0,0,1495,2
"Existing Customer","F",42,"Less than $40K","Blue",2541,1398,0.55,1143,2
"Existing Customer","F",34,"Unknown","Blue",7531,0,0,7531,1
"Existing Customer","F",47,"Unknown","Blue",8644,1391,0.161,7253,2
"Existing Customer","F",43,"$40K - $60K","Blue",1531,0,0,1531,3
"Existing Customer","F",50,"Less than $40K","Blue",2884,2104,0.73,780,3
"Attrited Customer","F",55,"Unknown","Blue",10241,1545,0.151,8696,3
"Existing Customer","F",50,"$40K - $60K","Blue",4182,0,0,4182,1
"Attrited Customer","F",44,"Less than $40K","Blue",3101,0,0,3101,2
"Existing Customer","F",54,"Less than $40K","Blue",4542,1355,0.298,3187,4
"Existing Customer","F",40,"Less than $40K","Blue",3372,2517,0.746,855,2
"Existing Customer","M",40,"$60K - $80K","Blue",3099,0,0,3099,1
"Existing Customer","F",41,"Unknown","Blue",2416,1305,0.54,1111,1
"Existing Customer","F",52,"Less than $40K","Blue",5299,578,0.109,4721,2
"Existing Customer","F",41,"Less than $40K","Blue",2138,1283,0.6,855,1
"Attrited Customer","F",47,"Less than $40K","Blue",1850,896,0.484,954,2
"Existing Customer","F",53,"$40K - $60K","Blue",3585,0,0,3585,3
"Existing Customer","F",48,"$40K - $60K","Blue",2690,1903,0.707,787,1
"Existing Customer","M",62,"$80K - $120K","Blue",29100,1228,0.042,27872,3
"Attrited Customer","M",59,"$40K - $60K","Blue",2699,2422,0.897,277,5
"Existing Customer","M",41,"$80K - $120K","Blue",8376,1165,0.139,7211,2
"Existing Customer","M",50,"$40K - $60K","Blue",13509,2060,0.152,11449,3
"Existing Customer","F",38,"Less than $40K","Blue",2396,2217,0.925,179,2
"Existing Customer","M",50,"$80K - $120K","Blue",18964,2207,0.116,16757,3
"Existing Customer","F",40,"Less than $40K","Blue",2114,1618,0.765,496,2
"Existing Customer","F",39,"Less than $40K","Blue",1623,729,0.449,894,3
"Existing Customer","F",40,"Less than $40K","Blue",2579,1959,0.76,620,2
"Attrited Customer","M",41,"$60K - $80K","Blue",5045,2080,0.412,2965,2
"Attrited Customer","F",35,"Less than $40K","Blue",2089,0,0,2089,3
"Existing Customer","F",48,"$40K - $60K","Blue",2866,921,0.321,1945,1
"Existing Customer","M",49,"$80K - $120K","Blue",9738,1835,0.188,7903,6
"Existing Customer","M",55,"$60K - $80K","Blue",4370,0,0,4370,1
"Existing Customer","M",58,"$80K - $120K","Blue",3355,1878,0.56,1477,2
"Existing Customer","F",43,"$40K - $60K","Blue",5070,0,0,5070,2
"Existing Customer","F",35,"Less than $40K","Blue",2572,1161,0.451,1411,2
"Existing Customer","F",40,"Less than $40K","Blue",2016,978,0.485,1038,2
"Attrited Customer","F",55,"Less than $40K","Blue",3552,2517,0.709,1035,2
"Attrited Customer","F",43,"Less than $40K","Blue",2325,238,0.102,2087,3
"Existing Customer","F",46,"Less than $40K","Blue",2533,2136,0.843,397,1
"Existing Customer","F",48,"$40K - $60K","Blue",3871,2055,0.531,1816,3
"Attrited Customer","F",32,"Less than $40K","Blue",3983,431,0.108,3552,1
"Existing Customer","F",61,"Unknown","Blue",2035,1883,0.925,152,2
"Existing Customer","F",53,"Less than $40K","Blue",1773,1539,0.868,234,3
"Existing Customer","F",42,"Less than $40K","Blue",2029,1377,0.679,652,2
"Attrited Customer","M",45,"$120K +","Blue",15490,0,0,15490,3
"Existing Customer","F",56,"$40K - $60K","Blue",2941,1619,0.55,1322,2
"Existing Customer","F",42,"Less than $40K","Blue",2314,1547,0.669,767,1
"Attrited Customer","F",40,"Less than $40K","Blue",4212,2517,0.598,1695,2
"Existing Customer","M",57,"$80K - $120K","Blue",6248,1493,0.239,4755,3
"Existing Customer","M",40,"$40K - $60K","Blue",2430,974,0.401,1456,1
"Existing Customer","M",48,"$80K - $120K","Blue",5543,1372,0.248,4171,2
"Existing Customer","F",42,"$40K - $60K","Blue",2470,2013,0.815,457,3
"Existing Customer","F",49,"$40K - $60K","Blue",3255,603,0.185,2652,3
"Attrited Customer","F",44,"$40K - $60K","Blue",1691,1327,0.785,364,3
"Attrited Customer","M",43,"$60K - $80K","Blue",18229,0,0,18229,2
"Existing Customer","F",48,"Unknown","Blue",2827,1182,0.418,1645,4
"Existing Customer","F",43,"Less than $40K","Blue",2351,2127,0.905,224,2
"Existing Customer","F",45,"Less than $40K","Blue",4202,2201,0.524,2001,1
"Existing Customer","F",40,"Less than $40K","Blue",4712,0,0,4712,3
"Existing Customer","M",53,"$80K - $120K","Blue",2611,787,0.301,1824,3
"Existing Customer","F",38,"Less than $40K","Blue",3206,2459,0.767,747,2
"Existing Customer","F",39,"Less than $40K","Blue",5245,802,0.153,4443,2
"Existing Customer","M",39,"$60K - $80K","Blue",2583,0,0,2583,2
"Existing Customer","F",59,"Unknown","Blue",1438.3,755,0.525,683.3,3
"Existing Customer","M",40,"$120K +","Blue",7464,2517,0.337,4947,2
"Existing Customer","F",54,"Unknown","Blue",4928,1805,0.366,3123,1
"Existing Customer","F",46,"Less than $40K","Blue",9863,686,0.07,9177,2
"Existing Customer","F",44,"Less than $40K","Blue",5024,2209,0.44,2815,1
"Existing Customer","F",44,"Less than $40K","Blue",1438.3,0,0,1438.3,1
"Attrited Customer","F",44,"$40K - $60K","Blue",1452,0,0,1452,3
"Existing Customer","F",50,"Unknown","Blue",3317,1041,0.314,2276,5
"Attrited Customer","F",39,"Less than $40K","Blue",1438.3,811,0.564,627.3,3
"Existing Customer","F",37,"Less than $40K","Blue",2448,1740,0.711,708,2
"Existing Customer","F",49,"Less than $40K","Blue",1546,0,0,1546,2
"Attrited Customer","F",36,"$40K - $60K","Blue",2013,0,0,2013,3
"Existing Customer","F",53,"$40K - $60K","Blue",2293,1460,0.637,833,1
"Existing Customer","M",52,"$60K - $80K","Blue",1438.3,512,0.356,926.3,1
"Attrited Customer","F",53,"Less than $40K","Blue",2819,0,0,2819,3
"Existing Customer","M",37,"$60K - $80K","Blue",1702,1018,0.598,684,3
"Existing Customer","F",52,"$40K - $60K","Blue",1611,938,0.582,673,1
"Existing Customer","F",49,"$40K - $60K","Blue",1438.3,0,0,1438.3,1
"Existing Customer","F",39,"Less than $40K","Blue",2863,1940,0.678,923,3
"Existing Customer","F",39,"$40K - $60K","Blue",3272,2323,0.71,949,1
"Existing Customer","F",42,"Less than $40K","Blue",2677,2517,0.94,160,1
"Existing Customer","F",40,"Less than $40K","Blue",2708,0,0,2708,2
"Existing Customer","F",41,"Less than $40K","Blue",1738,0,0,1738,2
"Existing Customer","F",46,"$40K - $60K","Blue",6145,1349,0.22,4796,2
"Existing Customer","F",45,"Less than $40K","Blue",1640,999,0.609,641,1
"Existing Customer","F",38,"Unknown","Blue",2348,1028,0.438,1320,1
"Existing Customer","F",53,"Less than $40K","Blue",1657,0,0,1657,1
"Existing Customer","F",37,"Unknown","Blue",4554,780,0.171,3774,3
"Existing Customer","M",52,"$120K +","Blue",5119,1972,0.385,3147,6
"Existing Customer","F",39,"Unknown","Blue",10600,598,0.056,10002,2
"Attrited Customer","M",49,"$80K - $120K","Blue",20769,901,0.043,19868,3
"Existing Customer","M",50,"$120K +","Blue",7116,981,0.138,6135,2
"Existing Customer","F",51,"Unknown","Blue",2420,2379,0.983,41,3
"Existing Customer","F",54,"Less than $40K","Blue",2082,805,0.387,1277,2
"Existing Customer","F",44,"Less than $40K","Blue",2718,1718,0.632,1000,2
"Existing Customer","M",50,"$60K - $80K","Blue",5626,778,0.138,4848,2
"Attrited Customer","F",49,"$40K - $60K","Blue",2920,0,0,2920,4
"Attrited Customer","M",59,"$80K - $120K","Blue",6526,489,0.075,6037,4
"Attrited Customer","F",37,"$40K - $60K","Blue",1793,792,0.442,1001,2
"Existing Customer","F",47,"Less than $40K","Blue",2798,1963,0.702,835,1
"Existing Customer","F",52,"Less than $40K","Blue",2427,1581,0.651,846,3
"Existing Customer","F",55,"$40K - $60K","Blue",3011,2138,0.71,873,1
"Existing Customer","F",41,"Unknown","Blue",2255,1769,0.784,486,2
"Attrited Customer","F",40,"Unknown","Blue",6479,0,0,6479,3
"Existing Customer","F",41,"Less than $40K","Blue",7492,1399,0.187,6093,1
"Existing Customer","F",48,"Less than $40K","Blue",3632,1294,0.356,2338,1
"Existing Customer","F",38,"Less than $40K","Blue",1744,0,0,1744,1
"Existing Customer","F",52,"Unknown","Blue",5905,2248,0.381,3657,3
"Existing Customer","F",37,"$40K - $60K","Blue",2573,1280,0.497,1293,1
"Existing Customer","M",45,"$80K - $120K","Blue",9654,2035,0.211,7619,3
"Existing Customer","M",41,"$40K - $60K","Blue",1605,0,0,1605,2
"Attrited Customer","F",49,"Less than $40K","Silver",10195,2389,0.234,7806,2
"Existing Customer","M",49,"$60K - $80K","Gold",34516,1255,0.036,33261,3
"Attrited Customer","M",43,"$60K - $80K","Blue",10573,0,0,10573,3
"Existing Customer","F",47,"Less than $40K","Blue",1789,1088,0.608,701,3
"Existing Customer","F",26,"Unknown","Blue",7595,1032,0.136,6563,3
"Existing Customer","M",51,"$40K - $60K","Blue",3272,1896,0.579,1376,3
"Existing Customer","F",33,"Less than $40K","Blue",2382,1565,0.657,817,1
"Existing Customer","M",52,"$80K - $120K","Blue",1981,1448,0.731,533,4
"Existing Customer","M",51,"$120K +","Blue",22294,0,0,22294,2
"Existing Customer","F",49,"Less than $40K","Blue",2574,1555,0.604,1019,3
"Existing Customer","F",30,"Less than $40K","Blue",2112,1109,0.525,1003,3
"Existing Customer","F",65,"Less than $40K","Blue",5441,812,0.149,4629,2
"Existing Customer","F",43,"$40K - $60K","Blue",4391,0,0,4391,2
"Existing Customer","F",42,"Less than $40K","Blue",3044,1865,0.613,1179,3
"Existing Customer","M",57,"$40K - $60K","Blue",2721,2159,0.793,562,3
"Existing Customer","F",62,"$40K - $60K","Blue",4467,0,0,4467,1
"Existing Customer","M",48,"$80K - $120K","Blue",5033,0,0,5033,1
"Existing Customer","F",61,"Less than $40K","Blue",8604,1075,0.125,7529,1
"Existing Customer","F",43,"Less than $40K","Blue",2325,1662,0.715,663,3
"Existing Customer","F",60,"Less than $40K","Blue",2758,1429,0.518,1329,3
"Existing Customer","M",45,"$80K - $120K","Blue",9705,850,0.088,8855,2
"Existing Customer","F",41,"Less than $40K","Blue",2685,1647,0.613,1038,2
"Existing Customer","F",60,"Less than $40K","Blue",2694,1923,0.714,771,3
"Attrited Customer","F",40,"$40K - $60K","Blue",1554,412,0.265,1142,2
"Existing Customer","F",63,"Less than $40K","Blue",1438.3,0,0,1438.3,2
"Existing Customer","F",42,"$40K - $60K","Blue",1786,1316,0.737,470,3
"Existing Customer","M",48,"$60K - $80K","Blue",2648,0,0,2648,3
"Existing Customer","M",44,"$40K - $60K","Blue",2477,2123,0.857,354,2
"Existing Customer","F",51,"Unknown","Blue",7336,1031,0.141,6305,2
"Existing Customer","M",42,"$80K - $120K","Silver",34516,1396,0.04,33120,3
"Existing Customer","F",46,"Less than $40K","Blue",2479,1759,0.71,720,3
"Existing Customer","F",42,"Unknown","Blue",9396,1870,0.199,7526,3
"Existing Customer","F",44,"Less than $40K","Blue",2561,1491,0.582,1070,2
"Attrited Customer","F",43,"Less than $40K","Blue",4020,0,0,4020,2
"Existing Customer","M",43,"$60K - $80K","Silver",25856,1281,0.05,24575,3
"Existing Customer","F",50,"Less than $40K","Blue",7398,1581,0.214,5817,4
"Existing Customer","M",51,"$80K - $120K","Silver",34516,1802,0.052,32714,3
"Existing Customer","F",52,"Unknown","Blue",4058,1349,0.332,2709,1
"Existing Customer","F",51,"Less than $40K","Blue",3042,0,0,3042,3
"Existing Customer","F",60,"Less than $40K","Blue",2688,1617,0.602,1071,2
"Attrited Customer","F",38,"Unknown","Blue",3388,0,0,3388,3
"Existing Customer","F",43,"$40K - $60K","Blue",4902,2517,0.513,2385,3
"Existing Customer","F",45,"Unknown","Blue",3241,0,0,3241,2
"Existing Customer","F",48,"$40K - $60K","Blue",5069,1843,0.364,3226,1
"Existing Customer","M",43,"$80K - $120K","Blue",13625,0,0,13625,2
"Attrited Customer","M",46,"$60K - $80K","Blue",8766,0,0,8766,2
"Existing Customer","M",50,"$40K - $60K","Blue",2800,1338,0.478,1462,1
"Existing Customer","F",34,"Unknown","Blue",9005,1994,0.221,7011,3
"Existing Customer","M",56,"$60K - $80K","Blue",2713,1990,0.734,723,3
"Attrited Customer","F",53,"Less than $40K","Blue",1438.3,0,0,1438.3,2
"Existing Customer","F",47,"$40K - $60K","Blue",1746,0,0,1746,1
"Existing Customer","M",49,"$80K - $120K","Blue",2930,1901,0.649,1029,3
"Existing Customer","F",47,"Less than $40K","Blue",2178,1455,0.668,723,1
"Existing Customer","F",35,"Unknown","Blue",1438.3,0,0,1438.3,3
"Existing Customer","F",42,"Less than $40K","Blue",2021,1281,0.634,740,3
"Attrited Customer","F",52,"Less than $40K","Blue",1842,625,0.339,1217,3
"Existing Customer","M",49,"$120K +","Blue",18284,1144,0.063,17140,2
"Existing Customer","M",41,"$80K - $120K","Gold",34516,1642,0.048,32874,3
"Existing Customer","F",42,"Less than $40K","Blue",1696,0,0,1696,3
"Existing Customer","M",52,"$60K - $80K","Blue",7215,0,0,7215,1
"Existing Customer","F",52,"Less than $40K","Blue",1793,1284,0.716,509,1
"Existing Customer","F",52,"$40K - $60K","Blue",5731,0,0,5731,3
"Attrited Customer","F",44,"Less than $40K","Blue",2417,0,0,2417,2
"Existing Customer","F",48,"$40K - $60K","Blue",1438.3,0,0,1438.3,3
"Existing Customer","M",51,"$60K - $80K","Blue",21800,893,0.041,20907,2
"Attrited Customer","F",53,"Less than $40K","Blue",1547,0,0,1547,3
"Existing Customer","F",46,"Less than $40K","Blue",1485,736,0.496,749,3
"Existing Customer","M",44,"$40K - $60K","Blue",2505,2282,0.911,223,1
"Existing Customer","F",49,"$40K - $60K","Blue",2631,1699,0.646,932,3
"Attrited Customer","F",48,"Less than $40K","Blue",2700,2480,0.919,220,2
"Existing Customer","M",48,"$60K - $80K","Blue",3307,2234,0.676,1073,2
"Existing Customer","F",38,"Unknown","Blue",29638,857,0.029,28781,2
"Attrited Customer","F",34,"Less than $40K","Blue",2066,347,0.168,1719,2
"Existing Customer","F",46,"Less than $40K","Blue",1859,1379,0.742,480,1
"Existing Customer","M",45,"$60K - $80K","Blue",13362,0,0,13362,1
"Existing Customer","F",33,"Less than $40K","Blue",2431,1846,0.759,585,3
"Existing Customer","F",43,"$40K - $60K","Blue",6034,1579,0.262,4455,1
"Existing Customer","F",61,"Less than $40K","Blue",2194,1512,0.689,682,2
"Existing Customer","F",47,"$40K - $60K","Blue",1963,1524,0.776,439,1
"Attrited Customer","F",41,"Unknown","Blue",1438.3,1125,0.782,313.3,2
"Existing Customer","F",45,"Less than $40K","Blue",2922,1212,0.415,1710,1
"Existing Customer","M",50,"$40K - $60K","Blue",6943,600,0.086,6343,3
"Attrited Customer","M",57,"$120K +","Blue",34516,219,0.006,34297,3
"Attrited Customer","F",45,"Unknown","Blue",4345,2198,0.506,2147,3
"Attrited Customer","F",50,"Less than $40K","Blue",4248,316,0.074,3932,4
"Existing Customer","F",51,"Less than $40K","Blue",1438.3,0,0,1438.3,2
"Existing Customer","F",53,"Less than $40K","Blue",2383,1516,0.636,867,1
"Existing Customer","F",55,"Less than $40K","Blue",1677,0,0,1677,2
"Existing Customer","F",40,"Unknown","Blue",2392,1129,0.472,1263,2
"Attrited Customer","F",52,"Less than $40K","Blue",3474,0,0,3474,2
"Existing Customer","M",48,"$60K - $80K","Blue",8737,1629,0.186,7108,3
"Attrited Customer","F",44,"Unknown","Blue",3517,0,0,3517,3
"Existing Customer","F",60,"Unknown","Blue",13397,0,0,13397,3
"Existing Customer","F",65,"Less than $40K","Blue",6352,1386,0.218,4966,2
"Existing Customer","F",46,"Less than $40K","Blue",1787,1324,0.741,463,3
"Attrited Customer","M",62,"$60K - $80K","Blue",18734,0,0,18734,2
"Existing Customer","F",47,"Less than $40K","Blue",1438.3,0,0,1438.3,3
"Existing Customer","M",50,"$40K - $60K","Blue",3525,0,0,3525,2
"Existing Customer","M",43,"$60K - $80K","Blue",2067,1250,0.605,817,3
"Existing Customer","F",45,"Less than $40K","Blue",2051,0,0,2051,1
"Existing Customer","M",46,"$120K +","Blue",27378,1893,0.069,25485,1
"Attrited Customer","F",38,"Less than $40K","Blue",1614,0,0,1614,2
"Existing Customer","M",49,"Less than $40K","Blue",7862,1991,0.253,5871,3
"Existing Customer","M",47,"$60K - $80K","Blue",4284,1900,0.444,2384,1
"Attrited Customer","F",47,"Less than $40K","Blue",1438.3,0,0,1438.3,2
"Existing Customer","F",55,"Less than $40K","Blue",1438.3,680,0.473,758.3,2
"Existing Customer","M",62,"$60K - $80K","Blue",21805,1777,0.081,20028,3
"Existing Customer","M",55,"$60K - $80K","Blue",4712,1920,0.407,2792,1
"Attrited Customer","M",33,"$60K - $80K","Blue",1698,0,0,1698,2
"Existing Customer","F",41,"$40K - $60K","Blue",2264,928,0.41,1336,3
"Existing Customer","F",54,"Less than $40K","Blue",2720,1694,0.623,1026,2
"Existing Customer","M",55,"$120K +","Blue",15631,1305,0.083,14326,1
"Existing Customer","F",43,"$40K - $60K","Blue",2594,1686,0.65,908,2
"Attrited Customer","M",52,"$80K - $120K","Blue",15011,2517,0.168,12494,2
"Existing Customer","F",47,"Less than $40K","Blue",1548,0,0,1548,3
"Existing Customer","F",52,"Less than $40K","Blue",2700,1623,0.601,1077,3
"Existing Customer","F",45,"$40K - $60K","Blue",2919,1670,0.572,1249,1
"Existing Customer","F",50,"Unknown","Blue",10721,0,0,10721,1
"Existing Customer","M",44,"$40K - $60K","Blue",6125,1329,0.217,4796,1
"Existing Customer","F",42,"Less than $40K","Blue",3200,1733,0.542,1467,3
"Existing Customer","F",53,"Unknown","Blue",12286,997,0.081,11289,2
"Existing Customer","M",51,"$80K - $120K","Blue",21543,0,0,21543,3
"Existing Customer","M",52,"$120K +","Blue",6355,0,0,6355,2
"Existing Customer","F",52,"Less than $40K","Blue",5616,2410,0.429,3206,2
"Existing Customer","F",50,"$40K - $60K","Blue",2661,1575,0.592,1086,2
"Existing Customer","M",38,"$60K - $80K","Blue",2836,862,0.304,1974,1
"Existing Customer","F",50,"$40K - $60K","Blue",1438.3,0,0,1438.3,3
"Existing Customer","F",51,"Unknown","Blue",2109,683,0.324,1426,3
"Existing Customer","M",48,"$60K - $80K","Blue",14951,1413,0.095,13538,5
"Existing Customer","M",47,"$60K - $80K","Blue",1591,894,0.562,697,3
"Attrited Customer","F",51,"Unknown","Blue",8930,2517,0.282,6413,3
"Existing Customer","F",36,"Unknown","Blue",4685,1626,0.347,3059,3
"Existing Customer","F",45,"Unknown","Blue",2555,681,0.267,1874,3
"Existing Customer","F",53,"Less than $40K","Blue",2172,644,0.297,1528,3
"Attrited Customer","F",54,"Unknown","Blue",2912,0,0,2912,0
"Existing Customer","F",53,"Less than $40K","Blue",3390,2180,0.643,1210,3
"Existing Customer","F",47,"Less than $40K","Blue",2193,1084,0.494,1109,3
"Existing Customer","F",51,"Unknown","Blue",17412,730,0.042,16682,3
"Existing Customer","F",40,"Less than $40K","Blue",2801,1731,0.618,1070,3
"Existing Customer","M",43,"$60K - $80K","Blue",11186,2231,0.199,8955,2
"Existing Customer","F",50,"Less than $40K","Blue",2434,1340,0.551,1094,5
"Attrited Customer","F",53,"Unknown","Blue",1790,1474,0.823,316,3
"Existing Customer","F",59,"Less than $40K","Blue",2716,1740,0.641,976,3
"Existing Customer","F",49,"Unknown","Blue",2874,0,0,2874,3
"Attrited Customer","F",47,"$40K - $60K","Blue",1438.3,0,0,1438.3,3
"Existing Customer","M",56,"$60K - $80K","Blue",18776,0,0,18776,2
"Existing Customer","F",48,"Unknown","Blue",1438.3,1197,0.832,241.3,2
"Attrited Customer","M",55,"$80K - $120K","Blue",19793,2488,0.126,17305,3
"Existing Customer","F",34,"$40K - $60K","Blue",2472,1899,0.768,573,2
"Existing Customer","F",58,"Unknown","Blue",12362,0,0,12362,2
"Existing Customer","F",39,"$40K - $60K","Blue",1438.3,722,0.502,716.3,3
"Existing Customer","F",47,"Less than $40K","Blue",3189,1863,0.584,1326,3
"Existing Customer","F",47,"Less than $40K","Blue",2092,1575,0.753,517,2
"Existing Customer","F",37,"$40K - $60K","Blue",2946,2517,0.854,429,2
"Existing Customer","F",41,"$40K - $60K","Blue",2430,0,0,2430,3
"Existing Customer","F",50,"Less than $40K","Blue",4143,1888,0.456,2255,1
"Attrited Customer","F",46,"Unknown","Blue",2197,461,0.21,1736,3
"Existing Customer","F",53,"Unknown","Blue",9314,1761,0.189,7553,2
"Attrited Customer","F",53,"Less than $40K","Blue",3719,2517,0.677,1202,2
"Attrited Customer","F",59,"Unknown","Blue",6996,0,0,6996,2
"Attrited Customer","M",63,"Unknown","Blue",7306,0,0,7306,4
"Attrited Customer","F",41,"Less than $40K","Blue",2029,621,0.306,1408,3
"Attrited Customer","F",51,"Less than $40K","Silver",13199,781,0.059,12418,3
"Existing Customer","F",38,"Less than $40K","Blue",3304,1338,0.405,1966,1
"Existing Customer","F",40,"Less than $40K","Blue",3125,2041,0.653,1084,3
"Existing Customer","F",51,"Less than $40K","Blue",1438.3,1153,0.802,285.3,3
"Existing Customer","M",41,"$80K - $120K","Blue",2491,1979,0.794,512,2
"Attrited Customer","F",58,"Less than $40K","Blue",1977,0,0,1977,4
"Attrited Customer","F",33,"Less than $40K","Blue",1806,0,0,1806,2
"Existing Customer","F",38,"Less than $40K","Blue",1938,1175,0.606,763,3
"Existing Customer","F",42,"Less than $40K","Blue",3188,2002,0.628,1186,2
"Existing Customer","F",44,"Less than $40K","Blue",2288,1505,0.658,783,1
"Existing Customer","F",44,"Less than $40K","Blue",1780,1338,0.752,442,3
"Existing Customer","F",47,"Unknown","Blue",2373,1480,0.624,893,3
"Attrited Customer","M",41,"$80K - $120K","Blue",23250,0,0,23250,2
"Attrited Customer","M",47,"$120K +","Blue",34516,0,0,34516,3
"Existing Customer","M",48,"$80K - $120K","Blue",12882,1402,0.109,11480,3
"Existing Customer","M",54,"$60K - $80K","Blue",6348,798,0.126,5550,3
"Existing Customer","F",59,"Less than $40K","Blue",2621,2486,0.948,135,1
"Attrited Customer","F",33,"$40K - $60K","Blue",1843,1293,0.702,550,2
"Existing Customer","F",44,"Less than $40K","Blue",3228,0,0,3228,3
"Existing Customer","F",43,"$40K - $60K","Blue",2303,722,0.314,1581,2
"Existing Customer","M",42,"$80K - $120K","Blue",29195,892,0.031,28303,2
"Attrited Customer","F",41,"$40K - $60K","Blue",2990,1828,0.611,1162,2
"Existing Customer","F",55,"$40K - $60K","Blue",2873,2455,0.855,418,3
"Existing Customer","M",50,"$80K - $120K","Blue",28253,0,0,28253,1
"Existing Customer","F",53,"Unknown","Blue",1882,0,0,1882,1
"Existing Customer","M",33,"$80K - $120K","Blue",1630,0,0,1630,2
"Existing Customer","M",51,"$80K - $120K","Blue",4546,0,0,4546,1
"Existing Customer","F",58,"Unknown","Blue",2395,1345,0.562,1050,2
"Attrited Customer","M",45,"$80K - $120K","Blue",3845,0,0,3845,3
"Existing Customer","F",56,"Less than $40K","Blue",2836,1362,0.48,1474,2
"Attrited Customer","F",44,"Less than $40K","Blue",1506,168,0.112,1338,3
"Existing Customer","F",48,"Less than $40K","Blue",1605,1300,0.81,305,3
"Attrited Customer","M",53,"$80K - $120K","Blue",11778,0,0,11778,2
"Existing Customer","F",55,"Less than $40K","Blue",2747,0,0,2747,1
"Existing Customer","M",49,"$60K - $80K","Blue",2501,0,0,2501,3
"Existing Customer","M",64,"Less than $40K","Blue",2563,2242,0.875,321,3
"Attrited Customer","M",47,"$60K - $80K","Blue",1659,1544,0.931,115,2
"Existing Customer","F",56,"Unknown","Blue",3068,1765,0.575,1303,3
"Existing Customer","F",60,"Less than $40K","Blue",3426,1650,0.482,1776,3
"Attrited Customer","F",59,"Less than $40K","Blue",3214,424,0.132,2790,3
"Attrited Customer","M",50,"$80K - $120K","Blue",12906,321,0.025,12585,3
"Attrited Customer","F",59,"Unknown","Blue",8708,1091,0.125,7617,4
"Attrited Customer","M",52,"$80K - $120K","Blue",7904,0,0,7904,4
"Existing Customer","F",48,"Unknown","Blue",4549,1313,0.289,3236,2
"Attrited Customer","F",46,"Less than $40K","Blue",1438.3,1214,0.844,224.3,2
"Existing Customer","F",49,"Less than $40K","Blue",4476,1492,0.333,2984,1
"Existing Customer","F",44,"Unknown","Blue",2002,1448,0.723,554,3
"Existing Customer","M",40,"$80K - $120K","Blue",11502,2066,0.18,9436,2
"Attrited Customer","M",44,"$120K +","Blue",7924,2517,0.318,5407,3
"Existing Customer","M",39,"$120K +","Blue",16199,0,0,16199,2
"Existing Customer","M",43,"$80K - $120K","Blue",1452,0,0,1452,3
"Attrited Customer","F",37,"Unknown","Blue",2179,0,0,2179,1
"Attrited Customer","M",35,"$80K - $120K","Blue",13590,1528,0.112,12062,3
"Attrited Customer","F",31,"Less than $40K","Blue",1695,0,0,1695,1
"Existing Customer","F",53,"Less than $40K","Blue",4430,1579,0.356,2851,3
"Existing Customer","F",49,"Less than $40K","Blue",2919,2032,0.696,887,3
"Existing Customer","F",49,"Less than $40K","Blue",2796,1035,0.37,1761,3
"Attrited Customer","F",41,"Less than $40K","Blue",2580,2137,0.828,443,3
"Existing Customer","M",43,"$60K - $80K","Blue",2834,1720,0.607,1114,3
"Existing Customer","F",44,"Less than $40K","Blue",2617,1508,0.576,1109,1
"Existing Customer","F",48,"Less than $40K","Blue",1522,1273,0.836,249,3
"Attrited Customer","M",41,"$40K - $60K","Silver",16509,425,0.026,16084,2
"Attrited Customer","M",40,"$40K - $60K","Blue",7316,1335,0.182,5981,2
"Existing Customer","F",44,"Unknown","Blue",7627,1742,0.228,5885,1
"Existing Customer","M",44,"$40K - $60K","Blue",9465,0,0,9465,2
"Existing Customer","M",48,"Less than $40K","Blue",8795,1318,0.15,7477,1
"Attrited Customer","M",40,"$60K - $80K","Blue",12283,0,0,12283,2
"Existing Customer","F",34,"Less than $40K","Blue",2715,1503,0.554,1212,2
"Existing Customer","F",44,"Unknown","Blue",19897,2232,0.112,17665,1
"Existing Customer","F",44,"Less than $40K","Blue",2097,1224,0.584,873,2
"Existing Customer","F",41,"Less than $40K","Blue",3028,2270,0.75,758,2
"Existing Customer","F",34,"Less than $40K","Blue",1695,761,0.449,934,2
"Attrited Customer","F",41,"Less than $40K","Blue",1438.3,0,0,1438.3,3
"Existing Customer","F",37,"Less than $40K","Blue",1438.3,599,0.416,839.3,3
"Attrited Customer","M",55,"$120K +","Blue",24250,278,0.011,23972,4
"Existing Customer","F",49,"Unknown","Blue",5076,871,0.172,4205,3
"Existing Customer","F",40,"Unknown","Blue",4438,1513,0.341,2925,2
"Existing Customer","F",36,"Less than $40K","Blue",1964,0,0,1964,2
"Existing Customer","F",53,"Less than $40K","Blue",1904,886,0.465,1018,1
"Existing Customer","F",46,"$40K - $60K","Blue",2933,1569,0.535,1364,3
"Existing Customer","F",55,"Unknown","Blue",18202,1841,0.101,16361,1
"Existing Customer","M",47,"$80K - $120K","Silver",34516,760,0.022,33756,3
"Existing Customer","F",52,"Less than $40K","Blue",2421,2312,0.955,109,5
"Existing Customer","F",44,"Less than $40K","Blue",2406,1491,0.62,915,1
"Existing Customer","F",51,"$40K - $60K","Blue",2621,2426,0.926,195,1
"Existing Customer","F",34,"Less than $40K","Blue",2291,0,0,2291,3
"Existing Customer","F",46,"$40K - $60K","Blue",3645,1179,0.323,2466,2
"Existing Customer","F",37,"$40K - $60K","Blue",3375,1730,0.513,1645,3
"Existing Customer","M",47,"$120K +","Blue",8856,1433,0.162,7423,3
"Existing Customer","F",36,"Less than $40K","Blue",2980,2093,0.702,887,1
"Existing Customer","M",47,"$60K - $80K","Blue",17656,0,0,17656,3
"Attrited Customer","F",57,"Less than $40K","Blue",2475,0,0,2475,0
"Existing Customer","F",46,"Less than $40K","Blue",3942,1711,0.434,2231,2
"Existing Customer","F",57,"Less than $40K","Blue",1771,1289,0.728,482,2
"Attrited Customer","F",45,"Unknown","Blue",17678,0,0,17678,2
"Existing Customer","M",50,"$120K +","Blue",20958,0,0,20958,5
"Existing Customer","F",53,"Less than $40K","Blue",4117,777,0.189,3340,1
"Existing Customer","F",43,"$40K - $60K","Silver",18524,1736,0.094,16788,1
"Existing Customer","M",36,"Less than $40K","Blue",2222,1291,0.581,931,1
"Existing Customer","F",56,"Less than $40K","Blue",3119,1778,0.57,1341,3
"Existing Customer","M",46,"$40K - $60K","Blue",1611,0,0,1611,1
"Attrited Customer","F",53,"Less than $40K","Blue",4090,2517,0.615,1573,3
"Existing Customer","M",55,"$60K - $80K","Blue",1467,0,0,1467,3
"Existing Customer","F",52,"$40K - $60K","Blue",2442,1507,0.617,935,1
"Attrited Customer","F",53,"$40K - $60K","Blue",1816,0,0,1816,3
"Existing Customer","F",40,"Less than $40K","Blue",1438.3,0,0,1438.3,3
"Existing Customer","M",42,"$60K - $80K","Blue",14958,1644,0.11,13314,3
"Attrited Customer","F",43,"Unknown","Blue",21961,0,0,21961,2
"Existing Customer","F",40,"Less than $40K","Blue",1625,912,0.561,713,1
"Existing Customer","F",49,"Less than $40K","Blue",3007,2517,0.837,490,3
"Existing Customer","M",47,"$120K +","Blue",11629,802,0.069,10827,2
"Attrited Customer","F",42,"Less than $40K","Blue",1507,0,0,1507,3
"Existing Customer","F",45,"Unknown","Blue",3111,1994,0.641,1117,1
"Existing Customer","M",60,"$40K - $60K","Blue",1848,1408,0.762,440,3
"Attrited Customer","F",44,"$40K - $60K","Blue",4142,2517,0.608,1625,2
"Existing Customer","M",46,"$80K - $120K","Blue",1438.3,0,0,1438.3,1
"Existing Customer","F",45,"Less than $40K","Blue",2202,1414,0.642,788,2
"Existing Customer","M",42,"$60K - $80K","Blue",3591,1749,0.487,1842,2
"Attrited Customer","M",49,"$120K +","Blue",4781,0,0,4781,3
"Existing Customer","F",58,"Less than $40K","Blue",3832,1439,0.376,2393,3
"Existing Customer","M",53,"$120K +","Blue",9025,1005,0.111,8020,2
"Existing Customer","M",44,"$40K - $60K","Blue",11627,0,0,11627,1
"Existing Customer","F",61,"Unknown","Blue",5686,0,0,5686,2
"Existing Customer","F",49,"Less than $40K","Blue",2636,1840,0.698,796,1
"Existing Customer","F",37,"Less than $40K","Blue",1438.3,0,0,1438.3,2
"Existing Customer","F",43,"Less than $40K","Blue",4976,866,0.174,4110,2
"Existing Customer","F",38,"Unknown","Blue",13951,1607,0.115,12344,3
"Existing Customer","M",44,"$60K - $80K","Blue",14370,945,0.066,13425,3
"Existing Customer","M",60,"$40K - $60K","Silver",21681,0,0,21681,2
"Existing Customer","F",59,"$40K - $60K","Blue",2634,1644,0.624,990,3
"Existing Customer","F",37,"$40K - $60K","Blue",2204,919,0.417,1285,1
"Existing Customer","F",48,"$40K - $60K","Blue",2447,1991,0.814,456,1
"Existing Customer","F",60,"Unknown","Blue",3068,0,0,3068,3
"Attrited Customer","F",48,"Less than $40K","Blue",1502,0,0,1502,3
"Existing Customer","F",39,"Unknown","Blue",4181,1604,0.384,2577,3
"Existing Customer","F",52,"Less than $40K","Blue",3136,1103,0.352,2033,2
"Existing Customer","F",42,"Less than $40K","Blue",4478,1700,0.38,2778,2
"Attrited Customer","F",60,"Unknown","Blue",7359,0,0,7359,6
"Existing Customer","M",52,"$40K - $60K","Blue",13090,0,0,13090,3
"Existing Customer","F",44,"$40K - $60K","Blue",6849,0,0,6849,2
"Existing Customer","F",36,"Less than $40K","Blue",4228,1886,0.446,2342,3
"Existing Customer","F",49,"$40K - $60K","Blue",5678,2082,0.367,3596,3
"Existing Customer","F",42,"Less than $40K","Blue",3964,1218,0.307,2746,5
"Attrited Customer","M",48,"$80K - $120K","Blue",7970,2434,0.305,5536,2
"Existing Customer","F",36,"Unknown","Blue",4692,0,0,4692,3
"Attrited Customer","F",45,"Less than $40K","Blue",1942,0,0,1942,2
"Attrited Customer","M",40,"$40K - $60K","Blue",5821,894,0.154,4927,2
"Existing Customer","F",48,"Less than $40K","Blue",2357,1462,0.62,895,1
"Existing Customer","F",54,"Unknown","Blue",8294,696,0.084,7598,1
"Existing Customer","F",32,"$40K - $60K","Blue",3174,2084,0.657,1090,3
"Existing Customer","F",34,"Less than $40K","Blue",1438.3,0,0,1438.3,3
"Existing Customer","F",46,"Less than $40K","Blue",1852,1428,0.771,424,1
"Attrited Customer","M",47,"$40K - $60K","Blue",1809,457,0.253,1352,3
"Existing Customer","F",48,"$40K - $60K","Blue",3503,1572,0.449,1931,1
"Existing Customer","M",52,"$40K - $60K","Silver",17835,868,0.049,16967,2
"Existing Customer","M",45,"$120K +","Blue",3383,1458,0.431,1925,2
"Existing Customer","F",46,"Less than $40K","Blue",7128,1457,0.204,5671,2
"Existing Customer","F",36,"Less than $40K","Blue",1438.3,790,0.549,648.3,2
"Existing Customer","F",42,"Less than $40K","Blue",3815,1190,0.312,2625,3
"Existing Customer","F",39,"Less than $40K","Blue",1902,962,0.506,940,3
"Existing Customer","F",43,"Less than $40K","Blue",2077,1254,0.604,823,2
"Attrited Customer","F",48,"Less than $40K","Blue",2514,2090,0.831,424,3
"Existing Customer","M",56,"$80K - $120K","Blue",34516,0,0,34516,3
"Existing Customer","F",45,"Less than $40K","Blue",2144,1492,0.696,652,3
"Existing Customer","F",65,"Less than $40K","Blue",5951,2517,0.423,3434,3
"Existing Customer","F",54,"Unknown","Blue",4806,0,0,4806,5
"Existing Customer","F",42,"Unknown","Blue",16612,2517,0.152,14095,3
"Existing Customer","F",53,"$40K - $60K","Blue",2799,0,0,2799,2
"Existing Customer","M",63,"$40K - $60K","Silver",18064,1695,0.094,16369,3
"Existing Customer","F",49,"Less than $40K","Blue",2560,1430,0.559,1130,1
"Existing Customer","F",42,"Less than $40K","Blue",5821,0,0,5821,2
"Existing Customer","F",43,"Less than $40K","Blue",2057,1279,0.622,778,3
"Existing Customer","F",49,"Less than $40K","Blue",1972,1489,0.755,483,2
"Existing Customer","M",44,"$60K - $80K","Blue",2675,0,0,2675,2
"Existing Customer","M",48,"$40K - $60K","Blue",6223,2126,0.342,4097,1
"Existing Customer","F",44,"Unknown","Blue",7632,0,0,7632,3
"Existing Customer","F",55,"Less than $40K","Blue",3258,2517,0.773,741,2
"Existing Customer","M",46,"$60K - $80K","Silver",34516,2040,0.059,32476,3
"Existing Customer","F",49,"$40K - $60K","Blue",3054,845,0.277,2209,3
"Existing Customer","F",35,"Less than $40K","Blue",1438.3,0,0,1438.3,1
"Attrited Customer","M",50,"$120K +","Blue",7970,2282,0.286,5688,2
"Attrited Customer","F",55,"Less than $40K","Blue",1836,572,0.312,1264,2
"Existing Customer","M",47,"$120K +","Blue",9397,795,0.085,8602,2
"Existing Customer","F",60,"Less than $40K","Blue",1601,0,0,1601,2
"Existing Customer","M",45,"$80K - $120K","Blue",34516,1170,0.034,33346,2
"Existing Customer","F",51,"Less than $40K","Blue",1822,1114,0.611,708,1
"Existing Customer","M",41,"Less than $40K","Blue",1614,700,0.434,914,2
"Existing Customer","F",54,"Less than $40K","Blue",1491,1349,0.905,142,2
"Existing Customer","F",28,"Less than $40K","Blue",2543,1156,0.455,1387,1
"Existing Customer","F",50,"Less than $40K","Blue",3462,1817,0.525,1645,2
"Existing Customer","F",44,"Less than $40K","Blue",1699,0,0,1699,3
"Attrited Customer","F",46,"Unknown","Blue",13095,1836,0.14,11259,4
"Existing Customer","M",47,"$60K - $80K","Blue",8823,2517,0.285,6306,2
"Existing Customer","M",48,"$60K - $80K","Blue",4429,883,0.199,3546,1
"Attrited Customer","F",58,"Unknown","Blue",5396,1803,0.334,3593,4
"Existing Customer","F",65,"$40K - $60K","Blue",2418,2205,0.912,213,1
"Existing Customer","F",56,"Less than $40K","Blue",2086,1792,0.859,294,2
"Attrited Customer","F",48,"$40K - $60K","Blue",1899,671,0.353,1228,3
"Existing Customer","M",43,"$40K - $60K","Blue",7564,0,0,7564,1
"Existing Customer","M",41,"$60K - $80K","Blue",13116,1225,0.093,11891,2
"Existing Customer","F",35,"Less than $40K","Blue",1438.3,606,0.421,832.3,1
"Existing Customer","F",48,"Less than $40K","Blue",3716,0,0,3716,1
"Existing Customer","F",50,"Less than $40K","Blue",3069,1482,0.483,1587,5
"Attrited Customer","F",51,"Less than $40K","Blue",2006,1608,0.802,398,3
"Existing Customer","F",45,"$40K - $60K","Blue",2948,2232,0.757,716,2
"Existing Customer","F",47,"Less than $40K","Blue",1438.3,0,0,1438.3,2
"Existing Customer","F",35,"Less than $40K","Blue",1438.3,670,0.466,768.3,2
"Existing Customer","F",58,"$40K - $60K","Blue",4669,1913,0.41,2756,3
"Existing Customer","F",48,"Less than $40K","Silver",13994,0,0,13994,2
"Attrited Customer","M",57,"$120K +","Blue",8760,0,0,8760,5
"Existing Customer","F",53,"Less than $40K","Blue",1688,0,0,1688,2
"Existing Customer","F",46,"Unknown","Blue",9881,1794,0.182,8087,3
"Existing Customer","M",39,"$60K - $80K","Blue",4534,917,0.202,3617,2
"Existing Customer","F",57,"Less than $40K","Blue",3545,1446,0.408,2099,3
"Existing Customer","F",57,"Less than $40K","Blue",1857,1528,0.823,329,2
"Existing Customer","F",56,"Unknown","Blue",3334,1272,0.382,2062,1
"Attrited Customer","F",55,"$40K - $60K","Blue",2496,1999,0.801,497,3
"Existing Customer","F",41,"Less than $40K","Blue",1438.3,765,0.532,673.3,1
"Attrited Customer","F",45,"Less than $40K","Blue",1438.3,0,0,1438.3,2
"Existing Customer","M",52,"$60K - $80K","Blue",9357,1285,0.137,8072,2
"Existing Customer","F",40,"Less than $40K","Blue",2423,1674,0.691,749,2
"Existing Customer","F",45,"$40K - $60K","Blue",1936,1613,0.833,323,2
"Existing Customer","M",43,"$60K - $80K","Blue",1783,1014,0.569,769,3
"Existing Customer","F",59,"Less than $40K","Blue",1438.3,0,0,1438.3,1
"Existing Customer","F",56,"Less than $40K","Blue",1438.3,0,0,1438.3,1
"Existing Customer","F",44,"Less than $40K","Silver",10580,1023,0.097,9557,3
"Existing Customer","F",54,"Less than $40K","Blue",4597,1316,0.286,3281,3
"Existing Customer","F",49,"Less than $40K","Blue",1656,929,0.561,727,2
"Existing Customer","F",39,"Less than $40K","Blue",3279,0,0,3279,3
"Existing Customer","F",49,"$40K - $60K","Blue",2578,1590,0.617,988,2
"Existing Customer","F",44,"$40K - $60K","Blue",4068,0,0,4068,3
"Attrited Customer","F",42,"Less than $40K","Blue",2128,528,0.248,1600,2
"Attrited Customer","F",45,"Less than $40K","Blue",2704,2262,0.837,442,3
"Existing Customer","F",38,"Less than $40K","Blue",1878,1247,0.664,631,1
"Existing Customer","F",46,"Unknown","Blue",10600,0,0,10600,3
"Attrited Customer","F",58,"Less than $40K","Blue",9909,0,0,9909,2
"Existing Customer","F",57,"Less than $40K","Blue",1665,983,0.59,682,2
"Attrited Customer","M",50,"$120K +","Blue",1656,0,0,1656,3
"Existing Customer","M",53,"$80K - $120K","Blue",14111,1034,0.073,13077,3
"Existing Customer","F",52,"Less than $40K","Blue",2012,1230,0.611,782,2
"Existing Customer","F",43,"Less than $40K","Blue",2837,1807,0.637,1030,1
"Existing Customer","F",40,"Less than $40K","Blue",1709,0,0,1709,2
"Existing Customer","F",49,"Less than $40K","Blue",5714,868,0.152,4846,2
"Existing Customer","M",41,"$60K - $80K","Blue",5071,1043,0.206,4028,1
"Existing Customer","M",51,"$80K - $120K","Blue",24028,0,0,24028,3
"Existing Customer","F",31,"Unknown","Blue",13882,0,0,13882,3
"Existing Customer","F",49,"$40K - $60K","Blue",3585,931,0.26,2654,2
"Existing Customer","M",40,"$80K - $120K","Blue",9124,2126,0.233,6998,2
"Existing Customer","F",45,"Unknown","Blue",2705,0,0,2705,2
"Existing Customer","F",56,"Less than $40K","Blue",1936,1101,0.569,835,3
"Existing Customer","M",49,"$80K - $120K","Blue",8051,2138,0.266,5913,2
"Existing Customer","F",36,"$40K - $60K","Blue",3635,1617,0.445,2018,1
"Existing Customer","F",46,"Less than $40K","Blue",2532,1487,0.587,1045,2
"Existing Customer","F",54,"Less than $40K","Blue",2028,0,0,2028,1
"Attrited Customer","F",42,"Less than $40K","Blue",4304,0,0,4304,2
"Existing Customer","F",46,"Unknown","Blue",6644,2082,0.313,4562,1
"Existing Customer","F",45,"Less than $40K","Blue",1830,650,0.355,1180,1
"Existing Customer","M",37,"$120K +","Blue",7607,2170,0.285,5437,3
"Attrited Customer","F",55,"Less than $40K","Blue",2060,0,0,2060,3
"Existing Customer","F",49,"Less than $40K","Blue",1438.3,906,0.63,532.3,2
"Existing Customer","M",41,"$60K - $80K","Blue",3126,1503,0.481,1623,3
"Existing Customer","F",47,"$40K - $60K","Blue",6885,1611,0.234,5274,6
"Attrited Customer","M",42,"$60K - $80K","Blue",1871,0,0,1871,3
"Existing Customer","F",31,"Less than $40K","Blue",2787,1761,0.632,1026,2
"Existing Customer","M",50,"$80K - $120K","Blue",1867,1478,0.792,389,3
"Attrited Customer","F",41,"Less than $40K","Blue",1438.3,0,0,1438.3,2
"Attrited Customer","F",47,"Less than $40K","Blue",2473,0,0,2473,4
"Existing Customer","M",40,"$40K - $60K","Blue",4640,1555,0.335,3085,3
"Existing Customer","F",47,"Less than $40K","Blue",2712,2411,0.889,301,3
"Attrited Customer","F",46,"Unknown","Blue",8869,0,0,8869,2
"Attrited Customer","F",51,"Unknown","Blue",3853,696,0.181,3157,3
"Existing Customer","F",53,"Less than $40K","Blue",1438.3,721,0.501,717.3,2
"Attrited Customer","M",50,"$60K - $80K","Blue",14409,511,0.035,13898,2
"Attrited Customer","F",59,"$40K - $60K","Blue",1665,0,0,1665,3
"Existing Customer","F",43,"Less than $40K","Blue",2639,0,0,2639,1
"Existing Customer","F",59,"Less than $40K","Blue",2338,1566,0.67,772,1
"Existing Customer","F",51,"Less than $40K","Blue",2774,1362,0.491,1412,3
"Existing Customer","F",57,"Unknown","Blue",4283,488,0.114,3795,1
"Attrited Customer","F",47,"Unknown","Blue",6263,2517,0.402,3746,4
"Existing Customer","F",35,"Less than $40K","Blue",2317,1301,0.562,1016,3
"Existing Customer","F",55,"Less than $40K","Blue",2239,1340,0.598,899,2
"Existing Customer","F",41,"Less than $40K","Blue",2225,0,0,2225,3
"Existing Customer","F",51,"Less than $40K","Blue",1519,1148,0.756,371,2
"Existing Customer","F",48,"Unknown","Blue",5495,2200,0.4,3295,2
"Existing Customer","F",51,"Less than $40K","Blue",2141,1176,0.549,965,1
"Existing Customer","F",43,"Less than $40K","Blue",2616,1786,0.683,830,1
"Existing Customer","F",39,"Less than $40K","Blue",5494,1356,0.247,4138,1
"Attrited Customer","F",52,"Less than $40K","Blue",2003,1735,0.866,268,5
"Existing Customer","F",47,"Less than $40K","Blue",2092,1499,0.717,593,1
"Existing Customer","M",44,"$60K - $80K","Blue",6606,2517,0.381,4089,3
"Existing Customer","F",42,"Unknown","Blue",7102,0,0,7102,3
"Existing Customer","F",51,"Less than $40K","Silver",13812,1132,0.082,12680,2
"Existing Customer","M",56,"$60K - $80K","Blue",7075,1676,0.237,5399,3
"Existing Customer","M",44,"$40K - $60K","Blue",4274,1680,0.393,2594,1
"Existing Customer","F",47,"Less than $40K","Blue",2317,0,0,2317,1
"Attrited Customer","F",51,"Less than $40K","Blue",1438.3,642,0.446,796.3,3
"Existing Customer","M",47,"$80K - $120K","Blue",2888,0,0,2888,3
"Existing Customer","F",44,"Unknown","Blue",12310,670,0.054,11640,1
"Existing Customer","M",48,"$60K - $80K","Blue",1622,1249,0.77,373,3
"Attrited Customer","F",45,"Less than $40K","Blue",1438.3,0,0,1438.3,2
"Existing Customer","M",40,"$80K - $120K","Blue",12559,0,0,12559,2
"Existing Customer","F",56,"$40K - $60K","Blue",2929,1287,0.439,1642,3
"Attrited Customer","F",48,"Less than $40K","Blue",1438.3,0,0,1438.3,2
"Existing Customer","F",50,"Less than $40K","Blue",2319,1026,0.442,1293,1
"Existing Customer","F",37,"Unknown","Blue",7927,996,0.126,6931,3
"Attrited Customer","F",55,"Less than $40K","Blue",1720,0,0,1720,6
"Existing Customer","M",38,"$80K - $120K","Blue",3642,724,0.199,2918,1
"Existing Customer","F",49,"$40K - $60K","Blue",3881,0,0,3881,1
"Existing Customer","M",47,"$120K +","Blue",6143,1151,0.187,4992,2
"Existing Customer","F",42,"Less than $40K","Blue",1438.3,0,0,1438.3,3
"Existing Customer","F",52,"Less than $40K","Blue",2035,1343,0.66,692,3
"Attrited Customer","F",47,"Less than $40K","Blue",3899,0,0,3899,3
"Existing Customer","F",52,"$40K - $60K","Blue",1981,1082,0.546,899,2
"Attrited Customer","F",50,"Less than $40K","Blue",2422,502,0.207,1920,3
"Existing Customer","M",52,"$80K - $120K","Blue",11964,800,0.067,11164,3
"Existing Customer","F",50,"Unknown","Blue",3862,0,0,3862,4
"Existing Customer","M",46,"$80K - $120K","Blue",33142,0,0,33142,4
"Existing Customer","M",40,"$120K +","Silver",34516,1436,0.042,33080,4
"Attrited Customer","F",42,"Less than $40K","Blue",3454,0,0,3454,3
"Existing Customer","F",29,"Less than $40K","Blue",2732,1746,0.639,986,3
"Existing Customer","M",50,"$80K - $120K","Blue",1687,992,0.588,695,2
"Attrited Customer","F",43,"Less than $40K","Blue",3523,0,0,3523,2
"Existing Customer","M",40,"$120K +","Blue",5773,2024,0.351,3749,3
"Attrited Customer","F",45,"Unknown","Blue",4462,706,0.158,3756,5
"Existing Customer","F",35,"Less than $40K","Blue",3976,1789,0.45,2187,2
"Existing Customer","F",55,"Less than $40K","Blue",2679,2277,0.85,402,3
"Existing Customer","F",49,"$40K - $60K","Blue",1564,0,0,1564,3
"Existing Customer","F",53,"$40K - $60K","Blue",1536,728,0.474,808,2
"Existing Customer","M",46,"$40K - $60K","Blue",2375,1196,0.504,1179,2
"Existing Customer","F",50,"Less than $40K","Blue",2719,0,0,2719,3
"Existing Customer","F",53,"$40K - $60K","Blue",3369,2424,0.72,945,3
"Existing Customer","F",58,"Less than $40K","Blue",3173,1713,0.54,1460,1
"Existing Customer","F",47,"Less than $40K","Blue",3139,0,0,3139,2
"Attrited Customer","F",50,"Less than $40K","Blue",2140,0,0,2140,3
"Existing Customer","F",56,"Less than $40K","Blue",2258,0,0,2258,3
"Existing Customer","M",48,"$40K - $60K","Blue",2423,1779,0.734,644,1
"Existing Customer","F",55,"Less than $40K","Blue",2376,1969,0.829,407,3
"Existing Customer","M",38,"Less than $40K","Blue",1690,1459,0.863,231,5
"Attrited Customer","F",46,"$40K - $60K","Blue",8583,0,0,8583,3
"Existing Customer","F",52,"Less than $40K","Blue",2996,2147,0.717,849,2
"Existing Customer","F",49,"Unknown","Blue",2880,1996,0.693,884,3
"Existing Customer","M",48,"$80K - $120K","Gold",34516,1426,0.041,33090,3
"Existing Customer","F",36,"Unknown","Blue",6966,905,0.13,6061,2
"Attrited Customer","M",36,"$120K +","Blue",11316,1599,0.141,9717,2
"Existing Customer","F",38,"Less than $40K","Blue",1438.3,1003,0.697,435.3,2
"Existing Customer","M",44,"$120K +","Blue",11362,0,0,11362,2
"Attrited Customer","F",52,"Unknown","Blue",7210,0,0,7210,4
"Existing Customer","F",55,"Unknown","Blue",7790,753,0.097,7037,3
"Existing Customer","F",37,"Less than $40K","Blue",2023,1587,0.784,436,3
"Existing Customer","F",51,"$40K - $60K","Blue",9117,1259,0.138,7858,2
"Existing Customer","F",41,"Less than $40K","Blue",1801,940,0.522,861,1
"Existing Customer","M",51,"$60K - $80K","Blue",8787,1087,0.124,7700,6
"Existing Customer","M",40,"$60K - $80K","Silver",27436,642,0.023,26794,1
"Existing Customer","F",65,"Less than $40K","Blue",2195,1917,0.873,278,3
"Existing Customer","M",46,"$80K - $120K","Blue",13734,568,0.041,13166,3
"Existing Customer","M",45,"$60K - $80K","Blue",2731,1868,0.684,863,2
"Existing Customer","M",49,"$80K - $120K","Blue",2453,1534,0.625,919,2
"Existing Customer","M",49,"$60K - $80K","Blue",7451,1542,0.207,5909,3
"Existing Customer","F",41,"$40K - $60K","Blue",2644,1794,0.679,850,3
"Attrited Customer","M",41,"$80K - $120K","Silver",34516,825,0.024,33691,2
"Existing Customer","M",41,"$60K - $80K","Blue",4575,1344,0.294,3231,4
"Existing Customer","F",51,"Less than $40K","Blue",4860,1772,0.365,3088,3
"Existing Customer","F",46,"Less than $40K","Blue",1438.3,510,0.355,928.3,4
"Attrited Customer","F",37,"Less than $40K","Blue",1690,0,0,1690,2
"Existing Customer","M",39,"$40K - $60K","Blue",1438.3,0,0,1438.3,2
"Existing Customer","M",46,"$60K - $80K","Blue",24512,766,0.031,23746,3
"Attrited Customer","F",43,"$40K - $60K","Blue",1654,1474,0.891,180,3
"Existing Customer","M",63,"$80K - $120K","Blue",21430,0,0,21430,1
"Existing Customer","M",50,"$120K +","Silver",34516,1915,0.055,32601,3
"Existing Customer","M",37,"$40K - $60K","Blue",1438.3,759,0.528,679.3,3
"Existing Customer","F",33,"Less than $40K","Blue",2800,1559,0.557,1241,2
"Existing Customer","M",44,"$60K - $80K","Blue",3117,1400,0.449,1717,2
"Existing Customer","M",44,"$80K - $120K","Blue",2558,2016,0.788,542,3
"Attrited Customer","M",47,"$60K - $80K","Blue",10061,0,0,10061,3
"Existing Customer","F",45,"Unknown","Blue",3416,727,0.213,2689,1
"Existing Customer","F",39,"Unknown","Blue",9371,1066,0.114,8305,3
"Existing Customer","F",47,"Less than $40K","Blue",3147,2453,0.779,694,1
"Existing Customer","F",52,"Less than $40K","Blue",1554,926,0.596,628,2
"Attrited Customer","F",47,"Unknown","Blue",3502,0,0,3502,4
"Existing Customer","F",49,"Less than $40K","Blue",2712,1686,0.622,1026,2
"Existing Customer","F",59,"Less than $40K","Blue",1438.3,0,0,1438.3,1
"Existing Customer","M",39,"$120K +","Blue",3281,1682,0.513,1599,3
"Attrited Customer","F",35,"$40K - $60K","Blue",1438.3,0,0,1438.3,2
"Existing Customer","F",39,"Less than $40K","Blue",2469,1826,0.74,643,3
"Existing Customer","M",41,"$80K - $120K","Blue",3497,0,0,3497,2
"Existing Customer","F",46,"$40K - $60K","Blue",2505,0,0,2505,2
"Existing Customer","M",34,"$60K - $80K","Blue",2763,1913,0.692,850,1
"Existing Customer","F",49,"Less than $40K","Blue",2081,0,0,2081,2
"Attrited Customer","F",55,"Unknown","Blue",2815,1848,0.656,967,3
"Existing Customer","F",56,"Less than $40K","Blue",1737,0,0,1737,1
"Existing Customer","F",52,"Unknown","Blue",9078,1194,0.132,7884,3
"Attrited Customer","M",46,"$40K - $60K","Blue",6185,1960,0.317,4225,4
"Existing Customer","F",51,"Unknown","Blue",2069,1802,0.871,267,3
"Attrited Customer","M",45,"$80K - $120K","Blue",9234,0,0,9234,3
"Existing Customer","F",37,"Less than $40K","Blue",2684,0,0,2684,3
"Existing Customer","F",48,"$40K - $60K","Blue",2151,0,0,2151,2
"Existing Customer","M",52,"$60K - $80K","Blue",2749,1380,0.502,1369,3
"Existing Customer","F",44,"Less than $40K","Blue",1980,823,0.416,1157,2
"Attrited Customer","F",55,"Less than $40K","Blue",4232,0,0,4232,4
"Existing Customer","F",45,"Less than $40K","Blue",1438.3,877,0.61,561.3,1
"Existing Customer","F",43,"Unknown","Blue",6931,1380,0.199,5551,1
"Attrited Customer","F",52,"Less than $40K","Blue",3302,2517,0.762,785,3
"Existing Customer","M",61,"Unknown","Blue",4235,1675,0.396,2560,3
"Existing Customer","F",51,"Unknown","Blue",6501,0,0,6501,6
"Existing Customer","F",34,"Unknown","Blue",6376,1322,0.207,5054,1
"Attrited Customer","F",33,"Less than $40K","Blue",1457,0,0,1457,2
"Existing Customer","F",38,"$40K - $60K","Blue",5576,0,0,5576,3
"Existing Customer","F",56,"Unknown","Blue",1438.3,0,0,1438.3,1
"Existing Customer","F",45,"Unknown","Blue",2478,1748,0.705,730,3
"Existing Customer","M",44,"$60K - $80K","Blue",3650,1270,0.348,2380,3
"Existing Customer","F",52,"Less than $40K","Blue",2111,0,0,2111,2
"Existing Customer","F",30,"Unknown","Blue",12917,1157,0.09,11760,1
"Attrited Customer","M",56,"$120K +","Blue",7327,0,0,7327,4
"Existing Customer","M",46,"$80K - $120K","Blue",13324,0,0,13324,1
"Existing Customer","M",34,"$80K - $120K","Blue",11154,1612,0.145,9542,3
"Existing Customer","F",43,"Unknown","Blue",9535,660,0.069,8875,3
"Attrited Customer","M",37,"$40K - $60K","Blue",10226,0,0,10226,2
"Existing Customer","F",37,"Less than $40K","Blue",2140,0,0,2140,1
"Existing Customer","F",49,"Less than $40K","Blue",2904,2203,0.759,701,4
"Existing Customer","M",40,"$80K - $120K","Blue",1770,584,0.33,1186,3
"Attrited Customer","F",37,"Less than $40K","Blue",1534,0,0,1534,2
"Existing Customer","F",46,"Less than $40K","Blue",2170,1498,0.69,672,3
"Existing Customer","M",53,"$120K +","Blue",10001,0,0,10001,2
"Existing Customer","F",56,"Unknown","Blue",4169,1549,0.372,2620,2
"Existing Customer","M",65,"Less than $40K","Blue",5363,1309,0.244,4054,2
"Existing Customer","F",50,"Less than $40K","Blue",3206,0,0,3206,1
"Existing Customer","M",50,"$60K - $80K","Blue",18085,747,0.041,17338,3
"Existing Customer","F",61,"$40K - $60K","Blue",2566,2164,0.843,402,3
"Existing Customer","F",35,"$40K - $60K","Blue",1438.3,0,0,1438.3,1
"Attrited Customer","F",65,"Less than $40K","Blue",6812,1926,0.283,4886,0
"Existing Customer","F",45,"$40K - $60K","Blue",2700,1977,0.732,723,2
"Existing Customer","F",50,"Unknown","Blue",5471,1342,0.245,4129,3
"Existing Customer","F",43,"Less than $40K","Blue",4332,1313,0.303,3019,3
"Attrited Customer","F",48,"Less than $40K","Blue",2447,1267,0.518,1180,3
"Existing Customer","F",41,"Less than $40K","Blue",1783,1282,0.719,501,2
"Existing Customer","M",42,"$60K - $80K","Blue",11761,1775,0.151,9986,3
"Existing Customer","F",52,"Less than $40K","Blue",2340,1101,0.471,1239,3
"Existing Customer","F",45,"Less than $40K","Blue",2859,1776,0.621,1083,3
"Existing Customer","M",37,"$40K - $60K","Blue",2523,2481,0.983,42,3
"Existing Customer","M",48,"$40K - $60K","Blue",4776,0,0,4776,2
"Existing Customer","F",59,"Less than $40K","Blue",2697,1410,0.523,1287,1
"Existing Customer","F",57,"Less than $40K","Blue",3542,2417,0.682,1125,2
"Attrited Customer","M",57,"$120K +","Blue",34516,1000,0.029,33516,4
"Existing Customer","F",40,"Unknown","Blue",8823,0,0,8823,3
"Attrited Customer","F",52,"Less than $40K","Blue",1764,0,0,1764,3
"Attrited Customer","F",43,"Less than $40K","Blue",3492,2517,0.721,975,3
"Attrited Customer","F",36,"Less than $40K","Blue",2977,1340,0.45,1637,3
"Existing Customer","M",49,"$60K - $80K","Silver",30976,2051,0.066,28925,2
"Existing Customer","M",43,"$60K - $80K","Blue",2810,2384,0.848,426,2
"Existing Customer","F",39,"Less than $40K","Blue",1438.3,0,0,1438.3,2
"Existing Customer","M",44,"$40K - $60K","Blue",8997,708,0.079,8289,3
"Existing Customer","F",57,"Less than $40K","Blue",2002,1188,0.593,814,3
"Existing Customer","M",55,"$60K - $80K","Blue",4998,1626,0.325,3372,2
"Existing Customer","F",37,"Less than $40K","Blue",2310,1513,0.655,797,2
"Existing Customer","F",54,"$40K - $60K","Blue",3892,0,0,3892,3
"Existing Customer","M",34,"$60K - $80K","Blue",2345,1643,0.701,702,1
"Existing Customer","M",50,"$80K - $120K","Blue",2135,1506,0.705,629,2
"Existing Customer","F",50,"Less than $40K","Blue",2528,1689,0.668,839,2
"Existing Customer","F",50,"Less than $40K","Blue",3397,1658,0.488,1739,1
"Existing Customer","M",49,"$60K - $80K","Blue",19719,1395,0.071,18324,6
"Existing Customer","F",41,"Unknown","Blue",15292,1325,0.087,13967,3
"Existing Customer","M",52,"$120K +","Blue",31733,0,0,31733,3
"Attrited Customer","F",54,"$40K - $60K","Blue",1438.3,0,0,1438.3,3
"Attrited Customer","F",54,"Less than $40K","Blue",1638,0,0,1638,6
"Existing Customer","F",50,"Less than $40K","Blue",2775,1475,0.532,1300,3
"Attrited Customer","F",37,"$40K - $60K","Blue",2547,1965,0.771,582,2
"Existing Customer","F",50,"Unknown","Blue",5708,1884,0.33,3824,2
"Existing Customer","M",46,"$80K - $120K","Blue",19838,1290,0.065,18548,3
"Attrited Customer","M",47,"$60K - $80K","Blue",1789,0,0,1789,3
"Existing Customer","F",51,"$40K - $60K","Blue",2284,1674,0.733,610,3
"Existing Customer","M",42,"$60K - $80K","Blue",11535,1527,0.132,10008,1
"Existing Customer","F",28,"Unknown","Blue",3524,1306,0.371,2218,4
"Existing Customer","M",58,"$60K - $80K","Silver",30186,0,0,30186,3
"Existing Customer","F",44,"Less than $40K","Blue",1438.3,0,0,1438.3,3
"Existing Customer","F",40,"Less than $40K","Blue",1620,1278,0.789,342,2
"Existing Customer","F",51,"Less than $40K","Blue",4038,1237,0.306,2801,2
"Existing Customer","M",56,"$80K - $120K","Blue",2078,1696,0.816,382,3
"Existing Customer","F",51,"Less than $40K","Blue",1571,0,0,1571,3
"Existing Customer","M",43,"$80K - $120K","Blue",4726,1161,0.246,3565,3
"Existing Customer","F",56,"Less than $40K","Blue",4604,621,0.135,3983,3
"Existing Customer","M",48,"$80K - $120K","Silver",34516,1629,0.047,32887,3
"Existing Customer","M",56,"$40K - $60K","Blue",1438.3,0,0,1438.3,2
"Existing Customer","F",48,"Less than $40K","Blue",2680,1871,0.698,809,2
"Attrited Customer","F",41,"$40K - $60K","Blue",4312,2517,0.584,1795,3
"Existing Customer","M",50,"$60K - $80K","Blue",2205,1659,0.752,546,3
"Existing Customer","F",44,"Less than $40K","Blue",2679,727,0.271,1952,6
"Existing Customer","M",54,"$80K - $120K","Silver",34516,2488,0.072,32028,1
"Existing Customer","F",48,"Less than $40K","Blue",3378,0,0,3378,2
"Existing Customer","M",34,"$40K - $60K","Blue",1793,1141,0.636,652,1
"Existing Customer","F",59,"Less than $40K","Blue",2228,1502,0.674,726,2
"Existing Customer","F",41,"$40K - $60K","Blue",2577,1582,0.614,995,0
"Attrited Customer","F",39,"Less than $40K","Blue",1462,0,0,1462,2
"Attrited Customer","F",50,"Less than $40K","Blue",4038,1530,0.379,2508,3
"Attrited Customer","F",35,"Unknown","Blue",1438.3,0,0,1438.3,3
"Existing Customer","F",34,"Less than $40K","Blue",4408,1510,0.343,2898,1
"Existing Customer","F",46,"Unknown","Blue",4163,0,0,4163,1
"Existing Customer","F",49,"$40K - $60K","Blue",7201,1992,0.277,5209,3
"Existing Customer","M",49,"$80K - $120K","Blue",1883,1295,0.688,588,3
"Existing Customer","F",42,"Less than $40K","Blue",3308,2517,0.761,791,1
"Existing Customer","F",65,"Less than $40K","Blue",2022,0,0,2022,3
"Existing Customer","F",43,"Less than $40K","Blue",8597,903,0.105,7694,3
"Existing Customer","F",38,"Unknown","Blue",4693,634,0.135,4059,1
"Existing Customer","F",52,"Less than $40K","Blue",2873,1714,0.597,1159,1
"Existing Customer","F",39,"$40K - $60K","Blue",3400,2307,0.679,1093,1
"Existing Customer","F",48,"$40K - $60K","Blue",2405,1410,0.586,995,1
"Attrited Customer","M",46,"$80K - $120K","Gold",34516,1104,0.032,33412,3
"Existing Customer","M",44,"$80K - $120K","Blue",8241,0,0,8241,3
"Existing Customer","F",53,"$40K - $60K","Blue",1438.3,582,0.405,856.3,3
"Existing Customer","F",44,"Less than $40K","Blue",2608,1804,0.692,804,3
"Existing Customer","F",41,"Less than $40K","Blue",2359,1509,0.64,850,2
"Existing Customer","F",47,"Less than $40K","Blue",1790,0,0,1790,2
"Attrited Customer","F",54,"Less than $40K","Blue",2247,0,0,2247,6
"Existing Customer","M",40,"$80K - $120K","Blue",3624,0,0,3624,3
"Existing Customer","F",42,"Less than $40K","Blue",1438.3,0,0,1438.3,2
"Existing Customer","F",39,"$40K - $60K","Blue",2901,2143,0.739,758,1
"Existing Customer","F",41,"Less than $40K","Blue",9759,2038,0.209,7721,2
"Existing Customer","F",57,"Less than $40K","Blue",2525,1203,0.476,1322,3
"Existing Customer","F",60,"Less than $40K","Blue",2737,1812,0.662,925,3
"Existing Customer","M",51,"$80K - $120K","Blue",19262,1480,0.077,17782,3
"Existing Customer","F",33,"Unknown","Blue",2252,1826,0.811,426,1
"Attrited Customer","M",46,"$80K - $120K","Blue",7077,0,0,7077,3
"Existing Customer","M",63,"$60K - $80K","Blue",2706,889,0.329,1817,2
"Existing Customer","F",49,"$40K - $60K","Blue",3263,1522,0.466,1741,3
"Attrited Customer","F",41,"$40K - $60K","Blue",3281,0,0,3281,2
"Existing Customer","M",51,"$80K - $120K","Blue",8169,794,0.097,7375,3
"Existing Customer","F",46,"$40K - $60K","Blue",3276,1915,0.585,1361,1
"Existing Customer","F",41,"Less than $40K","Blue",1966,1452,0.739,514,2
"Existing Customer","F",46,"Unknown","Blue",5869,0,0,5869,1
"Existing Customer","F",34,"Less than $40K","Blue",1438.3,0,0,1438.3,2
"Existing Customer","F",45,"Less than $40K","Blue",3682,0,0,3682,2
"Existing Customer","F",27,"Unknown","Blue",13439,2003,0.149,11436,1
"Attrited Customer","F",54,"Less than $40K","Blue",1694,0,0,1694,4
"Existing Customer","M",41,"$80K - $120K","Blue",1636,986,0.603,650,2
"Existing Customer","F",48,"Less than $40K","Blue",1449,749,0.517,700,2
"Existing Customer","F",45,"Less than $40K","Blue",1513,788,0.521,725,3
"Attrited Customer","F",39,"Less than $40K","Blue",1438.3,0,0,1438.3,2
"Existing Customer","F",46,"Less than $40K","Blue",4120,1578,0.383,2542,3
"Existing Customer","F",47,"Less than $40K","Blue",2289,1611,0.704,678,3
"Existing Customer","F",45,"Less than $40K","Blue",2016,972,0.482,1044,2
"Attrited Customer","M",49,"$80K - $120K","Blue",2509,450,0.179,2059,4
"Existing Customer","F",40,"Less than $40K","Blue",3511,0,0,3511,1
"Existing Customer","M",45,"$60K - $80K","Blue",2751,2432,0.884,319,3
"Existing Customer","F",34,"Less than $40K","Blue",2426,0,0,2426,6
"Existing Customer","M",44,"$80K - $120K","Blue",12230,1196,0.098,11034,3
"Existing Customer","M",42,"$60K - $80K","Blue",7328,936,0.128,6392,1
"Existing Customer","F",47,"Unknown","Blue",2264,0,0,2264,1
"Existing Customer","M",42,"$80K - $120K","Blue",3046,1231,0.404,1815,1
"Existing Customer","F",51,"Unknown","Blue",5881,0,0,5881,3
"Existing Customer","M",52,"$80K - $120K","Blue",16207,922,0.057,15285,2
"Existing Customer","M",44,"$60K - $80K","Blue",15468,1187,0.077,14281,3
"Existing Customer","F",47,"Less than $40K","Blue",5950,0,0,5950,3
"Existing Customer","F",48,"Less than $40K","Blue",3119,2196,0.704,923,1
"Existing Customer","F",50,"Unknown","Blue",1507,0,0,1507,1
"Existing Customer","F",51,"Less than $40K","Blue",2902,1634,0.563,1268,3
"Existing Customer","F",47,"Less than $40K","Blue",1585,1304,0.823,281,2
"Existing Customer","F",47,"Less than $40K","Blue",2899,2418,0.834,481,2
"Existing Customer","F",50,"$40K - $60K","Blue",2295,1277,0.556,1018,1
"Existing Customer","F",39,"Less than $40K","Blue",3251,1937,0.596,1314,1
"Existing Customer","F",48,"Unknown","Blue",4009,1361,0.339,2648,1
"Attrited Customer","F",45,"Less than $40K","Blue",3411,1472,0.432,1939,2
"Existing Customer","M",49,"$40K - $60K","Silver",15525,1299,0.084,14226,1
"Existing Customer","F",35,"Less than $40K","Blue",2118,1189,0.561,929,3
"Existing Customer","F",34,"$40K - $60K","Blue",2275,1468,0.645,807,2
"Existing Customer","F",59,"Less than $40K","Blue",2601,1888,0.726,713,2
"Existing Customer","M",52,"$80K - $120K","Blue",4642,2413,0.52,2229,3
"Existing Customer","M",58,"Less than $40K","Blue",1438.3,0,0,1438.3,4
"Existing Customer","F",51,"Less than $40K","Blue",1858,1071,0.576,787,2
"Existing Customer","F",59,"Less than $40K","Blue",2636,1619,0.614,1017,3
"Existing Customer","F",50,"$40K - $60K","Blue",3743,881,0.235,2862,3
"Existing Customer","F",49,"Less than $40K","Blue",1438.3,0,0,1438.3,1
"Attrited Customer","F",61,"Less than $40K","Blue",4130,0,0,4130,3
"Existing Customer","M",47,"$40K - $60K","Blue",10960,1333,0.122,9627,3
"Existing Customer","F",52,"$40K - $60K","Blue",3900,0,0,3900,2
"Existing Customer","M",38,"Less than $40K","Blue",6236,1204,0.193,5032,3
"Existing Customer","F",34,"Unknown","Blue",2591,0,0,2591,1
"Attrited Customer","F",57,"Less than $40K","Blue",1615,950,0.588,665,3
"Existing Customer","F",47,"Unknown","Blue",8332,0,0,8332,1
"Existing Customer","F",55,"Less than $40K","Blue",2033,1037,0.51,996,5
"Existing Customer","M",55,"$80K - $120K","Blue",8082,1138,0.141,6944,2
"Existing Customer","F",57,"Less than $40K","Blue",1511,0,0,1511,2
"Existing Customer","F",43,"Unknown","Blue",11536,2074,0.18,9462,2
"Existing Customer","F",65,"Less than $40K","Blue",4010,1504,0.375,2506,3
"Existing Customer","F",55,"Less than $40K","Blue",1669,1000,0.599,669,2
"Existing Customer","F",54,"Unknown","Blue",11905,0,0,11905,1
"Attrited Customer","F",44,"Less than $40K","Blue",3052,0,0,3052,3
"Existing Customer","F",55,"Less than $40K","Blue",2712,1617,0.596,1095,1
"Existing Customer","F",39,"Less than $40K","Blue",1978,871,0.44,1107,2
"Existing Customer","F",37,"Less than $40K","Blue",1438.3,687,0.478,751.3,2
"Existing Customer","F",55,"Less than $40K","Blue",1606,0,0,1606,3
"Existing Customer","F",46,"Less than $40K","Blue",2406,1705,0.709,701,3
"Existing Customer","M",44,"$80K - $120K","Blue",5877,1160,0.197,4717,2
"Attrited Customer","F",57,"Less than $40K","Blue",2796,0,0,2796,3
"Existing Customer","F",54,"Unknown","Blue",2876,1267,0.441,1609,1
"Attrited Customer","F",38,"Less than $40K","Blue",3554,0,0,3554,2
"Existing Customer","F",48,"Less than $40K","Blue",9505,2390,0.251,7115,3
"Attrited Customer","F",34,"Less than $40K","Blue",1576,0,0,1576,2
"Existing Customer","F",44,"Less than $40K","Blue",1438.3,0,0,1438.3,3
"Existing Customer","M",39,"$60K - $80K","Blue",2973,1136,0.382,1837,2
"Attrited Customer","F",40,"Less than $40K","Blue",1438.3,0,0,1438.3,2
"Existing Customer","F",41,"Unknown","Blue",5647,1175,0.208,4472,2
"Existing Customer","F",43,"$40K - $60K","Blue",1766,0,0,1766,3
"Existing Customer","F",50,"Less than $40K","Blue",1606,0,0,1606,2
"Attrited Customer","F",54,"Less than $40K","Blue",2223,632,0.284,1591,3
"Existing Customer","F",47,"$40K - $60K","Blue",2896,0,0,2896,3
"Existing Customer","M",51,"$60K - $80K","Blue",2157,1494,0.693,663,1
"Attrited Customer","F",49,"Unknown","Blue",3802,1558,0.41,2244,3
"Existing Customer","M",43,"$60K - $80K","Blue",13840,1079,0.078,12761,3
"Existing Customer","F",36,"Less than $40K","Blue",2169,1602,0.739,567,1
"Existing Customer","F",47,"Less than $40K","Blue",4862,0,0,4862,3
"Existing Customer","F",45,"Less than $40K","Blue",2289,1037,0.453,1252,1
"Existing Customer","M",49,"$60K - $80K","Blue",22651,1085,0.048,21566,1
"Existing Customer","F",48,"Less than $40K","Blue",2406,1744,0.725,662,3
"Attrited Customer","M",52,"$80K - $120K","Blue",3022,895,0.296,2127,3
"Existing Customer","M",46,"$80K - $120K","Blue",12935,1417,0.11,11518,1
"Attrited Customer","F",45,"Less than $40K","Blue",1438.3,0,0,1438.3,4
"Attrited Customer","F",49,"$40K - $60K","Blue",1438.3,522,0.363,916.3,3
"Existing Customer","F",43,"Less than $40K","Blue",2256,1346,0.597,910,2
"Attrited Customer","F",40,"Less than $40K","Blue",1516,0,0,1516,3
"Existing Customer","F",48,"$40K - $60K","Blue",2485,1651,0.664,834,2
"Existing Customer","F",53,"Less than $40K","Blue",1820,909,0.499,911,2
"Existing Customer","F",54,"Unknown","Blue",2156,1134,0.526,1022,3
"Existing Customer","M",48,"$60K - $80K","Blue",5826,1482,0.254,4344,3
"Existing Customer","F",39,"Less than $40K","Silver",10190,891,0.087,9299,2
"Existing Customer","F",45,"Less than $40K","Blue",2035,1174,0.577,861,2
"Attrited Customer","F",45,"Less than $40K","Blue",1833,0,0,1833,3
"Existing Customer","M",56,"$60K - $80K","Blue",1623,0,0,1623,3
"Attrited Customer","F",27,"Less than $40K","Blue",1835,1647,0.898,188,1
"Existing Customer","F",47,"Less than $40K","Blue",4490,1989,0.443,2501,2
"Existing Customer","M",48,"$60K - $80K","Blue",11062,0,0,11062,3
"Attrited Customer","F",30,"Less than $40K","Blue",1574,0,0,1574,3
"Existing Customer","F",52,"Less than $40K","Blue",2370,1490,0.629,880,2
"Existing Customer","F",35,"Less than $40K","Blue",2658,0,0,2658,2
"Attrited Customer","F",38,"Less than $40K","Blue",2300,0,0,2300,2
"Existing Customer","F",44,"Less than $40K","Blue",2368,1244,0.525,1124,2
"Existing Customer","F",53,"$40K - $60K","Blue",2883,1936,0.672,947,2
"Existing Customer","F",43,"Unknown","Blue",3264,2042,0.626,1222,3
"Existing Customer","F",46,"Less than $40K","Blue",1937,916,0.473,1021,2
"Existing Customer","F",40,"$40K - $60K","Blue",2166,1465,0.676,701,2
"Existing Customer","F",43,"$40K - $60K","Blue",7135,1164,0.163,5971,1
"Existing Customer","F",56,"Less than $40K","Blue",1438.3,787,0.547,651.3,3
"Existing Customer","F",48,"$40K - $60K","Blue",3743,2090,0.558,1653,1
"Existing Customer","F",31,"Unknown","Blue",5190,1682,0.324,3508,3
"Existing Customer","M",41,"$40K - $60K","Blue",6059,1171,0.193,4888,3
"Existing Customer","F",47,"Less than $40K","Blue",2577,1450,0.563,1127,2
"Existing Customer","F",43,"Less than $40K","Blue",3761,2121,0.564,1640,1
"Attrited Customer","F",50,"Less than $40K","Blue",1572,0,0,1572,3
"Existing Customer","F",39,"$40K - $60K","Blue",1637,0,0,1637,1
"Existing Customer","M",51,"$120K +","Blue",28600,0,0,28600,3
"Existing Customer","M",40,"Less than $40K","Blue",4402,1524,0.346,2878,3
"Existing Customer","F",50,"Less than $40K","Blue",2652,1911,0.721,741,1
"Existing Customer","F",41,"$40K - $60K","Blue",6602,0,0,6602,2
"Attrited Customer","F",37,"$40K - $60K","Blue",1900,0,0,1900,1
"Existing Customer","F",56,"$40K - $60K","Blue",3455,1385,0.401,2070,2
"Existing Customer","M",47,"$60K - $80K","Blue",18123,1775,0.098,16348,3
"Existing Customer","F",44,"Less than $40K","Blue",2295,1250,0.545,1045,1
"Existing Customer","M",38,"$80K - $120K","Blue",1518,1115,0.735,403,2
"Existing Customer","F",45,"Less than $40K","Blue",2723,1902,0.698,821,1
"Existing Customer","F",47,"Less than $40K","Blue",1776,691,0.389,1085,1
"Existing Customer","F",39,"Less than $40K","Blue",1968,1270,0.645,698,3
"Existing Customer","F",48,"Less than $40K","Blue",1860,1054,0.567,806,1
"Existing Customer","F",53,"Less than $40K","Blue",2684,2126,0.792,558,2
"Existing Customer","F",51,"$40K - $60K","Blue",2180,1865,0.856,315,1
"Attrited Customer","F",41,"Less than $40K","Blue",1661,0,0,1661,3
"Existing Customer","F",38,"Less than $40K","Blue",1679,0,0,1679,1
"Attrited Customer","F",36,"Less than $40K","Blue",1691,0,0,1691,2
"Existing Customer","F",46,"Less than $40K","Blue",2888,1641,0.568,1247,2
"Existing Customer","F",58,"$40K - $60K","Blue",1871,1339,0.716,532,3
"Existing Customer","F",44,"Less than $40K","Blue",3226,2517,0.78,709,1
"Existing Customer","M",41,"$80K - $120K","Blue",12114,1379,0.114,10735,3
"Existing Customer","F",42,"Less than $40K","Blue",4959,1483,0.299,3476,3
"Existing Customer","M",42,"$80K - $120K","Blue",10374,599,0.058,9775,2
"Existing Customer","F",45,"Less than $40K","Blue",1438.3,1080,0.751,358.3,3
"Attrited Customer","F",44,"Unknown","Blue",1486,849,0.571,637,3
"Existing Customer","F",41,"Unknown","Blue",2542,0,0,2542,3
"Attrited Customer","M",35,"Less than $40K","Blue",1931,0,0,1931,3
"Attrited Customer","F",48,"Less than $40K","Blue",1644,500,0.304,1144,3
"Existing Customer","F",43,"$40K - $60K","Blue",2283,0,0,2283,1
"Existing Customer","F",36,"Less than $40K","Blue",4943,1204,0.244,3739,2
"Attrited Customer","M",44,"$40K - $60K","Blue",1438.3,0,0,1438.3,3
"Existing Customer","F",43,"Less than $40K","Blue",1438.3,0,0,1438.3,1
"Existing Customer","F",52,"Less than $40K","Blue",1438.3,0,0,1438.3,2
"Attrited Customer","F",61,"Less than $40K","Blue",1760,0,0,1760,3
"Existing Customer","F",50,"Less than $40K","Blue",1852,0,0,1852,4
"Existing Customer","M",43,"$60K - $80K","Blue",2049,1530,0.747,519,2
"Attrited Customer","F",48,"Less than $40K","Blue",1670,0,0,1670,3
"Existing Customer","F",35,"Less than $40K","Blue",1511,864,0.572,647,2
"Existing Customer","M",39,"$80K - $120K","Blue",6018,0,0,6018,2
"Existing Customer","F",59,"Less than $40K","Blue",3030,1251,0.413,1779,2
"Existing Customer","F",58,"Less than $40K","Blue",2755,1483,0.538,1272,1
"Existing Customer","M",51,"$80K - $120K","Blue",8783,2142,0.244,6641,2
"Existing Customer","M",64,"Less than $40K","Blue",1861,1677,0.901,184,3
"Attrited Customer","M",50,"$120K +","Blue",13709,813,0.059,12896,4
"Attrited Customer","F",46,"Less than $40K","Blue",4710,0,0,4710,3
"Existing Customer","M",49,"$80K - $120K","Blue",17285,1853,0.107,15432,3
"Existing Customer","F",53,"Less than $40K","Blue",1438.3,661,0.46,777.3,2
"Existing Customer","M",54,"$60K - $80K","Blue",7866,0,0,7866,3
"Existing Customer","F",42,"Less than $40K","Blue",2190,1299,0.593,891,3
"Existing Customer","F",43,"Less than $40K","Blue",4829,1153,0.239,3676,1
"Existing Customer","M",46,"$80K - $120K","Blue",3210,2081,0.648,1129,1
"Existing Customer","F",38,"Less than $40K","Blue",1755,750,0.427,1005,3
"Existing Customer","F",47,"$40K - $60K","Blue",1438.3,703,0.489,735.3,1
"Existing Customer","M",37,"$60K - $80K","Blue",14485,2124,0.147,12361,2
"Existing Customer","M",47,"$40K - $60K","Blue",6043,0,0,6043,3
"Attrited Customer","M",43,"$60K - $80K","Blue",6348,0,0,6348,3
"Existing Customer","F",56,"Less than $40K","Blue",1438.3,0,0,1438.3,3
"Attrited Customer","M",43,"$60K - $80K","Blue",17239,0,0,17239,2
"Attrited Customer","F",45,"Unknown","Blue",18432,484,0.026,17948,2
"Existing Customer","F",47,"Less than $40K","Blue",1636,1135,0.694,501,2
"Existing Customer","F",43,"Unknown","Blue",7951,1456,0.183,6495,1
"Attrited Customer","M",44,"$60K - $80K","Blue",14201,0,0,14201,3
"Existing Customer","F",52,"$40K - $60K","Blue",2723,1544,0.567,1179,3
"Existing Customer","F",52,"Less than $40K","Blue",2019,991,0.491,1028,2
"Existing Customer","F",43,"Unknown","Blue",10305,1870,0.181,8435,1
"Existing Customer","M",49,"$40K - $60K","Blue",3114,2208,0.709,906,3
"Attrited Customer","M",40,"$40K - $60K","Blue",4323,0,0,4323,2
"Attrited Customer","F",50,"Less than $40K","Blue",3647,2517,0.69,1130,2
"Existing Customer","M",43,"$60K - $80K","Blue",1849,1293,0.699,556,2
"Existing Customer","M",53,"$80K - $120K","Blue",2540,1859,0.732,681,3
"Existing Customer","F",42,"Unknown","Blue",4972,0,0,4972,3
"Existing Customer","F",55,"Less than $40K","Silver",13565,0,0,13565,3
"Attrited Customer","M",40,"$60K - $80K","Blue",6332,318,0.05,6014,2
"Existing Customer","M",41,"$60K - $80K","Blue",6062,761,0.126,5301,3
"Existing Customer","F",47,"Less than $40K","Blue",2897,638,0.22,2259,2
"Existing Customer","M",46,"$60K - $80K","Blue",13407,1341,0.1,12066,5
"Existing Customer","F",50,"Unknown","Blue",6610,1663,0.252,4947,2
"Attrited Customer","M",33,"$80K - $120K","Blue",1438.3,0,0,1438.3,3
"Existing Customer","F",45,"Less than $40K","Blue",2030,1269,0.625,761,1
"Attrited Customer","M",53,"$40K - $60K","Blue",3146,0,0,3146,2
"Existing Customer","M",36,"$80K - $120K","Blue",5302,2414,0.455,2888,3
"Existing Customer","F",55,"Less than $40K","Blue",3185,1820,0.571,1365,2
"Existing Customer","F",42,"Less than $40K","Blue",4328,1749,0.404,2579,3
"Existing Customer","F",51,"Less than $40K","Blue",2238,1300,0.581,938,3
"Existing Customer","F",44,"Less than $40K","Blue",2658,1884,0.709,774,3
"Existing Customer","M",47,"$60K - $80K","Blue",9090,1371,0.151,7719,2
"Existing Customer","F",46,"Less than $40K","Blue",2424,2169,0.895,255,2
"Existing Customer","F",57,"Less than $40K","Blue",1438.3,0,0,1438.3,1
"Attrited Customer","F",43,"Less than $40K","Blue",1438.3,0,0,1438.3,3
"Existing Customer","F",61,"Unknown","Blue",2303,540,0.234,1763,3
"Existing Customer","M",51,"$120K +","Blue",2792,887,0.318,1905,2
"Existing Customer","F",44,"Less than $40K","Blue",2900,1987,0.685,913,1
"Existing Customer","F",46,"Less than $40K","Blue",2267,1283,0.566,984,3
"Existing Customer","F",52,"$40K - $60K","Blue",4189,2066,0.493,2123,3
"Attrited Customer","M",45,"$60K - $80K","Blue",12890,0,0,12890,3
"Existing Customer","F",35,"Unknown","Blue",3269,1434,0.439,1835,1
"Existing Customer","F",59,"Less than $40K","Blue",2759,2481,0.899,278,2
"Attrited Customer","F",46,"Less than $40K","Blue",1787,0,0,1787,2
"Existing Customer","M",43,"$60K - $80K","Blue",6854,0,0,6854,2
"Attrited Customer","M",35,"$80K - $120K","Blue",2904,2517,0.867,387,2
"Existing Customer","M",44,"$80K - $120K","Blue",5293,1236,0.234,4057,2
"Existing Customer","F",57,"Less than $40K","Blue",1781,0,0,1781,2
"Existing Customer","M",50,"$60K - $80K","Blue",3276,2353,0.718,923,3
"Existing Customer","M",55,"$60K - $80K","Silver",34516,1384,0.04,33132,3
"Existing Customer","M",48,"$60K - $80K","Blue",14670,1900,0.13,12770,3
"Attrited Customer","F",59,"$40K - $60K","Blue",4375,0,0,4375,3
"Existing Customer","F",36,"Unknown","Blue",3448,1903,0.552,1545,3
"Attrited Customer","M",43,"$80K - $120K","Blue",2111,1761,0.834,350,3
"Existing Customer","F",55,"Less than $40K","Blue",3123,0,0,3123,1
"Existing Customer","M",42,"$40K - $60K","Blue",8374,0,0,8374,3
"Existing Customer","F",48,"$40K - $60K","Silver",15713,1387,0.088,14326,1
"Existing Customer","F",60,"$40K - $60K","Blue",4115,1231,0.299,2884,3
"Attrited Customer","M",50,"$80K - $120K","Blue",6925,0,0,6925,3
"Existing Customer","F",42,"Unknown","Blue",1898,725,0.382,1173,3
"Existing Customer","F",44,"Unknown","Blue",2021,1182,0.585,839,3
"Existing Customer","F",33,"Less than $40K","Blue",1630,1008,0.618,622,3
"Attrited Customer","F",48,"$40K - $60K","Blue",1538,0,0,1538,2
"Existing Customer","M",48,"$60K - $80K","Blue",22639,1481,0.065,21158,2
"Existing Customer","F",39,"Less than $40K","Blue",2452,2423,0.988,29,1
"Existing Customer","F",32,"Less than $40K","Blue",1438.3,1056,0.734,382.3,3
"Attrited Customer","M",41,"$120K +","Blue",9924,0,0,9924,2
"Existing Customer","F",37,"Less than $40K","Blue",2586,835,0.323,1751,2
"Existing Customer","F",59,"Less than $40K","Blue",2308,2094,0.907,214,3
"Existing Customer","F",48,"Unknown","Blue",10514,1494,0.142,9020,2
"Existing Customer","M",54,"$40K - $60K","Blue",1655,0,0,1655,3
"Existing Customer","F",41,"$40K - $60K","Blue",2768,2228,0.805,540,2
"Existing Customer","F",59,"Less than $40K","Blue",2533,2076,0.82,457,3
"Existing Customer","M",48,"$80K - $120K","Blue",25658,1721,0.067,23937,3
"Attrited Customer","F",55,"$40K - $60K","Blue",4410,2517,0.571,1893,2
"Attrited Customer","F",49,"Less than $40K","Blue",3468,2517,0.726,951,3
"Existing Customer","F",51,"Less than $40K","Blue",1438.3,0,0,1438.3,2
"Attrited Customer","F",34,"Unknown","Blue",1438.3,0,0,1438.3,1
"Existing Customer","F",55,"Unknown","Blue",6968,1430,0.205,5538,2
"Existing Customer","F",35,"$40K - $60K","Blue",2441,1670,0.684,771,1
"Attrited Customer","F",46,"Less than $40K","Blue",1836,0,0,1836,2
"Existing Customer","F",50,"$40K - $60K","Blue",2560,1807,0.706,753,1
"Existing Customer","M",43,"$80K - $120K","Blue",32733,1448,0.044,31285,1
"Attrited Customer","F",48,"Less than $40K","Blue",2964,2517,0.849,447,3
"Existing Customer","M",44,"$80K - $120K","Blue",8315,1008,0.121,7307,1
"Existing Customer","F",65,"Less than $40K","Blue",2279,1789,0.785,490,3
"Existing Customer","M",53,"$80K - $120K","Silver",34516,800,0.023,33716,1
"Existing Customer","M",49,"$40K - $60K","Blue",1438.3,0,0,1438.3,1
"Existing Customer","F",45,"Less than $40K","Blue",2020,1103,0.546,917,2
"Attrited Customer","F",44,"Unknown","Gold",34516,0,0,34516,3
"Existing Customer","F",56,"Unknown","Blue",5261,1966,0.374,3295,2
"Existing Customer","F",43,"Unknown","Blue",2692,2039,0.757,653,3
"Existing Customer","F",49,"$40K - $60K","Blue",1994,0,0,1994,2
"Existing Customer","M",44,"$60K - $80K","Blue",3290,0,0,3290,2
"Existing Customer","F",52,"$40K - $60K","Blue",3035,1960,0.646,1075,2
"Existing Customer","F",37,"$40K - $60K","Blue",2407,1552,0.645,855,3
"Attrited Customer","F",47,"Less than $40K","Blue",1781,0,0,1781,3
"Attrited Customer","F",40,"Less than $40K","Blue",3680,0,0,3680,2
"Attrited Customer","F",48,"Less than $40K","Blue",2740,2425,0.885,315,3
"Existing Customer","F",42,"Less than $40K","Blue",4311,822,0.191,3489,6
"Existing Customer","F",42,"Less than $40K","Blue",1931,1297,0.672,634,3
"Existing Customer","M",59,"Less than $40K","Blue",3604,1483,0.411,2121,3
"Existing Customer","F",47,"Less than $40K","Blue",2190,0,0,2190,2
"Existing Customer","F",56,"Less than $40K","Blue",8438,1825,0.216,6613,1
"Existing Customer","F",46,"$40K - $60K","Blue",3413,2372,0.695,1041,2
"Existing Customer","F",26,"Less than $40K","Blue",2163,1942,0.898,221,2
"Existing Customer","F",42,"Less than $40K","Blue",3595,1904,0.53,1691,3
"Existing Customer","M",47,"$120K +","Blue",9036,1080,0.12,7956,3
"Existing Customer","F",48,"Less than $40K","Blue",2315,1565,0.676,750,1
"Existing Customer","M",44,"$80K - $120K","Silver",34516,1043,0.03,33473,3
"Existing Customer","F",56,"Less than $40K","Blue",4008,1650,0.412,2358,1
"Existing Customer","F",43,"Less than $40K","Blue",3143,2517,0.801,626,2
"Attrited Customer","M",40,"$80K - $120K","Blue",3427,0,0,3427,2
"Existing Customer","F",38,"Less than $40K","Blue",2699,564,0.209,2135,2
"Existing Customer","F",40,"Less than $40K","Blue",1538,0,0,1538,2
"Existing Customer","F",48,"$40K - $60K","Blue",5573,1238,0.222,4335,2
"Existing Customer","M",46,"$80K - $120K","Blue",2570,1764,0.686,806,3
"Existing Customer","M",43,"$80K - $120K","Blue",18008,2517,0.14,15491,2
"Attrited Customer","M",52,"$120K +","Blue",34516,216,0.006,34300,3
"Existing Customer","F",49,"Unknown","Blue",13483,2517,0.187,10966,2
"Existing Customer","F",49,"Unknown","Blue",4349,1400,0.322,2949,2
"Existing Customer","M",42,"$60K - $80K","Blue",11698,1060,0.091,10638,1
"Attrited Customer","F",46,"Less than $40K","Blue",8318,2517,0.303,5801,2
"Existing Customer","F",46,"Less than $40K","Blue",1438.3,0,0,1438.3,2
"Attrited Customer","F",49,"$40K - $60K","Blue",1643,526,0.32,1117,3
"Existing Customer","M",42,"$40K - $60K","Blue",1503,929,0.618,574,1
"Existing Customer","F",47,"Less than $40K","Blue",2793,1517,0.543,1276,3
"Existing Customer","F",45,"$40K - $60K","Blue",1438.3,0,0,1438.3,3
"Existing Customer","M",33,"$80K - $120K","Blue",9094,0,0,9094,3
"Existing Customer","M",50,"$60K - $80K","Blue",6362,1709,0.269,4653,1
"Existing Customer","F",60,"Less than $40K","Blue",2394,1427,0.596,967,1
"Existing Customer","M",45,"$60K - $80K","Blue",15100,2004,0.133,13096,2
"Attrited Customer","F",53,"Less than $40K","Blue",2927,2517,0.86,410,4
"Existing Customer","M",48,"$80K - $120K","Blue",9030,2369,0.262,6661,3
"Existing Customer","F",53,"Less than $40K","Blue",1543,1041,0.675,502,2
"Existing Customer","F",53,"Unknown","Blue",4941,1867,0.378,3074,2
"Existing Customer","F",33,"Unknown","Blue",2279,1432,0.628,847,2
"Attrited Customer","F",44,"Less than $40K","Blue",1877,1203,0.641,674,2
"Existing Customer","M",52,"$40K - $60K","Blue",1438.3,0,0,1438.3,1
"Existing Customer","F",40,"Less than $40K","Blue",1438.3,0,0,1438.3,2
"Existing Customer","M",41,"$60K - $80K","Blue",9577,632,0.066,8945,1
"Existing Customer","M",43,"$60K - $80K","Blue",5427,2177,0.401,3250,1
"Attrited Customer","F",46,"$40K - $60K","Blue",5913,1651,0.279,4262,3
"Attrited Customer","F",43,"$40K - $60K","Blue",2867,0,0,2867,2
"Existing Customer","F",40,"Less than $40K","Blue",2506,1362,0.543,1144,2
"Existing Customer","F",39,"$40K - $60K","Blue",1693,1101,0.65,592,2
"Attrited Customer","F",54,"Unknown","Blue",3137,959,0.306,2178,2
"Attrited Customer","F",47,"Less than $40K","Blue",2437,0,0,2437,2
"Existing Customer","F",35,"Less than $40K","Blue",1438.3,977,0.679,461.3,0
"Existing Customer","F",46,"Less than $40K","Blue",3913,0,0,3913,3
"Existing Customer","F",41,"Less than $40K","Blue",4953,991,0.2,3962,2
"Existing Customer","F",48,"$40K - $60K","Blue",5724,582,0.102,5142,2
"Existing Customer","M",37,"$40K - $60K","Blue",1438.3,0,0,1438.3,0
"Existing Customer","F",55,"Less than $40K","Blue",1886,1023,0.542,863,3
"Attrited Customer","F",42,"$40K - $60K","Blue",1451,599,0.413,852,2
"Existing Customer","F",47,"Unknown","Blue",2950,1642,0.557,1308,2
"Attrited Customer","F",42,"$40K - $60K","Blue",1438.3,1223,0.85,215.3,2
"Existing Customer","F",36,"$40K - $60K","Blue",2024,901,0.445,1123,2
"Attrited Customer","F",33,"Unknown","Blue",2299,0,0,2299,1
"Existing Customer","M",47,"$40K - $60K","Blue",3291,1197,0.364,2094,3
"Attrited Customer","F",41,"Less than $40K","Blue",1438.3,834,0.58,604.3,2
"Existing Customer","F",41,"Less than $40K","Blue",2137,996,0.466,1141,1
"Attrited Customer","F",60,"Less than $40K","Blue",1438.3,0,0,1438.3,3
"Existing Customer","M",48,"$80K - $120K","Blue",16794,1527,0.091,15267,1
"Existing Customer","M",43,"$40K - $60K","Blue",12219,1462,0.12,10757,1
"Existing Customer","F",54,"Less than $40K","Blue",1804,1298,0.72,506,2
"Existing Customer","F",60,"Less than $40K","Blue",2343,2066,0.882,277,3
"Existing Customer","M",44,"$80K - $120K","Blue",19724,0,0,19724,2
"Existing Customer","F",49,"Less than $40K","Blue",3949,1463,0.37,2486,1
"Attrited Customer","F",64,"Less than $40K","Blue",1682,0,0,1682,3
"Attrited Customer","F",54,"Less than $40K","Blue",1724,0,0,1724,3
"Existing Customer","F",50,"Less than $40K","Blue",2372,1148,0.484,1224,3
"Existing Customer","M",40,"$120K +","Blue",4642,1676,0.361,2966,3
"Existing Customer","F",49,"$40K - $60K","Blue",2765,1211,0.438,1554,3
"Existing Customer","F",49,"Less than $40K","Blue",2555,1815,0.71,740,3
"Existing Customer","M",51,"$80K - $120K","Blue",3150,0,0,3150,2
"Existing Customer","F",43,"Less than $40K","Blue",2570,2107,0.82,463,3
"Existing Customer","M",59,"$60K - $80K","Blue",4386,2505,0.571,1881,2
"Existing Customer","M",42,"Less than $40K","Blue",2411,1797,0.745,614,3
"Attrited Customer","M",47,"Less than $40K","Blue",6397,0,0,6397,4
"Attrited Customer","M",53,"$120K +","Blue",23958,2517,0.105,21441,4
"Existing Customer","F",49,"Less than $40K","Blue",2608,2455,0.941,153,2
"Existing Customer","M",45,"$40K - $60K","Blue",4409,1753,0.398,2656,1
"Existing Customer","M",48,"$60K - $80K","Blue",10033,0,0,10033,2
"Attrited Customer","M",48,"$60K - $80K","Blue",1641,0,0,1641,3
"Existing Customer","F",57,"Less than $40K","Blue",2454,1610,0.656,844,1
"Existing Customer","F",56,"Less than $40K","Blue",1978,0,0,1978,2
"Existing Customer","M",46,"$60K - $80K","Blue",5464,887,0.162,4577,2
"Existing Customer","M",42,"$60K - $80K","Blue",5951,0,0,5951,3
"Existing Customer","F",49,"Less than $40K","Blue",2381,1603,0.673,778,1
"Existing Customer","M",48,"$60K - $80K","Blue",11596,1258,0.108,10338,2
"Existing Customer","F",55,"$40K - $60K","Blue",5162,984,0.191,4178,3
"Existing Customer","F",63,"Unknown","Blue",16312,520,0.032,15792,3
"Attrited Customer","M",44,"$60K - $80K","Silver",25276,0,0,25276,2
"Existing Customer","F",38,"Less than $40K","Blue",1939,1484,0.765,455,3
"Existing Customer","F",45,"$40K - $60K","Blue",2788,1826,0.655,962,3
"Existing Customer","F",54,"Less than $40K","Blue",1438.3,1108,0.77,330.3,2
"Existing Customer","F",59,"Less than $40K","Blue",2448,1969,0.804,479,1
"Existing Customer","F",52,"Unknown","Blue",10317,642,0.062,9675,3
"Attrited Customer","F",38,"Less than $40K","Blue",3119,2517,0.807,602,2
"Attrited Customer","F",42,"Less than $40K","Blue",2803,0,0,2803,2
"Existing Customer","F",43,"Less than $40K","Blue",2397,2151,0.897,246,2
"Attrited Customer","F",44,"Less than $40K","Blue",1693,1457,0.861,236,3
"Existing Customer","M",52,"$80K - $120K","Blue",2866,1882,0.657,984,3
"Existing Customer","F",52,"$40K - $60K","Blue",2498,1650,0.661,848,2
"Existing Customer","F",42,"Less than $40K","Blue",1878,1024,0.545,854,1
"Existing Customer","F",53,"$40K - $60K","Blue",2712,2487,0.917,225,3
"Attrited Customer","M",52,"$120K +","Blue",34516,0,0,34516,3
"Existing Customer","F",34,"$40K - $60K","Blue",6169,2517,0.408,3652,1
"Existing Customer","M",51,"$80K - $120K","Blue",6205,2264,0.365,3941,2
"Existing Customer","F",43,"Less than $40K","Blue",1780,1541,0.866,239,3
"Existing Customer","F",48,"Less than $40K","Blue",1438.3,0,0,1438.3,2
"Attrited Customer","F",41,"Less than $40K","Blue",2811,2404,0.855,407,2
"Attrited Customer","F",59,"Less than $40K","Blue",7501,2517,0.336,4984,6
"Existing Customer","M",62,"Less than $40K","Blue",2856,2517,0.881,339,3
"Existing Customer","M",37,"$80K - $120K","Blue",29898,1414,0.047,28484,2
"Existing Customer","M",46,"$60K - $80K","Blue",1939,685,0.353,1254,2
"Existing Customer","F",50,"Less than $40K","Blue",2965,1819,0.613,1146,1
"Existing Customer","F",40,"Less than $40K","Blue",2812,2029,0.722,783,2
"Attrited Customer","F",59,"Unknown","Blue",10031,0,0,10031,2
"Existing Customer","M",62,"$40K - $60K","Blue",4049,0,0,4049,3
"Attrited Customer","F",38,"$40K - $60K","Blue",2669,0,0,2669,2
"Attrited Customer","F",44,"Less than $40K","Blue",1951,0,0,1951,2
"Existing Customer","F",59,"$40K - $60K","Blue",1528,0,0,1528,3
"Attrited Customer","F",48,"Less than $40K","Blue",1438.3,455,0.316,983.3,3
"Attrited Customer","M",50,"$60K - $80K","Blue",3143,0,0,3143,3
"Existing Customer","F",46,"Less than $40K","Blue",1438.3,725,0.504,713.3,3
"Existing Customer","M",43,"$40K - $60K","Blue",8406,0,0,8406,4
"Existing Customer","F",50,"Less than $40K","Blue",2242,888,0.396,1354,2
"Attrited Customer","M",44,"$60K - $80K","Blue",6538,0,0,6538,3
"Existing Customer","F",42,"Less than $40K","Blue",4710,1604,0.341,3106,3
"Existing Customer","M",50,"$120K +","Blue",13032,1701,0.131,11331,1
"Existing Customer","F",45,"Less than $40K","Blue",2225,0,0,2225,2
"Existing Customer","F",52,"$40K - $60K","Blue",3143,2268,0.722,875,4
"Existing Customer","M",49,"$60K - $80K","Blue",5013,0,0,5013,1
"Existing Customer","F",60,"Less than $40K","Blue",3466,973,0.281,2493,0
"Existing Customer","F",38,"Less than $40K","Blue",1686,1206,0.715,480,3
"Attrited Customer","F",44,"$40K - $60K","Blue",1689,0,0,1689,3
"Existing Customer","M",47,"$40K - $60K","Blue",1626,0,0,1626,2
"Attrited Customer","F",57,"Less than $40K","Blue",1614,0,0,1614,5
"Existing Customer","F",41,"Unknown","Blue",2429,1966,0.809,463,3
"Existing Customer","F",35,"$40K - $60K","Blue",1438.3,834,0.58,604.3,2
"Attrited Customer","M",39,"$80K - $120K","Blue",17523,0,0,17523,2
"Existing Customer","F",54,"Less than $40K","Blue",2573,1760,0.684,813,4
"Existing Customer","F",43,"$40K - $60K","Blue",2900,2122,0.732,778,2
"Existing Customer","F",32,"Less than $40K","Blue",2352,2176,0.925,176,5
"Existing Customer","F",58,"Less than $40K","Blue",2212,1902,0.86,310,4
"Attrited Customer","M",33,"$80K - $120K","Blue",9642,1431,0.148,8211,3
"Existing Customer","M",56,"$120K +","Blue",9257,0,0,9257,1
"Attrited Customer","F",46,"Less than $40K","Blue",1731,0,0,1731,3
"Existing Customer","M",61,"$60K - $80K","Blue",16929,1838,0.109,15091,2
"Existing Customer","M",50,"$80K - $120K","Blue",3606,1862,0.516,1744,4
"Existing Customer","M",44,"$40K - $60K","Blue",1714,0,0,1714,3
"Existing Customer","M",46,"$80K - $120K","Blue",23512,1562,0.066,21950,2
"Attrited Customer","F",44,"Less than $40K","Blue",1855,0,0,1855,3
"Attrited Customer","F",44,"Less than $40K","Blue",1605,890,0.555,715,3
"Attrited Customer","F",46,"Less than $40K","Blue",2302,1593,0.692,709,3
"Existing Customer","M",42,"$60K - $80K","Blue",13546,1720,0.127,11826,2
"Attrited Customer","F",54,"Less than $40K","Blue",2440,503,0.206,1937,3
"Existing Customer","F",39,"Less than $40K","Blue",2669,2397,0.898,272,6
"Attrited Customer","F",47,"Less than $40K","Blue",2402,628,0.261,1774,3
"Attrited Customer","F",46,"$40K - $60K","Blue",3001,0,0,3001,3
"Existing Customer","F",42,"Less than $40K","Blue",2552,2220,0.87,332,2
"Existing Customer","F",41,"Less than $40K","Blue",2679,2214,0.826,465,6
"Existing Customer","F",45,"Less than $40K","Blue",1502,0,0,1502,2
"Existing Customer","F",61,"$40K - $60K","Blue",1438.3,0,0,1438.3,3
"Existing Customer","F",46,"Less than $40K","Blue",3331,1307,0.392,2024,2
"Existing Customer","F",32,"Less than $40K","Blue",1438.3,0,0,1438.3,2
"Existing Customer","F",55,"Less than $40K","Blue",2426,1589,0.655,837,2
"Attrited Customer","M",59,"$80K - $120K","Blue",2791,2396,0.858,395,2
"Existing Customer","M",49,"$80K - $120K","Blue",18379,999,0.054,17380,2
"Existing Customer","M",46,"$120K +","Blue",3499,1759,0.503,1740,3
"Existing Customer","F",60,"Less than $40K","Blue",1438.3,0,0,1438.3,1
"Existing Customer","M",40,"$120K +","Blue",18295,0,0,18295,3
"Existing Customer","F",39,"Less than $40K","Blue",1568,995,0.635,573,1
"Existing Customer","F",57,"Less than $40K","Blue",2712,1445,0.533,1267,0
"Attrited Customer","M",48,"$120K +","Silver",34516,2517,0.073,31999,3
"Existing Customer","F",55,"Less than $40K","Blue",2177,1472,0.676,705,2
"Existing Customer","F",44,"Less than $40K","Blue",2296,0,0,2296,3
"Existing Customer","F",43,"Less than $40K","Blue",2435,1595,0.655,840,3
"Attrited Customer","F",51,"Less than $40K","Blue",1495,691,0.462,804,3
"Attrited Customer","M",41,"$120K +","Blue",9220,0,0,9220,2
"Attrited Customer","M",52,"$60K - $80K","Blue",23128,1958,0.085,21170,4
"Existing Customer","F",47,"Less than $40K","Blue",4254,1204,0.283,3050,0
"Attrited Customer","F",47,"$40K - $60K","Blue",14897,0,0,14897,5
"Existing Customer","F",54,"Less than $40K","Blue",3554,0,0,3554,2
"Existing Customer","F",34,"Less than $40K","Blue",1798,833,0.463,965,2
"Existing Customer","F",44,"Less than $40K","Blue",2429,1687,0.695,742,2
"Existing Customer","F",46,"$40K - $60K","Blue",2477,1480,0.597,997,1
"Existing Customer","F",36,"Unknown","Blue",14304,699,0.049,13605,2
"Existing Customer","F",30,"Less than $40K","Blue",1536,801,0.521,735,1
"Existing Customer","F",39,"Unknown","Blue",15370,686,0.045,14684,3
"Existing Customer","M",45,"$40K - $60K","Gold",23981,1684,0.07,22297,1
"Existing Customer","M",42,"$60K - $80K","Blue",6318,1397,0.221,4921,1
"Existing Customer","F",32,"Unknown","Blue",3558,816,0.229,2742,1
"Attrited Customer","F",56,"Less than $40K","Blue",1677,0,0,1677,3
"Existing Customer","F",53,"Less than $40K","Blue",2734,2085,0.763,649,2
"Existing Customer","F",52,"$40K - $60K","Blue",2396,1663,0.694,733,3
"Existing Customer","M",45,"$80K - $120K","Blue",9852,2277,0.231,7575,2
"Existing Customer","M",49,"$60K - $80K","Blue",1579,900,0.57,679,3
"Attrited Customer","F",44,"Unknown","Blue",1900,0,0,1900,2
"Existing Customer","F",42,"$40K - $60K","Blue",1820,0,0,1820,2
"Existing Customer","F",58,"$40K - $60K","Blue",2406,0,0,2406,1
"Attrited Customer","M",60,"$60K - $80K","Blue",4541,1037,0.228,3504,1
"Existing Customer","F",51,"Less than $40K","Blue",3124,2517,0.806,607,3
"Existing Customer","F",44,"Less than $40K","Blue",2240,1664,0.743,576,3
"Existing Customer","F",43,"$40K - $60K","Blue",1773,882,0.497,891,1
"Existing Customer","F",27,"Less than $40K","Blue",1674,752,0.449,922,2
"Existing Customer","F",46,"Unknown","Blue",3257,0,0,3257,3
"Existing Customer","F",48,"Unknown","Silver",32611,1718,0.053,30893,2
"Existing Customer","F",47,"Less than $40K","Blue",3027,1671,0.552,1356,1
"Existing Customer","F",45,"Less than $40K","Blue",4210,0,0,4210,3
"Existing Customer","M",46,"$40K - $60K","Blue",10931,2297,0.21,8634,2
"Existing Customer","M",55,"$120K +","Blue",34516,0,0,34516,1
"Existing Customer","F",51,"$40K - $60K","Blue",2637,1009,0.383,1628,2
"Existing Customer","F",42,"Less than $40K","Blue",2899,1952,0.673,947,2
"Existing Customer","M",40,"$120K +","Blue",1438.3,0,0,1438.3,2
"Existing Customer","M",65,"Less than $40K","Blue",1573,653,0.415,920,1
"Attrited Customer","F",49,"Less than $40K","Blue",6184,0,0,6184,2
"Existing Customer","M",51,"$120K +","Silver",34516,2332,0.068,32184,1
"Existing Customer","F",56,"Unknown","Blue",1822,1118,0.614,704,1
"Existing Customer","F",41,"Less than $40K","Blue",2701,1839,0.681,862,3
"Attrited Customer","F",47,"Less than $40K","Blue",3654,0,0,3654,3
"Existing Customer","M",37,"$80K - $120K","Blue",2626,1736,0.661,890,3
"Existing Customer","F",48,"Less than $40K","Blue",1438.3,812,0.565,626.3,3
"Existing Customer","F",46,"Unknown","Blue",13376,1633,0.122,11743,0
"Existing Customer","M",55,"$120K +","Blue",31636,2517,0.08,29119,3
"Existing Customer","M",36,"Less than $40K","Blue",3453,2517,0.729,936,2
"Attrited Customer","F",44,"Less than $40K","Blue",3889,2517,0.647,1372,2
"Existing Customer","F",47,"$40K - $60K","Blue",2216,1800,0.812,416,2
"Existing Customer","M",46,"$80K - $120K","Blue",11434,0,0,11434,5
"Existing Customer","F",43,"Unknown","Blue",3146,808,0.257,2338,1
"Existing Customer","M",46,"$80K - $120K","Blue",2790,2185,0.783,605,3
"Existing Customer","F",57,"Unknown","Blue",4396,834,0.19,3562,6
"Existing Customer","M",62,"$60K - $80K","Blue",14314,656,0.046,13658,2
"Attrited Customer","M",47,"$40K - $60K","Blue",1889,0,0,1889,3
"Existing Customer","F",39,"Less than $40K","Blue",1862,726,0.39,1136,2
"Existing Customer","M",53,"$40K - $60K","Blue",2875,1671,0.581,1204,2
"Attrited Customer","F",49,"Less than $40K","Blue",1763,0,0,1763,2
"Existing Customer","F",46,"$40K - $60K","Blue",1438.3,883,0.614,555.3,1
"Existing Customer","M",39,"$40K - $60K","Blue",2623,2121,0.809,502,1
"Attrited Customer","F",58,"Less than $40K","Blue",1944,0,0,1944,0
"Attrited Customer","F",43,"$40K - $60K","Blue",1438.3,0,0,1438.3,4
"Existing Customer","F",39,"Unknown","Blue",2884,2517,0.873,367,1
"Existing Customer","F",44,"Less than $40K","Blue",2936,1297,0.442,1639,3
"Attrited Customer","M",42,"$40K - $60K","Blue",5791,2517,0.435,3274,3
"Existing Customer","M",65,"$40K - $60K","Blue",1438.3,682,0.474,756.3,0
"Existing Customer","F",55,"Less than $40K","Blue",1912,0,0,1912,1
"Existing Customer","F",31,"Unknown","Blue",3288,2495,0.759,793,3
"Attrited Customer","F",48,"Unknown","Blue",4382,0,0,4382,2
"Existing Customer","F",46,"Unknown","Blue",3595,1087,0.302,2508,1
"Attrited Customer","F",41,"Less than $40K","Blue",3159,0,0,3159,2
"Existing Customer","F",36,"Unknown","Blue",5393,2509,0.465,2884,3
"Existing Customer","M",37,"$80K - $120K","Blue",12222,0,0,12222,2
"Existing Customer","M",43,"Less than $40K","Blue",1438.3,0,0,1438.3,2
"Existing Customer","M",46,"$60K - $80K","Blue",3429,0,0,3429,2
"Existing Customer","M",39,"$80K - $120K","Blue",12618,1585,0.126,11033,2
"Existing Customer","F",49,"Less than $40K","Blue",6049,796,0.132,5253,2
"Existing Customer","F",39,"Less than $40K","Blue",2533,0,0,2533,3
"Existing Customer","F",52,"Unknown","Blue",2411,1379,0.572,1032,4
"Existing Customer","M",41,"$60K - $80K","Blue",2001,0,0,2001,3
"Existing Customer","F",46,"Unknown","Blue",2042,1359,0.666,683,6
"Attrited Customer","M",57,"$60K - $80K","Blue",2527,1030,0.408,1497,3
"Existing Customer","M",49,"Less than $40K","Blue",1438.3,0,0,1438.3,2
"Existing Customer","F",46,"Unknown","Blue",13816,955,0.069,12861,3
"Existing Customer","F",38,"Less than $40K","Blue",2256,0,0,2256,2
"Existing Customer","F",49,"Unknown","Silver",34516,2019,0.058,32497,2
"Existing Customer","M",55,"$80K - $120K","Blue",6400,1979,0.309,4421,1
"Existing Customer","F",52,"Unknown","Blue",1816,0,0,1816,3
"Existing Customer","F",42,"$40K - $60K","Blue",3347,2240,0.669,1107,2
"Existing Customer","F",52,"Less than $40K","Blue",2705,1581,0.584,1124,2
"Existing Customer","F",53,"$40K - $60K","Blue",2043,1590,0.778,453,1
"Existing Customer","F",45,"$40K - $60K","Blue",1912,1281,0.67,631,2
"Existing Customer","F",50,"$40K - $60K","Blue",3028,1339,0.442,1689,2
"Existing Customer","F",42,"Less than $40K","Blue",1514,745,0.492,769,4
"Existing Customer","F",48,"Less than $40K","Blue",1438.3,0,0,1438.3,3
"Existing Customer","F",52,"Less than $40K","Blue",3103,2517,0.811,586,3
"Existing Customer","F",57,"Less than $40K","Blue",2504,1915,0.765,589,1
"Attrited Customer","F",56,"Unknown","Blue",3674,2517,0.685,1157,2
"Existing Customer","M",48,"$80K - $120K","Blue",2916,0,0,2916,1
"Existing Customer","F",52,"Less than $40K","Blue",1633,0,0,1633,2
"Existing Customer","M",56,"$80K - $120K","Blue",5466,0,0,5466,3
"Existing Customer","F",43,"$40K - $60K","Blue",2032,1008,0.496,1024,1
"Existing Customer","M",62,"$60K - $80K","Blue",3933,0,0,3933,1
"Existing Customer","M",51,"$80K - $120K","Blue",21328,0,0,21328,2
"Existing Customer","F",45,"Less than $40K","Blue",3562,2107,0.592,1455,1
"Attrited Customer","F",39,"Unknown","Blue",2069,550,0.266,1519,3
"Existing Customer","M",45,"$120K +","Blue",3534,0,0,3534,2
"Existing Customer","F",56,"$40K - $60K","Blue",2402,1892,0.788,510,3
"Existing Customer","F",57,"Unknown","Blue",3136,2138,0.682,998,2
"Existing Customer","F",60,"$40K - $60K","Blue",2802,2517,0.898,285,2
"Existing Customer","F",50,"Unknown","Blue",2315,1336,0.577,979,1
"Existing Customer","F",44,"Unknown","Blue",11238,2336,0.208,8902,2
"Attrited Customer","M",49,"$60K - $80K","Blue",1460,0,0,1460,3
"Existing Customer","F",50,"Less than $40K","Blue",2602,1612,0.62,990,1
"Attrited Customer","M",36,"Less than $40K","Blue",4225,2517,0.596,1708,3
"Existing Customer","F",57,"$40K - $60K","Blue",2576,1678,0.651,898,2
"Attrited Customer","F",35,"Unknown","Blue",1931,0,0,1931,3
"Attrited Customer","M",46,"$40K - $60K","Blue",2344,0,0,2344,4
"Existing Customer","F",29,"Unknown","Blue",7270,1835,0.252,5435,3
"Existing Customer","F",40,"Less than $40K","Blue",2395,1437,0.6,958,2
"Existing Customer","F",50,"Less than $40K","Blue",2835,2292,0.808,543,3
"Existing Customer","F",62,"$40K - $60K","Blue",1540,796,0.517,744,1
"Existing Customer","F",49,"Unknown","Blue",3017,0,0,3017,1
"Existing Customer","F",50,"Less than $40K","Blue",1438.3,0,0,1438.3,2
"Existing Customer","F",49,"$40K - $60K","Blue",1438.3,0,0,1438.3,3
"Existing Customer","F",56,"Less than $40K","Blue",1584,1311,0.828,273,3
"Existing Customer","M",47,"$40K - $60K","Blue",2676,2157,0.806,519,1
"Existing Customer","F",56,"$40K - $60K","Blue",5084,1683,0.331,3401,2
"Attrited Customer","F",41,"Less than $40K","Blue",1764,0,0,1764,3
"Existing Customer","M",63,"$60K - $80K","Blue",23925,1494,0.062,22431,2
"Existing Customer","F",51,"Unknown","Blue",2886,2517,0.872,369,3
"Existing Customer","F",43,"Unknown","Blue",6720,2143,0.319,4577,2
"Existing Customer","F",49,"Less than $40K","Gold",15569,1554,0.1,14015,3
"Existing Customer","F",51,"$40K - $60K","Blue",1565,944,0.603,621,3
"Existing Customer","M",44,"$60K - $80K","Blue",5947,995,0.167,4952,2
"Existing Customer","M",46,"$60K - $80K","Blue",18821,774,0.041,18047,3
"Attrited Customer","F",56,"$40K - $60K","Blue",1544,0,0,1544,3
"Existing Customer","F",41,"Less than $40K","Blue",1755,0,0,1755,2
"Existing Customer","F",49,"Less than $40K","Blue",1438.3,666,0.463,772.3,3
"Existing Customer","F",53,"Less than $40K","Blue",2153,0,0,2153,5
"Attrited Customer","F",44,"Less than $40K","Blue",1684,0,0,1684,3
"Existing Customer","M",45,"$40K - $60K","Blue",5662,1952,0.345,3710,4
"Existing Customer","F",46,"Less than $40K","Blue",2799,2412,0.862,387,5
"Existing Customer","M",58,"$120K +","Blue",12398,0,0,12398,5
"Existing Customer","M",41,"$40K - $60K","Blue",4461,900,0.202,3561,1
"Existing Customer","F",49,"$40K - $60K","Blue",2597,1871,0.72,726,5
"Existing Customer","F",54,"Unknown","Blue",9733,863,0.089,8870,4
"Existing Customer","F",52,"Less than $40K","Blue",2261,1127,0.498,1134,3
"Existing Customer","F",47,"Less than $40K","Blue",2822,0,0,2822,3
"Existing Customer","F",40,"Less than $40K","Blue",8793,918,0.104,7875,2
"Existing Customer","F",53,"Unknown","Blue",5843,1162,0.199,4681,4
"Existing Customer","F",46,"Less than $40K","Blue",3322,2517,0.758,805,5
"Existing Customer","F",53,"Less than $40K","Blue",2036,1716,0.843,320,3
"Existing Customer","F",28,"Less than $40K","Blue",2387,0,0,2387,2
"Existing Customer","F",43,"Less than $40K","Blue",1884,1216,0.645,668,4
"Existing Customer","F",51,"Less than $40K","Blue",3747,2268,0.605,1479,3
"Existing Customer","F",58,"Less than $40K","Blue",2220,1240,0.559,980,4
"Existing Customer","F",50,"$40K - $60K","Blue",2428,2005,0.826,423,4
"Attrited Customer","F",42,"$40K - $60K","Blue",1438.3,0,0,1438.3,2
"Existing Customer","F",45,"$40K - $60K","Blue",1850,621,0.336,1229,5
"Existing Customer","F",48,"$40K - $60K","Silver",16002,2076,0.13,13926,3
"Attrited Customer","F",54,"Less than $40K","Blue",1438.3,0,0,1438.3,3
"Existing Customer","F",47,"Less than $40K","Blue",5222,2517,0.482,2705,5
"Existing Customer","F",39,"Less than $40K","Blue",1438.3,859,0.597,579.3,5
"Existing Customer","F",62,"Less than $40K","Blue",2582,1528,0.592,1054,3
"Existing Customer","F",45,"$40K - $60K","Blue",1533,728,0.475,805,5
"Existing Customer","F",56,"Less than $40K","Blue",1438.3,0,0,1438.3,4
"Attrited Customer","M",52,"$80K - $120K","Blue",5763,0,0,5763,4
"Existing Customer","F",46,"Unknown","Blue",1910,1431,0.749,479,4
"Existing Customer","F",51,"Less than $40K","Blue",1515,996,0.657,519,3
"Existing Customer","M",52,"$40K - $60K","Blue",1538,666,0.433,872,4
"Existing Customer","F",44,"$40K - $60K","Blue",1572,874,0.556,698,5
"Existing Customer","F",41,"Less than $40K","Blue",1438.3,1055,0.734,383.3,5
"Existing Customer","F",52,"Less than $40K","Blue",2814,2162,0.768,652,5
"Attrited Customer","F",41,"Less than $40K","Blue",1495,0,0,1495,3
"Attrited Customer","F",37,"$40K - $60K","Blue",1959,662,0.338,1297,3
"Existing Customer","F",60,"Less than $40K","Blue",2903,1251,0.431,1652,5
"Existing Customer","F",47,"$40K - $60K","Blue",4543,1028,0.226,3515,5
"Existing Customer","F",42,"Unknown","Blue",3119,1328,0.426,1791,4
"Existing Customer","M",42,"$80K - $120K","Blue",17506,1979,0.113,15527,3
"Attrited Customer","F",50,"Less than $40K","Blue",1438.3,910,0.633,528.3,3
"Existing Customer","F",49,"Unknown","Blue",3128,749,0.239,2379,5
"Attrited Customer","F",36,"Unknown","Blue",5956,2517,0.423,3439,2
"Existing Customer","M",43,"Less than $40K","Blue",4177,2094,0.501,2083,3
"Existing Customer","M",57,"$80K - $120K","Blue",13457,1044,0.078,12413,4
"Existing Customer","M",45,"$80K - $120K","Blue",1535,0,0,1535,5
"Existing Customer","F",41,"Less than $40K","Blue",3203,2366,0.739,837,3
"Attrited Customer","F",39,"Less than $40K","Blue",2092,0,0,2092,2
"Existing Customer","F",44,"Less than $40K","Blue",2420,1223,0.505,1197,5
"Existing Customer","F",43,"Less than $40K","Blue",2313,1325,0.573,988,3
"Existing Customer","M",56,"$40K - $60K","Blue",3059,2387,0.78,672,5
"Existing Customer","F",41,"$40K - $60K","Blue",2235,1688,0.755,547,4
"Existing Customer","F",49,"Less than $40K","Blue",3208,0,0,3208,5
"Existing Customer","M",43,"$60K - $80K","Blue",7534,0,0,7534,3
"Existing Customer","F",39,"Less than $40K","Blue",2006,1197,0.597,809,2
"Existing Customer","M",46,"$60K - $80K","Blue",1438.3,738,0.513,700.3,3
"Existing Customer","M",49,"$80K - $120K","Blue",14044,0,0,14044,3
"Existing Customer","M",44,"$60K - $80K","Blue",5005,969,0.194,4036,3
"Attrited Customer","F",43,"Less than $40K","Blue",1628,275,0.169,1353,3
"Existing Customer","F",56,"Less than $40K","Blue",3033,0,0,3033,4
"Existing Customer","F",56,"$40K - $60K","Blue",5204,0,0,5204,4
"Existing Customer","F",57,"Less than $40K","Blue",2442,1699,0.696,743,4
"Existing Customer","F",51,"Less than $40K","Blue",2429,1250,0.515,1179,3
"Existing Customer","F",60,"$40K - $60K","Blue",2213,829,0.375,1384,5
"Existing Customer","F",43,"Less than $40K","Blue",2624,1117,0.426,1507,3
"Existing Customer","F",37,"$40K - $60K","Blue",1976,0,0,1976,2
"Existing Customer","F",46,"$40K - $60K","Blue",3492,1546,0.443,1946,5
"Attrited Customer","F",50,"Less than $40K","Blue",3546,0,0,3546,3
"Attrited Customer","F",38,"Less than $40K","Blue",2989,2387,0.799,602,3
"Existing Customer","F",44,"$40K - $60K","Blue",1438.3,0,0,1438.3,1
"Existing Customer","F",52,"Unknown","Blue",1438.3,771,0.536,667.3,5
"Existing Customer","F",37,"Less than $40K","Blue",1438.3,636,0.442,802.3,4
"Existing Customer","F",45,"Less than $40K","Blue",1438.3,1201,0.835,237.3,3
"Existing Customer","F",40,"$40K - $60K","Blue",2383,1828,0.767,555,2
"Existing Customer","M",51,"$80K - $120K","Blue",13587,2374,0.175,11213,4
"Existing Customer","F",57,"Less than $40K","Blue",3085,0,0,3085,5
"Existing Customer","M",40,"$80K - $120K","Blue",32431,850,0.026,31581,3
"Existing Customer","F",61,"Less than $40K","Blue",2207,2020,0.915,187,3
"Existing Customer","F",57,"Less than $40K","Blue",2781,992,0.357,1789,4
"Attrited Customer","M",40,"$80K - $120K","Blue",6921,0,0,6921,2
"Existing Customer","F",50,"Less than $40K","Blue",7596,1156,0.152,6440,5
"Existing Customer","F",42,"Unknown","Blue",4568,2025,0.443,2543,1
"Existing Customer","F",43,"$40K - $60K","Blue",6475,1686,0.26,4789,1
"Attrited Customer","M",46,"$80K - $120K","Blue",9949,0,0,9949,3
"Existing Customer","F",42,"Less than $40K","Blue",2238,1693,0.756,545,4
"Existing Customer","F",41,"Less than $40K","Blue",1438.3,0,0,1438.3,5
"Existing Customer","F",50,"Less than $40K","Blue",2670,1944,0.728,726,4
"Existing Customer","F",42,"Less than $40K","Blue",1438.3,0,0,1438.3,2
"Existing Customer","M",43,"$40K - $60K","Blue",2142,1369,0.639,773,3
"Existing Customer","F",58,"Less than $40K","Blue",3382,1446,0.428,1936,4
"Existing Customer","F",52,"Unknown","Blue",8961,1382,0.154,7579,3
"Existing Customer","F",40,"Less than $40K","Blue",1762,1224,0.695,538,5
"Existing Customer","F",41,"$40K - $60K","Blue",1919,867,0.452,1052,3
"Existing Customer","F",59,"Less than $40K","Blue",3054,2517,0.824,537,5
"Existing Customer","F",45,"Unknown","Blue",1877,0,0,1877,1
"Existing Customer","F",52,"Less than $40K","Blue",4223,2235,0.529,1988,4
"Attrited Customer","F",36,"Less than $40K","Blue",1666,813,0.488,853,2
"Existing Customer","F",43,"Less than $40K","Blue",2422,1237,0.511,1185,3
"Existing Customer","F",49,"Unknown","Blue",4821,0,0,4821,3
"Existing Customer","F",51,"Less than $40K","Blue",3264,2508,0.768,756,4
"Existing Customer","M",52,"$60K - $80K","Blue",4565,1258,0.276,3307,3
"Existing Customer","F",45,"$40K - $60K","Blue",1765,1694,0.96,71,4
"Existing Customer","M",40,"$80K - $120K","Blue",16050,0,0,16050,2
"Existing Customer","F",49,"Less than $40K","Blue",2188,1067,0.488,1121,3
"Existing Customer","F",47,"$40K - $60K","Blue",1721,1355,0.787,366,5
"Attrited Customer","F",40,"$40K - $60K","Blue",1737,1689,0.972,48,2
"Existing Customer","F",42,"Unknown","Blue",2369,1019,0.43,1350,3
"Existing Customer","F",43,"Less than $40K","Blue",2652,0,0,2652,5
"Existing Customer","F",52,"$40K - $60K","Blue",1438.3,0,0,1438.3,3
"Existing Customer","M",63,"Less than $40K","Blue",1438.3,0,0,1438.3,3
"Existing Customer","F",40,"Less than $40K","Blue",1438.3,689,0.479,749.3,2
"Existing Customer","F",60,"Less than $40K","Blue",2481,1925,0.776,556,4
"Existing Customer","F",36,"Unknown","Blue",9817,848,0.086,8969,3
"Existing Customer","F",56,"Less than $40K","Blue",4255,0,0,4255,5
"Existing Customer","F",45,"$40K - $60K","Blue",1438.3,986,0.686,452.3,4
"Existing Customer","F",51,"Less than $40K","Blue",4970,1591,0.32,3379,3
"Attrited Customer","F",48,"Unknown","Blue",1438.3,0,0,1438.3,2
"Existing Customer","F",49,"Unknown","Blue",2333,1414,0.606,919,4
"Attrited Customer","M",50,"$120K +","Silver",34516,0,0,34516,3
"Attrited Customer","M",43,"$40K - $60K","Blue",4373,0,0,4373,3
"Existing Customer","F",41,"$40K - $60K","Blue",1561,1169,0.749,392,5
"Attrited Customer","M",48,"$80K - $120K","Blue",12073,0,0,12073,2
"Existing Customer","F",55,"Unknown","Blue",1438.3,0,0,1438.3,5
"Existing Customer","M",41,"$40K - $60K","Blue",1438.3,0,0,1438.3,2
"Existing Customer","F",43,"Less than $40K","Blue",2525,2217,0.878,308,3
"Attrited Customer","F",47,"Unknown","Blue",6451,0,0,6451,4
"Existing Customer","F",42,"$40K - $60K","Blue",4142,688,0.166,3454,4
"Attrited Customer","M",54,"$120K +","Blue",34516,0,0,34516,2
"Attrited Customer","F",43,"Less than $40K","Blue",1897,0,0,1897,3
"Existing Customer","F",52,"Less than $40K","Blue",3231,2215,0.686,1016,3
"Existing Customer","F",40,"Less than $40K","Blue",1577,1286,0.815,291,5
"Existing Customer","F",37,"Less than $40K","Blue",3061,2517,0.822,544,1
"Existing Customer","M",53,"$40K - $60K","Blue",2300,0,0,2300,5
"Existing Customer","F",56,"Less than $40K","Blue",2796,0,0,2796,5
"Existing Customer","F",53,"$40K - $60K","Blue",3024,1649,0.545,1375,5
"Existing Customer","F",38,"$40K - $60K","Blue",5293,1030,0.195,4263,5
"Existing Customer","F",40,"Less than $40K","Blue",1964,1811,0.922,153,4
"Existing Customer","F",36,"Less than $40K","Blue",2051,1154,0.563,897,4
"Existing Customer","F",41,"Less than $40K","Blue",1998,0,0,1998,2
"Existing Customer","F",28,"Unknown","Blue",11881,1488,0.125,10393,3
"Existing Customer","F",41,"Less than $40K","Blue",2968,1873,0.631,1095,4
"Existing Customer","F",42,"Less than $40K","Blue",2797,1943,0.695,854,2
"Existing Customer","F",39,"$40K - $60K","Blue",13984,632,0.045,13352,4
"Existing Customer","F",49,"Less than $40K","Blue",2505,0,0,2505,4
"Existing Customer","F",40,"Less than $40K","Blue",2972,0,0,2972,1
"Existing Customer","M",50,"$80K - $120K","Blue",5856,2007,0.343,3849,3
"Existing Customer","F",44,"Less than $40K","Blue",7182,1774,0.247,5408,4
"Existing Customer","M",62,"Less than $40K","Blue",5844,2013,0.344,3831,3
"Attrited Customer","F",55,"Less than $40K","Blue",2114,546,0.258,1568,5
"Existing Customer","M",54,"$80K - $120K","Blue",8208,1256,0.153,6952,4
"Attrited Customer","M",34,"$60K - $80K","Blue",3940,1384,0.351,2556,2
"Existing Customer","M",41,"$60K - $80K","Blue",5784,0,0,5784,2
"Attrited Customer","M",38,"$60K - $80K","Blue",8632,0,0,8632,2
"Existing Customer","F",57,"Less than $40K","Blue",1438.3,876,0.609,562.3,5
"Existing Customer","F",39,"$40K - $60K","Blue",2255,1258,0.558,997,3
"Existing Customer","F",38,"Less than $40K","Blue",9874,1059,0.107,8815,1
"Existing Customer","M",64,"Less than $40K","Blue",1873,468,0.25,1405,4
"Attrited Customer","M",54,"$80K - $120K","Blue",3288,2517,0.766,771,4
"Existing Customer","F",60,"$40K - $60K","Blue",3334,1151,0.345,2183,2
"Existing Customer","M",46,"$60K - $80K","Blue",3299,870,0.264,2429,1
"Existing Customer","F",36,"Less than $40K","Blue",2754,1798,0.653,956,2
"Existing Customer","F",47,"$40K - $60K","Blue",2035,1620,0.796,415,2
"Existing Customer","F",44,"Unknown","Blue",3979,780,0.196,3199,2
"Existing Customer","F",58,"$40K - $60K","Blue",2642,1249,0.473,1393,2
"Attrited Customer","M",62,"$60K - $80K","Silver",28229,287,0.01,27942,5
"Existing Customer","F",53,"Less than $40K","Blue",2973,2517,0.847,456,3
"Existing Customer","F",51,"Less than $40K","Blue",1612,831,0.516,781,3
"Existing Customer","M",41,"$80K - $120K","Blue",12084,1638,0.136,10446,2
"Existing Customer","F",54,"Less than $40K","Blue",2930,2266,0.773,664,2
"Existing Customer","F",46,"$40K - $60K","Blue",1963,1112,0.566,851,3
"Attrited Customer","F",50,"$40K - $60K","Blue",2762,0,0,2762,3
"Attrited Customer","F",49,"Less than $40K","Blue",2214,915,0.413,1299,1
"Existing Customer","F",39,"Less than $40K","Blue",2292,1839,0.802,453,3
"Existing Customer","F",45,"$40K - $60K","Blue",2901,2384,0.822,517,3
"Existing Customer","F",48,"Less than $40K","Blue",2865,1523,0.532,1342,1
"Existing Customer","F",31,"Unknown","Blue",3934,1911,0.486,2023,2
"Existing Customer","F",57,"$40K - $60K","Blue",2428,932,0.384,1496,4
"Existing Customer","F",43,"$40K - $60K","Blue",5302,1136,0.214,4166,1
"Existing Customer","F",41,"Unknown","Blue",9139,1620,0.177,7519,2
"Existing Customer","M",48,"$40K - $60K","Blue",5219,1081,0.207,4138,4
"Existing Customer","F",52,"Unknown","Blue",10351,1356,0.131,8995,2
"Attrited Customer","F",43,"Less than $40K","Blue",6811,0,0,6811,3
"Existing Customer","F",27,"Less than $40K","Blue",1438.3,990,0.688,448.3,2
"Existing Customer","M",39,"$40K - $60K","Blue",2255,0,0,2255,1
"Attrited Customer","F",55,"Less than $40K","Blue",1741,0,0,1741,3
"Attrited Customer","M",54,"$60K - $80K","Blue",2189,382,0.175,1807,3
"Existing Customer","F",40,"Less than $40K","Blue",2040,1084,0.531,956,1
"Existing Customer","M",51,"$80K - $120K","Blue",1844,1232,0.668,612,3
"Existing Customer","M",53,"$60K - $80K","Blue",8404,1498,0.178,6906,3
"Existing Customer","F",47,"Less than $40K","Blue",1438.3,0,0,1438.3,1
"Existing Customer","M",42,"$80K - $120K","Blue",1944,1804,0.928,140,3
"Existing Customer","F",38,"Less than $40K","Blue",1438.3,0,0,1438.3,4
"Attrited Customer","M",49,"$40K - $60K","Blue",4354,0,0,4354,2
"Existing Customer","F",51,"Less than $40K","Blue",1857,1033,0.556,824,4
"Existing Customer","F",54,"Less than $40K","Blue",2708,1616,0.597,1092,6
"Existing Customer","M",40,"$60K - $80K","Blue",9974,2185,0.219,7789,4
"Existing Customer","F",47,"Less than $40K","Blue",2271,2154,0.948,117,1
"Existing Customer","M",45,"$40K - $60K","Blue",2811,1630,0.58,1181,4
"Existing Customer","M",47,"$60K - $80K","Blue",6519,1525,0.234,4994,3
"Attrited Customer","M",57,"$80K - $120K","Blue",4316,0,0,4316,3
"Existing Customer","F",50,"Less than $40K","Blue",1438.3,0,0,1438.3,3
"Attrited Customer","F",34,"Less than $40K","Blue",3116,0,0,3116,2
"Attrited Customer","M",43,"$120K +","Blue",24868,794,0.032,24074,3
"Existing Customer","F",48,"Less than $40K","Blue",1438.3,0,0,1438.3,3
"Existing Customer","M",43,"$40K - $60K","Blue",1438.3,0,0,1438.3,2
"Existing Customer","F",39,"Less than $40K","Blue",1438.3,855,0.594,583.3,3
"Existing Customer","M",41,"$40K - $60K","Silver",17706,1081,0.061,16625,2
"Existing Customer","F",47,"Less than $40K","Blue",1819,1235,0.679,584,3
"Existing Customer","M",51,"$120K +","Blue",19350,0,0,19350,4
"Attrited Customer","F",34,"Less than $40K","Blue",3074,0,0,3074,2
"Existing Customer","F",42,"Less than $40K","Blue",2281,1548,0.679,733,2
"Existing Customer","F",58,"Less than $40K","Blue",3035,1779,0.586,1256,3
"Existing Customer","F",38,"Less than $40K","Blue",3222,0,0,3222,3
"Existing Customer","M",57,"$80K - $120K","Blue",12045,1749,0.145,10296,3
"Attrited Customer","F",44,"$40K - $60K","Blue",10587,2517,0.238,8070,3
"Existing Customer","M",42,"$60K - $80K","Blue",2596,1210,0.466,1386,1
"Existing Customer","F",58,"Less than $40K","Blue",3008,2517,0.837,491,3
"Existing Customer","F",41,"Less than $40K","Blue",3280,2327,0.709,953,4
"Existing Customer","F",33,"Less than $40K","Blue",1438.3,611,0.425,827.3,3
"Existing Customer","F",48,"Less than $40K","Blue",2835,1860,0.656,975,4
"Existing Customer","M",60,"$40K - $60K","Blue",1438.3,750,0.521,688.3,1
"Existing Customer","F",59,"Unknown","Blue",5528,1823,0.33,3705,2
"Existing Customer","F",56,"Less than $40K","Blue",2030,1262,0.622,768,4
"Existing Customer","F",41,"$40K - $60K","Blue",2413,1627,0.674,786,3
"Existing Customer","M",36,"$60K - $80K","Blue",7381,1608,0.218,5773,2
"Attrited Customer","F",46,"Less than $40K","Blue",1438.3,0,0,1438.3,4
"Existing Customer","F",52,"Less than $40K","Blue",2001,960,0.48,1041,4
"Attrited Customer","M",45,"$80K - $120K","Blue",3031,2517,0.83,514,2
"Existing Customer","M",47,"$120K +","Blue",11354,0,0,11354,4
"Existing Customer","M",42,"$40K - $60K","Blue",2012,0,0,2012,2
"Existing Customer","M",39,"$80K - $120K","Blue",23034,1992,0.086,21042,2
"Existing Customer","M",40,"$40K - $60K","Blue",4947,0,0,4947,6
"Existing Customer","F",50,"$40K - $60K","Blue",1844,1388,0.753,456,3
"Existing Customer","F",40,"Unknown","Blue",1438.3,0,0,1438.3,2
"Existing Customer","M",46,"Less than $40K","Blue",4752,1400,0.295,3352,3
"Attrited Customer","M",38,"$60K - $80K","Blue",6114,1461,0.239,4653,2
"Attrited Customer","F",55,"Less than $40K","Blue",1438.3,0,0,1438.3,2
"Existing Customer","F",37,"Less than $40K","Blue",2286,0,0,2286,3
"Existing Customer","F",57,"$40K - $60K","Blue",4784,1629,0.341,3155,4
"Existing Customer","F",43,"Less than $40K","Blue",2667,1590,0.596,1077,2
"Existing Customer","F",54,"Less than $40K","Blue",2473,1745,0.706,728,2
"Existing Customer","F",39,"Less than $40K","Blue",2001,1430,0.715,571,4
"Existing Customer","M",41,"$120K +","Blue",18232,1140,0.063,17092,4
"Existing Customer","F",45,"Unknown","Blue",1438.3,0,0,1438.3,3
"Existing Customer","F",45,"Less than $40K","Blue",2918,1597,0.547,1321,4
"Existing Customer","F",36,"Less than $40K","Blue",1924,971,0.505,953,3
"Existing Customer","F",50,"Less than $40K","Blue",1770,1706,0.964,64,3
"Existing Customer","F",42,"Less than $40K","Blue",2265,0,0,2265,3
"Existing Customer","M",59,"$60K - $80K","Blue",3868,1384,0.358,2484,1
"Attrited Customer","F",43,"$40K - $60K","Blue",2701,2498,0.925,203,3
"Existing Customer","M",33,"$40K - $60K","Blue",2507,1592,0.635,915,1
"Existing Customer","F",38,"Less than $40K","Blue",2420,676,0.279,1744,3
"Attrited Customer","M",46,"$40K - $60K","Silver",16547,0,0,16547,3
"Existing Customer","F",44,"Less than $40K","Blue",1621,0,0,1621,2
"Existing Customer","M",59,"$40K - $60K","Blue",3808,713,0.187,3095,4
"Attrited Customer","F",49,"$40K - $60K","Blue",2173,0,0,2173,2
"Existing Customer","F",50,"Less than $40K","Blue",2178,1731,0.795,447,2
"Existing Customer","F",41,"Unknown","Blue",1438.3,0,0,1438.3,1
"Existing Customer","F",51,"Less than $40K","Blue",1750,813,0.465,937,1
"Existing Customer","F",36,"Less than $40K","Blue",1438.3,0,0,1438.3,3
"Existing Customer","F",36,"Less than $40K","Blue",2466,1750,0.71,716,4
"Existing Customer","F",37,"Less than $40K","Blue",2535,1352,0.533,1183,2
"Existing Customer","F",39,"$40K - $60K","Blue",2385,1971,0.826,414,4
"Existing Customer","F",40,"Less than $40K","Blue",1811,821,0.453,990,6
"Existing Customer","M",45,"$120K +","Blue",2701,1986,0.735,715,3
"Existing Customer","F",46,"Less than $40K","Blue",5387,1133,0.21,4254,1
"Attrited Customer","F",38,"Less than $40K","Blue",1438.3,0,0,1438.3,3
"Existing Customer","M",44,"$80K - $120K","Blue",34058,0,0,34058,1
"Existing Customer","F",42,"$40K - $60K","Silver",16290,0,0,16290,2
"Existing Customer","F",49,"Less than $40K","Blue",1438.3,726,0.505,712.3,3
"Existing Customer","F",55,"Less than $40K","Blue",2069,1028,0.497,1041,1
"Attrited Customer","F",56,"Less than $40K","Blue",2802,2256,0.805,546,2
"Existing Customer","F",39,"Less than $40K","Blue",3390,2222,0.655,1168,2
"Existing Customer","F",48,"Unknown","Blue",3745,1291,0.345,2454,4
"Existing Customer","M",42,"$80K - $120K","Blue",26690,0,0,26690,3
"Attrited Customer","F",58,"Unknown","Blue",8513,799,0.094,7714,2
"Existing Customer","F",36,"Less than $40K","Blue",1438.3,0,0,1438.3,2
"Attrited Customer","F",55,"Less than $40K","Blue",2258,2000,0.886,258,3
"Attrited Customer","F",41,"Less than $40K","Blue",1654,0,0,1654,3
"Existing Customer","F",51,"$40K - $60K","Blue",2768,1329,0.48,1439,2
"Existing Customer","M",43,"$80K - $120K","Blue",14566,1045,0.072,13521,2
"Existing Customer","F",35,"$40K - $60K","Blue",3250,1560,0.48,1690,6
"Existing Customer","F",37,"Less than $40K","Blue",2353,1095,0.465,1258,2
"Existing Customer","F",59,"$40K - $60K","Blue",1438.3,0,0,1438.3,2
"Existing Customer","M",59,"$40K - $60K","Blue",4188,2200,0.525,1988,1
"Attrited Customer","M",45,"$80K - $120K","Blue",23542,1307,0.056,22235,3
"Existing Customer","M",57,"$120K +","Blue",9272,982,0.106,8290,4
"Existing Customer","F",36,"Less than $40K","Blue",1967,0,0,1967,1
"Attrited Customer","F",52,"Less than $40K","Blue",1717,0,0,1717,3
"Existing Customer","M",45,"$60K - $80K","Silver",34516,1664,0.048,32852,1
"Existing Customer","M",50,"$80K - $120K","Blue",5068,991,0.196,4077,4
"Existing Customer","F",46,"Less than $40K","Blue",1438.3,0,0,1438.3,2
"Existing Customer","F",55,"$40K - $60K","Blue",2697,1863,0.691,834,2
"Existing Customer","M",51,"Less than $40K","Blue",1438.3,0,0,1438.3,4
"Attrited Customer","F",44,"Less than $40K","Blue",7499,1083,0.144,6416,4
"Attrited Customer","M",39,"$120K +","Blue",8700,1742,0.2,6958,3
"Attrited Customer","M",55,"$60K - $80K","Blue",14266,1341,0.094,12925,3
"Existing Customer","M",46,"$120K +","Blue",2692,1631,0.606,1061,2
"Existing Customer","F",54,"Less than $40K","Blue",2957,1408,0.476,1549,4
"Existing Customer","F",50,"Less than $40K","Blue",1438.3,0,0,1438.3,3
"Existing Customer","F",51,"Less than $40K","Blue",3007,2517,0.837,490,2
"Existing Customer","F",41,"Unknown","Blue",3427,1419,0.414,2008,1
"Existing Customer","M",59,"$60K - $80K","Blue",1438.3,642,0.446,796.3,3
"Existing Customer","F",47,"Less than $40K","Blue",2990,890,0.298,2100,5
"Attrited Customer","M",61,"$60K - $80K","Blue",9918,850,0.086,9068,2
"Existing Customer","F",50,"Unknown","Blue",8159,2277,0.279,5882,1
"Existing Customer","M",53,"$120K +","Blue",18551,1434,0.077,17117,2
"Existing Customer","F",31,"Less than $40K","Blue",1438.3,0,0,1438.3,1
"Attrited Customer","M",51,"$80K - $120K","Blue",1438.3,327,0.227,1111.3,3
"Existing Customer","M",60,"$60K - $80K","Blue",10886,1145,0.105,9741,4
"Existing Customer","F",59,"Unknown","Blue",10457,2148,0.205,8309,3
"Existing Customer","M",60,"$40K - $60K","Blue",1781,1551,0.871,230,2
"Existing Customer","M",50,"$120K +","Blue",34516,1156,0.033,33360,2
"Existing Customer","F",42,"Less than $40K","Blue",2363,1495,0.633,868,3
"Existing Customer","F",54,"Less than $40K","Blue",2802,2219,0.792,583,3
"Existing Customer","F",42,"Less than $40K","Blue",1640,888,0.541,752,1
"Attrited Customer","F",48,"Less than $40K","Blue",4960,0,0,4960,3
"Existing Customer","M",50,"$80K - $120K","Blue",4601,2517,0.547,2084,1
"Existing Customer","M",48,"$60K - $80K","Blue",4100,1956,0.477,2144,1
"Existing Customer","F",52,"$40K - $60K","Blue",2741,1639,0.598,1102,2
"Attrited Customer","F",46,"$40K - $60K","Blue",4152,1446,0.348,2706,3
"Existing Customer","F",50,"Less than $40K","Blue",3386,2517,0.743,869,1
"Attrited Customer","M",62,"$40K - $60K","Blue",3477,0,0,3477,6
"Existing Customer","M",50,"$80K - $120K","Blue",23209,1308,0.056,21901,3
"Existing Customer","F",50,"$40K - $60K","Blue",12610,1123,0.089,11487,3
"Existing Customer","F",48,"Less than $40K","Blue",2090,793,0.379,1297,1
"Existing Customer","M",46,"$40K - $60K","Blue",1610,0,0,1610,3
"Attrited Customer","M",40,"$120K +","Blue",2269,0,0,2269,3
"Attrited Customer","F",40,"Less than $40K","Blue",2387,2013,0.843,374,1
"Existing Customer","F",54,"$40K - $60K","Blue",4036,1329,0.329,2707,4
"Attrited Customer","F",54,"Unknown","Blue",5342,605,0.113,4737,3
"Attrited Customer","F",54,"Less than $40K","Blue",1695,913,0.539,782,3
"Existing Customer","F",37,"Less than $40K","Blue",1438.3,0,0,1438.3,5
"Existing Customer","F",38,"$40K - $60K","Blue",1776,1586,0.893,190,2
"Existing Customer","F",42,"$40K - $60K","Blue",5640,0,0,5640,3
"Existing Customer","F",42,"Less than $40K","Blue",2403,1105,0.46,1298,3
"Existing Customer","F",45,"Less than $40K","Blue",3349,2517,0.752,832,1
"Attrited Customer","F",54,"Less than $40K","Blue",3173,2517,0.793,656,3
"Attrited Customer","M",43,"$80K - $120K","Blue",1504,0,0,1504,3
"Attrited Customer","F",45,"$40K - $60K","Blue",1477,0,0,1477,3
"Existing Customer","F",49,"Less than $40K","Blue",2018,1366,0.677,652,3
"Existing Customer","M",41,"$120K +","Silver",34516,1453,0.042,33063,3
"Existing Customer","F",44,"Unknown","Blue",2105,0,0,2105,4
"Existing Customer","F",46,"Unknown","Blue",20080,0,0,20080,2
"Existing Customer","F",39,"Less than $40K","Blue",6690,1912,0.286,4778,4
"Existing Customer","M",46,"$80K - $120K","Blue",1530,0,0,1530,4
"Existing Customer","M",58,"$80K - $120K","Blue",2915,1494,0.513,1421,2
"Existing Customer","F",47,"Less than $40K","Blue",1438.3,0,0,1438.3,4
"Attrited Customer","F",56,"Less than $40K","Blue",2423,268,0.111,2155,4
"Existing Customer","M",54,"$80K - $120K","Blue",11742,0,0,11742,2
"Existing Customer","F",51,"Less than $40K","Blue",3069,2517,0.82,552,2
"Existing Customer","F",58,"Unknown","Gold",34516,1864,0.054,32652,4
"Existing Customer","F",36,"$40K - $60K","Blue",2517,1336,0.531,1181,2
"Existing Customer","F",52,"Less than $40K","Blue",1438.3,773,0.537,665.3,2
"Existing Customer","F",45,"$40K - $60K","Blue",2216,1992,0.899,224,3
"Existing Customer","M",51,"$60K - $80K","Blue",3232,1346,0.416,1886,2
"Existing Customer","F",54,"Less than $40K","Blue",3478,941,0.271,2537,2
"Existing Customer","F",50,"Unknown","Blue",1814,0,0,1814,4
"Existing Customer","F",37,"Less than $40K","Blue",1438.3,0,0,1438.3,2
"Existing Customer","F",42,"Less than $40K","Blue",1446,621,0.429,825,2
"Existing Customer","F",47,"Less than $40K","Blue",1493,0,0,1493,2
"Existing Customer","F",45,"$40K - $60K","Blue",4244,1066,0.251,3178,4
"Existing Customer","M",40,"$40K - $60K","Blue",2984,1879,0.63,1105,2
"Existing Customer","M",48,"$80K - $120K","Blue",2713,2201,0.811,512,4
"Existing Customer","F",42,"$40K - $60K","Blue",2471,1658,0.671,813,4
"Existing Customer","M",47,"$60K - $80K","Silver",27437,0,0,27437,4
"Existing Customer","F",54,"Less than $40K","Blue",4166,989,0.237,3177,2
"Existing Customer","M",38,"$40K - $60K","Blue",13100,1436,0.11,11664,6
"Attrited Customer","M",43,"$60K - $80K","Blue",1438.3,0,0,1438.3,3
"Existing Customer","F",43,"Less than $40K","Blue",2242,0,0,2242,2
"Attrited Customer","F",37,"Unknown","Blue",9874,0,0,9874,3
"Existing Customer","F",41,"$40K - $60K","Blue",4432,1335,0.301,3097,3
"Existing Customer","F",45,"Less than $40K","Blue",4975,1221,0.245,3754,4
"Existing Customer","F",49,"Less than $40K","Blue",2652,1581,0.596,1071,5
"Existing Customer","F",54,"Less than $40K","Blue",2043,1597,0.782,446,1
"Attrited Customer","M",45,"Less than $40K","Blue",3489,2517,0.721,972,2
"Existing Customer","M",52,"$80K - $120K","Blue",14858,1594,0.107,13264,2
"Existing Customer","F",40,"$40K - $60K","Blue",2822,2182,0.773,640,2
"Existing Customer","F",54,"Less than $40K","Blue",2901,2517,0.868,384,3
"Existing Customer","F",52,"Less than $40K","Blue",1594,0,0,1594,3
"Existing Customer","F",58,"Less than $40K","Blue",2241,1670,0.745,571,3
"Existing Customer","F",51,"Less than $40K","Blue",2581,1722,0.667,859,4
"Existing Customer","M",40,"$120K +","Blue",14713,905,0.062,13808,4
"Attrited Customer","F",49,"Less than $40K","Blue",2910,0,0,2910,3
"Existing Customer","F",39,"Unknown","Blue",2366,1927,0.814,439,3
"Attrited Customer","F",54,"Less than $40K","Blue",2708,0,0,2708,3
"Existing Customer","M",42,"$80K - $120K","Blue",1681,0,0,1681,4
"Existing Customer","F",40,"Less than $40K","Blue",2594,2159,0.832,435,1
"Existing Customer","F",41,"$40K - $60K","Blue",2128,1383,0.65,745,1
"Existing Customer","F",50,"Less than $40K","Blue",1438.3,0,0,1438.3,3
"Attrited Customer","M",47,"$80K - $120K","Blue",1438.3,0,0,1438.3,3
"Existing Customer","M",46,"$60K - $80K","Blue",4696,0,0,4696,3
"Attrited Customer","F",52,"Less than $40K","Blue",2566,1079,0.42,1487,3
"Existing Customer","F",53,"Unknown","Blue",2592,1364,0.526,1228,4
"Existing Customer","F",56,"Less than $40K","Blue",1698,0,0,1698,4
"Existing Customer","F",57,"$40K - $60K","Blue",4682,1010,0.216,3672,2
"Existing Customer","F",56,"$40K - $60K","Blue",4439,1513,0.341,2926,1
"Existing Customer","F",34,"Less than $40K","Blue",2689,1618,0.602,1071,1
"Existing Customer","M",46,"$80K - $120K","Blue",11670,915,0.078,10755,3
"Existing Customer","F",47,"$40K - $60K","Blue",1596,0,0,1596,1
"Attrited Customer","F",40,"$40K - $60K","Blue",3356,2517,0.75,839,3
"Existing Customer","M",53,"$60K - $80K","Blue",1590,0,0,1590,4
"Existing Customer","M",55,"$80K - $120K","Blue",4994,0,0,4994,5
"Existing Customer","F",51,"$40K - $60K","Silver",16406,0,0,16406,2
"Existing Customer","F",52,"Less than $40K","Blue",2451,1733,0.707,718,3
"Existing Customer","M",40,"$80K - $120K","Blue",9109,1347,0.148,7762,2
"Existing Customer","F",45,"Less than $40K","Blue",2632,1480,0.562,1152,4
"Attrited Customer","F",46,"Less than $40K","Blue",1438.3,0,0,1438.3,3
"Existing Customer","F",38,"Less than $40K","Blue",1757,1352,0.769,405,4
"Existing Customer","F",46,"Less than $40K","Blue",2711,1793,0.661,918,4
"Existing Customer","F",47,"Less than $40K","Blue",2776,1341,0.483,1435,4
"Existing Customer","F",44,"$40K - $60K","Blue",1438.3,1091,0.759,347.3,2
"Attrited Customer","M",36,"$80K - $120K","Blue",5015,1963,0.391,3052,3
"Existing Customer","M",40,"$60K - $80K","Blue",8529,901,0.106,7628,2
"Existing Customer","F",49,"Less than $40K","Blue",1604,1112,0.693,492,2
"Existing Customer","F",56,"Unknown","Blue",4263,0,0,4263,2
"Existing Customer","F",45,"Less than $40K","Blue",2493,1655,0.664,838,3
"Attrited Customer","F",38,"Less than $40K","Blue",1568,0,0,1568,3
"Existing Customer","F",43,"Less than $40K","Blue",1521,0,0,1521,1
"Existing Customer","M",48,"$40K - $60K","Blue",3261,1730,0.531,1531,3
"Existing Customer","F",39,"Less than $40K","Blue",1781,935,0.525,846,2
"Existing Customer","F",62,"Less than $40K","Blue",5284,2517,0.476,2767,1
"Attrited Customer","F",47,"Unknown","Blue",5590,0,0,5590,3
"Existing Customer","F",57,"Unknown","Blue",1734,980,0.565,754,2
"Existing Customer","F",48,"Unknown","Blue",7645,931,0.122,6714,2
"Existing Customer","F",48,"$40K - $60K","Blue",1438.3,1218,0.847,220.3,4
"Existing Customer","F",34,"Less than $40K","Blue",2207,1527,0.692,680,1
"Existing Customer","F",46,"Less than $40K","Blue",1723,1010,0.586,713,2
"Existing Customer","F",49,"Less than $40K","Blue",1644,0,0,1644,4
"Attrited Customer","F",48,"Less than $40K","Blue",1745,0,0,1745,2
"Existing Customer","F",42,"$40K - $60K","Blue",3376,1661,0.492,1715,2
"Existing Customer","M",47,"$60K - $80K","Blue",7298,0,0,7298,3
"Attrited Customer","M",45,"$80K - $120K","Blue",8383,0,0,8383,3
"Existing Customer","M",41,"$40K - $60K","Blue",3600,746,0.207,2854,4
"Existing Customer","F",45,"$40K - $60K","Blue",4595,1781,0.388,2814,2
"Existing Customer","M",57,"$80K - $120K","Blue",2795,1832,0.655,963,4
"Existing Customer","F",49,"Less than $40K","Blue",1768,0,0,1768,1
"Existing Customer","F",50,"Less than $40K","Blue",1780,893,0.502,887,2
"Existing Customer","F",51,"Less than $40K","Blue",2987,1764,0.591,1223,4
"Existing Customer","F",44,"Unknown","Blue",2717,1720,0.633,997,3
"Existing Customer","F",40,"Unknown","Blue",2887,0,0,2887,3
"Existing Customer","F",37,"Less than $40K","Blue",1438.3,0,0,1438.3,1
"Existing Customer","M",46,"$80K - $120K","Blue",10879,860,0.079,10019,1
"Existing Customer","F",39,"Less than $40K","Blue",1809,1181,0.653,628,3
"Attrited Customer","F",38,"$40K - $60K","Blue",1628,0,0,1628,2
"Existing Customer","F",45,"Less than $40K","Blue",1438.3,0,0,1438.3,4
"Attrited Customer","F",37,"Less than $40K","Blue",1586,0,0,1586,3
"Existing Customer","F",43,"$40K - $60K","Blue",2311,1320,0.571,991,3
"Existing Customer","F",48,"Less than $40K","Blue",2109,1205,0.571,904,3
"Existing Customer","F",51,"Less than $40K","Blue",1562,1057,0.677,505,4
"Attrited Customer","F",44,"Unknown","Blue",1438.3,0,0,1438.3,3
"Existing Customer","M",39,"$80K - $120K","Blue",2981,757,0.254,2224,2
"Existing Customer","M",47,"$80K - $120K","Blue",5295,723,0.137,4572,1
"Attrited Customer","F",51,"$40K - $60K","Blue",4708,920,0.195,3788,3
"Existing Customer","M",54,"$60K - $80K","Blue",2210,1002,0.453,1208,1
"Existing Customer","F",53,"$40K - $60K","Blue",1972,0,0,1972,3
"Existing Customer","M",48,"$60K - $80K","Blue",2384,1596,0.669,788,4
"Existing Customer","M",35,"Less than $40K","Blue",2311,1222,0.529,1089,3
"Existing Customer","F",46,"$40K - $60K","Blue",1912,1172,0.613,740,4
"Existing Customer","F",49,"$40K - $60K","Blue",2147,1402,0.653,745,1
"Attrited Customer","F",42,"Less than $40K","Blue",3214,0,0,3214,2
"Existing Customer","F",43,"Less than $40K","Blue",3006,879,0.292,2127,3
"Existing Customer","M",52,"$80K - $120K","Blue",2735,1942,0.71,793,1
"Existing Customer","M",50,"$120K +","Blue",3390,2385,0.704,1005,2
"Attrited Customer","M",54,"$80K - $120K","Silver",34516,214,0.006,34302,3
"Existing Customer","F",55,"Unknown","Blue",11249,2012,0.179,9237,3
"Existing Customer","F",52,"Less than $40K","Blue",2484,1495,0.602,989,3
"Existing Customer","F",40,"Less than $40K","Blue",2932,1664,0.568,1268,5
"Existing Customer","F",60,"Less than $40K","Blue",2882,2081,0.722,801,4
"Existing Customer","F",45,"Less than $40K","Blue",2658,694,0.261,1964,2
"Existing Customer","F",44,"Unknown","Blue",5589,1336,0.239,4253,3
"Existing Customer","F",44,"$40K - $60K","Blue",1484,885,0.596,599,4
"Existing Customer","F",57,"Unknown","Blue",1678,1162,0.692,516,1
"Attrited Customer","F",34,"Unknown","Blue",12373,0,0,12373,3
"Existing Customer","M",52,"Less than $40K","Blue",2846,1606,0.564,1240,3
"Attrited Customer","F",42,"$40K - $60K","Blue",1585,1381,0.871,204,3
"Existing Customer","F",42,"Less than $40K","Blue",2837,834,0.294,2003,3
"Existing Customer","F",51,"Less than $40K","Blue",2066,1077,0.521,989,1
"Existing Customer","M",47,"$60K - $80K","Blue",20789,0,0,20789,4
"Existing Customer","F",48,"Less than $40K","Blue",1449,0,0,1449,2
"Attrited Customer","F",39,"$40K - $60K","Blue",3911,0,0,3911,3
"Existing Customer","F",56,"Less than $40K","Blue",1737,0,0,1737,1
"Existing Customer","F",48,"Less than $40K","Blue",1815,557,0.307,1258,4
"Attrited Customer","F",46,"Unknown","Blue",4848,2517,0.519,2331,3
"Existing Customer","F",46,"Less than $40K","Blue",1592,925,0.581,667,3
"Existing Customer","F",40,"Less than $40K","Blue",1768,1242,0.702,526,2
"Existing Customer","F",44,"Unknown","Blue",8128,2344,0.288,5784,3
"Existing Customer","F",45,"Unknown","Blue",2557,1898,0.742,659,4
"Existing Customer","M",44,"$60K - $80K","Blue",2991,642,0.215,2349,4
"Attrited Customer","M",49,"$80K - $120K","Blue",34516,0,0,34516,4
"Existing Customer","M",45,"$80K - $120K","Blue",19099,2517,0.132,16582,2
"Existing Customer","F",44,"Unknown","Blue",4559,1680,0.369,2879,2
"Existing Customer","M",58,"$80K - $120K","Blue",22981,1696,0.074,21285,3
"Existing Customer","F",38,"$40K - $60K","Blue",2358,1965,0.833,393,2
"Existing Customer","M",48,"$80K - $120K","Blue",22067,685,0.031,21382,4
"Existing Customer","F",43,"Less than $40K","Blue",2023,1331,0.658,692,3
"Existing Customer","F",36,"Unknown","Blue",2222,0,0,2222,1
"Existing Customer","M",59,"$60K - $80K","Blue",1438.3,788,0.548,650.3,3
"Attrited Customer","M",40,"$80K - $120K","Blue",8958,0,0,8958,4
"Existing Customer","F",36,"Less than $40K","Blue",1937,733,0.378,1204,2
"Existing Customer","M",40,"$60K - $80K","Silver",25219,1503,0.06,23716,3
"Attrited Customer","M",36,"$80K - $120K","Blue",1815,0,0,1815,1
"Existing Customer","F",60,"$40K - $60K","Blue",3361,2473,0.736,888,2
"Existing Customer","M",47,"$40K - $60K","Blue",4786,1516,0.317,3270,2
"Existing Customer","F",37,"Unknown","Blue",1438.3,0,0,1438.3,3
"Existing Customer","F",51,"Less than $40K","Blue",1438.3,908,0.631,530.3,3
"Existing Customer","F",42,"Less than $40K","Blue",2725,2444,0.897,281,1
"Existing Customer","F",42,"Unknown","Blue",10039,1600,0.159,8439,3
"Existing Customer","F",45,"Unknown","Blue",2467,1446,0.586,1021,1
"Existing Customer","F",52,"Less than $40K","Blue",1438.3,0,0,1438.3,1
"Attrited Customer","F",57,"Less than $40K","Blue",1759,186,0.106,1573,4
"Existing Customer","M",46,"Less than $40K","Blue",2206,1722,0.781,484,2
"Attrited Customer","F",35,"$40K - $60K","Blue",2045,1707,0.835,338,4
"Existing Customer","F",54,"Less than $40K","Blue",4170,641,0.154,3529,2
"Existing Customer","F",47,"Less than $40K","Blue",3300,2517,0.763,783,4
"Existing Customer","F",26,"Less than $40K","Blue",5422,682,0.126,4740,3
"Existing Customer","F",56,"Unknown","Blue",2015,807,0.4,1208,2
"Existing Customer","M",47,"$60K - $80K","Blue",2048,1599,0.781,449,3
"Existing Customer","F",37,"Less than $40K","Blue",2152,1682,0.782,470,5
"Attrited Customer","F",44,"Less than $40K","Blue",3017,1868,0.619,1149,4
"Existing Customer","M",53,"$120K +","Silver",34516,1073,0.031,33443,4
"Attrited Customer","M",33,"$60K - $80K","Blue",1819,725,0.399,1094,3
"Existing Customer","F",46,"Less than $40K","Blue",2228,1449,0.65,779,1
"Attrited Customer","F",44,"Less than $40K","Blue",2279,1837,0.806,442,4
"Attrited Customer","F",48,"$40K - $60K","Blue",1438.3,0,0,1438.3,2
"Existing Customer","M",45,"$120K +","Blue",1686,0,0,1686,3
"Existing Customer","F",48,"Unknown","Blue",1942,1488,0.766,454,2
"Existing Customer","M",53,"$60K - $80K","Blue",3858,0,0,3858,1
"Existing Customer","M",44,"$60K - $80K","Blue",11651,1368,0.117,10283,3
"Existing Customer","M",43,"$40K - $60K","Blue",9449,1914,0.203,7535,4
"Attrited Customer","F",50,"Less than $40K","Blue",3423,0,0,3423,3
"Existing Customer","F",47,"Less than $40K","Blue",2915,2422,0.831,493,2
"Existing Customer","F",50,"Unknown","Blue",11486,0,0,11486,4
"Attrited Customer","F",40,"Less than $40K","Blue",2984,2517,0.843,467,2
"Attrited Customer","F",37,"Less than $40K","Blue",1653,0,0,1653,3
"Existing Customer","F",47,"Less than $40K","Blue",2723,1588,0.583,1135,2
"Existing Customer","F",40,"Less than $40K","Blue",1438.3,0,0,1438.3,2
"Attrited Customer","F",43,"Less than $40K","Blue",1818,0,0,1818,3
"Existing Customer","F",56,"$40K - $60K","Blue",4384,929,0.212,3455,2
"Existing Customer","F",43,"Less than $40K","Blue",1824,0,0,1824,3
"Existing Customer","F",50,"Less than $40K","Blue",5452,540,0.099,4912,1
"Attrited Customer","F",50,"Unknown","Blue",9248,0,0,9248,3
"Existing Customer","M",55,"$120K +","Blue",17627,1756,0.1,15871,2
"Existing Customer","F",27,"Less than $40K","Blue",1438.3,0,0,1438.3,1
"Attrited Customer","F",44,"Less than $40K","Blue",5357,2139,0.399,3218,3
"Existing Customer","F",49,"Unknown","Blue",2542,850,0.334,1692,2
"Existing Customer","F",51,"$40K - $60K","Blue",2275,1219,0.536,1056,1
"Attrited Customer","F",43,"Less than $40K","Blue",1706,0,0,1706,3
"Attrited Customer","F",54,"Less than $40K","Blue",3591,2517,0.701,1074,3
"Existing Customer","M",44,"$40K - $60K","Silver",19360,870,0.045,18490,1
"Existing Customer","F",56,"Less than $40K","Blue",1707,0,0,1707,3
"Existing Customer","M",53,"Less than $40K","Blue",3844,2079,0.541,1765,3
"Existing Customer","F",45,"$40K - $60K","Blue",2851,0,0,2851,4
"Attrited Customer","F",49,"Less than $40K","Blue",2951,2437,0.826,514,2
"Existing Customer","F",38,"Less than $40K","Blue",1438.3,0,0,1438.3,1
"Attrited Customer","M",54,"$120K +","Blue",9090,2517,0.277,6573,2
"Existing Customer","M",45,"$120K +","Blue",34516,797,0.023,33719,3
"Attrited Customer","M",53,"$80K - $120K","Blue",1837,875,0.476,962,3
"Existing Customer","F",48,"Unknown","Blue",2300,1906,0.829,394,3
"Existing Customer","F",36,"Less than $40K","Blue",2611,537,0.206,2074,1
"Existing Customer","M",40,"$80K - $120K","Blue",22863,927,0.041,21936,3
"Existing Customer","F",53,"$40K - $60K","Blue",2192,1146,0.523,1046,3
"Existing Customer","F",40,"Less than $40K","Blue",2917,1310,0.449,1607,6
"Existing Customer","F",41,"$40K - $60K","Blue",1438.3,913,0.635,525.3,3
"Attrited Customer","F",37,"Less than $40K","Blue",1784,577,0.323,1207,2
"Existing Customer","F",43,"Less than $40K","Blue",8919,2231,0.25,6688,4
"Existing Customer","F",52,"Less than $40K","Blue",2164,0,0,2164,3
"Existing Customer","F",48,"Unknown","Blue",2792,1375,0.492,1417,4
"Existing Customer","F",60,"Less than $40K","Blue",1634,1155,0.707,479,3
"Existing Customer","F",39,"Less than $40K","Blue",2144,1557,0.726,587,2
"Existing Customer","M",37,"$40K - $60K","Blue",3664,1449,0.395,2215,1
"Existing Customer","F",40,"Less than $40K","Blue",4788,1088,0.227,3700,3
"Existing Customer","F",34,"Less than $40K","Blue",2164,1176,0.543,988,3
"Existing Customer","F",48,"Less than $40K","Blue",1532,1183,0.772,349,4
"Attrited Customer","F",56,"Less than $40K","Blue",1883,400,0.212,1483,3
"Existing Customer","F",44,"$40K - $60K","Blue",3659,1356,0.371,2303,1
"Existing Customer","F",47,"Less than $40K","Blue",2946,2338,0.794,608,1
"Existing Customer","F",45,"Less than $40K","Blue",2697,2216,0.822,481,1
"Existing Customer","F",47,"Unknown","Blue",3811,1970,0.517,1841,1
"Existing Customer","F",35,"$40K - $60K","Blue",1613,1085,0.673,528,2
"Existing Customer","F",42,"Less than $40K","Blue",2043,0,0,2043,2
"Attrited Customer","M",47,"$40K - $60K","Blue",1684,644,0.382,1040,2
"Existing Customer","F",47,"Unknown","Blue",3127,2094,0.67,1033,1
"Existing Customer","M",47,"$40K - $60K","Blue",7106,736,0.104,6370,4
"Existing Customer","F",50,"$40K - $60K","Blue",2784,2458,0.883,326,3
"Existing Customer","F",51,"$40K - $60K","Blue",5536,0,0,5536,3
"Existing Customer","F",45,"Less than $40K","Blue",1717,1156,0.673,561,2
"Attrited Customer","F",47,"Less than $40K","Blue",1438.3,0,0,1438.3,3
"Attrited Customer","M",42,"$60K - $80K","Blue",1866,0,0,1866,2
"Existing Customer","M",52,"$80K - $120K","Blue",2516,1268,0.504,1248,4
"Attrited Customer","F",45,"$40K - $60K","Blue",3076,0,0,3076,3
"Existing Customer","M",48,"$40K - $60K","Blue",7514,0,0,7514,2
"Existing Customer","F",52,"$40K - $60K","Blue",2804,1782,0.636,1022,4
"Attrited Customer","F",58,"Less than $40K","Blue",1817,0,0,1817,1
"Existing Customer","F",43,"Less than $40K","Blue",2590,0,0,2590,3
"Existing Customer","F",39,"$40K - $60K","Blue",4938,1593,0.323,3345,3
"Existing Customer","M",53,"$60K - $80K","Blue",19940,2018,0.101,17922,1
"Existing Customer","F",52,"Unknown","Blue",12366,0,0,12366,4
"Existing Customer","M",40,"$40K - $60K","Blue",2583,2235,0.865,348,3
"Existing Customer","F",62,"Less than $40K","Blue",2616,801,0.306,1815,2
"Existing Customer","F",52,"$40K - $60K","Blue",6053,577,0.095,5476,3
"Attrited Customer","F",59,"Less than $40K","Blue",1708,0,0,1708,3
"Existing Customer","F",49,"Less than $40K","Blue",2393,1667,0.697,726,2
"Existing Customer","F",53,"Less than $40K","Blue",3424,1333,0.389,2091,4
"Existing Customer","F",48,"Less than $40K","Blue",2640,2133,0.808,507,3
"Existing Customer","F",59,"$40K - $60K","Blue",1931,1409,0.73,522,2
"Existing Customer","M",50,"$120K +","Blue",2123,995,0.469,1128,4
"Attrited Customer","F",54,"$40K - $60K","Blue",1606,0,0,1606,4
"Existing Customer","M",41,"$60K - $80K","Blue",5633,1395,0.248,4238,2
"Existing Customer","F",57,"Less than $40K","Blue",1438.3,740,0.514,698.3,2
"Existing Customer","F",50,"Less than $40K","Blue",2590,2087,0.806,503,2
"Existing Customer","M",43,"$60K - $80K","Blue",4556,0,0,4556,1
"Existing Customer","F",47,"Unknown","Blue",1537,0,0,1537,4
"Existing Customer","M",55,"$60K - $80K","Blue",1602,962,0.6,640,2
"Existing Customer","F",50,"Less than $40K","Blue",2080,1799,0.865,281,2
"Existing Customer","F",46,"Unknown","Blue",7565,887,0.117,6678,3
"Existing Customer","M",47,"$60K - $80K","Blue",4786,1553,0.324,3233,2
"Existing Customer","F",53,"Less than $40K","Blue",2375,1353,0.57,1022,2
"Existing Customer","F",48,"Unknown","Blue",8446,908,0.108,7538,2
"Existing Customer","F",60,"Less than $40K","Blue",1977,545,0.276,1432,4
"Existing Customer","M",42,"$80K - $120K","Blue",13908,0,0,13908,2
"Existing Customer","F",52,"$40K - $60K","Silver",19220,0,0,19220,3
"Existing Customer","F",44,"Less than $40K","Blue",2709,1726,0.637,983,3
"Existing Customer","M",38,"$60K - $80K","Blue",1503,879,0.585,624,4
"Existing Customer","M",51,"$80K - $120K","Blue",9186,0,0,9186,2
"Existing Customer","F",50,"Less than $40K","Blue",2165,1392,0.643,773,2
"Existing Customer","F",41,"Unknown","Blue",1438.3,0,0,1438.3,2
"Existing Customer","F",61,"Unknown","Blue",6673,2458,0.368,4215,4
"Existing Customer","F",53,"Less than $40K","Blue",2404,1109,0.461,1295,1
"Attrited Customer","F",47,"Less than $40K","Blue",1666,0,0,1666,3
"Existing Customer","M",41,"$60K - $80K","Blue",8228,1935,0.235,6293,1
"Existing Customer","F",54,"Less than $40K","Blue",3186,968,0.304,2218,1
"Existing Customer","F",53,"Less than $40K","Blue",2596,868,0.334,1728,2
"Attrited Customer","F",43,"Less than $40K","Blue",1662,613,0.369,1049,2
"Attrited Customer","F",42,"Less than $40K","Blue",2053,0,0,2053,2
"Existing Customer","F",32,"Unknown","Blue",3193,1533,0.48,1660,2
"Existing Customer","F",45,"Less than $40K","Blue",1927,1337,0.694,590,1
"Attrited Customer","F",39,"$40K - $60K","Blue",2821,725,0.257,2096,3
"Existing Customer","M",48,"$60K - $80K","Blue",3879,1214,0.313,2665,4
"Existing Customer","F",56,"Less than $40K","Blue",1971,922,0.468,1049,2
"Existing Customer","F",48,"Unknown","Blue",1755,1058,0.603,697,1
"Attrited Customer","F",42,"Less than $40K","Blue",2031,1720,0.847,311,3
"Existing Customer","F",46,"Less than $40K","Blue",2330,1584,0.68,746,2
"Existing Customer","F",46,"Less than $40K","Blue",1438.3,0,0,1438.3,4
"Attrited Customer","M",59,"Less than $40K","Blue",1438.3,0,0,1438.3,5
"Existing Customer","M",60,"$120K +","Blue",5130,2048,0.399,3082,3
"Existing Customer","F",54,"Unknown","Blue",11794,1018,0.086,10776,1
"Attrited Customer","M",50,"$60K - $80K","Blue",7603,744,0.098,6859,3
"Attrited Customer","F",41,"$40K - $60K","Blue",3606,0,0,3606,3
"Existing Customer","F",49,"Less than $40K","Blue",5153,1378,0.267,3775,2
"Existing Customer","F",47,"Less than $40K","Blue",2500,1169,0.468,1331,2
"Existing Customer","M",42,"$40K - $60K","Blue",2654,1489,0.561,1165,3
"Attrited Customer","F",35,"Less than $40K","Blue",3611,2517,0.697,1094,3
"Existing Customer","F",47,"Unknown","Blue",1882,1143,0.607,739,2
"Existing Customer","M",47,"$80K - $120K","Blue",7421,0,0,7421,1
"Existing Customer","F",44,"Less than $40K","Blue",4606,1556,0.338,3050,2
"Existing Customer","F",32,"Unknown","Blue",12268,1165,0.095,11103,3
"Existing Customer","M",50,"$80K - $120K","Blue",9873,1276,0.129,8597,1
"Existing Customer","F",46,"Less than $40K","Blue",1555,1366,0.878,189,1
"Attrited Customer","F",52,"Less than $40K","Blue",2160,0,0,2160,3
"Existing Customer","M",38,"$60K - $80K","Blue",3809,1521,0.399,2288,2
"Existing Customer","F",44,"Less than $40K","Blue",5362,1984,0.37,3378,3
"Existing Customer","F",43,"Less than $40K","Blue",1834,1416,0.772,418,4
"Existing Customer","F",52,"Less than $40K","Blue",2577,879,0.341,1698,4
"Existing Customer","M",47,"$60K - $80K","Blue",2721,1264,0.465,1457,3
"Existing Customer","F",50,"Less than $40K","Blue",2925,2065,0.706,860,2
"Attrited Customer","F",44,"Less than $40K","Blue",1545,0,0,1545,3
"Attrited Customer","F",49,"Less than $40K","Blue",2212,0,0,2212,3
"Existing Customer","M",46,"$120K +","Blue",13001,1482,0.114,11519,1
"Attrited Customer","F",36,"Less than $40K","Blue",2784,2378,0.854,406,3
"Attrited Customer","M",50,"$60K - $80K","Blue",2317,0,0,2317,3
"Existing Customer","F",41,"Less than $40K","Blue",1867,970,0.52,897,2
"Attrited Customer","F",50,"Less than $40K","Blue",2595,2353,0.907,242,3
"Existing Customer","F",46,"Less than $40K","Blue",1438.3,0,0,1438.3,3
"Existing Customer","F",46,"Less than $40K","Blue",1696,1177,0.694,519,1
"Attrited Customer","F",46,"Unknown","Blue",2694,1576,0.585,1118,3
"Attrited Customer","F",51,"Less than $40K","Blue",2791,940,0.337,1851,3
"Existing Customer","F",51,"$40K - $60K","Blue",2146,967,0.451,1179,3
"Attrited Customer","M",61,"$80K - $120K","Blue",1438.3,0,0,1438.3,3
"Existing Customer","F",38,"Unknown","Blue",1438.3,730,0.508,708.3,1
"Existing Customer","F",44,"$40K - $60K","Blue",4269,1852,0.434,2417,2
"Existing Customer","F",45,"$40K - $60K","Blue",4195,2440,0.582,1755,6
"Existing Customer","F",48,"Less than $40K","Blue",1832,748,0.408,1084,2
"Existing Customer","F",37,"Less than $40K","Blue",2588,1782,0.689,806,2
"Existing Customer","F",63,"Less than $40K","Blue",4847,1856,0.383,2991,1
"Existing Customer","F",46,"$40K - $60K","Blue",2423,429,0.177,1994,1
"Existing Customer","F",50,"$40K - $60K","Blue",7507,1697,0.226,5810,2
"Existing Customer","M",51,"$120K +","Blue",5232,1923,0.368,3309,2
"Existing Customer","F",43,"Unknown","Blue",1438.3,491,0.341,947.3,1
"Existing Customer","F",47,"Unknown","Blue",1828,1517,0.83,311,2
"Existing Customer","F",49,"Unknown","Blue",2557,2351,0.919,206,3
"Existing Customer","F",42,"Less than $40K","Blue",2283,1690,0.74,593,3
"Existing Customer","F",35,"Less than $40K","Blue",2684,1658,0.618,1026,2
"Existing Customer","F",38,"Unknown","Blue",7234,0,0,7234,1
"Existing Customer","F",37,"$40K - $60K","Blue",1438.3,743,0.517,695.3,2
"Existing Customer","F",42,"Less than $40K","Blue",2730,1303,0.477,1427,2
"Existing Customer","F",50,"Unknown","Blue",2808,1720,0.613,1088,2
"Existing Customer","F",42,"Less than $40K","Blue",6275,0,0,6275,1
"Existing Customer","F",43,"$40K - $60K","Blue",1438.3,0,0,1438.3,1
"Attrited Customer","M",44,"$80K - $120K","Blue",10834,0,0,10834,2
"Existing Customer","F",44,"Less than $40K","Blue",1522,0,0,1522,1
"Existing Customer","F",48,"Unknown","Blue",2845,919,0.323,1926,1
"Existing Customer","F",41,"$40K - $60K","Blue",2329,1271,0.546,1058,2
"Existing Customer","F",47,"$40K - $60K","Blue",2099,1164,0.555,935,1
"Existing Customer","F",42,"Unknown","Blue",5099,958,0.188,4141,1
"Existing Customer","F",54,"Unknown","Blue",3805,821,0.216,2984,2
"Existing Customer","F",47,"Unknown","Blue",11438,0,0,11438,2
"Existing Customer","F",43,"$40K - $60K","Blue",2434,1169,0.48,1265,3
"Existing Customer","F",44,"Unknown","Blue",4703,1555,0.331,3148,2
"Existing Customer","F",44,"Unknown","Blue",5254,2507,0.477,2747,3
"Existing Customer","F",45,"Less than $40K","Blue",1438.3,491,0.341,947.3,2
"Existing Customer","F",40,"Less than $40K","Blue",2206,1110,0.503,1096,3
"Existing Customer","F",50,"$40K - $60K","Blue",3600,1904,0.529,1696,2
"Existing Customer","M",46,"$60K - $80K","Blue",7116,693,0.097,6423,3
"Existing Customer","F",37,"Less than $40K","Blue",1788,0,0,1788,2
"Existing Customer","F",60,"Unknown","Blue",7508,2148,0.286,5360,1
"Attrited Customer","F",39,"$40K - $60K","Blue",3333,1867,0.56,1466,3
"Existing Customer","F",50,"Unknown","Blue",13745,0,0,13745,1
"Attrited Customer","F",34,"Less than $40K","Blue",5021,2517,0.501,2504,2
"Existing Customer","M",43,"$40K - $60K","Blue",4396,0,0,4396,2
"Existing Customer","F",40,"Less than $40K","Blue",2558,0,0,2558,2
"Existing Customer","F",30,"Unknown","Blue",9641,0,0,9641,2
"Existing Customer","F",38,"Unknown","Blue",12621,912,0.072,11709,3
"Attrited Customer","M",40,"$40K - $60K","Blue",2313,0,0,2313,3
"Existing Customer","F",53,"Less than $40K","Blue",1438.3,1183,0.822,255.3,1
"Existing Customer","F",44,"Less than $40K","Blue",1791,1314,0.734,477,3
"Existing Customer","F",52,"Less than $40K","Blue",2300,1598,0.695,702,3
"Existing Customer","F",42,"Less than $40K","Blue",2526,2048,0.811,478,2
"Attrited Customer","F",42,"$40K - $60K","Blue",2918,0,0,2918,3
"Existing Customer","F",53,"Unknown","Blue",6074,0,0,6074,2
"Existing Customer","M",45,"$60K - $80K","Blue",4995,1766,0.354,3229,1
"Existing Customer","M",34,"$40K - $60K","Blue",3323,1062,0.32,2261,2
"Existing Customer","F",56,"Less than $40K","Blue",2464,1794,0.728,670,1
"Existing Customer","F",34,"Less than $40K","Blue",2730,0,0,2730,1
"Existing Customer","F",35,"Unknown","Blue",1438.3,966,0.672,472.3,3
"Attrited Customer","M",43,"$80K - $120K","Blue",4617,1035,0.224,3582,4
"Existing Customer","M",50,"$120K +","Blue",8220,1015,0.123,7205,2
"Existing Customer","F",40,"Less than $40K","Blue",5716,623,0.109,5093,3
"Existing Customer","F",49,"Less than $40K","Blue",1635,1220,0.746,415,3
"Existing Customer","F",52,"$40K - $60K","Blue",4259,0,0,4259,2
"Attrited Customer","M",40,"$60K - $80K","Blue",5869,0,0,5869,3
"Attrited Customer","F",56,"Less than $40K","Blue",2272,1350,0.594,922,3
"Existing Customer","F",49,"Less than $40K","Blue",2598,1848,0.711,750,2
"Existing Customer","M",50,"$60K - $80K","Blue",10762,703,0.065,10059,1
"Existing Customer","M",39,"$60K - $80K","Blue",1982,1751,0.883,231,3
"Existing Customer","F",33,"Unknown","Blue",4651,2499,0.537,2152,3
"Attrited Customer","F",52,"Less than $40K","Blue",2437,0,0,2437,3
"Existing Customer","F",42,"Less than $40K","Blue",2563,1579,0.616,984,2
"Attrited Customer","M",49,"$80K - $120K","Blue",4576,193,0.042,4383,2
"Existing Customer","F",44,"$40K - $60K","Blue",2245,1342,0.598,903,3
"Attrited Customer","F",39,"$40K - $60K","Blue",1776,0,0,1776,2
"Existing Customer","F",45,"Less than $40K","Blue",2911,1471,0.505,1440,2
"Existing Customer","M",47,"$60K - $80K","Blue",2257,896,0.397,1361,2
"Existing Customer","M",62,"Unknown","Blue",18457,2248,0.122,16209,1
"Attrited Customer","M",46,"$60K - $80K","Blue",1681,0,0,1681,2
"Existing Customer","F",52,"Unknown","Blue",1461,0,0,1461,1
"Attrited Customer","F",48,"Less than $40K","Blue",2363,978,0.414,1385,2
"Existing Customer","F",49,"Less than $40K","Blue",1438.3,863,0.6,575.3,3
"Existing Customer","F",42,"Unknown","Blue",1840,1267,0.689,573,2
"Existing Customer","F",49,"$40K - $60K","Blue",7382,1326,0.18,6056,2
"Existing Customer","M",51,"$80K - $120K","Blue",3861,622,0.161,3239,3
"Existing Customer","F",53,"Less than $40K","Blue",1562,751,0.481,811,1
"Existing Customer","F",49,"$40K - $60K","Blue",3088,1477,0.478,1611,1
"Existing Customer","F",55,"Less than $40K","Blue",1438.3,0,0,1438.3,2
"Existing Customer","F",46,"$40K - $60K","Blue",2168,1704,0.786,464,3
"Existing Customer","F",34,"$40K - $60K","Blue",2432,851,0.35,1581,1
"Existing Customer","M",44,"$40K - $60K","Blue",2197,0,0,2197,1
"Existing Customer","M",39,"$80K - $120K","Blue",10009,1604,0.16,8405,3
"Existing Customer","F",47,"$40K - $60K","Blue",3979,1319,0.331,2660,1
"Existing Customer","F",49,"Less than $40K","Blue",2189,1860,0.85,329,1
"Existing Customer","F",46,"Unknown","Blue",8243,927,0.112,7316,2
"Existing Customer","M",42,"$80K - $120K","Blue",11946,1172,0.098,10774,2
"Existing Customer","F",31,"Less than $40K","Blue",2239,1256,0.561,983,2
"Existing Customer","F",48,"Unknown","Blue",4025,0,0,4025,1
"Existing Customer","F",52,"Less than $40K","Blue",1663,0,0,1663,1
"Existing Customer","F",39,"$40K - $60K","Blue",3649,929,0.255,2720,1
"Existing Customer","F",43,"Less than $40K","Blue",1438.3,0,0,1438.3,3
"Existing Customer","F",57,"Less than $40K","Blue",2894,0,0,2894,1
"Existing Customer","M",46,"$60K - $80K","Blue",1621,787,0.486,834,2
"Existing Customer","F",45,"Less than $40K","Blue",2740,1786,0.652,954,3
"Existing Customer","F",45,"$40K - $60K","Blue",5562,1556,0.28,4006,2
"Attrited Customer","F",41,"Unknown","Blue",13733,0,0,13733,3
"Existing Customer","F",46,"Less than $40K","Blue",2374,1332,0.561,1042,2
"Existing Customer","F",51,"Less than $40K","Blue",2267,1357,0.599,910,2
"Existing Customer","F",48,"Unknown","Blue",6130,1741,0.284,4389,1
"Attrited Customer","M",37,"$120K +","Blue",7361,0,0,7361,2
"Attrited Customer","F",41,"Less than $40K","Blue",1569,257,0.164,1312,3
"Existing Customer","M",47,"$80K - $120K","Blue",1626,1013,0.623,613,1
"Existing Customer","F",35,"Less than $40K","Blue",2158,1299,0.602,859,1
"Existing Customer","M",43,"$60K - $80K","Blue",2283,1470,0.644,813,3
"Existing Customer","F",57,"$40K - $60K","Blue",2542,1884,0.741,658,1
"Existing Customer","F",30,"Less than $40K","Blue",1438.3,0,0,1438.3,2
"Existing Customer","M",47,"$40K - $60K","Blue",2335,1373,0.588,962,3
"Existing Customer","M",34,"$60K - $80K","Blue",2033,1832,0.901,201,1
"Existing Customer","F",41,"Unknown","Blue",4739,1878,0.396,2861,6
"Existing Customer","M",36,"$80K - $120K","Blue",5821,764,0.131,5057,2
"Existing Customer","F",47,"Less than $40K","Blue",2182,1566,0.718,616,3
"Existing Customer","F",53,"Less than $40K","Blue",3319,913,0.275,2406,4
"Existing Customer","F",52,"Less than $40K","Blue",3021,1530,0.506,1491,3
"Existing Customer","M",49,"$80K - $120K","Blue",29219,0,0,29219,2
"Existing Customer","F",52,"Less than $40K","Blue",1438.3,869,0.604,569.3,2
"Attrited Customer","F",48,"Unknown","Blue",4431,2517,0.568,1914,3
"Existing Customer","F",46,"Unknown","Blue",3131,0,0,3131,5
"Existing Customer","F",26,"Less than $40K","Blue",1486,0,0,1486,1
"Existing Customer","F",40,"Unknown","Blue",6384,2034,0.319,4350,3
"Existing Customer","F",39,"Less than $40K","Blue",2077,0,0,2077,3
"Existing Customer","F",40,"$40K - $60K","Blue",1956,958,0.49,998,1
"Attrited Customer","M",51,"$80K - $120K","Blue",24462,946,0.039,23516,3
"Existing Customer","F",43,"Less than $40K","Blue",2725,2517,0.924,208,2
"Existing Customer","F",46,"$40K - $60K","Blue",1474,843,0.572,631,3
"Existing Customer","M",46,"$120K +","Blue",9880,1792,0.181,8088,3
"Existing Customer","M",58,"$60K - $80K","Blue",2467,1176,0.477,1291,2
"Existing Customer","M",46,"$60K - $80K","Blue",5397,2336,0.433,3061,2
"Existing Customer","M",50,"$80K - $120K","Blue",3370,1133,0.336,2237,3
"Attrited Customer","F",37,"Unknown","Blue",11239,0,0,11239,2
"Existing Customer","F",55,"$40K - $60K","Blue",2240,1231,0.55,1009,1
"Existing Customer","F",52,"Unknown","Blue",2737,1719,0.628,1018,1
"Existing Customer","F",48,"Less than $40K","Blue",4170,1384,0.332,2786,4
"Existing Customer","M",46,"$60K - $80K","Blue",21839,960,0.044,20879,3
"Existing Customer","F",49,"Less than $40K","Blue",1991,0,0,1991,3
"Existing Customer","M",55,"$120K +","Blue",29795,2364,0.079,27431,2
"Existing Customer","F",52,"$40K - $60K","Blue",1438.3,635,0.441,803.3,2
"Existing Customer","F",44,"Unknown","Blue",24221,1274,0.053,22947,3
"Existing Customer","M",42,"$60K - $80K","Blue",2131,1288,0.604,843,1
"Existing Customer","F",41,"Less than $40K","Blue",2787,2053,0.737,734,2
"Existing Customer","F",48,"Less than $40K","Blue",1438.3,0,0,1438.3,3
"Attrited Customer","F",42,"Unknown","Blue",2712,0,0,2712,3
"Existing Customer","F",43,"Less than $40K","Blue",2605,2269,0.871,336,2
"Existing Customer","M",42,"$60K - $80K","Blue",5169,2296,0.444,2873,2
"Existing Customer","M",49,"$80K - $120K","Blue",4694,0,0,4694,3
"Existing Customer","F",50,"Less than $40K","Blue",1848,501,0.271,1347,3
"Existing Customer","M",43,"$60K - $80K","Blue",6039,1759,0.291,4280,1
"Existing Customer","M",54,"$120K +","Blue",5256,889,0.169,4367,2
"Existing Customer","F",48,"Less than $40K","Blue",1708,1059,0.62,649,2
"Existing Customer","F",57,"Less than $40K","Blue",1629,1185,0.727,444,3
"Existing Customer","M",54,"$60K - $80K","Blue",20401,0,0,20401,1
"Existing Customer","M",56,"$120K +","Blue",3296,1435,0.435,1861,3
"Existing Customer","M",48,"$120K +","Blue",8956,1279,0.143,7677,1
"Existing Customer","F",49,"Less than $40K","Blue",1438.3,786,0.546,652.3,3
"Existing Customer","F",46,"Less than $40K","Blue",2671,1713,0.641,958,2
"Existing Customer","F",58,"Less than $40K","Blue",2493,1566,0.628,927,3
"Existing Customer","F",59,"Less than $40K","Blue",2687,2452,0.913,235,3
"Existing Customer","F",37,"$40K - $60K","Blue",2208,1559,0.706,649,2
"Attrited Customer","F",38,"Less than $40K","Blue",4196,731,0.174,3465,3
"Existing Customer","F",47,"Unknown","Blue",12581,1235,0.098,11346,2
"Existing Customer","M",41,"$80K - $120K","Blue",17890,2517,0.141,15373,2
"Existing Customer","F",48,"Less than $40K","Blue",1930,0,0,1930,6
"Existing Customer","F",36,"Unknown","Blue",8513,0,0,8513,3
"Existing Customer","M",40,"$80K - $120K","Blue",9599,2356,0.245,7243,3
"Existing Customer","M",38,"$80K - $120K","Blue",3192,2517,0.789,675,2
"Existing Customer","F",43,"Unknown","Blue",2778,2517,0.906,261,5
"Attrited Customer","F",61,"Unknown","Blue",3293,0,0,3293,2
"Existing Customer","F",48,"$40K - $60K","Blue",7268,0,0,7268,4
"Existing Customer","F",43,"Less than $40K","Blue",1721,729,0.424,992,3
"Existing Customer","M",38,"$80K - $120K","Blue",3976,1667,0.419,2309,3
"Existing Customer","F",52,"Less than $40K","Blue",1954,808,0.414,1146,2
"Existing Customer","M",44,"$120K +","Blue",12725,1759,0.138,10966,2
"Existing Customer","F",40,"Unknown","Blue",2690,1935,0.719,755,3
"Existing Customer","F",48,"$40K - $60K","Blue",2926,716,0.245,2210,3
"Existing Customer","M",46,"$80K - $120K","Blue",2371,1748,0.737,623,1
"Existing Customer","F",44,"Unknown","Blue",7751,1965,0.254,5786,1
"Attrited Customer","F",42,"Less than $40K","Blue",1601,0,0,1601,3
"Attrited Customer","F",34,"Less than $40K","Blue",2401,496,0.207,1905,3
"Attrited Customer","M",39,"$60K - $80K","Blue",2187,0,0,2187,3
"Existing Customer","F",57,"Unknown","Blue",4661,1734,0.372,2927,2
"Existing Customer","F",40,"Unknown","Blue",8494,2023,0.238,6471,3
"Existing Customer","M",36,"$80K - $120K","Blue",2262,1450,0.641,812,3
"Existing Customer","F",43,"Less than $40K","Blue",2525,1595,0.632,930,1
"Existing Customer","F",38,"Less than $40K","Blue",2450,1981,0.809,469,3
"Existing Customer","F",36,"Unknown","Blue",3926,1760,0.448,2166,3
"Attrited Customer","F",40,"Less than $40K","Blue",1438.3,0,0,1438.3,2
"Existing Customer","F",51,"Unknown","Blue",4789,2203,0.46,2586,2
"Existing Customer","F",41,"Less than $40K","Blue",2864,1928,0.673,936,3
"Existing Customer","F",43,"Unknown","Blue",4607,2440,0.53,2167,6
"Existing Customer","F",43,"Less than $40K","Blue",1971,979,0.497,992,3
"Attrited Customer","F",53,"Less than $40K","Blue",1473,0,0,1473,3
"Existing Customer","F",55,"$40K - $60K","Blue",3187,1437,0.451,1750,1
"Existing Customer","F",38,"Less than $40K","Blue",5589,0,0,5589,2
"Existing Customer","F",42,"Less than $40K","Blue",2346,1373,0.585,973,1
"Existing Customer","F",34,"Less than $40K","Blue",1438.3,0,0,1438.3,2
"Existing Customer","F",40,"Less than $40K","Blue",1826,944,0.517,882,1
"Attrited Customer","F",40,"$40K - $60K","Blue",2208,0,0,2208,2
"Existing Customer","F",35,"Less than $40K","Blue",1476,0,0,1476,3
"Existing Customer","F",51,"Less than $40K","Blue",2927,1499,0.512,1428,3
"Existing Customer","M",53,"$80K - $120K","Blue",4778,1869,0.391,2909,2
"Existing Customer","F",43,"Less than $40K","Blue",1438.3,743,0.517,695.3,2
"Existing Customer","F",46,"$40K - $60K","Silver",16239,1487,0.092,14752,3
"Existing Customer","M",37,"$120K +","Blue",11726,1925,0.164,9801,2
"Existing Customer","F",47,"Unknown","Blue",1438.3,0,0,1438.3,2
"Existing Customer","F",45,"Less than $40K","Blue",2647,1288,0.487,1359,1
"Existing Customer","F",50,"Unknown","Blue",2492,1410,0.566,1082,3
"Existing Customer","F",46,"Unknown","Blue",2418,1106,0.457,1312,3
"Existing Customer","M",50,"$120K +","Blue",17827,0,0,17827,3
"Existing Customer","F",49,"$40K - $60K","Blue",1438.3,0,0,1438.3,2
"Existing Customer","F",54,"Less than $40K","Blue",1764,0,0,1764,3
"Existing Customer","F",47,"Less than $40K","Blue",1776,1519,0.855,257,2
"Existing Customer","M",46,"$120K +","Blue",1438.3,0,0,1438.3,3
"Existing Customer","F",47,"Unknown","Blue",1491,0,0,1491,2
"Existing Customer","F",46,"Less than $40K","Blue",2552,1879,0.736,673,1
"Existing Customer","F",42,"Less than $40K","Blue",2996,1992,0.665,1004,1
"Existing Customer","F",44,"$40K - $60K","Blue",1701,775,0.456,926,1
"Existing Customer","F",53,"Unknown","Blue",3998,0,0,3998,3
"Existing Customer","F",46,"Less than $40K","Blue",3025,2491,0.823,534,3
"Attrited Customer","F",48,"Less than $40K","Blue",3251,2517,0.774,734,1
"Existing Customer","M",51,"$60K - $80K","Blue",3031,1787,0.59,1244,1
"Existing Customer","M",57,"$60K - $80K","Silver",33211,0,0,33211,2
"Attrited Customer","F",59,"Less than $40K","Blue",1863,1853,0.995,10,3
"Existing Customer","F",35,"Less than $40K","Blue",2691,1935,0.719,756,1
"Existing Customer","F",45,"Less than $40K","Blue",2288,1249,0.546,1039,3
"Attrited Customer","F",42,"Less than $40K","Blue",3413,0,0,3413,3
"Existing Customer","M",40,"$40K - $60K","Silver",15471,1291,0.083,14180,2
"Existing Customer","F",40,"Less than $40K","Blue",2038,793,0.389,1245,1
"Existing Customer","F",47,"Less than $40K","Blue",1953,1089,0.558,864,2
"Attrited Customer","F",43,"$40K - $60K","Blue",4430,2203,0.497,2227,2
"Existing Customer","F",44,"Less than $40K","Blue",3398,2415,0.711,983,3
"Existing Customer","F",48,"Unknown","Blue",2021,1186,0.587,835,3
"Existing Customer","F",53,"Less than $40K","Blue",2329,2290,0.983,39,1
"Attrited Customer","F",34,"Less than $40K","Blue",1696,0,0,1696,3
"Existing Customer","F",52,"Unknown","Blue",4222,0,0,4222,1
"Attrited Customer","M",45,"$80K - $120K","Blue",6614,1881,0.284,4733,2
"Attrited Customer","F",42,"Less than $40K","Blue",3241,0,0,3241,3
"Attrited Customer","F",48,"Less than $40K","Blue",4204,0,0,4204,3
"Existing Customer","F",34,"Less than $40K","Blue",3234,971,0.3,2263,2
"Attrited Customer","F",40,"$40K - $60K","Blue",2473,2332,0.943,141,3
"Attrited Customer","M",42,"$60K - $80K","Blue",4836,493,0.102,4343,3
"Existing Customer","F",55,"Less than $40K","Blue",1438.3,0,0,1438.3,1
"Existing Customer","F",44,"Less than $40K","Blue",1438.3,541,0.376,897.3,3
"Attrited Customer","M",45,"Less than $40K","Blue",1438.3,1060,0.737,378.3,2
"Existing Customer","F",57,"Less than $40K","Silver",12675,2422,0.191,10253,1
"Attrited Customer","F",44,"Less than $40K","Blue",2228,0,0,2228,3
"Existing Customer","F",40,"Less than $40K","Blue",2813,2208,0.785,605,2
"Existing Customer","F",42,"Less than $40K","Blue",3223,0,0,3223,3
"Existing Customer","F",55,"$40K - $60K","Blue",2653,0,0,2653,3
"Attrited Customer","F",45,"Less than $40K","Blue",2745,2463,0.897,282,3
"Existing Customer","M",40,"$120K +","Blue",34516,0,0,34516,2
"Existing Customer","F",52,"Less than $40K","Blue",2516,1486,0.591,1030,3
"Existing Customer","F",46,"Less than $40K","Blue",1870,1785,0.955,85,3
"Existing Customer","F",56,"Unknown","Blue",3934,2517,0.64,1417,3
"Existing Customer","F",49,"Less than $40K","Blue",3038,2133,0.702,905,3
"Existing Customer","F",53,"Less than $40K","Blue",1982,1276,0.644,706,2
"Attrited Customer","F",31,"Unknown","Blue",1623,0,0,1623,2
"Existing Customer","M",55,"$120K +","Blue",3088,1743,0.564,1345,2
"Existing Customer","F",44,"Unknown","Blue",8064,2417,0.3,5647,3
"Attrited Customer","F",56,"Unknown","Blue",10016,1872,0.187,8144,3
"Existing Customer","F",54,"Unknown","Blue",4523,1841,0.407,2682,3
"Existing Customer","F",53,"Less than $40K","Blue",1944,1140,0.586,804,2
"Existing Customer","F",46,"Unknown","Blue",6083,1716,0.282,4367,2
"Existing Customer","F",38,"Unknown","Blue",2425,1396,0.576,1029,2
"Existing Customer","F",56,"$40K - $60K","Blue",2607,1702,0.653,905,2
"Existing Customer","F",53,"Less than $40K","Blue",1953,1215,0.622,738,2
"Existing Customer","M",41,"$60K - $80K","Blue",5813,1614,0.278,4199,3
"Existing Customer","F",43,"Less than $40K","Blue",1438.3,0,0,1438.3,3
"Attrited Customer","F",41,"$40K - $60K","Blue",1588,0,0,1588,2
"Existing Customer","F",62,"Less than $40K","Blue",3749,1980,0.528,1769,2
"Existing Customer","F",42,"$40K - $60K","Blue",3734,2517,0.674,1217,3
"Existing Customer","F",56,"Unknown","Blue",1796,1243,0.692,553,1
"Attrited Customer","F",45,"Less than $40K","Blue",3223,243,0.075,2980,3
"Existing Customer","F",33,"$40K - $60K","Blue",2748,1867,0.679,881,2
"Existing Customer","F",57,"Less than $40K","Blue",2448,0,0,2448,1
"Existing Customer","F",49,"Less than $40K","Blue",2548,1998,0.784,550,1
"Existing Customer","F",46,"Less than $40K","Blue",1489,949,0.637,540,1
"Attrited Customer","F",38,"Unknown","Blue",8953,0,0,8953,3
"Attrited Customer","F",50,"Unknown","Blue",3187,986,0.309,2201,3
"Existing Customer","F",51,"Less than $40K","Blue",1757,0,0,1757,1
"Existing Customer","M",52,"$60K - $80K","Blue",2597,1740,0.67,857,3
"Existing Customer","F",45,"Unknown","Blue",5999,658,0.11,5341,3
"Existing Customer","F",56,"Less than $40K","Blue",3617,878,0.243,2739,2
"Existing Customer","F",56,"Less than $40K","Blue",3219,2114,0.657,1105,3
"Attrited Customer","M",41,"$80K - $120K","Blue",19782,868,0.044,18914,3
"Existing Customer","F",51,"Less than $40K","Blue",2522,1898,0.753,624,3
"Existing Customer","F",43,"Less than $40K","Blue",3327,2517,0.757,810,1
"Existing Customer","F",42,"Unknown","Blue",4708,0,0,4708,5
"Existing Customer","F",48,"Less than $40K","Blue",3745,2517,0.672,1228,3
"Attrited Customer","M",53,"$80K - $120K","Blue",11561,2189,0.189,9372,3
"Attrited Customer","F",44,"Unknown","Blue",8477,2517,0.297,5960,3
"Existing Customer","F",59,"Less than $40K","Blue",2120,1411,0.666,709,2
"Existing Customer","F",45,"Less than $40K","Blue",2867,1209,0.422,1658,3
"Existing Customer","F",45,"$40K - $60K","Blue",2293,1304,0.569,989,3
"Existing Customer","M",51,"$120K +","Blue",8671,590,0.068,8081,1
"Existing Customer","F",49,"Unknown","Silver",34516,1163,0.034,33353,3
"Existing Customer","F",43,"Unknown","Blue",2679,1694,0.632,985,3
"Existing Customer","M",38,"$80K - $120K","Blue",3224,0,0,3224,2
"Existing Customer","F",45,"Unknown","Blue",1438.3,745,0.518,693.3,2
"Existing Customer","M",54,"$80K - $120K","Blue",7773,2465,0.317,5308,3
"Attrited Customer","F",44,"Unknown","Blue",8075,317,0.039,7758,3
"Existing Customer","F",57,"Unknown","Blue",3052,1603,0.525,1449,1
"Existing Customer","M",51,"$120K +","Blue",7932,2140,0.27,5792,1
"Existing Customer","M",48,"$40K - $60K","Blue",1753,1434,0.818,319,2
"Existing Customer","F",48,"Less than $40K","Blue",5814,1176,0.202,4638,1
"Existing Customer","F",53,"$40K - $60K","Blue",1989,1003,0.504,986,2
"Existing Customer","F",55,"$40K - $60K","Blue",1843,1520,0.825,323,3
"Existing Customer","F",52,"Unknown","Blue",1438.3,1228,0.854,210.3,2
"Existing Customer","F",34,"$40K - $60K","Blue",2991,1830,0.612,1161,3
"Existing Customer","M",43,"$60K - $80K","Blue",9560,0,0,9560,3
"Attrited Customer","F",44,"Less than $40K","Blue",2616,2505,0.958,111,2
"Attrited Customer","F",54,"Less than $40K","Blue",2939,2152,0.732,787,2
"Existing Customer","F",49,"Unknown","Blue",3085,966,0.313,2119,3
"Existing Customer","M",49,"$80K - $120K","Blue",5275,1490,0.282,3785,3
"Existing Customer","M",41,"$60K - $80K","Blue",1950,1618,0.83,332,1
"Existing Customer","F",43,"Unknown","Blue",2341,1818,0.777,523,3
"Existing Customer","F",40,"Less than $40K","Blue",3758,2047,0.545,1711,3
"Existing Customer","M",54,"$80K - $120K","Blue",1621,618,0.381,1003,3
"Existing Customer","F",50,"$40K - $60K","Blue",10946,1912,0.175,9034,1
"Existing Customer","F",56,"Less than $40K","Blue",3422,2517,0.736,905,1
"Existing Customer","F",39,"Less than $40K","Blue",3108,778,0.25,2330,1
"Attrited Customer","F",33,"Less than $40K","Blue",3202,0,0,3202,2
"Existing Customer","F",43,"Less than $40K","Blue",1855,907,0.489,948,1
"Existing Customer","F",47,"$40K - $60K","Blue",2155,1119,0.519,1036,1
"Existing Customer","F",42,"Less than $40K","Blue",4150,2517,0.607,1633,3
"Existing Customer","M",45,"$80K - $120K","Blue",2226,1229,0.552,997,2
"Existing Customer","F",48,"$40K - $60K","Blue",1610,0,0,1610,2
"Existing Customer","F",53,"Unknown","Blue",2046,1260,0.616,786,2
"Attrited Customer","F",52,"Less than $40K","Blue",1795,0,0,1795,3
"Existing Customer","F",42,"Less than $40K","Blue",1531,987,0.645,544,2
"Existing Customer","F",53,"Less than $40K","Blue",1472,1196,0.812,276,2
"Existing Customer","F",50,"Less than $40K","Blue",1438.3,0,0,1438.3,2
"Existing Customer","F",37,"$40K - $60K","Blue",2886,2198,0.762,688,3
"Existing Customer","F",39,"Less than $40K","Silver",10024,913,0.091,9111,3
"Attrited Customer","F",52,"Less than $40K","Blue",1760,0,0,1760,4
"Existing Customer","F",38,"Less than $40K","Blue",1461,0,0,1461,1
"Attrited Customer","F",51,"$40K - $60K","Blue",8840,1794,0.203,7046,3
"Existing Customer","F",38,"$40K - $60K","Blue",4468,2395,0.536,2073,1
"Existing Customer","M",42,"$60K - $80K","Blue",2516,1360,0.541,1156,3
"Attrited Customer","F",35,"Less than $40K","Blue",1555,872,0.561,683,2
"Existing Customer","M",57,"$80K - $120K","Blue",1438.3,641,0.446,797.3,1
"Attrited Customer","M",42,"$120K +","Blue",5195,468,0.09,4727,3
"Existing Customer","M",57,"$120K +","Blue",17268,1197,0.069,16071,2
"Attrited Customer","M",37,"Unknown","Blue",1649,0,0,1649,2
"Existing Customer","F",57,"Less than $40K","Blue",1609,0,0,1609,2
"Existing Customer","F",43,"Less than $40K","Blue",3342,2517,0.753,825,2
"Existing Customer","M",63,"Less than $40K","Blue",6973,2517,0.361,4456,1
"Attrited Customer","M",43,"$120K +","Blue",17228,1331,0.077,15897,2
"Existing Customer","M",48,"$40K - $60K","Blue",1898,0,0,1898,2
"Existing Customer","F",46,"Less than $40K","Blue",1438.3,0,0,1438.3,2
"Existing Customer","F",40,"Unknown","Blue",2321,1190,0.513,1131,3
"Existing Customer","M",52,"$60K - $80K","Blue",8185,941,0.115,7244,3
"Existing Customer","M",53,"$60K - $80K","Blue",3096,0,0,3096,3
"Existing Customer","F",57,"Less than $40K","Blue",2129,1139,0.535,990,3
"Existing Customer","F",50,"Less than $40K","Blue",2615,1404,0.537,1211,2
"Attrited Customer","F",46,"$40K - $60K","Blue",3157,965,0.306,2192,3
"Attrited Customer","F",36,"Less than $40K","Blue",1707,0,0,1707,2
"Existing Customer","F",49,"Less than $40K","Blue",1838,0,0,1838,3
"Existing Customer","F",38,"Less than $40K","Blue",5523,2517,0.456,3006,1
"Attrited Customer","F",40,"Less than $40K","Blue",3021,0,0,3021,2
"Existing Customer","F",44,"Less than $40K","Blue",7317,1540,0.21,5777,1
"Existing Customer","F",59,"Less than $40K","Blue",5218,1907,0.365,3311,6
"Existing Customer","F",53,"Less than $40K","Blue",1438.3,0,0,1438.3,1
"Existing Customer","M",54,"$80K - $120K","Blue",11114,2482,0.223,8632,3
"Existing Customer","M",51,"$80K - $120K","Blue",10648,2517,0.236,8131,2
"Existing Customer","F",45,"Less than $40K","Blue",2976,2372,0.797,604,3
"Attrited Customer","F",52,"Less than $40K","Blue",6629,2517,0.38,4112,3
"Existing Customer","F",42,"Less than $40K","Blue",2812,2238,0.796,574,1
"Existing Customer","M",48,"$80K - $120K","Blue",10761,1722,0.16,9039,1
"Existing Customer","F",40,"Less than $40K","Blue",1968,1781,0.905,187,3
"Existing Customer","M",55,"Less than $40K","Blue",3897,1247,0.32,2650,2
"Existing Customer","M",45,"$40K - $60K","Blue",4721,1289,0.273,3432,2
"Existing Customer","M",40,"$80K - $120K","Silver",34516,2052,0.059,32464,1
"Existing Customer","F",33,"Less than $40K","Blue",2831,1167,0.412,1664,1
"Existing Customer","F",57,"Unknown","Blue",2312,1789,0.774,523,4
"Existing Customer","M",51,"$80K - $120K","Blue",8924,0,0,8924,1
"Attrited Customer","F",58,"Less than $40K","Blue",1508,0,0,1508,2
"Existing Customer","F",53,"Less than $40K","Blue",1438.3,630,0.438,808.3,3
"Existing Customer","M",46,"$80K - $120K","Blue",21350,1724,0.081,19626,1
"Attrited Customer","F",57,"Unknown","Blue",1438.3,0,0,1438.3,5
"Existing Customer","F",52,"Unknown","Blue",10431,2163,0.207,8268,3
"Existing Customer","M",40,"$40K - $60K","Blue",1438.3,0,0,1438.3,1
"Existing Customer","F",37,"Unknown","Blue",2346,1621,0.691,725,2
"Attrited Customer","F",47,"Less than $40K","Blue",1438.3,0,0,1438.3,3
"Attrited Customer","F",38,"Less than $40K","Blue",2369,0,0,2369,3
"Existing Customer","F",42,"Less than $40K","Blue",3659,0,0,3659,1
"Existing Customer","F",38,"Less than $40K","Blue",2153,1392,0.647,761,5
"Existing Customer","F",47,"Less than $40K","Blue",9430,0,0,9430,3
"Existing Customer","M",45,"$80K - $120K","Silver",34516,1495,0.043,33021,2
"Existing Customer","F",44,"$40K - $60K","Blue",3897,2296,0.589,1601,3
"Existing Customer","M",47,"$80K - $120K","Blue",11671,1304,0.112,10367,1
"Existing Customer","M",48,"$60K - $80K","Blue",11367,1999,0.176,9368,3
"Existing Customer","F",42,"$40K - $60K","Blue",2575,2136,0.83,439,1
"Existing Customer","F",42,"$40K - $60K","Blue",3433,1869,0.544,1564,1
"Existing Customer","M",44,"$60K - $80K","Blue",7317,959,0.131,6358,2
"Existing Customer","F",46,"Less than $40K","Blue",4416,1333,0.302,3083,2
"Existing Customer","M",39,"$60K - $80K","Blue",1715,0,0,1715,2
"Existing Customer","F",57,"$40K - $60K","Blue",3667,809,0.221,2858,3
"Attrited Customer","F",54,"Unknown","Blue",1874,0,0,1874,3
"Existing Customer","F",50,"Less than $40K","Blue",1438.3,491,0.341,947.3,1
"Existing Customer","F",56,"Less than $40K","Blue",1579,768,0.486,811,2
"Existing Customer","F",54,"$40K - $60K","Blue",1626,0,0,1626,1
"Existing Customer","F",50,"Less than $40K","Blue",1596,1185,0.742,411,2
"Existing Customer","F",56,"$40K - $60K","Blue",2604,1395,0.536,1209,2
"Existing Customer","F",61,"Unknown","Blue",3359,1405,0.418,1954,3
"Existing Customer","F",38,"$40K - $60K","Blue",2363,2033,0.86,330,3
"Existing Customer","F",55,"Less than $40K","Blue",4978,923,0.185,4055,2
"Existing Customer","M",38,"$80K - $120K","Blue",2155,1290,0.599,865,3
"Attrited Customer","F",38,"$40K - $60K","Blue",4047,0,0,4047,3
"Attrited Customer","F",47,"Unknown","Blue",4345,2176,0.501,2169,5
"Existing Customer","M",55,"$80K - $120K","Blue",1854,794,0.428,1060,3
"Existing Customer","M",50,"$80K - $120K","Blue",5384,1396,0.259,3988,3
"Existing Customer","F",48,"Less than $40K","Blue",1438.3,965,0.671,473.3,3
"Existing Customer","F",33,"Less than $40K","Blue",5141,1737,0.338,3404,2
"Existing Customer","M",44,"$120K +","Blue",3977,1325,0.333,2652,2
"Existing Customer","M",52,"$120K +","Blue",2507,1259,0.502,1248,2
"Existing Customer","F",46,"Less than $40K","Blue",7199,1235,0.172,5964,3
"Existing Customer","M",41,"$60K - $80K","Blue",3786,1171,0.309,2615,2
"Existing Customer","F",50,"Less than $40K","Silver",13384,0,0,13384,3
"Attrited Customer","M",39,"$120K +","Blue",1726,1476,0.855,250,3
"Existing Customer","F",42,"Less than $40K","Blue",2873,2517,0.876,356,1
"Existing Customer","F",33,"Less than $40K","Blue",1438.3,0,0,1438.3,3
"Attrited Customer","F",44,"Less than $40K","Blue",1751,0,0,1751,3
"Existing Customer","F",42,"$40K - $60K","Blue",7434,0,0,7434,1
"Existing Customer","F",52,"Less than $40K","Blue",1438.3,787,0.547,651.3,3
"Existing Customer","F",59,"Less than $40K","Blue",1438.3,0,0,1438.3,1
"Existing Customer","F",45,"$40K - $60K","Blue",2032,1195,0.588,837,1
"Existing Customer","M",61,"Unknown","Blue",6959,945,0.136,6014,3
"Attrited Customer","F",43,"Less than $40K","Blue",8203,0,0,8203,3
"Attrited Customer","M",59,"$120K +","Blue",4789,357,0.075,4432,4
"Attrited Customer","M",46,"$40K - $60K","Blue",2979,0,0,2979,2
"Attrited Customer","F",40,"Less than $40K","Blue",2391,0,0,2391,3
"Existing Customer","F",63,"Less than $40K","Blue",7264,851,0.117,6413,2
"Existing Customer","F",45,"Unknown","Blue",4348,1830,0.421,2518,2
"Existing Customer","F",49,"Less than $40K","Blue",3002,1446,0.482,1556,2
"Existing Customer","M",42,"$60K - $80K","Blue",4162,1641,0.394,2521,2
"Existing Customer","F",46,"Less than $40K","Blue",2762,1793,0.649,969,3
"Attrited Customer","F",42,"$40K - $60K","Blue",2705,2430,0.898,275,3
"Existing Customer","M",53,"$120K +","Blue",3742,1454,0.389,2288,2
"Existing Customer","F",60,"Less than $40K","Blue",1671,1047,0.627,624,2
"Existing Customer","F",55,"Less than $40K","Blue",3282,2262,0.689,1020,3
"Existing Customer","F",50,"Less than $40K","Blue",1529,710,0.464,819,3
"Existing Customer","F",34,"Less than $40K","Blue",2509,1897,0.756,612,3
"Attrited Customer","F",54,"$40K - $60K","Blue",2471,0,0,2471,3
"Existing Customer","F",42,"Unknown","Blue",9749,859,0.088,8890,3
"Existing Customer","F",48,"Less than $40K","Blue",1438.3,0,0,1438.3,2
"Existing Customer","M",46,"$120K +","Blue",4916,1122,0.228,3794,2
"Existing Customer","F",47,"Less than $40K","Blue",2291,1419,0.619,872,6
"Existing Customer","F",42,"$40K - $60K","Blue",1528,820,0.537,708,2
"Existing Customer","F",52,"Unknown","Blue",8279,1582,0.191,6697,2
"Existing Customer","M",45,"$60K - $80K","Blue",5945,2015,0.339,3930,2
"Existing Customer","F",44,"Less than $40K","Blue",1438.3,0,0,1438.3,2
"Attrited Customer","F",54,"Less than $40K","Blue",1857,0,0,1857,3
"Existing Customer","M",42,"$60K - $80K","Blue",3086,0,0,3086,2
"Existing Customer","F",54,"Less than $40K","Blue",2598,1343,0.517,1255,1
"Existing Customer","F",38,"$40K - $60K","Blue",5559,1600,0.288,3959,1
"Existing Customer","M",51,"$80K - $120K","Blue",7562,1080,0.143,6482,1
"Existing Customer","F",41,"Less than $40K","Blue",4662,0,0,4662,1
"Existing Customer","F",52,"Less than $40K","Blue",2904,2517,0.867,387,2
"Existing Customer","F",42,"Less than $40K","Blue",2676,1962,0.733,714,1
"Existing Customer","F",46,"Unknown","Blue",5798,680,0.117,5118,1
"Existing Customer","F",46,"Less than $40K","Blue",2665,2157,0.809,508,3
"Existing Customer","F",55,"$40K - $60K","Blue",2343,1780,0.76,563,3
"Existing Customer","F",29,"Less than $40K","Blue",2763,1879,0.68,884,1
"Existing Customer","F",62,"Unknown","Blue",10503,0,0,10503,2
"Existing Customer","F",47,"Less than $40K","Blue",2780,2216,0.797,564,3
"Attrited Customer","F",47,"Less than $40K","Blue",2234,2024,0.906,210,2
"Attrited Customer","F",35,"Less than $40K","Blue",1649,0,0,1649,2
"Attrited Customer","F",42,"Unknown","Blue",5557,2246,0.404,3311,2
"Existing Customer","F",48,"Unknown","Blue",6074,0,0,6074,3
"Attrited Customer","F",40,"Less than $40K","Blue",1728,0,0,1728,2
"Existing Customer","F",46,"Unknown","Blue",3044,1973,0.648,1071,1
"Existing Customer","F",41,"$40K - $60K","Blue",8482,585,0.069,7897,3
"Attrited Customer","F",35,"Unknown","Blue",1438.3,0,0,1438.3,2
"Attrited Customer","M",52,"$80K - $120K","Blue",3770,0,0,3770,3
"Attrited Customer","F",56,"$40K - $60K","Blue",2963,0,0,2963,2
"Attrited Customer","F",48,"Unknown","Blue",11750,487,0.041,11263,2
"Existing Customer","F",41,"Less than $40K","Blue",1593,0,0,1593,2
"Existing Customer","M",38,"$40K - $60K","Blue",10486,1544,0.147,8942,3
"Attrited Customer","F",48,"Less than $40K","Blue",2168,1323,0.61,845,2
"Existing Customer","F",38,"Unknown","Blue",5666,1393,0.246,4273,3
"Existing Customer","M",53,"$80K - $120K","Blue",13679,0,0,13679,2
"Existing Customer","F",45,"Less than $40K","Blue",2143,1479,0.69,664,2
"Existing Customer","F",57,"Less than $40K","Blue",4945,1779,0.36,3166,3
"Existing Customer","F",54,"Less than $40K","Blue",1921,1334,0.694,587,3
"Existing Customer","F",45,"Less than $40K","Blue",3001,2055,0.685,946,1
"Existing Customer","F",38,"$40K - $60K","Blue",2132,1084,0.508,1048,1
"Attrited Customer","F",45,"Less than $40K","Blue",1663,1012,0.609,651,3
"Attrited Customer","F",32,"Less than $40K","Blue",1732,0,0,1732,3
"Existing Customer","F",46,"$40K - $60K","Blue",2652,2386,0.9,266,3
"Existing Customer","M",41,"$80K - $120K","Blue",5037,1670,0.332,3367,2
"Existing Customer","F",51,"Unknown","Blue",6519,2178,0.334,4341,2
"Existing Customer","F",60,"Less than $40K","Blue",2347,1488,0.634,859,1
"Existing Customer","F",31,"Less than $40K","Blue",2061,1904,0.924,157,2
"Attrited Customer","M",44,"$40K - $60K","Blue",1643,0,0,1643,2
"Existing Customer","F",49,"Unknown","Blue",5039,2489,0.494,2550,3
"Existing Customer","F",53,"Less than $40K","Blue",2915,2041,0.7,874,1
"Existing Customer","F",33,"Less than $40K","Blue",1507,0,0,1507,2
"Existing Customer","F",46,"Less than $40K","Blue",3073,2517,0.819,556,3
"Existing Customer","F",43,"Unknown","Blue",8314,1349,0.162,6965,3
"Existing Customer","F",42,"Unknown","Blue",2798,1049,0.375,1749,3
"Existing Customer","M",40,"$60K - $80K","Blue",20929,1652,0.079,19277,2
"Existing Customer","M",46,"$120K +","Blue",1754,894,0.51,860,3
"Existing Customer","F",52,"Less than $40K","Blue",4209,0,0,4209,1
"Existing Customer","M",45,"$40K - $60K","Blue",2449,0,0,2449,3
"Attrited Customer","M",39,"$80K - $120K","Blue",4618,0,0,4618,3
"Existing Customer","F",41,"Less than $40K","Blue",1654,1093,0.661,561,1
"Existing Customer","F",49,"Less than $40K","Blue",1544,999,0.647,545,3
"Existing Customer","M",60,"$60K - $80K","Blue",3618,972,0.269,2646,2
"Existing Customer","M",37,"$80K - $120K","Blue",3437,1064,0.31,2373,2
"Existing Customer","M",50,"$80K - $120K","Blue",5965,622,0.104,5343,3
"Existing Customer","F",46,"Less than $40K","Blue",2644,1517,0.574,1127,3
"Existing Customer","F",59,"$40K - $60K","Blue",3481,603,0.173,2878,2
"Existing Customer","F",49,"Less than $40K","Blue",3272,2085,0.637,1187,3
"Existing Customer","F",35,"Less than $40K","Blue",3019,1462,0.484,1557,2
"Existing Customer","F",52,"Less than $40K","Blue",1801,0,0,1801,1
"Attrited Customer","F",27,"Less than $40K","Blue",1438.3,0,0,1438.3,1
"Existing Customer","F",41,"Less than $40K","Blue",2909,1201,0.413,1708,2
"Existing Customer","F",45,"$40K - $60K","Blue",4688,0,0,4688,3
"Existing Customer","F",37,"Less than $40K","Blue",1438.3,0,0,1438.3,1
"Existing Customer","F",47,"Less than $40K","Blue",1438.3,0,0,1438.3,3
"Attrited Customer","F",41,"Less than $40K","Blue",1655,0,0,1655,2
"Existing Customer","F",47,"$40K - $60K","Blue",1438.3,601,0.418,837.3,1
"Existing Customer","F",41,"Unknown","Blue",4745,1157,0.244,3588,1
"Existing Customer","F",51,"Less than $40K","Blue",1438.3,0,0,1438.3,1
"Existing Customer","F",53,"$40K - $60K","Blue",5182,2500,0.482,2682,4
"Attrited Customer","F",46,"Less than $40K","Blue",1438.3,0,0,1438.3,2
"Existing Customer","F",43,"$40K - $60K","Blue",4287,0,0,4287,3
"Attrited Customer","F",54,"Unknown","Blue",1812,1798,0.992,14,4
"Existing Customer","F",53,"$40K - $60K","Blue",2304,1144,0.497,1160,1
"Existing Customer","F",51,"Unknown","Blue",13623,1432,0.105,12191,3
"Existing Customer","F",50,"Less than $40K","Blue",2765,0,0,2765,1
"Existing Customer","M",54,"$120K +","Blue",3731,1903,0.51,1828,1
"Existing Customer","F",46,"Less than $40K","Blue",2485,861,0.346,1624,3
"Existing Customer","F",50,"Less than $40K","Blue",2446,1763,0.721,683,3
"Attrited Customer","F",44,"Less than $40K","Blue",2020,0,0,2020,2
"Existing Customer","F",48,"Less than $40K","Blue",2214,1025,0.463,1189,2
"Existing Customer","F",45,"Less than $40K","Blue",1811,787,0.435,1024,2
"Existing Customer","F",56,"Less than $40K","Blue",5254,0,0,5254,3
"Attrited Customer","F",36,"Less than $40K","Blue",1821,1486,0.816,335,2
"Existing Customer","F",44,"Less than $40K","Blue",3024,0,0,3024,3
"Existing Customer","F",50,"Less than $40K","Blue",1930,952,0.493,978,3
"Existing Customer","F",54,"Less than $40K","Blue",1517,556,0.367,961,3
"Attrited Customer","F",39,"Less than $40K","Blue",2024,0,0,2024,2
"Attrited Customer","M",53,"$120K +","Blue",19138,0,0,19138,2
"Existing Customer","M",56,"$80K - $120K","Blue",16835,897,0.053,15938,3
"Attrited Customer","F",60,"Unknown","Blue",5549,0,0,5549,1
"Attrited Customer","F",42,"Less than $40K","Blue",2145,0,0,2145,3
"Existing Customer","M",43,"$80K - $120K","Blue",4654,1349,0.29,3305,3
"Attrited Customer","M",44,"$60K - $80K","Blue",9114,0,0,9114,3
"Existing Customer","F",33,"$40K - $60K","Blue",3043,2054,0.675,989,2
"Existing Customer","F",53,"$40K - $60K","Blue",4621,913,0.198,3708,2
"Existing Customer","M",44,"$60K - $80K","Blue",2758,461,0.167,2297,2
"Existing Customer","F",54,"Less than $40K","Blue",1740,0,0,1740,2
"Existing Customer","F",34,"Unknown","Blue",7744,1804,0.233,5940,2
"Existing Customer","F",50,"Less than $40K","Blue",3350,1335,0.399,2015,2
"Existing Customer","M",40,"$120K +","Blue",34516,1427,0.041,33089,1
"Existing Customer","F",47,"Unknown","Blue",2874,2201,0.766,673,1
"Existing Customer","F",40,"Unknown","Blue",2896,2100,0.725,796,1
"Existing Customer","F",41,"$40K - $60K","Blue",9294,1764,0.19,7530,1
"Existing Customer","M",47,"$60K - $80K","Blue",9389,727,0.077,8662,2
"Existing Customer","M",44,"$40K - $60K","Blue",9317,847,0.091,8470,3
"Existing Customer","M",34,"$40K - $60K","Blue",7452,1656,0.222,5796,1
"Attrited Customer","F",39,"Less than $40K","Blue",1817,0,0,1817,3
"Existing Customer","M",58,"$80K - $120K","Blue",10021,1952,0.195,8069,2
"Existing Customer","F",42,"Less than $40K","Blue",2344,1081,0.461,1263,2
"Existing Customer","F",48,"$40K - $60K","Blue",3072,1734,0.564,1338,3
"Existing Customer","F",38,"Less than $40K","Blue",1946,1430,0.735,516,3
"Attrited Customer","F",52,"Less than $40K","Blue",1471,0,0,1471,5
"Attrited Customer","F",42,"Less than $40K","Blue",1438.3,0,0,1438.3,3
"Attrited Customer","F",43,"Less than $40K","Blue",1484,0,0,1484,2
"Attrited Customer","F",37,"$40K - $60K","Blue",3233,2517,0.779,716,2
"Existing Customer","F",55,"Less than $40K","Blue",1745,1168,0.669,577,3
"Existing Customer","F",59,"Unknown","Blue",3709,1197,0.323,2512,3
"Existing Customer","F",53,"Less than $40K","Blue",2160,2057,0.952,103,1
"Existing Customer","M",41,"$80K - $120K","Blue",1438.3,892,0.62,546.3,2
"Existing Customer","F",55,"Less than $40K","Blue",2638,1423,0.539,1215,2
"Existing Customer","M",56,"$80K - $120K","Blue",10214,1433,0.14,8781,1
"Existing Customer","F",52,"Less than $40K","Blue",3240,0,0,3240,1
"Existing Customer","F",58,"$40K - $60K","Blue",2038,1099,0.539,939,3
"Existing Customer","M",49,"$40K - $60K","Blue",1438.3,0,0,1438.3,2
"Attrited Customer","F",53,"Less than $40K","Blue",1438.3,1030,0.716,408.3,3
"Existing Customer","M",56,"$80K - $120K","Blue",8111,2051,0.253,6060,3
"Existing Customer","F",60,"Unknown","Blue",10730,970,0.09,9760,3
"Attrited Customer","F",46,"Unknown","Blue",2872,357,0.124,2515,3
"Attrited Customer","F",49,"Less than $40K","Blue",1567,0,0,1567,3
"Attrited Customer","M",43,"$80K - $120K","Blue",7278,0,0,7278,3
"Existing Customer","F",45,"Less than $40K","Blue",1438.3,0,0,1438.3,2
"Existing Customer","F",34,"Unknown","Blue",3190,1959,0.614,1231,2
"Attrited Customer","F",36,"Less than $40K","Blue",1470,458,0.312,1012,3
"Existing Customer","M",45,"$80K - $120K","Blue",3081,2517,0.817,564,4
"Attrited Customer","F",43,"Unknown","Blue",3793,2517,0.664,1276,2
"Existing Customer","F",54,"Less than $40K","Blue",3034,2033,0.67,1001,2
"Existing Customer","F",37,"Unknown","Blue",5245,1044,0.199,4201,1
"Existing Customer","F",49,"Less than $40K","Blue",2960,0,0,2960,2
"Attrited Customer","F",54,"$40K - $60K","Blue",1779,0,0,1779,2
"Existing Customer","F",43,"Less than $40K","Blue",1620,0,0,1620,3
"Existing Customer","M",49,"$120K +","Blue",21680,1587,0.073,20093,2
"Attrited Customer","F",47,"Unknown","Blue",2952,0,0,2952,3
"Attrited Customer","F",53,"Less than $40K","Blue",3918,2517,0.642,1401,3
"Existing Customer","M",52,"$120K +","Blue",12764,0,0,12764,1
"Existing Customer","F",29,"Less than $40K","Blue",1438.3,0,0,1438.3,2
"Existing Customer","F",50,"Less than $40K","Blue",3287,2517,0.766,770,1
"Existing Customer","F",44,"$40K - $60K","Blue",3891,1015,0.261,2876,1
"Attrited Customer","F",49,"$40K - $60K","Blue",4048,0,0,4048,3
"Existing Customer","M",51,"$60K - $80K","Blue",3559,0,0,3559,1
"Existing Customer","M",47,"$60K - $80K","Blue",2843,1752,0.616,1091,1
"Existing Customer","F",58,"Less than $40K","Blue",2127,0,0,2127,1
"Existing Customer","F",39,"Less than $40K","Blue",4325,2418,0.559,1907,1
"Attrited Customer","F",42,"$40K - $60K","Blue",1695,0,0,1695,3
"Existing Customer","F",48,"Less than $40K","Blue",2648,1539,0.581,1109,2
"Existing Customer","F",61,"Less than $40K","Blue",2602,1441,0.554,1161,2
"Existing Customer","F",39,"Unknown","Blue",1811,0,0,1811,3
"Existing Customer","M",56,"$60K - $80K","Blue",1891,1134,0.6,757,2
"Attrited Customer","F",46,"Less than $40K","Blue",2881,2450,0.85,431,3
"Existing Customer","F",42,"$40K - $60K","Blue",2827,1896,0.671,931,2
"Existing Customer","F",48,"Less than $40K","Blue",4095,2517,0.615,1578,3
"Attrited Customer","F",34,"Less than $40K","Blue",1666,0,0,1666,2
"Existing Customer","F",42,"Less than $40K","Blue",1438.3,0,0,1438.3,3
"Existing Customer","F",54,"$40K - $60K","Blue",2205,1313,0.595,892,2
"Existing Customer","F",41,"Less than $40K","Blue",2890,2150,0.744,740,1
"Existing Customer","F",50,"Unknown","Blue",10417,2290,0.22,8127,1
"Existing Customer","F",57,"Unknown","Blue",2363,1876,0.794,487,1
"Attrited Customer","F",48,"Unknown","Blue",3137,860,0.274,2277,2
"Attrited Customer","F",51,"Less than $40K","Blue",1483,0,0,1483,3
"Existing Customer","F",35,"Less than $40K","Blue",3009,2517,0.836,492,2
"Existing Customer","F",45,"Less than $40K","Blue",5087,2517,0.495,2570,2
"Existing Customer","F",46,"$40K - $60K","Blue",1925,1202,0.624,723,3
"Existing Customer","M",56,"$120K +","Blue",7234,2055,0.284,5179,1
"Existing Customer","F",57,"Less than $40K","Blue",2063,953,0.462,1110,1
"Existing Customer","F",58,"$40K - $60K","Blue",5530,1233,0.223,4297,3
"Existing Customer","F",58,"Less than $40K","Blue",3819,1882,0.493,1937,3
"Existing Customer","F",59,"Less than $40K","Blue",2645,1127,0.426,1518,2
"Existing Customer","F",51,"Unknown","Blue",5448,0,0,5448,3
"Existing Customer","F",56,"Less than $40K","Blue",3495,1427,0.408,2068,2
"Existing Customer","M",50,"$60K - $80K","Blue",8074,0,0,8074,1
"Attrited Customer","F",44,"Unknown","Blue",7772,0,0,7772,3
"Existing Customer","F",42,"Less than $40K","Blue",3124,0,0,3124,1
"Attrited Customer","M",56,"$80K - $120K","Blue",8688,0,0,8688,6
"Existing Customer","F",49,"Less than $40K","Gold",15987,0,0,15987,3
"Attrited Customer","F",47,"Less than $40K","Gold",15109,897,0.059,14212,2
"Existing Customer","M",42,"$60K - $80K","Blue",4953,2039,0.412,2914,2
"Existing Customer","M",50,"$120K +","Blue",22304,1333,0.06,20971,3
"Existing Customer","F",27,"Less than $40K","Blue",1893,0,0,1893,3
"Existing Customer","M",38,"$40K - $60K","Blue",2232,1163,0.521,1069,2
"Existing Customer","F",52,"$40K - $60K","Blue",1766,0,0,1766,5
"Existing Customer","M",59,"Less than $40K","Blue",3790,1149,0.303,2641,1
"Existing Customer","M",33,"$40K - $60K","Blue",6392,1429,0.224,4963,2
"Attrited Customer","F",51,"Unknown","Blue",9989,568,0.057,9421,4
"Attrited Customer","F",56,"Unknown","Blue",1438.3,0,0,1438.3,4
"Existing Customer","F",48,"Less than $40K","Blue",2559,1514,0.592,1045,3
"Existing Customer","M",53,"$80K - $120K","Silver",34516,1198,0.035,33318,2
"Existing Customer","F",41,"Less than $40K","Blue",1438.3,0,0,1438.3,2
"Existing Customer","F",50,"Less than $40K","Blue",2473,1675,0.677,798,2
"Existing Customer","F",34,"$40K - $60K","Blue",4022,1680,0.418,2342,3
"Existing Customer","F",59,"$40K - $60K","Blue",3510,941,0.268,2569,2
"Attrited Customer","F",57,"Less than $40K","Blue",2347,1900,0.81,447,3
"Attrited Customer","F",56,"Less than $40K","Blue",1632,0,0,1632,3
"Attrited Customer","F",49,"Less than $40K","Blue",1522,0,0,1522,2
"Existing Customer","F",44,"Less than $40K","Blue",2085,1528,0.733,557,1
"Existing Customer","F",60,"Unknown","Blue",3803,1448,0.381,2355,1
"Attrited Customer","F",47,"Less than $40K","Blue",3165,2517,0.795,648,2
"Existing Customer","F",60,"Less than $40K","Blue",4628,2327,0.503,2301,3
"Existing Customer","F",52,"Less than $40K","Blue",2253,1981,0.879,272,2
"Attrited Customer","F",49,"$40K - $60K","Blue",2655,2283,0.86,372,2
"Existing Customer","M",54,"$80K - $120K","Blue",20882,1525,0.073,19357,3
"Existing Customer","M",41,"$80K - $120K","Blue",3306,706,0.214,2600,1
"Existing Customer","F",45,"Less than $40K","Blue",2052,0,0,2052,1
"Existing Customer","M",42,"$80K - $120K","Blue",8480,1339,0.158,7141,2
"Existing Customer","F",53,"Less than $40K","Blue",2081,1342,0.645,739,3
"Existing Customer","F",53,"Unknown","Blue",4637,0,0,4637,1
"Existing Customer","M",53,"$60K - $80K","Blue",1438.3,0,0,1438.3,5
"Existing Customer","F",38,"Less than $40K","Blue",3420,1405,0.411,2015,3
"Existing Customer","F",26,"Less than $40K","Blue",3416,1109,0.325,2307,1
"Existing Customer","M",46,"$80K - $120K","Blue",2171,1043,0.48,1128,1
"Existing Customer","F",57,"$40K - $60K","Blue",2791,1550,0.555,1241,2
"Existing Customer","F",32,"Less than $40K","Blue",4445,1080,0.243,3365,2
"Existing Customer","F",43,"Less than $40K","Blue",1530,0,0,1530,2
"Existing Customer","F",48,"Less than $40K","Blue",1438.3,0,0,1438.3,1
"Existing Customer","F",52,"Less than $40K","Blue",5721,0,0,5721,1
"Existing Customer","F",38,"Unknown","Blue",3809,1172,0.308,2637,1
"Existing Customer","F",48,"Less than $40K","Blue",3520,2149,0.611,1371,3
"Attrited Customer","F",41,"$40K - $60K","Blue",1604,0,0,1604,3
"Attrited Customer","F",54,"$40K - $60K","Blue",1632,351,0.215,1281,4
"Existing Customer","M",46,"$40K - $60K","Blue",3914,1683,0.43,2231,3
"Existing Customer","F",36,"Less than $40K","Blue",2328,1953,0.839,375,2
"Existing Customer","M",41,"$120K +","Blue",34516,2517,0.073,31999,3
"Existing Customer","F",45,"Less than $40K","Blue",3883,847,0.218,3036,2
"Attrited Customer","F",46,"$40K - $60K","Blue",1438.3,819,0.569,619.3,3
"Existing Customer","F",51,"Less than $40K","Blue",3229,2517,0.779,712,4
"Existing Customer","F",44,"Less than $40K","Blue",3080,1776,0.577,1304,1
"Existing Customer","F",38,"Less than $40K","Blue",2569,1288,0.501,1281,1
"Existing Customer","F",50,"Less than $40K","Blue",4517,2238,0.495,2279,1
"Attrited Customer","F",46,"Less than $40K","Blue",2292,0,0,2292,2
"Existing Customer","F",52,"Less than $40K","Blue",2510,1928,0.768,582,3
"Attrited Customer","M",40,"Less than $40K","Blue",2420,191,0.079,2229,3
"Attrited Customer","F",38,"Less than $40K","Blue",2703,0,0,2703,1
"Existing Customer","F",44,"Less than $40K","Blue",3047,2139,0.702,908,3
"Attrited Customer","M",54,"$80K - $120K","Blue",7570,965,0.127,6605,6
"Existing Customer","F",34,"Less than $40K","Blue",5795,924,0.159,4871,2
"Existing Customer","F",46,"$40K - $60K","Blue",1441,642,0.446,799,1
"Existing Customer","F",50,"Less than $40K","Blue",2999,1817,0.606,1182,3
"Existing Customer","M",38,"$60K - $80K","Blue",1438.3,1309,0.91,129.3,1
"Existing Customer","F",44,"$40K - $60K","Blue",1438.3,0,0,1438.3,3
"Attrited Customer","F",51,"$40K - $60K","Blue",4762,0,0,4762,3
"Existing Customer","M",40,"$40K - $60K","Blue",4802,1701,0.354,3101,2
"Existing Customer","F",51,"Less than $40K","Blue",2268,651,0.287,1617,3
"Existing Customer","F",51,"$40K - $60K","Blue",1438.3,468,0.325,970.3,1
"Existing Customer","F",56,"Unknown","Blue",8204,1375,0.168,6829,1
"Existing Customer","F",39,"Unknown","Blue",1827,0,0,1827,3
"Existing Customer","F",47,"Unknown","Blue",4072,1594,0.391,2478,3
"Existing Customer","F",31,"Less than $40K","Blue",1984,0,0,1984,1
"Existing Customer","M",48,"$60K - $80K","Blue",8086,0,0,8086,1
"Existing Customer","F",51,"Less than $40K","Blue",1588,1506,0.948,82,2
"Existing Customer","M",47,"$40K - $60K","Blue",1536,0,0,1536,3
"Existing Customer","F",35,"Unknown","Blue",4460,0,0,4460,3
"Existing Customer","F",46,"Unknown","Blue",11287,1513,0.134,9774,2
"Attrited Customer","M",48,"$80K - $120K","Blue",3430,2517,0.734,913,3
"Existing Customer","F",51,"Less than $40K","Blue",1759,1345,0.765,414,3
"Attrited Customer","M",41,"$120K +","Blue",6314,0,0,6314,2
"Existing Customer","F",57,"Unknown","Blue",7176,1493,0.208,5683,1
"Attrited Customer","F",58,"$40K - $60K","Blue",2295,0,0,2295,4
"Attrited Customer","M",43,"$60K - $80K","Blue",1438.3,0,0,1438.3,3
"Existing Customer","F",48,"Less than $40K","Blue",1843,1802,0.978,41,3
"Existing Customer","M",49,"$40K - $60K","Blue",2181,1218,0.558,963,3
"Attrited Customer","M",47,"$80K - $120K","Blue",4754,0,0,4754,3
"Existing Customer","M",43,"$80K - $120K","Blue",11247,0,0,11247,2
"Existing Customer","M",55,"$120K +","Blue",16258,865,0.053,15393,3
"Existing Customer","M",49,"$120K +","Blue",34516,1316,0.038,33200,1
"Existing Customer","M",43,"$60K - $80K","Blue",4255,1729,0.406,2526,2
"Existing Customer","F",48,"Less than $40K","Blue",1438.3,0,0,1438.3,3
"Existing Customer","F",57,"Less than $40K","Blue",3029,2214,0.731,815,3
"Existing Customer","F",56,"Unknown","Blue",9091,1306,0.144,7785,2
"Existing Customer","M",50,"$60K - $80K","Blue",3318,2349,0.708,969,2
"Attrited Customer","F",44,"Less than $40K","Blue",1791,0,0,1791,3
"Existing Customer","F",43,"Less than $40K","Blue",1620,771,0.476,849,3
"Existing Customer","F",58,"Less than $40K","Blue",1552,0,0,1552,5
"Existing Customer","F",53,"Less than $40K","Blue",3472,2517,0.725,955,2
"Existing Customer","F",48,"Less than $40K","Silver",10973,1466,0.134,9507,2
"Existing Customer","M",50,"$120K +","Blue",25645,1083,0.042,24562,3
"Attrited Customer","F",59,"Less than $40K","Blue",4257,2517,0.591,1740,4
"Existing Customer","F",42,"Less than $40K","Blue",3422,0,0,3422,3
"Existing Customer","F",45,"Less than $40K","Blue",4977,1411,0.284,3566,1
"Existing Customer","F",33,"$40K - $60K","Blue",1438.3,0,0,1438.3,3
"Existing Customer","F",39,"Less than $40K","Blue",1438.3,801,0.557,637.3,2
"Existing Customer","F",40,"Unknown","Blue",3369,756,0.224,2613,3
"Existing Customer","F",47,"Unknown","Blue",7114,1637,0.23,5477,3
"Existing Customer","M",38,"$80K - $120K","Blue",10972,0,0,10972,2
"Existing Customer","F",45,"$40K - $60K","Blue",1438.3,0,0,1438.3,1
"Existing Customer","F",48,"$40K - $60K","Blue",2446,1461,0.597,985,2
"Attrited Customer","M",45,"$60K - $80K","Blue",3439,0,0,3439,3
"Existing Customer","F",56,"$40K - $60K","Blue",3005,1660,0.552,1345,1
"Existing Customer","F",50,"Less than $40K","Blue",2033,841,0.414,1192,3
"Existing Customer","F",53,"Less than $40K","Blue",2415,1643,0.68,772,3
"Attrited Customer","M",40,"$60K - $80K","Blue",5051,0,0,5051,2
"Existing Customer","M",49,"Unknown","Blue",3519,1336,0.38,2183,1
"Existing Customer","M",26,"Less than $40K","Silver",10254,0,0,10254,1
"Existing Customer","F",48,"Less than $40K","Blue",1853,1314,0.709,539,1
"Existing Customer","M",51,"$60K - $80K","Silver",28673,0,0,28673,3
"Attrited Customer","F",44,"Less than $40K","Blue",1895,0,0,1895,3
"Existing Customer","F",56,"Less than $40K","Blue",2041,1158,0.567,883,2
"Existing Customer","F",46,"Less than $40K","Blue",1438.3,0,0,1438.3,2
"Existing Customer","F",54,"Less than $40K","Blue",1572,985,0.627,587,3
"Existing Customer","F",48,"Unknown","Blue",3187,1937,0.608,1250,3
"Existing Customer","F",59,"Unknown","Blue",7427,2421,0.326,5006,1
"Existing Customer","F",50,"Less than $40K","Blue",1460,0,0,1460,1
"Existing Customer","M",52,"$80K - $120K","Blue",25410,0,0,25410,3
"Existing Customer","F",56,"Less than $40K","Blue",2143,1194,0.557,949,1
"Existing Customer","M",42,"$40K - $60K","Blue",8566,1484,0.173,7082,3
"Existing Customer","M",43,"$60K - $80K","Blue",1438.3,0,0,1438.3,2
"Existing Customer","F",59,"Less than $40K","Blue",3297,0,0,3297,3
"Existing Customer","F",39,"Less than $40K","Blue",2816,2517,0.894,299,3
"Attrited Customer","F",53,"Unknown","Blue",10533,330,0.031,10203,5
"Attrited Customer","F",53,"Less than $40K","Blue",2370,1166,0.492,1204,6
"Attrited Customer","F",35,"Less than $40K","Blue",1678,0,0,1678,3
"Attrited Customer","F",36,"Less than $40K","Blue",1493,0,0,1493,2
"Existing Customer","F",51,"Less than $40K","Blue",2350,1272,0.541,1078,2
"Attrited Customer","F",50,"Less than $40K","Blue",2690,1614,0.6,1076,3
"Existing Customer","F",42,"Unknown","Blue",7226,1889,0.261,5337,1
"Existing Customer","F",54,"Less than $40K","Blue",3173,1822,0.574,1351,1
"Existing Customer","F",43,"Less than $40K","Blue",2890,1392,0.482,1498,3
"Attrited Customer","F",46,"Less than $40K","Blue",3313,0,0,3313,3
"Existing Customer","F",40,"$40K - $60K","Blue",2625,1594,0.607,1031,2
"Existing Customer","F",44,"$40K - $60K","Blue",1834,0,0,1834,1
"Existing Customer","F",43,"Less than $40K","Blue",3226,2145,0.665,1081,2
"Existing Customer","M",56,"$60K - $80K","Blue",3426,1841,0.537,1585,1
"Existing Customer","F",49,"Less than $40K","Blue",2174,785,0.361,1389,3
"Existing Customer","F",60,"$40K - $60K","Blue",3959,0,0,3959,3
"Existing Customer","F",49,"Less than $40K","Blue",2215,1347,0.608,868,3
"Existing Customer","F",47,"Less than $40K","Blue",2814,1595,0.567,1219,2
"Existing Customer","M",56,"$60K - $80K","Blue",6941,1013,0.146,5928,2
"Existing Customer","F",44,"Unknown","Blue",3269,0,0,3269,1
"Existing Customer","F",42,"Less than $40K","Blue",3172,1160,0.366,2012,2
"Attrited Customer","F",54,"Less than $40K","Blue",2452,1012,0.413,1440,2
"Existing Customer","F",36,"Less than $40K","Blue",5070,0,0,5070,1
"Existing Customer","M",56,"$40K - $60K","Blue",1466,723,0.493,743,3
"Existing Customer","F",52,"Less than $40K","Blue",2427,2362,0.973,65,3
"Existing Customer","M",59,"$120K +","Blue",17999,1861,0.103,16138,3
"Existing Customer","F",44,"$40K - $60K","Blue",4553,1538,0.338,3015,2
"Existing Customer","F",55,"Unknown","Blue",2953,1896,0.642,1057,3
"Attrited Customer","F",39,"$40K - $60K","Blue",4363,0,0,4363,2
"Existing Customer","F",57,"Less than $40K","Blue",1894,0,0,1894,3
"Existing Customer","F",48,"Less than $40K","Blue",2097,1255,0.598,842,2
"Existing Customer","M",47,"$60K - $80K","Blue",1983,989,0.499,994,1
"Existing Customer","F",50,"Less than $40K","Blue",2210,1539,0.696,671,1
"Existing Customer","M",52,"$60K - $80K","Blue",7879,1007,0.128,6872,1
"Existing Customer","F",46,"$40K - $60K","Blue",3336,1687,0.506,1649,3
"Existing Customer","F",34,"Less than $40K","Blue",1726,1398,0.81,328,3
"Existing Customer","F",45,"Less than $40K","Blue",2917,1523,0.522,1394,6
"Attrited Customer","F",39,"Unknown","Blue",3023,1348,0.446,1675,3
"Existing Customer","M",49,"$40K - $60K","Blue",1915,1545,0.807,370,2
"Existing Customer","M",43,"$40K - $60K","Blue",4878,2098,0.43,2780,3
"Existing Customer","F",41,"Less than $40K","Blue",2066,1542,0.746,524,1
"Existing Customer","F",53,"$40K - $60K","Blue",2164,1115,0.515,1049,3
"Existing Customer","F",42,"Less than $40K","Blue",6250,1835,0.294,4415,3
"Existing Customer","F",43,"Less than $40K","Blue",1484,0,0,1484,2
"Existing Customer","M",45,"$40K - $60K","Blue",4718,1591,0.337,3127,1
"Existing Customer","F",44,"Less than $40K","Blue",2275,1265,0.556,1010,2
"Existing Customer","F",44,"Less than $40K","Blue",1438.3,1169,0.813,269.3,1
"Existing Customer","F",51,"Less than $40K","Blue",3683,1039,0.282,2644,3
"Existing Customer","F",38,"Less than $40K","Blue",2722,1303,0.479,1419,3
"Existing Customer","M",43,"$80K - $120K","Silver",34516,2045,0.059,32471,1
"Existing Customer","M",48,"$60K - $80K","Blue",2072,1499,0.723,573,3
"Existing Customer","M",53,"$120K +","Blue",6383,1512,0.237,4871,1
"Existing Customer","F",39,"$40K - $60K","Blue",2725,2302,0.845,423,3
"Existing Customer","F",47,"Unknown","Blue",2675,1999,0.747,676,2
"Existing Customer","M",42,"$60K - $80K","Blue",1438.3,0,0,1438.3,3
"Existing Customer","M",50,"$120K +","Blue",13478,0,0,13478,2
"Existing Customer","F",46,"Less than $40K","Blue",2841,1807,0.636,1034,2
"Existing Customer","F",33,"Less than $40K","Blue",1830,1777,0.971,53,2
"Existing Customer","M",37,"$120K +","Blue",2360,1204,0.51,1156,1
"Existing Customer","M",43,"$60K - $80K","Blue",3717,1882,0.506,1835,3
"Attrited Customer","F",56,"Less than $40K","Blue",1438.3,0,0,1438.3,3
"Existing Customer","M",42,"$60K - $80K","Blue",2289,1195,0.522,1094,1
"Existing Customer","F",56,"Unknown","Blue",5338,0,0,5338,3
"Existing Customer","F",44,"Less than $40K","Blue",1438.3,894,0.622,544.3,2
"Existing Customer","M",40,"$60K - $80K","Blue",2276,1372,0.603,904,3
"Existing Customer","F",43,"$40K - $60K","Blue",4091,1108,0.271,2983,3
"Existing Customer","M",45,"$80K - $120K","Blue",3798,1570,0.413,2228,3
"Existing Customer","F",47,"Less than $40K","Blue",1778,822,0.462,956,2
"Attrited Customer","F",38,"Less than $40K","Blue",2920,2426,0.831,494,3
"Attrited Customer","F",49,"Less than $40K","Blue",1938,0,0,1938,3
"Existing Customer","F",62,"Less than $40K","Blue",4049,1685,0.416,2364,3
"Existing Customer","M",45,"$80K - $120K","Blue",1438.3,1162,0.808,276.3,3
"Existing Customer","M",40,"$60K - $80K","Blue",10880,2025,0.186,8855,2
"Existing Customer","M",51,"$60K - $80K","Blue",3451,2006,0.581,1445,1
"Existing Customer","M",41,"$60K - $80K","Blue",20749,2171,0.105,18578,2
"Existing Customer","F",49,"Less than $40K","Blue",2481,1568,0.632,913,3
"Existing Customer","M",61,"$60K - $80K","Blue",2415,2050,0.849,365,3
"Existing Customer","F",33,"Less than $40K","Blue",1438.3,0,0,1438.3,3
"Existing Customer","F",45,"Unknown","Blue",7600,1574,0.207,6026,2
"Existing Customer","F",35,"Less than $40K","Blue",1438.3,0,0,1438.3,2
"Existing Customer","F",41,"Less than $40K","Blue",2601,1861,0.715,740,2
"Existing Customer","F",48,"Unknown","Blue",2625,2517,0.959,108,2
"Existing Customer","M",49,"$60K - $80K","Blue",5578,0,0,5578,2
"Existing Customer","F",52,"Less than $40K","Blue",3698,0,0,3698,3
"Existing Customer","F",51,"$40K - $60K","Blue",1438.3,1141,0.793,297.3,3
"Existing Customer","F",45,"Less than $40K","Blue",1795,1058,0.589,737,2
"Existing Customer","F",42,"Less than $40K","Blue",1933,1127,0.583,806,2
"Existing Customer","M",41,"$120K +","Blue",27169,0,0,27169,3
"Existing Customer","F",30,"Less than $40K","Blue",2367,1220,0.515,1147,1
"Existing Customer","F",54,"Less than $40K","Blue",5642,541,0.096,5101,2
"Existing Customer","F",60,"Less than $40K","Blue",3239,2356,0.727,883,2
"Existing Customer","F",52,"Less than $40K","Blue",3040,2517,0.828,523,1
"Existing Customer","F",37,"$40K - $60K","Blue",3680,683,0.186,2997,1
"Existing Customer","M",44,"$60K - $80K","Blue",1787,0,0,1787,1
"Existing Customer","M",52,"$60K - $80K","Blue",4752,2437,0.513,2315,3
"Attrited Customer","F",46,"Unknown","Blue",1706,0,0,1706,3
"Existing Customer","F",45,"Unknown","Blue",8103,0,0,8103,1
"Existing Customer","M",43,"$60K - $80K","Blue",3764,1780,0.473,1984,3
"Attrited Customer","F",40,"Less than $40K","Blue",5492,1573,0.286,3919,3
"Existing Customer","F",39,"Less than $40K","Blue",3554,747,0.21,2807,2
"Existing Customer","F",44,"Less than $40K","Blue",3170,2330,0.735,840,3
"Existing Customer","F",49,"Unknown","Blue",2464,1601,0.65,863,3
"Existing Customer","M",41,"Less than $40K","Blue",3429,1504,0.439,1925,3
"Existing Customer","M",50,"$60K - $80K","Blue",2021,1578,0.781,443,1
"Existing Customer","F",54,"Less than $40K","Blue",2444,1313,0.537,1131,5
"Existing Customer","F",39,"Unknown","Blue",2751,1158,0.421,1593,3
"Existing Customer","F",52,"$40K - $60K","Blue",9017,2359,0.262,6658,3
"Existing Customer","F",51,"$40K - $60K","Blue",2107,1663,0.789,444,2
"Existing Customer","F",46,"Less than $40K","Blue",2029,1074,0.529,955,2
"Existing Customer","M",48,"$120K +","Blue",32777,0,0,32777,3
"Existing Customer","M",50,"$120K +","Blue",4607,0,0,4607,3
"Existing Customer","F",52,"Unknown","Blue",23486,0,0,23486,4
"Existing Customer","F",54,"Unknown","Blue",1997,0,0,1997,3
"Existing Customer","F",40,"$40K - $60K","Blue",3144,1787,0.568,1357,3
"Existing Customer","F",47,"$40K - $60K","Blue",2725,1851,0.679,874,2
"Existing Customer","F",53,"Less than $40K","Blue",1874,994,0.53,880,2
"Attrited Customer","M",45,"$120K +","Blue",7135,2517,0.353,4618,3
"Existing Customer","F",35,"Unknown","Blue",3379,587,0.174,2792,3
"Existing Customer","F",48,"$40K - $60K","Blue",2804,1057,0.377,1747,6
"Existing Customer","M",44,"$60K - $80K","Blue",16553,0,0,16553,1
"Attrited Customer","F",41,"Unknown","Blue",2246,0,0,2246,3
"Existing Customer","F",42,"Unknown","Blue",2875,1892,0.658,983,4
"Existing Customer","F",51,"Unknown","Blue",3668,0,0,3668,2
"Existing Customer","F",45,"$40K - $60K","Blue",2853,2517,0.882,336,3
"Existing Customer","F",50,"Less than $40K","Blue",2382,1419,0.596,963,2
"Existing Customer","F",54,"Less than $40K","Blue",2830,1779,0.629,1051,3
"Existing Customer","F",47,"Unknown","Blue",24987,824,0.033,24163,3
"Existing Customer","F",52,"Less than $40K","Blue",3705,2168,0.585,1537,1
"Attrited Customer","F",49,"Less than $40K","Blue",1675,0,0,1675,3
"Existing Customer","F",47,"$40K - $60K","Blue",1439,0,0,1439,3
"Existing Customer","F",54,"$40K - $60K","Blue",4440,0,0,4440,3
"Existing Customer","F",52,"Less than $40K","Blue",2563,1765,0.689,798,1
"Existing Customer","F",46,"Less than $40K","Blue",1896,1738,0.917,158,3
"Attrited Customer","F",39,"Less than $40K","Blue",2190,0,0,2190,2
"Existing Customer","F",55,"Less than $40K","Blue",2596,1929,0.743,667,1
"Attrited Customer","F",44,"$40K - $60K","Blue",4196,561,0.134,3635,3
"Existing Customer","F",43,"Less than $40K","Blue",1616,966,0.598,650,3
"Existing Customer","M",42,"$60K - $80K","Blue",6618,1738,0.263,4880,1
"Attrited Customer","F",50,"Less than $40K","Blue",2477,0,0,2477,2
"Existing Customer","F",38,"$40K - $60K","Blue",3040,1908,0.628,1132,1
"Attrited Customer","M",41,"$60K - $80K","Blue",4697,1046,0.223,3651,3
"Existing Customer","M",51,"$40K - $60K","Blue",4436,2222,0.501,2214,3
"Existing Customer","F",44,"Less than $40K","Silver",13138,0,0,13138,2
"Attrited Customer","M",46,"$60K - $80K","Blue",1438.3,681,0.473,757.3,3
"Existing Customer","F",38,"Less than $40K","Blue",3297,1554,0.471,1743,2
"Existing Customer","M",46,"$60K - $80K","Blue",6272,1434,0.229,4838,3
"Existing Customer","M",54,"$40K - $60K","Blue",5608,1775,0.317,3833,2
"Existing Customer","M",42,"$60K - $80K","Blue",9906,1759,0.178,8147,1
"Existing Customer","F",30,"Less than $40K","Blue",1621,1046,0.645,575,2
"Existing Customer","F",49,"Less than $40K","Blue",2305,1173,0.509,1132,3
"Existing Customer","F",54,"$40K - $60K","Blue",9525,2517,0.264,7008,3
"Attrited Customer","M",41,"$80K - $120K","Blue",4742,2221,0.468,2521,3
"Existing Customer","M",51,"$120K +","Blue",3168,2147,0.678,1021,1
"Existing Customer","F",37,"Less than $40K","Blue",2939,1388,0.472,1551,1
"Existing Customer","F",44,"Less than $40K","Blue",2724,1288,0.473,1436,1
"Existing Customer","F",46,"Unknown","Blue",6990,876,0.125,6114,3
"Existing Customer","M",45,"$60K - $80K","Blue",1870,0,0,1870,2
"Existing Customer","F",55,"$40K - $60K","Blue",1438.3,0,0,1438.3,1
"Attrited Customer","F",55,"$40K - $60K","Blue",4629,710,0.153,3919,4
"Existing Customer","M",50,"$120K +","Blue",34516,1134,0.033,33382,2
"Attrited Customer","F",36,"Less than $40K","Blue",1558,261,0.168,1297,3
"Attrited Customer","M",45,"$60K - $80K","Blue",13093,2517,0.192,10576,2
"Existing Customer","F",45,"$40K - $60K","Blue",1438.3,0,0,1438.3,2
"Existing Customer","F",41,"$40K - $60K","Blue",4451,0,0,4451,6
"Existing Customer","M",44,"$60K - $80K","Blue",6426,0,0,6426,2
"Existing Customer","F",47,"Less than $40K","Blue",2761,1950,0.706,811,2
"Existing Customer","F",38,"$40K - $60K","Blue",2148,1103,0.514,1045,2
"Existing Customer","F",49,"$40K - $60K","Blue",2485,1648,0.663,837,3
"Existing Customer","F",39,"$40K - $60K","Blue",3394,2517,0.742,877,3
"Existing Customer","F",50,"$40K - $60K","Blue",3367,1747,0.519,1620,3
"Existing Customer","F",50,"$40K - $60K","Blue",4154,1060,0.255,3094,3
"Existing Customer","F",47,"Less than $40K","Blue",2154,1628,0.756,526,2
"Existing Customer","F",54,"Less than $40K","Blue",2506,1784,0.712,722,2
"Existing Customer","F",46,"Less than $40K","Blue",1774,1115,0.629,659,1
"Existing Customer","F",43,"Unknown","Blue",3287,1697,0.516,1590,3
"Existing Customer","F",42,"Unknown","Blue",1821,935,0.513,886,1
"Existing Customer","M",49,"$80K - $120K","Blue",34516,2517,0.073,31999,3
"Existing Customer","F",45,"$40K - $60K","Blue",3918,2070,0.528,1848,1
"Existing Customer","F",49,"Unknown","Blue",5455,2091,0.383,3364,1
"Attrited Customer","F",41,"Less than $40K","Blue",2372,0,0,2372,3
"Attrited Customer","F",45,"Less than $40K","Blue",1492,0,0,1492,3
"Existing Customer","F",44,"Less than $40K","Blue",1550,716,0.462,834,2
"Existing Customer","F",58,"Less than $40K","Blue",2669,2048,0.767,621,3
"Existing Customer","M",42,"$60K - $80K","Blue",3311,841,0.254,2470,3
"Existing Customer","F",51,"Less than $40K","Blue",3068,2071,0.675,997,4
"Existing Customer","F",55,"Unknown","Blue",2721,0,0,2721,4
"Existing Customer","F",37,"$40K - $60K","Blue",3050,2517,0.825,533,3
"Existing Customer","F",60,"Unknown","Blue",3356,1664,0.496,1692,2
"Existing Customer","F",42,"$40K - $60K","Blue",2647,1245,0.47,1402,2
"Existing Customer","F",50,"Less than $40K","Blue",2407,1102,0.458,1305,4
"Attrited Customer","F",52,"Unknown","Blue",2233,1790,0.802,443,3
"Existing Customer","M",42,"$80K - $120K","Blue",32106,0,0,32106,1
"Existing Customer","F",48,"Less than $40K","Blue",2089,1262,0.604,827,1
"Existing Customer","F",48,"Less than $40K","Blue",2185,1495,0.684,690,1
"Existing Customer","F",44,"Less than $40K","Blue",4057,755,0.186,3302,3
"Existing Customer","F",44,"$40K - $60K","Blue",3183,2517,0.791,666,1
"Existing Customer","F",45,"Less than $40K","Blue",2699,1583,0.587,1116,2
"Existing Customer","M",57,"$80K - $120K","Blue",17096,1762,0.103,15334,3
"Existing Customer","F",50,"Less than $40K","Blue",2897,0,0,2897,1
"Attrited Customer","F",46,"Less than $40K","Blue",6568,0,0,6568,2
"Existing Customer","F",40,"Unknown","Blue",1622,972,0.599,650,3
"Existing Customer","F",51,"Less than $40K","Blue",1438.3,718,0.499,720.3,3
"Existing Customer","F",34,"$40K - $60K","Blue",1677,0,0,1677,3
"Existing Customer","F",48,"Unknown","Blue",7884,745,0.094,7139,1
"Existing Customer","F",57,"Less than $40K","Blue",1860,0,0,1860,3
"Existing Customer","F",48,"Unknown","Blue",8074,2426,0.3,5648,2
"Existing Customer","F",47,"Less than $40K","Blue",2124,1573,0.741,551,3
"Existing Customer","F",48,"Less than $40K","Blue",3413,1715,0.502,1698,1
"Existing Customer","F",41,"Less than $40K","Blue",2178,1408,0.646,770,3
"Existing Customer","F",47,"Unknown","Blue",2446,1899,0.776,547,4
"Existing Customer","F",37,"Less than $40K","Blue",3967,1476,0.372,2491,1
"Existing Customer","F",45,"Unknown","Blue",4146,2027,0.489,2119,2
"Existing Customer","F",26,"Unknown","Silver",34516,2403,0.07,32113,2
"Existing Customer","F",58,"Less than $40K","Blue",1869,1255,0.671,614,2
"Existing Customer","F",46,"Unknown","Blue",2168,1334,0.615,834,3
"Existing Customer","F",49,"Less than $40K","Blue",2096,1276,0.609,820,2
"Existing Customer","M",41,"$60K - $80K","Blue",7293,993,0.136,6300,1
"Existing Customer","F",46,"Unknown","Blue",1438.3,0,0,1438.3,2
"Existing Customer","M",42,"$40K - $60K","Blue",1438.3,686,0.477,752.3,1
"Existing Customer","F",57,"Less than $40K","Blue",2298,1540,0.67,758,2
"Existing Customer","F",48,"Unknown","Blue",3829,836,0.218,2993,2
"Existing Customer","F",58,"Less than $40K","Blue",1517,920,0.606,597,3
"Existing Customer","F",46,"Less than $40K","Silver",13427,1507,0.112,11920,3
"Existing Customer","M",53,"$80K - $120K","Blue",16747,0,0,16747,2
"Existing Customer","F",58,"Unknown","Blue",9926,2216,0.223,7710,3
"Existing Customer","F",54,"Less than $40K","Blue",2691,811,0.301,1880,1
"Attrited Customer","F",42,"$40K - $60K","Blue",1456,0,0,1456,3
"Existing Customer","F",43,"Less than $40K","Blue",2005,1263,0.63,742,3
"Existing Customer","F",35,"Less than $40K","Blue",4790,1189,0.248,3601,3
"Existing Customer","F",46,"Less than $40K","Blue",3123,1639,0.525,1484,3
"Existing Customer","F",42,"Less than $40K","Blue",5471,2517,0.46,2954,2
"Existing Customer","M",53,"$120K +","Blue",13670,0,0,13670,2
"Attrited Customer","M",52,"$60K - $80K","Blue",3460,0,0,3460,3
"Existing Customer","M",48,"$40K - $60K","Blue",3202,2517,0.786,685,3
"Attrited Customer","F",31,"Less than $40K","Blue",1438.3,0,0,1438.3,2
"Existing Customer","M",50,"$60K - $80K","Blue",2296,1371,0.597,925,3
"Existing Customer","F",54,"Less than $40K","Blue",1476,0,0,1476,3
"Existing Customer","F",35,"Unknown","Blue",12287,770,0.063,11517,1
"Existing Customer","F",41,"Less than $40K","Blue",2470,1566,0.634,904,3
"Existing Customer","M",46,"$120K +","Blue",24431,892,0.037,23539,3
"Existing Customer","M",41,"Less than $40K","Blue",1950,998,0.512,952,1
"Existing Customer","F",49,"Less than $40K","Blue",6615,0,0,6615,3
"Existing Customer","F",47,"Unknown","Blue",5756,860,0.149,4896,3
"Attrited Customer","F",55,"Unknown","Blue",1438.3,0,0,1438.3,0
"Existing Customer","F",32,"Less than $40K","Blue",1438.3,713,0.496,725.3,3
"Existing Customer","F",50,"Less than $40K","Blue",1912,0,0,1912,3
"Attrited Customer","F",45,"Unknown","Blue",4549,1631,0.359,2918,2
"Existing Customer","F",45,"Less than $40K","Blue",1979,1305,0.659,674,2
"Existing Customer","F",40,"$40K - $60K","Blue",2803,1747,0.623,1056,1
"Existing Customer","F",45,"Less than $40K","Blue",2548,2250,0.883,298,2
"Existing Customer","F",45,"Less than $40K","Blue",1457,828,0.568,629,2
"Attrited Customer","F",32,"Less than $40K","Blue",1438.3,0,0,1438.3,3
"Existing Customer","F",59,"$40K - $60K","Blue",1980,1409,0.712,571,2
"Existing Customer","F",48,"Less than $40K","Blue",2216,1262,0.569,954,3
"Existing Customer","F",57,"$40K - $60K","Blue",4262,2517,0.591,1745,3
"Existing Customer","F",42,"Less than $40K","Blue",2573,1742,0.677,831,2
"Existing Customer","F",55,"$40K - $60K","Blue",5431,2007,0.37,3424,2
"Existing Customer","F",43,"Less than $40K","Blue",3092,909,0.294,2183,3
"Existing Customer","F",37,"Less than $40K","Blue",2984,0,0,2984,3
"Existing Customer","F",48,"Unknown","Blue",2186,1017,0.465,1169,3
"Existing Customer","M",34,"Less than $40K","Blue",2669,1649,0.618,1020,6
"Existing Customer","F",50,"Less than $40K","Blue",1789,1156,0.646,633,3
"Existing Customer","F",36,"Less than $40K","Blue",2835,2511,0.886,324,2
"Existing Customer","F",44,"Less than $40K","Blue",1558,879,0.564,679,2
"Existing Customer","M",47,"$80K - $120K","Blue",7299,0,0,7299,1
"Attrited Customer","F",56,"Less than $40K","Blue",3556,0,0,3556,5
"Existing Customer","F",45,"Less than $40K","Blue",1438.3,834,0.58,604.3,2
"Existing Customer","F",35,"Unknown","Blue",1507,0,0,1507,1
"Attrited Customer","F",51,"Unknown","Blue",7551,0,0,7551,3
"Existing Customer","F",38,"Less than $40K","Blue",2468,872,0.353,1596,3
"Existing Customer","F",42,"Less than $40K","Blue",2515,1453,0.578,1062,3
"Attrited Customer","F",59,"Unknown","Blue",9076,0,0,9076,3
"Existing Customer","M",45,"$60K - $80K","Blue",10699,1099,0.103,9600,1
"Attrited Customer","M",34,"$80K - $120K","Blue",1439,0,0,1439,2
"Existing Customer","F",44,"Unknown","Blue",7212,1008,0.14,6204,1
"Existing Customer","F",54,"$40K - $60K","Blue",3089,1177,0.381,1912,4
"Existing Customer","M",46,"$80K - $120K","Blue",11250,0,0,11250,2
"Existing Customer","F",53,"Less than $40K","Blue",1665,964,0.579,701,3
"Existing Customer","M",54,"$120K +","Blue",2456,1654,0.673,802,3
"Existing Customer","M",47,"$60K - $80K","Blue",11773,0,0,11773,2
"Existing Customer","F",43,"$40K - $60K","Blue",1438.3,0,0,1438.3,1
"Existing Customer","F",41,"$40K - $60K","Blue",3104,1954,0.63,1150,1
"Existing Customer","F",48,"Unknown","Blue",2337,0,0,2337,6
"Existing Customer","F",50,"Less than $40K","Blue",4060,2336,0.575,1724,2
"Existing Customer","F",42,"Less than $40K","Blue",3428,2209,0.644,1219,2
"Existing Customer","M",44,"$40K - $60K","Blue",12967,2517,0.194,10450,1
"Existing Customer","M",45,"Less than $40K","Blue",2326,642,0.276,1684,1
"Attrited Customer","F",39,"Unknown","Blue",4376,855,0.195,3521,2
"Existing Customer","M",46,"$60K - $80K","Blue",12745,0,0,12745,2
"Existing Customer","M",39,"$60K - $80K","Blue",1790,891,0.498,899,2
"Existing Customer","F",40,"Less than $40K","Blue",2969,0,0,2969,3
"Existing Customer","M",43,"$40K - $60K","Blue",4970,1588,0.32,3382,6
"Existing Customer","F",49,"$40K - $60K","Blue",5400,1426,0.264,3974,3
"Attrited Customer","F",46,"Unknown","Blue",2069,0,0,2069,2
"Existing Customer","F",52,"Unknown","Blue",3192,0,0,3192,2
"Existing Customer","F",48,"Less than $40K","Blue",2105,1072,0.509,1033,2
"Existing Customer","M",44,"$80K - $120K","Blue",1876,861,0.459,1015,2
"Attrited Customer","F",57,"Less than $40K","Blue",1462,0,0,1462,3
"Existing Customer","F",40,"$40K - $60K","Blue",2351,1337,0.569,1014,3
"Existing Customer","F",54,"Less than $40K","Blue",1719,0,0,1719,2
"Existing Customer","F",47,"$40K - $60K","Blue",1438.3,0,0,1438.3,1
"Existing Customer","F",26,"Less than $40K","Blue",2516,2378,0.945,138,2
"Existing Customer","F",33,"$40K - $60K","Blue",4883,0,0,4883,2
"Existing Customer","M",38,"$80K - $120K","Blue",3413,1801,0.528,1612,1
"Attrited Customer","F",59,"$40K - $60K","Blue",1852,0,0,1852,4
"Existing Customer","F",35,"Unknown","Blue",3339,2014,0.603,1325,3
"Attrited Customer","F",45,"Less than $40K","Blue",3785,2517,0.665,1268,3
"Existing Customer","M",61,"$40K - $60K","Blue",2228,1480,0.664,748,2
"Attrited Customer","F",55,"Less than $40K","Blue",3626,795,0.219,2831,3
"Existing Customer","F",58,"$40K - $60K","Blue",2194,1302,0.593,892,2
"Existing Customer","F",41,"Less than $40K","Blue",2665,1936,0.726,729,3
"Existing Customer","M",42,"$40K - $60K","Blue",2444,0,0,2444,4
"Existing Customer","F",45,"Less than $40K","Blue",3335,2238,0.671,1097,1
"Existing Customer","F",45,"Less than $40K","Blue",2726,2127,0.78,599,3
"Attrited Customer","F",51,"Less than $40K","Blue",1665,1521,0.914,144,3
"Existing Customer","F",40,"Less than $40K","Blue",2734,1661,0.608,1073,3
"Existing Customer","F",57,"Less than $40K","Blue",1727,996,0.577,731,3
"Existing Customer","F",50,"Unknown","Blue",19349,615,0.032,18734,2
"Existing Customer","M",53,"$60K - $80K","Blue",13409,1168,0.087,12241,2
"Existing Customer","F",45,"Less than $40K","Blue",1438.3,0,0,1438.3,2
"Existing Customer","F",42,"$40K - $60K","Blue",6330,1573,0.248,4757,3
"Attrited Customer","F",49,"Less than $40K","Blue",2575,2517,0.977,58,4
"Existing Customer","F",55,"$40K - $60K","Blue",3391,1696,0.5,1695,1
"Existing Customer","F",48,"Less than $40K","Blue",5298,0,0,5298,3
"Existing Customer","F",44,"Less than $40K","Blue",2540,1561,0.615,979,3
"Attrited Customer","M",63,"$60K - $80K","Blue",14324,2507,0.175,11817,4
"Existing Customer","F",48,"Less than $40K","Blue",2876,1628,0.566,1248,1
"Attrited Customer","F",41,"Less than $40K","Blue",1504,970,0.645,534,3
"Existing Customer","F",45,"Less than $40K","Blue",1839,0,0,1839,2
"Existing Customer","F",54,"Less than $40K","Blue",1685,0,0,1685,4
"Existing Customer","F",48,"Less than $40K","Blue",4850,1022,0.211,3828,1
"Existing Customer","F",40,"Less than $40K","Blue",2840,2517,0.886,323,1
"Existing Customer","F",47,"$40K - $60K","Blue",2977,1927,0.647,1050,2
"Attrited Customer","F",45,"Unknown","Gold",34516,0,0,34516,2
"Existing Customer","F",39,"Less than $40K","Blue",1961,0,0,1961,5
"Existing Customer","F",53,"Less than $40K","Blue",2156,1198,0.556,958,3
"Existing Customer","F",53,"$40K - $60K","Blue",2772,2414,0.871,358,3
"Existing Customer","F",29,"Less than $40K","Blue",2832,1819,0.642,1013,1
"Existing Customer","F",44,"Less than $40K","Blue",1552,1375,0.886,177,5
"Attrited Customer","M",46,"$40K - $60K","Blue",6362,0,0,6362,2
"Existing Customer","M",40,"Less than $40K","Silver",11409,1658,0.145,9751,3
"Existing Customer","F",40,"Less than $40K","Blue",1965,0,0,1965,6
"Existing Customer","F",42,"$40K - $60K","Blue",1622,0,0,1622,2
"Existing Customer","F",38,"Less than $40K","Blue",1736,1319,0.76,417,3
"Attrited Customer","F",54,"Unknown","Blue",8827,0,0,8827,3
"Existing Customer","M",49,"$80K - $120K","Blue",24256,1076,0.044,23180,3
"Attrited Customer","F",52,"$40K - $60K","Blue",1915,1445,0.755,470,3
"Existing Customer","F",38,"Less than $40K","Blue",1438.3,0,0,1438.3,3
"Existing Customer","F",44,"Unknown","Blue",2006,1030,0.513,976,1
"Existing Customer","F",44,"Less than $40K","Blue",5594,1235,0.221,4359,2
"Existing Customer","F",52,"Unknown","Blue",3505,2517,0.718,988,1
"Attrited Customer","F",56,"Less than $40K","Blue",1667,595,0.357,1072,3
"Attrited Customer","F",47,"Less than $40K","Blue",1636,0,0,1636,3
"Existing Customer","F",52,"Less than $40K","Blue",3281,911,0.278,2370,2
"Existing Customer","F",50,"Less than $40K","Blue",1477,0,0,1477,3
"Attrited Customer","F",44,"Less than $40K","Blue",1905,0,0,1905,3
"Existing Customer","M",39,"$60K - $80K","Blue",6146,0,0,6146,2
"Existing Customer","M",53,"$40K - $60K","Blue",2672,1604,0.6,1068,3
"Existing Customer","M",42,"$60K - $80K","Blue",13426,0,0,13426,2
"Attrited Customer","M",48,"$40K - $60K","Blue",9104,145,0.016,8959,3
"Existing Customer","M",47,"$80K - $120K","Blue",30300,1166,0.038,29134,3
"Existing Customer","M",51,"$80K - $120K","Blue",7088,1750,0.247,5338,2
"Existing Customer","F",56,"$40K - $60K","Blue",1872,661,0.353,1211,3
"Existing Customer","F",33,"$40K - $60K","Blue",2874,2517,0.876,357,2
"Existing Customer","M",36,"$40K - $60K","Blue",6763,1660,0.245,5103,2
"Attrited Customer","M",57,"$120K +","Blue",24379,1116,0.046,23263,2
"Existing Customer","F",39,"Less than $40K","Blue",2867,1365,0.476,1502,2
"Attrited Customer","M",59,"$60K - $80K","Blue",13172,0,0,13172,6
"Attrited Customer","F",41,"Less than $40K","Blue",2201,2104,0.956,97,3
"Attrited Customer","F",29,"Less than $40K","Blue",3261,2517,0.772,744,1
"Existing Customer","F",39,"$40K - $60K","Blue",5027,0,0,5027,2
"Existing Customer","F",47,"$40K - $60K","Blue",1811,0,0,1811,3
"Existing Customer","M",49,"$60K - $80K","Blue",2465,1334,0.541,1131,3
"Existing Customer","F",43,"Less than $40K","Blue",7584,1834,0.242,5750,3
"Attrited Customer","F",46,"Less than $40K","Blue",4065,2517,0.619,1548,3
"Attrited Customer","M",60,"$80K - $120K","Blue",28930,0,0,28930,5
"Existing Customer","M",48,"$80K - $120K","Blue",4963,2115,0.426,2848,3
"Attrited Customer","M",50,"$60K - $80K","Blue",2049,0,0,2049,4
"Existing Customer","M",47,"$60K - $80K","Blue",1943,0,0,1943,3
"Existing Customer","F",56,"$40K - $60K","Blue",3485,1465,0.42,2020,2
"Existing Customer","M",43,"$80K - $120K","Blue",23459,2305,0.098,21154,5
"Existing Customer","F",51,"Less than $40K","Blue",2306,1627,0.706,679,1
"Existing Customer","M",42,"$80K - $120K","Blue",18177,841,0.046,17336,3
"Existing Customer","F",49,"Less than $40K","Blue",3252,2517,0.774,735,1
"Existing Customer","F",47,"Less than $40K","Blue",2894,2117,0.732,777,3
"Existing Customer","M",44,"$80K - $120K","Blue",34516,1807,0.052,32709,4
"Existing Customer","M",44,"$120K +","Silver",34516,2517,0.073,31999,1
"Existing Customer","M",53,"$120K +","Gold",34516,2435,0.071,32081,1
"Existing Customer","M",41,"$40K - $60K","Blue",7839,1544,0.197,6295,3
"Existing Customer","M",49,"$120K +","Blue",16494,1158,0.07,15336,6
"Existing Customer","M",49,"$60K - $80K","Gold",6224,2201,0.354,4023,2
"Existing Customer","F",42,"Less than $40K","Blue",6078,1478,0.243,4600,2
"Existing Customer","M",50,"$80K - $120K","Blue",21322,2216,0.104,19106,3
"Existing Customer","M",51,"$40K - $60K","Blue",1590,1273,0.801,317,3
"Existing Customer","F",52,"Less than $40K","Blue",1986,1411,0.71,575,1
"Existing Customer","M",48,"$60K - $80K","Blue",15618,0,0,15618,1
"Existing Customer","M",44,"$80K - $120K","Blue",34496,1665,0.048,32831,1
"Existing Customer","F",40,"$40K - $60K","Blue",2544,1713,0.673,831,1
"Existing Customer","M",42,"$80K - $120K","Blue",4765,1516,0.318,3249,1
"Existing Customer","F",43,"Unknown","Blue",16583,1797,0.108,14786,3
"Existing Customer","M",42,"Less than $40K","Blue",6153,974,0.158,5179,2
"Existing Customer","F",42,"Less than $40K","Gold",15987,1187,0.074,14800,3
"Existing Customer","F",51,"Less than $40K","Blue",5139,1799,0.35,3340,2
"Existing Customer","F",61,"Less than $40K","Blue",3421,2266,0.662,1155,2
"Existing Customer","M",59,"$40K - $60K","Blue",11000,1013,0.092,9987,2
"Existing Customer","F",46,"Less than $40K","Blue",2490,0,0,2490,3
"Existing Customer","M",51,"$80K - $120K","Gold",34516,814,0.024,33702,3
"Existing Customer","F",48,"Less than $40K","Blue",2490,1582,0.635,908,2
"Existing Customer","F",44,"$40K - $60K","Blue",2055,0,0,2055,2
"Existing Customer","M",56,"$40K - $60K","Blue",14344,2014,0.14,12330,2
"Existing Customer","F",42,"Less than $40K","Blue",3453,1010,0.292,2443,3
"Existing Customer","M",40,"$60K - $80K","Blue",20304,0,0,20304,2
"Existing Customer","F",61,"Less than $40K","Blue",8283,1444,0.174,6839,3
"Existing Customer","M",45,"$80K - $120K","Blue",11318,2082,0.184,9236,2
"Attrited Customer","M",49,"$80K - $120K","Blue",2384,1919,0.805,465,3
"Existing Customer","M",47,"$60K - $80K","Blue",11919,2347,0.197,9572,3
"Existing Customer","F",45,"Less than $40K","Blue",2948,968,0.328,1980,5
"Existing Customer","M",43,"$60K - $80K","Blue",5397,1265,0.234,4132,1
"Existing Customer","M",42,"$60K - $80K","Blue",12294,2517,0.205,9777,3
"Existing Customer","M",42,"$80K - $120K","Blue",7253,0,0,7253,2
"Existing Customer","F",43,"Unknown","Blue",21922,1467,0.067,20455,3
"Existing Customer","M",40,"$60K - $80K","Blue",13452,2517,0.187,10935,2
"Existing Customer","F",50,"Unknown","Blue",24735,2296,0.093,22439,1
"Existing Customer","F",53,"$40K - $60K","Blue",4942,2119,0.429,2823,2
"Attrited Customer","M",49,"$40K - $60K","Blue",14973,0,0,14973,1
"Existing Customer","M",44,"$80K - $120K","Blue",19719,1303,0.066,18416,2
"Existing Customer","M",49,"$80K - $120K","Blue",29690,2517,0.085,27173,2
"Existing Customer","F",42,"Unknown","Blue",6751,1192,0.177,5559,2
"Existing Customer","F",43,"Less than $40K","Blue",9484,2451,0.258,7033,3
"Existing Customer","F",51,"Less than $40K","Blue",4333,1848,0.426,2485,2
"Existing Customer","F",40,"Less than $40K","Blue",2481,2119,0.854,362,5
"Existing Customer","F",57,"Less than $40K","Blue",3059,1744,0.57,1315,2
"Existing Customer","M",51,"$120K +","Platinum",34516,1925,0.056,32591,2
"Existing Customer","M",49,"$80K - $120K","Blue",25178,1803,0.072,23375,3
"Existing Customer","M",61,"Less than $40K","Blue",7169,629,0.088,6540,3
"Existing Customer","M",62,"$60K - $80K","Blue",18224,1383,0.076,16841,3
"Existing Customer","M",39,"$80K - $120K","Silver",34516,2017,0.058,32499,1
"Existing Customer","M",52,"$60K - $80K","Blue",4813,0,0,4813,1
"Existing Customer","F",38,"Unknown","Blue",24965,2517,0.101,22448,2
"Existing Customer","F",50,"Less than $40K","Silver",12569,2167,0.172,10402,2
"Existing Customer","M",43,"$120K +","Blue",34516,2517,0.073,31999,1
"Existing Customer","F",53,"Less than $40K","Blue",8259,1182,0.143,7077,2
"Existing Customer","M",42,"$60K - $80K","Blue",13804,1903,0.138,11901,3
"Existing Customer","F",43,"Unknown","Blue",5700,1904,0.334,3796,2
"Existing Customer","F",43,"Less than $40K","Blue",6448,1464,0.227,4984,3
"Existing Customer","M",57,"$60K - $80K","Blue",5479,1200,0.219,4279,3
"Existing Customer","F",50,"Less than $40K","Blue",3749,1594,0.425,2155,4
"Existing Customer","M",48,"$120K +","Blue",30210,1946,0.064,28264,3
"Existing Customer","M",41,"$120K +","Blue",5807,1143,0.197,4664,2
"Existing Customer","M",44,"$60K - $80K","Blue",3605,0,0,3605,2
"Existing Customer","F",44,"$40K - $60K","Silver",17077,2179,0.128,14898,1
"Existing Customer","F",43,"Less than $40K","Blue",5380,1337,0.249,4043,3
"Existing Customer","M",51,"$80K - $120K","Gold",34516,761,0.022,33755,1
"Existing Customer","M",47,"$80K - $120K","Blue",27720,2414,0.087,25306,3
"Existing Customer","F",47,"$40K - $60K","Silver",18341,1060,0.058,17281,2
"Existing Customer","M",38,"$120K +","Blue",27712,2130,0.077,25582,1
"Existing Customer","M",46,"$40K - $60K","Blue",8285,1359,0.164,6926,2
"Existing Customer","F",41,"$40K - $60K","Silver",19704,0,0,19704,2
"Existing Customer","M",47,"$80K - $120K","Blue",21325,2197,0.103,19128,2
"Existing Customer","M",41,"$80K - $120K","Blue",34516,2109,0.061,32407,3
"Existing Customer","F",49,"$40K - $60K","Blue",7045,1293,0.184,5752,1
"Existing Customer","M",44,"$80K - $120K","Blue",14388,2517,0.175,11871,3
"Attrited Customer","F",48,"Less than $40K","Blue",3874,460,0.119,3414,3
"Existing Customer","M",44,"$60K - $80K","Blue",4752,0,0,4752,2
"Existing Customer","F",50,"Unknown","Silver",34516,2096,0.061,32420,2
"Attrited Customer","F",59,"Less than $40K","Blue",7484,1939,0.259,5545,3
"Attrited Customer","F",49,"Unknown","Silver",34516,1273,0.037,33243,3
"Existing Customer","M",42,"$80K - $120K","Silver",34516,2253,0.065,32263,2
"Existing Customer","M",52,"$60K - $80K","Blue",18336,2077,0.113,16259,3
"Existing Customer","M",46,"$40K - $60K","Blue",2259,1346,0.596,913,6
"Existing Customer","M",41,"$40K - $60K","Blue",10682,1334,0.125,9348,4
"Existing Customer","F",39,"Less than $40K","Blue",8587,1324,0.154,7263,1
"Existing Customer","F",46,"Less than $40K","Blue",5494,2142,0.39,3352,1
"Existing Customer","F",45,"Less than $40K","Blue",1946,1183,0.608,763,1
"Existing Customer","M",53,"$60K - $80K","Blue",6228,1738,0.279,4490,1
"Existing Customer","M",42,"$80K - $120K","Blue",7537,1239,0.164,6298,1
"Existing Customer","F",44,"Less than $40K","Silver",13609,1432,0.105,12177,3
"Attrited Customer","F",47,"Unknown","Silver",34516,2517,0.073,31999,3
"Existing Customer","M",46,"$60K - $80K","Gold",34516,713,0.021,33803,1
"Existing Customer","F",38,"Less than $40K","Gold",15987,1766,0.11,14221,3
"Existing Customer","F",46,"Less than $40K","Blue",2391,1625,0.68,766,2
"Existing Customer","M",39,"$120K +","Blue",34516,1082,0.031,33434,2
"Existing Customer","M",47,"$60K - $80K","Blue",20811,1302,0.063,19509,3
"Existing Customer","M",46,"$60K - $80K","Gold",34516,1426,0.041,33090,2
"Existing Customer","M",45,"$40K - $60K","Blue",3735,2113,0.566,1622,1
"Existing Customer","F",50,"$40K - $60K","Blue",2275,2138,0.94,137,2
"Existing Customer","F",43,"Less than $40K","Blue",7350,1360,0.185,5990,3
"Existing Customer","M",48,"$40K - $60K","Blue",1913,1405,0.734,508,2
"Existing Customer","F",50,"Less than $40K","Blue",4249,789,0.186,3460,3
"Existing Customer","F",40,"$40K - $60K","Blue",2136,1250,0.585,886,1
"Existing Customer","M",46,"$40K - $60K","Silver",18956,1694,0.089,17262,2
"Existing Customer","M",45,"$60K - $80K","Blue",13445,1186,0.088,12259,2
"Existing Customer","M",53,"Less than $40K","Blue",8979,1289,0.144,7690,3
"Existing Customer","F",49,"Less than $40K","Blue",6674,1402,0.21,5272,3
"Existing Customer","F",52,"Less than $40K","Blue",6265,1677,0.268,4588,3
"Existing Customer","M",47,"$80K - $120K","Silver",34516,1913,0.055,32603,2
"Existing Customer","M",47,"$80K - $120K","Blue",34516,1264,0.037,33252,2
"Existing Customer","M",43,"$60K - $80K","Blue",13165,1255,0.095,11910,2
"Existing Customer","M",49,"$80K - $120K","Blue",9959,1143,0.115,8816,3
"Existing Customer","F",40,"$40K - $60K","Blue",9243,2019,0.218,7224,2
"Existing Customer","F",53,"Less than $40K","Blue",4737,1649,0.348,3088,1
"Attrited Customer","F",51,"$40K - $60K","Blue",2710,0,0,2710,3
"Existing Customer","M",46,"$40K - $60K","Blue",2000,1739,0.87,261,2
"Existing Customer","M",41,"$80K - $120K","Gold",34516,2098,0.061,32418,2
"Existing Customer","F",42,"Less than $40K","Blue",8798,1509,0.172,7289,1
"Existing Customer","M",50,"$120K +","Blue",24670,1623,0.066,23047,2
"Existing Customer","M",51,"$80K - $120K","Blue",23453,0,0,23453,2
"Existing Customer","M",44,"$120K +","Silver",34516,1106,0.032,33410,2
"Existing Customer","M",49,"$60K - $80K","Blue",6139,1585,0.258,4554,2
"Existing Customer","F",51,"$40K - $60K","Blue",14800,1020,0.069,13780,2
"Existing Customer","F",53,"$40K - $60K","Blue",9815,1699,0.173,8116,1
"Existing Customer","F",49,"Less than $40K","Blue",3919,2278,0.581,1641,3
"Existing Customer","M",59,"Unknown","Blue",12265,1412,0.115,10853,5
"Existing Customer","F",47,"$40K - $60K","Blue",3256,2035,0.625,1221,3
"Existing Customer","M",50,"$80K - $120K","Blue",19000,2389,0.126,16611,2
"Existing Customer","M",44,"$120K +","Silver",34516,1635,0.047,32881,2
"Existing Customer","M",48,"$60K - $80K","Blue",13197,0,0,13197,1
"Attrited Customer","M",47,"$60K - $80K","Blue",22599,0,0,22599,3
"Existing Customer","M",43,"$60K - $80K","Blue",23457,2517,0.107,20940,1
"Existing Customer","M",40,"$80K - $120K","Blue",5238,2077,0.397,3161,3
"Existing Customer","M",41,"$80K - $120K","Blue",31560,1298,0.041,30262,1
"Existing Customer","F",46,"Less than $40K","Blue",6218,2517,0.405,3701,2
"Existing Customer","M",47,"Unknown","Silver",34516,2019,0.058,32497,2
"Existing Customer","M",44,"$60K - $80K","Silver",29572,1584,0.054,27988,1
"Existing Customer","F",52,"Less than $40K","Blue",2743,1705,0.622,1038,1
"Existing Customer","M",39,"$80K - $120K","Blue",2844,2065,0.726,779,2
"Existing Customer","F",53,"Less than $40K","Blue",9678,1710,0.177,7968,2
"Existing Customer","M",49,"$80K - $120K","Blue",26882,1673,0.062,25209,2
"Existing Customer","F",52,"Less than $40K","Blue",5207,1121,0.215,4086,2
"Existing Customer","M",46,"$40K - $60K","Silver",15034,1356,0.09,13678,2
"Existing Customer","F",44,"$40K - $60K","Blue",3107,1995,0.642,1112,1
"Existing Customer","F",52,"$40K - $60K","Blue",12214,2379,0.195,9835,1
"Existing Customer","M",52,"$80K - $120K","Blue",23070,1701,0.074,21369,2
"Existing Customer","F",50,"Less than $40K","Blue",2167,988,0.456,1179,2
"Existing Customer","M",55,"$80K - $120K","Gold",34516,810,0.023,33706,1
"Existing Customer","M",45,"$60K - $80K","Blue",6895,2314,0.336,4581,2
"Attrited Customer","M",44,"$80K - $120K","Blue",25894,2517,0.097,23377,2
"Attrited Customer","F",46,"Less than $40K","Blue",3138,986,0.314,2152,2
"Existing Customer","M",49,"$120K +","Blue",12055,1858,0.154,10197,2
"Existing Customer","F",53,"Unknown","Blue",16592,1435,0.086,15157,3
"Existing Customer","F",60,"Unknown","Silver",34516,1542,0.045,32974,2
"Existing Customer","M",47,"Unknown","Silver",33184,855,0.026,32329,1
"Existing Customer","F",54,"$40K - $60K","Blue",10753,1845,0.172,8908,1
"Existing Customer","M",39,"$80K - $120K","Blue",9959,1501,0.151,8458,1
"Existing Customer","F",46,"Less than $40K","Blue",2069,1101,0.532,968,5
"Existing Customer","F",43,"Less than $40K","Silver",11362,1871,0.165,9491,2
"Existing Customer","M",53,"$120K +","Blue",34516,1337,0.039,33179,3
"Existing Customer","M",44,"$60K - $80K","Blue",20001,0,0,20001,1
"Existing Customer","M",48,"$40K - $60K","Blue",8786,1559,0.177,7227,3
"Existing Customer","M",41,"$80K - $120K","Blue",7142,1917,0.268,5225,3
"Attrited Customer","F",45,"Less than $40K","Blue",4477,2517,0.562,1960,3
"Existing Customer","F",41,"$40K - $60K","Blue",5357,1272,0.237,4085,2
"Existing Customer","M",51,"$80K - $120K","Silver",34516,0,0,34516,3
"Attrited Customer","M",44,"$80K - $120K","Blue",2367,1606,0.678,761,3
"Existing Customer","M",39,"$60K - $80K","Blue",23402,958,0.041,22444,2
"Existing Customer","M",40,"Less than $40K","Blue",4587,1771,0.386,2816,1
"Existing Customer","M",41,"$120K +","Blue",6565,1130,0.172,5435,3
"Attrited Customer","F",46,"Unknown","Blue",6030,0,0,6030,2
"Attrited Customer","M",50,"$120K +","Blue",6982,0,0,6982,3
"Existing Customer","M",50,"Less than $40K","Blue",5128,0,0,5128,3
"Attrited Customer","M",48,"$60K - $80K","Blue",9405,0,0,9405,2
"Existing Customer","M",49,"$80K - $120K","Silver",34516,1118,0.032,33398,1
"Existing Customer","M",49,"$120K +","Blue",14646,1448,0.099,13198,4
"Existing Customer","M",41,"$80K - $120K","Blue",12578,2517,0.2,10061,3
"Existing Customer","F",36,"$40K - $60K","Blue",4370,1222,0.28,3148,2
"Existing Customer","F",52,"$40K - $60K","Blue",3416,1970,0.577,1446,3
"Existing Customer","M",42,"$60K - $80K","Silver",6224,0,0,6224,2
"Existing Customer","F",49,"Less than $40K","Silver",10741,2517,0.234,8224,3
"Attrited Customer","M",41,"$60K - $80K","Gold",34516,687,0.02,33829,3
"Existing Customer","M",50,"$120K +","Silver",34516,1514,0.044,33002,2
"Attrited Customer","F",53,"$40K - $60K","Blue",6058,0,0,6058,3
"Existing Customer","M",49,"$80K - $120K","Blue",8561,915,0.107,7646,3
"Attrited Customer","M",46,"$80K - $120K","Blue",9959,0,0,9959,3
"Existing Customer","F",51,"Less than $40K","Blue",7645,2076,0.272,5569,1
"Existing Customer","M",51,"$60K - $80K","Blue",1922,1124,0.585,798,4
"Existing Customer","F",51,"Less than $40K","Blue",5625,1640,0.292,3985,1
"Existing Customer","F",54,"Less than $40K","Blue",2274,708,0.311,1566,3
"Existing Customer","M",46,"$120K +","Blue",34516,1802,0.052,32714,2
"Attrited Customer","M",43,"$40K - $60K","Blue",9422,2108,0.224,7314,2
"Existing Customer","F",48,"Unknown","Blue",7469,2474,0.331,4995,1
"Existing Customer","F",43,"Less than $40K","Blue",3849,1281,0.333,2568,2
"Attrited Customer","M",41,"$120K +","Blue",34516,0,0,34516,2
"Existing Customer","M",49,"$80K - $120K","Blue",4778,1351,0.283,3427,1
"Existing Customer","F",51,"Unknown","Gold",34516,1873,0.054,32643,1
"Existing Customer","F",47,"$40K - $60K","Blue",5168,2265,0.438,2903,2
"Attrited Customer","F",53,"Less than $40K","Blue",3199,0,0,3199,1
"Existing Customer","F",55,"Unknown","Blue",21046,1631,0.077,19415,3
"Existing Customer","M",51,"$120K +","Blue",34516,2452,0.071,32064,3
"Existing Customer","F",40,"Less than $40K","Blue",6540,0,0,6540,2
"Attrited Customer","F",60,"Less than $40K","Blue",8141,1811,0.222,6330,6
"Existing Customer","F",40,"Unknown","Silver",33441,686,0.021,32755,1
"Existing Customer","F",46,"Unknown","Blue",5496,1816,0.33,3680,3
"Existing Customer","F",42,"Less than $40K","Blue",3794,1544,0.407,2250,3
"Existing Customer","F",46,"Less than $40K","Blue",5785,2130,0.368,3655,1
"Existing Customer","F",51,"Unknown","Blue",19387,810,0.042,18577,3
"Existing Customer","F",43,"Unknown","Blue",2838,1934,0.681,904,2
"Existing Customer","F",41,"Less than $40K","Blue",4086,1974,0.483,2112,2
"Existing Customer","M",47,"$80K - $120K","Blue",31987,0,0,31987,3
"Attrited Customer","M",43,"$40K - $60K","Blue",9043,1974,0.218,7069,2
"Existing Customer","F",47,"Less than $40K","Silver",11128,2517,0.226,8611,2
"Existing Customer","M",51,"$40K - $60K","Blue",3062,2058,0.672,1004,3
"Existing Customer","F",44,"$40K - $60K","Gold",23981,2135,0.089,21846,2
"Existing Customer","M",44,"$80K - $120K","Gold",34516,942,0.027,33574,1
"Existing Customer","F",39,"$40K - $60K","Silver",22054,1146,0.052,20908,1
"Existing Customer","F",53,"Less than $40K","Blue",2199,693,0.315,1506,2
"Existing Customer","M",45,"$80K - $120K","Blue",9303,1580,0.17,7723,3
"Existing Customer","M",47,"$120K +","Gold",34516,1342,0.039,33174,4
"Existing Customer","M",40,"$40K - $60K","Blue",7566,1618,0.214,5948,3
"Existing Customer","F",50,"Unknown","Blue",11343,0,0,11343,3
"Existing Customer","F",47,"Unknown","Blue",15155,1287,0.085,13868,1
"Existing Customer","M",55,"$80K - $120K","Blue",10795,0,0,10795,1
"Existing Customer","F",44,"Less than $40K","Blue",6633,1322,0.199,5311,1
"Existing Customer","F",54,"Unknown","Blue",8572,2128,0.248,6444,1
"Existing Customer","M",40,"$80K - $120K","Blue",34516,2330,0.068,32186,1
"Existing Customer","M",50,"$80K - $120K","Silver",34516,2517,0.073,31999,3
"Attrited Customer","M",49,"$60K - $80K","Blue",14895,0,0,14895,4
"Existing Customer","F",49,"Less than $40K","Blue",2636,1257,0.477,1379,1
"Existing Customer","F",39,"Less than $40K","Blue",9511,2220,0.233,7291,3
"Attrited Customer","M",43,"$120K +","Blue",10896,2517,0.231,8379,2
"Existing Customer","F",43,"Less than $40K","Blue",8401,1085,0.129,7316,1
"Existing Customer","F",45,"Unknown","Blue",12406,1980,0.16,10426,3
"Attrited Customer","F",47,"Unknown","Blue",6769,274,0.04,6495,3
"Existing Customer","F",45,"Less than $40K","Blue",2737,0,0,2737,1
"Existing Customer","F",34,"Unknown","Silver",32292,1731,0.054,30561,2
"Existing Customer","M",52,"$120K +","Silver",34516,1588,0.046,32928,2
"Existing Customer","F",33,"Less than $40K","Gold",15987,1992,0.125,13995,3
"Attrited Customer","M",43,"$60K - $80K","Gold",34516,1085,0.031,33431,3
"Existing Customer","M",42,"$40K - $60K","Blue",2437,1718,0.705,719,3
"Existing Customer","M",49,"$80K - $120K","Blue",4557,985,0.216,3572,3
"Existing Customer","M",55,"$40K - $60K","Blue",10949,829,0.076,10120,3
"Existing Customer","F",39,"Less than $40K","Silver",10398,1630,0.157,8768,2
"Existing Customer","F",40,"$40K - $60K","Silver",22361,1873,0.084,20488,1
"Existing Customer","M",46,"$80K - $120K","Blue",3841,1411,0.367,2430,3
"Existing Customer","M",46,"$80K - $120K","Silver",34516,1954,0.057,32562,1
"Attrited Customer","M",58,"$120K +","Silver",34516,0,0,34516,3
"Existing Customer","F",44,"Less than $40K","Silver",10877,1802,0.166,9075,3
"Existing Customer","M",42,"$40K - $60K","Blue",5848,1481,0.253,4367,1
"Existing Customer","M",50,"$60K - $80K","Blue",11552,1970,0.171,9582,2
"Existing Customer","M",46,"$80K - $120K","Blue",11901,2517,0.211,9384,2
"Existing Customer","M",37,"$80K - $120K","Blue",2273,0,0,2273,2
"Existing Customer","F",57,"Less than $40K","Blue",3082,2507,0.813,575,2
"Existing Customer","M",52,"$40K - $60K","Blue",9298,1898,0.204,7400,2
"Existing Customer","F",62,"$40K - $60K","Blue",4136,0,0,4136,2
"Existing Customer","M",45,"$60K - $80K","Blue",12399,1461,0.118,10938,5
"Existing Customer","M",57,"$80K - $120K","Blue",15030,1395,0.093,13635,6
"Existing Customer","F",44,"Less than $40K","Blue",6441,2151,0.334,4290,1
"Existing Customer","F",42,"Unknown","Blue",7469,837,0.112,6632,4
"Existing Customer","F",40,"Less than $40K","Blue",3569,1054,0.295,2515,2
"Existing Customer","M",47,"Less than $40K","Blue",2781,1950,0.701,831,3
"Existing Customer","M",51,"$120K +","Silver",34516,1991,0.058,32525,5
"Existing Customer","F",45,"Less than $40K","Blue",4174,2507,0.601,1667,2
"Existing Customer","M",50,"$60K - $80K","Blue",23223,628,0.027,22595,2
"Existing Customer","M",46,"Less than $40K","Blue",6954,1502,0.216,5452,2
"Existing Customer","F",47,"Less than $40K","Blue",7136,2345,0.329,4791,3
"Existing Customer","F",43,"Less than $40K","Blue",1820,0,0,1820,1
"Existing Customer","M",52,"$40K - $60K","Blue",2937,1633,0.556,1304,2
"Existing Customer","F",46,"Less than $40K","Blue",6636,2399,0.362,4237,3
"Existing Customer","M",41,"$60K - $80K","Silver",31497,2192,0.07,29305,3
"Attrited Customer","M",52,"$120K +","Blue",34516,0,0,34516,3
"Existing Customer","F",52,"Less than $40K","Blue",1959,1022,0.522,937,3
"Attrited Customer","M",51,"$80K - $120K","Silver",34516,989,0.029,33527,2
"Existing Customer","M",49,"$60K - $80K","Blue",7801,2018,0.259,5783,1
"Existing Customer","M",55,"$120K +","Blue",6455,1837,0.285,4618,2
"Existing Customer","M",46,"$40K - $60K","Blue",11343,1175,0.104,10168,2
"Attrited Customer","M",43,"$40K - $60K","Platinum",23981,593,0.025,23388,3
"Attrited Customer","F",46,"Less than $40K","Blue",2879,0,0,2879,3
"Existing Customer","M",49,"$80K - $120K","Blue",7667,2191,0.286,5476,3
"Existing Customer","M",41,"$120K +","Blue",34516,1022,0.03,33494,2
"Existing Customer","M",37,"$80K - $120K","Blue",6713,1590,0.237,5123,2
"Existing Customer","M",51,"$120K +","Blue",10984,1429,0.13,9555,3
"Existing Customer","M",50,"$120K +","Blue",34516,2517,0.073,31999,3
"Existing Customer","M",57,"$60K - $80K","Blue",23058,1534,0.067,21524,1
"Existing Customer","M",40,"$120K +","Blue",17606,1377,0.078,16229,2
"Existing Customer","M",52,"$120K +","Gold",34516,1464,0.042,33052,1
"Existing Customer","F",45,"$40K - $60K","Silver",18000,1829,0.102,16171,2
"Existing Customer","F",48,"Less than $40K","Blue",5550,2517,0.454,3033,2
"Existing Customer","F",39,"Less than $40K","Blue",1621,0,0,1621,1
"Existing Customer","F",49,"Less than $40K","Blue",3244,0,0,3244,1
"Existing Customer","M",45,"$40K - $60K","Blue",5800,1434,0.247,4366,2
"Existing Customer","F",43,"Less than $40K","Blue",2550,1421,0.557,1129,2
"Existing Customer","M",45,"$60K - $80K","Silver",34516,1509,0.044,33007,1
"Attrited Customer","M",38,"$120K +","Blue",10874,2415,0.222,8459,3
"Attrited Customer","M",54,"$80K - $120K","Blue",13769,0,0,13769,2
"Attrited Customer","M",39,"$40K - $60K","Silver",17894,304,0.017,17590,2
"Existing Customer","F",49,"Less than $40K","Gold",15016,2016,0.134,13000,2
"Existing Customer","M",45,"$120K +","Blue",9036,0,0,9036,1
"Existing Customer","M",54,"$80K - $120K","Blue",12813,1998,0.156,10815,2
"Existing Customer","F",40,"Less than $40K","Blue",4660,1844,0.396,2816,1
"Existing Customer","M",49,"$60K - $80K","Gold",34516,1064,0.031,33452,2
"Attrited Customer","M",48,"$80K - $120K","Blue",13174,0,0,13174,2
"Existing Customer","M",43,"Unknown","Blue",11210,1079,0.096,10131,1
"Existing Customer","M",42,"$120K +","Blue",31639,2446,0.077,29193,2
"Existing Customer","M",49,"$120K +","Gold",34516,1634,0.047,32882,1
"Existing Customer","M",43,"$120K +","Blue",34516,1742,0.05,32774,1
"Existing Customer","F",44,"Less than $40K","Blue",2490,1235,0.496,1255,1
"Existing Customer","M",45,"$80K - $120K","Blue",26438,1655,0.063,24783,2
"Existing Customer","F",38,"Less than $40K","Blue",7504,1134,0.151,6370,3
"Existing Customer","M",44,"$120K +","Blue",34516,1058,0.031,33458,2
"Existing Customer","M",45,"$120K +","Platinum",34516,1488,0.043,33028,2
"Existing Customer","F",51,"Unknown","Blue",15048,2517,0.167,12531,3
"Existing Customer","M",41,"$80K - $120K","Blue",9357,1942,0.208,7415,2
"Existing Customer","M",51,"$60K - $80K","Blue",11548,0,0,11548,3
"Existing Customer","F",56,"Less than $40K","Blue",8767,1684,0.192,7083,2
"Existing Customer","M",42,"$40K - $60K","Blue",5306,2410,0.454,2896,3
"Attrited Customer","F",52,"Unknown","Blue",3608,2517,0.698,1091,3
"Existing Customer","F",49,"Less than $40K","Gold",15987,2065,0.129,13922,3
"Attrited Customer","M",50,"$120K +","Blue",31782,0,0,31782,1
"Existing Customer","M",42,"$120K +","Blue",34516,1440,0.042,33076,1
"Existing Customer","F",45,"$40K - $60K","Silver",19107,933,0.049,18174,1
"Existing Customer","M",50,"$80K - $120K","Blue",34516,1466,0.042,33050,1
"Existing Customer","M",41,"$80K - $120K","Blue",21751,1573,0.072,20178,2
"Existing Customer","F",44,"Less than $40K","Blue",7926,1051,0.133,6875,2
"Attrited Customer","M",51,"$120K +","Silver",34516,1279,0.037,33237,3
"Existing Customer","M",48,"$80K - $120K","Blue",27984,1793,0.064,26191,2
"Existing Customer","M",40,"$60K - $80K","Blue",24499,2517,0.103,21982,3
"Existing Customer","M",49,"$80K - $120K","Blue",2221,1291,0.581,930,1
"Existing Customer","M",43,"$80K - $120K","Blue",5858,961,0.164,4897,2
"Existing Customer","M",51,"$80K - $120K","Blue",27318,2416,0.088,24902,3
"Existing Customer","F",44,"Unknown","Blue",9766,1575,0.161,8191,3
"Existing Customer","M",59,"$60K - $80K","Silver",26692,2517,0.094,24175,2
"Existing Customer","M",49,"$60K - $80K","Gold",34516,913,0.026,33603,3
"Existing Customer","M",38,"$120K +","Blue",14938,0,0,14938,2
"Existing Customer","M",52,"$80K - $120K","Blue",33256,928,0.028,32328,5
"Existing Customer","M",49,"$120K +","Silver",34516,0,0,34516,2
"Existing Customer","M",47,"$40K - $60K","Blue",5791,1957,0.338,3834,6
"Existing Customer","F",51,"Unknown","Blue",2319,1347,0.581,972,1
"Existing Customer","M",46,"$80K - $120K","Blue",17698,1769,0.1,15929,3
"Existing Customer","M",52,"$80K - $120K","Silver",34516,1701,0.049,32815,1
"Existing Customer","F",57,"Less than $40K","Blue",6482,1686,0.26,4796,2
"Attrited Customer","M",40,"$60K - $80K","Blue",18975,0,0,18975,3
"Existing Customer","M",44,"$60K - $80K","Silver",34516,1652,0.048,32864,3
"Existing Customer","M",47,"$40K - $60K","Blue",2479,1748,0.705,731,2
"Existing Customer","F",41,"Less than $40K","Blue",4941,1040,0.21,3901,1
"Existing Customer","M",42,"$60K - $80K","Gold",34516,2276,0.066,32240,1
"Existing Customer","F",44,"Unknown","Blue",8230,1333,0.162,6897,2
"Existing Customer","M",44,"$40K - $60K","Silver",22226,1864,0.084,20362,1
"Existing Customer","M",47,"$120K +","Blue",28852,1974,0.068,26878,3
"Attrited Customer","M",36,"$40K - $60K","Blue",6893,1462,0.212,5431,3
"Existing Customer","M",45,"$60K - $80K","Blue",7653,1693,0.221,5960,2
"Existing Customer","M",50,"$80K - $120K","Blue",26840,769,0.029,26071,2
"Existing Customer","M",41,"$60K - $80K","Blue",4549,2109,0.464,2440,2
"Attrited Customer","M",55,"$120K +","Blue",16828,2517,0.15,14311,3
"Existing Customer","M",45,"$40K - $60K","Blue",6530,1425,0.218,5105,2
"Existing Customer","F",40,"$40K - $60K","Blue",11642,1501,0.129,10141,1
"Existing Customer","M",43,"$80K - $120K","Blue",5390,1324,0.246,4066,2
"Existing Customer","F",49,"Less than $40K","Blue",7037,0,0,7037,1
"Existing Customer","M",47,"Less than $40K","Blue",8390,0,0,8390,1
"Existing Customer","M",49,"$60K - $80K","Blue",2122,1101,0.519,1021,1
"Existing Customer","M",43,"$40K - $60K","Blue",3442,2517,0.731,925,1
"Existing Customer","F",44,"Less than $40K","Blue",6680,1839,0.275,4841,3
"Existing Customer","F",42,"Unknown","Silver",34516,1066,0.031,33450,2
"Existing Customer","F",44,"$40K - $60K","Blue",7244,2031,0.28,5213,2
"Existing Customer","M",52,"$80K - $120K","Blue",34516,1369,0.04,33147,3
"Attrited Customer","M",42,"$60K - $80K","Blue",2476,2250,0.909,226,2
"Existing Customer","F",40,"Less than $40K","Blue",2019,803,0.398,1216,1
"Existing Customer","F",54,"Less than $40K","Blue",8758,1511,0.173,7247,2
"Existing Customer","M",62,"$60K - $80K","Blue",6103,2517,0.412,3586,3
"Existing Customer","F",52,"Less than $40K","Blue",2166,1458,0.673,708,1
"Existing Customer","F",50,"Less than $40K","Blue",3449,1634,0.474,1815,1
"Existing Customer","F",51,"Less than $40K","Blue",2984,2512,0.842,472,3
"Attrited Customer","F",54,"Less than $40K","Silver",13432,0,0,13432,5
"Existing Customer","F",39,"$40K - $60K","Blue",10830,2184,0.202,8646,1
"Attrited Customer","M",50,"$80K - $120K","Blue",2673,0,0,2673,3
"Existing Customer","M",46,"$120K +","Blue",34516,1649,0.048,32867,2
"Existing Customer","M",45,"$60K - $80K","Blue",20633,1989,0.096,18644,2
"Existing Customer","M",61,"Unknown","Blue",9070,2097,0.231,6973,1
"Existing Customer","M",51,"$120K +","Blue",11954,0,0,11954,2
"Existing Customer","M",50,"$80K - $120K","Silver",34516,925,0.027,33591,1
"Attrited Customer","M",48,"$80K - $120K","Blue",4479,0,0,4479,3
"Existing Customer","M",50,"Less than $40K","Blue",3968,2264,0.571,1704,1
"Existing Customer","F",58,"Unknown","Blue",2599,1407,0.541,1192,2
"Existing Customer","M",46,"$60K - $80K","Blue",10074,1223,0.121,8851,3
"Existing Customer","F",46,"$40K - $60K","Blue",10901,1874,0.172,9027,2
"Existing Customer","F",42,"Less than $40K","Blue",8325,0,0,8325,3
"Existing Customer","M",38,"$80K - $120K","Silver",34516,2008,0.058,32508,2
"Existing Customer","M",40,"$120K +","Blue",34516,2088,0.06,32428,2
"Existing Customer","M",43,"$80K - $120K","Blue",7196,696,0.097,6500,1
"Existing Customer","M",48,"$60K - $80K","Gold",34516,0,0,34516,6
"Existing Customer","M",38,"$80K - $120K","Blue",34516,1595,0.046,32921,1
"Existing Customer","M",46,"$120K +","Blue",32926,1540,0.047,31386,1
"Existing Customer","M",44,"$40K - $60K","Silver",18072,1378,0.076,16694,1
"Existing Customer","M",50,"$80K - $120K","Blue",24533,1813,0.074,22720,3
"Existing Customer","M",39,"$40K - $60K","Blue",4874,2317,0.475,2557,1
"Existing Customer","M",50,"$60K - $80K","Blue",12889,1822,0.141,11067,2
"Existing Customer","F",41,"Less than $40K","Blue",7531,1692,0.225,5839,3
"Existing Customer","F",49,"Less than $40K","Blue",1838,1155,0.628,683,6
"Existing Customer","M",42,"$80K - $120K","Blue",30117,2129,0.071,27988,1
"Existing Customer","M",46,"$60K - $80K","Blue",5131,1484,0.289,3647,1
"Existing Customer","M",44,"$80K - $120K","Gold",34516,2517,0.073,31999,3
"Existing Customer","M",53,"$80K - $120K","Blue",24262,1984,0.082,22278,1
"Existing Customer","M",51,"$80K - $120K","Blue",34516,1228,0.036,33288,3
"Attrited Customer","F",38,"Less than $40K","Blue",7385,1817,0.246,5568,2
"Existing Customer","M",50,"$60K - $80K","Blue",20708,1357,0.066,19351,2
"Attrited Customer","F",47,"Less than $40K","Silver",14057,1381,0.098,12676,3
"Existing Customer","M",38,"$80K - $120K","Silver",34516,1132,0.033,33384,1
"Existing Customer","M",45,"$60K - $80K","Blue",17072,1519,0.089,15553,5
"Existing Customer","M",52,"$80K - $120K","Blue",25737,1168,0.045,24569,3
"Existing Customer","F",44,"Less than $40K","Blue",2211,768,0.347,1443,3
"Existing Customer","F",35,"Unknown","Blue",16950,0,0,16950,1
"Existing Customer","M",44,"$60K - $80K","Blue",15043,0,0,15043,1
"Attrited Customer","M",40,"$80K - $120K","Blue",29338,159,0.005,29179,2
"Existing Customer","M",57,"$120K +","Blue",25808,0,0,25808,3
"Existing Customer","F",43,"Less than $40K","Blue",2248,1853,0.824,395,3
"Existing Customer","F",45,"$40K - $60K","Blue",3670,1684,0.459,1986,2
"Existing Customer","F",44,"Less than $40K","Blue",8861,1149,0.13,7712,2
"Existing Customer","M",47,"$120K +","Silver",34516,1161,0.034,33355,3
"Existing Customer","M",50,"$60K - $80K","Blue",8014,1250,0.156,6764,3
"Existing Customer","F",44,"Less than $40K","Blue",2771,1779,0.642,992,1
"Existing Customer","M",51,"$120K +","Silver",34516,1702,0.049,32814,1
"Attrited Customer","F",45,"Unknown","Blue",8383,0,0,8383,4
"Existing Customer","F",44,"Less than $40K","Gold",15365,630,0.041,14735,3
"Attrited Customer","F",48,"Less than $40K","Blue",2913,0,0,2913,3
"Existing Customer","F",40,"Less than $40K","Blue",4748,2085,0.439,2663,2
"Existing Customer","M",50,"$80K - $120K","Silver",34516,0,0,34516,2
"Existing Customer","F",38,"Less than $40K","Blue",2609,1259,0.483,1350,3
"Attrited Customer","F",43,"$40K - $60K","Blue",11508,0,0,11508,3
"Existing Customer","F",45,"Less than $40K","Blue",2396,887,0.37,1509,2
"Existing Customer","M",49,"$120K +","Blue",18991,1208,0.064,17783,3
"Attrited Customer","M",44,"$80K - $120K","Blue",10908,0,0,10908,3
"Existing Customer","M",53,"$40K - $60K","Blue",14627,1997,0.137,12630,2
"Existing Customer","M",46,"$40K - $60K","Blue",2219,1180,0.532,1039,2
"Existing Customer","M",56,"$80K - $120K","Blue",25736,1388,0.054,24348,3
"Existing Customer","M",63,"$60K - $80K","Blue",7997,1096,0.137,6901,3
"Existing Customer","M",40,"$40K - $60K","Blue",2849,1741,0.611,1108,2
"Existing Customer","M",45,"$80K - $120K","Blue",29227,1151,0.039,28076,2
"Existing Customer","M",52,"$120K +","Blue",34516,1382,0.04,33134,2
"Existing Customer","M",50,"$40K - $60K","Blue",12458,1332,0.107,11126,3
"Attrited Customer","M",62,"$60K - $80K","Blue",7547,2477,0.328,5070,3
"Attrited Customer","M",44,"$120K +","Blue",34516,0,0,34516,3
"Existing Customer","F",45,"Less than $40K","Silver",10677,0,0,10677,5
"Existing Customer","M",53,"$80K - $120K","Blue",2340,1612,0.689,728,3
"Existing Customer","F",38,"$40K - $60K","Gold",23981,0,0,23981,2
"Existing Customer","F",44,"$40K - $60K","Blue",6329,1643,0.26,4686,3
"Existing Customer","M",42,"$40K - $60K","Blue",4960,1724,0.348,3236,3
"Existing Customer","M",44,"$60K - $80K","Silver",34516,1601,0.046,32915,2
"Existing Customer","F",55,"Less than $40K","Gold",15987,1973,0.123,14014,3
"Existing Customer","F",52,"Less than $40K","Blue",3244,1855,0.572,1389,2
"Existing Customer","M",48,"$60K - $80K","Blue",7298,2517,0.345,4781,2
"Existing Customer","M",48,"$80K - $120K","Blue",28307,1506,0.053,26801,1
"Existing Customer","M",47,"$40K - $60K","Blue",2430,1657,0.682,773,3
"Existing Customer","M",49,"$120K +","Blue",7650,2045,0.267,5605,3
"Existing Customer","F",47,"$40K - $60K","Blue",6443,2073,0.322,4370,2
"Existing Customer","M",47,"$80K - $120K","Blue",13356,1497,0.112,11859,2
"Existing Customer","M",56,"$120K +","Blue",4675,1340,0.287,3335,1
"Existing Customer","M",61,"$40K - $60K","Blue",2177,1329,0.61,848,1
"Existing Customer","M",45,"$120K +","Gold",34516,1411,0.041,33105,3
"Existing Customer","F",49,"Less than $40K","Blue",2821,1995,0.707,826,3
"Existing Customer","F",44,"Less than $40K","Blue",6769,1133,0.167,5636,2
"Attrited Customer","M",50,"$80K - $120K","Gold",34516,0,0,34516,3
"Existing Customer","M",51,"$120K +","Blue",30172,1825,0.06,28347,3
"Existing Customer","F",44,"Less than $40K","Blue",7742,1163,0.15,6579,3
"Existing Customer","M",46,"$80K - $120K","Blue",11814,1440,0.122,10374,1
"Existing Customer","M",41,"$80K - $120K","Blue",28687,1607,0.056,27080,1
"Existing Customer","M",51,"$60K - $80K","Silver",25653,2059,0.08,23594,3
"Existing Customer","F",52,"$40K - $60K","Blue",4705,890,0.189,3815,1
"Existing Customer","M",39,"$80K - $120K","Blue",19150,1093,0.057,18057,3
"Existing Customer","M",38,"$60K - $80K","Gold",34516,1494,0.043,33022,2
"Existing Customer","M",51,"$80K - $120K","Blue",11765,1429,0.121,10336,3
"Existing Customer","M",41,"$80K - $120K","Blue",16627,2118,0.127,14509,3
"Existing Customer","M",43,"$60K - $80K","Blue",13553,1448,0.107,12105,1
"Existing Customer","M",40,"$60K - $80K","Blue",11476,2365,0.206,9111,3
"Existing Customer","M",58,"$80K - $120K","Blue",5182,1459,0.282,3723,3
"Attrited Customer","M",44,"$60K - $80K","Blue",23026,2517,0.109,20509,3
"Existing Customer","M",48,"$60K - $80K","Blue",18477,0,0,18477,2
"Attrited Customer","M",49,"$80K - $120K","Blue",29890,0,0,29890,3
"Existing Customer","M",48,"$60K - $80K","Blue",8290,1030,0.124,7260,1
"Existing Customer","M",44,"$40K - $60K","Silver",16199,1533,0.095,14666,1
"Existing Customer","F",54,"Unknown","Blue",3723,1728,0.464,1995,3
"Existing Customer","M",45,"Less than $40K","Silver",12695,1613,0.127,11082,1
"Attrited Customer","F",54,"Unknown","Platinum",34516,0,0,34516,2
"Existing Customer","M",46,"$60K - $80K","Silver",30379,2175,0.072,28204,1
"Existing Customer","F",37,"$40K - $60K","Blue",9875,1239,0.125,8636,2
"Existing Customer","M",41,"$60K - $80K","Platinum",34516,1559,0.045,32957,1
"Existing Customer","M",43,"$60K - $80K","Blue",2600,2047,0.787,553,3
"Existing Customer","M",39,"$80K - $120K","Gold",34516,0,0,34516,3
"Attrited Customer","M",61,"$60K - $80K","Blue",12218,0,0,12218,3
"Existing Customer","M",51,"$80K - $120K","Silver",34516,0,0,34516,2
"Existing Customer","F",48,"$40K - $60K","Silver",21754,0,0,21754,2
"Existing Customer","M",46,"$60K - $80K","Blue",8396,604,0.072,7792,1
"Existing Customer","F",39,"Less than $40K","Platinum",15987,1494,0.093,14493,2
"Existing Customer","F",55,"Less than $40K","Silver",12094,1870,0.155,10224,2
"Existing Customer","M",44,"$60K - $80K","Blue",2946,743,0.252,2203,1
"Existing Customer","M",48,"$40K - $60K","Silver",17812,0,0,17812,3
"Existing Customer","F",46,"$40K - $60K","Blue",13743,0,0,13743,3
"Existing Customer","F",39,"$40K - $60K","Gold",23981,1696,0.071,22285,3
"Existing Customer","F",45,"$40K - $60K","Silver",15785,1174,0.074,14611,2
"Attrited Customer","F",43,"Less than $40K","Blue",3015,0,0,3015,3
"Existing Customer","F",40,"$40K - $60K","Silver",19000,1568,0.083,17432,2
"Attrited Customer","M",49,"$120K +","Blue",11714,949,0.081,10765,3
"Existing Customer","F",39,"$40K - $60K","Blue",11135,1563,0.14,9572,2
"Existing Customer","M",47,"$60K - $80K","Silver",34516,1349,0.039,33167,1
"Existing Customer","M",42,"$80K - $120K","Silver",34516,2273,0.066,32243,1
"Existing Customer","F",44,"Less than $40K","Silver",13259,866,0.065,12393,1
"Existing Customer","M",47,"$80K - $120K","Blue",5660,2210,0.39,3450,3
"Existing Customer","M",63,"$60K - $80K","Blue",23355,1061,0.045,22294,3
"Existing Customer","M",49,"$80K - $120K","Blue",20734,2517,0.121,18217,5
"Existing Customer","F",43,"$40K - $60K","Blue",2476,1396,0.564,1080,1
"Existing Customer","M",55,"$120K +","Silver",34516,2443,0.071,32073,2
"Attrited Customer","F",46,"Less than $40K","Blue",7552,0,0,7552,3
"Existing Customer","M",42,"Less than $40K","Silver",14630,0,0,14630,1
"Attrited Customer","M",43,"$40K - $60K","Blue",6080,787,0.129,5293,3
"Attrited Customer","M",51,"$80K - $120K","Blue",28605,0,0,28605,3
"Attrited Customer","M",49,"$80K - $120K","Blue",2886,925,0.321,1961,2
"Attrited Customer","F",51,"Unknown","Platinum",34516,531,0.015,33985,3
"Existing Customer","F",31,"Less than $40K","Silver",10850,1873,0.173,8977,2
"Existing Customer","M",43,"$80K - $120K","Blue",24244,1649,0.068,22595,1
"Existing Customer","M",59,"$60K - $80K","Blue",17218,1829,0.106,15389,3
"Existing Customer","F",41,"Unknown","Blue",14746,0,0,14746,3
"Existing Customer","M",53,"$120K +","Gold",34516,1051,0.03,33465,1
"Existing Customer","M",39,"$80K - $120K","Blue",34458,846,0.025,33612,1
"Existing Customer","M",57,"$120K +","Silver",34516,2517,0.073,31999,2
"Existing Customer","M",60,"$40K - $60K","Blue",9369,1813,0.194,7556,3
"Existing Customer","M",51,"$80K - $120K","Blue",22741,2176,0.096,20565,2
"Attrited Customer","F",46,"$40K - $60K","Blue",9110,2517,0.276,6593,3
"Existing Customer","M",45,"$60K - $80K","Platinum",34516,1308,0.038,33208,2
"Existing Customer","M",41,"$60K - $80K","Blue",17277,2151,0.125,15126,2
"Existing Customer","M",56,"$120K +","Blue",34516,2156,0.062,32360,2
"Existing Customer","F",39,"Unknown","Silver",33565,1627,0.048,31938,2
"Existing Customer","F",49,"$40K - $60K","Silver",20176,2219,0.11,17957,3
"Existing Customer","M",45,"$40K - $60K","Blue",3751,1869,0.498,1882,3
"Existing Customer","F",47,"Less than $40K","Blue",2519,1584,0.629,935,1
"Attrited Customer","M",50,"$40K - $60K","Blue",13067,0,0,13067,3
"Attrited Customer","F",45,"$40K - $60K","Blue",3399,0,0,3399,2
"Existing Customer","M",45,"$40K - $60K","Blue",11529,1823,0.158,9706,3
"Existing Customer","F",40,"Less than $40K","Blue",8694,1117,0.128,7577,3
"Existing Customer","F",52,"Less than $40K","Blue",6616,831,0.126,5785,3
"Existing Customer","M",51,"$40K - $60K","Blue",11467,1146,0.1,10321,2
"Existing Customer","M",44,"$80K - $120K","Blue",15821,1334,0.084,14487,3
"Existing Customer","F",56,"Unknown","Platinum",34516,0,0,34516,3
"Existing Customer","M",30,"$60K - $80K","Blue",15795,1742,0.11,14053,3
"Attrited Customer","F",62,"Less than $40K","Blue",3109,0,0,3109,2
"Existing Customer","F",47,"Less than $40K","Blue",8837,2517,0.285,6320,2
"Existing Customer","F",42,"Less than $40K","Blue",6551,1718,0.262,4833,1
"Existing Customer","F",52,"$40K - $60K","Blue",2540,1093,0.43,1447,2
"Existing Customer","F",46,"Unknown","Blue",8110,1549,0.191,6561,3
"Existing Customer","F",54,"Unknown","Blue",6146,2210,0.36,3936,3
"Attrited Customer","M",58,"$60K - $80K","Blue",2236,710,0.318,1526,1
"Attrited Customer","M",34,"$80K - $120K","Blue",3711,1413,0.381,2298,2
"Attrited Customer","F",43,"Less than $40K","Blue",2082,1794,0.862,288,2
"Existing Customer","M",49,"$80K - $120K","Blue",9959,2216,0.223,7743,2
"Existing Customer","M",55,"$60K - $80K","Blue",18980,2517,0.133,16463,2
"Existing Customer","F",47,"$40K - $60K","Silver",15472,865,0.056,14607,2
"Existing Customer","F",50,"Unknown","Blue",21498,1542,0.072,19956,3
"Attrited Customer","F",41,"$40K - $60K","Blue",2667,0,0,2667,3
"Existing Customer","F",44,"Less than $40K","Blue",4291,1285,0.299,3006,2
"Attrited Customer","M",39,"$60K - $80K","Blue",3879,0,0,3879,2
"Existing Customer","M",43,"$60K - $80K","Blue",12773,1637,0.128,11136,3
"Existing Customer","M",32,"$60K - $80K","Blue",6224,1965,0.316,4259,1
"Existing Customer","M",40,"$60K - $80K","Blue",9594,2517,0.262,7077,2
"Existing Customer","M",49,"Less than $40K","Silver",12518,1722,0.138,10796,2
"Attrited Customer","F",56,"Less than $40K","Blue",2783,1763,0.633,1020,2
"Existing Customer","F",60,"Less than $40K","Blue",3773,0,0,3773,1
"Existing Customer","F",41,"$40K - $60K","Silver",19281,1805,0.094,17476,1
"Attrited Customer","F",43,"Less than $40K","Silver",14806,2517,0.17,12289,3
"Existing Customer","M",32,"$40K - $60K","Blue",7473,1253,0.168,6220,1
"Existing Customer","F",47,"Less than $40K","Blue",3108,1978,0.636,1130,1
"Existing Customer","M",46,"$80K - $120K","Blue",34516,975,0.028,33541,3
"Attrited Customer","M",41,"$120K +","Blue",27742,2517,0.091,25225,3
"Attrited Customer","F",51,"Less than $40K","Silver",14563,1309,0.09,13254,2
"Attrited Customer","M",58,"$80K - $120K","Blue",10286,0,0,10286,3
"Existing Customer","F",48,"Unknown","Blue",7791,1472,0.189,6319,3
"Existing Customer","F",53,"Less than $40K","Blue",3733,1620,0.434,2113,3
"Existing Customer","M",52,"$80K - $120K","Silver",34516,1618,0.047,32898,1
"Existing Customer","F",45,"Less than $40K","Silver",14416,0,0,14416,5
"Attrited Customer","M",41,"$120K +","Blue",34516,0,0,34516,2
"Existing Customer","F",37,"Less than $40K","Silver",12033,1025,0.085,11008,3
"Existing Customer","M",44,"$60K - $80K","Gold",34516,1930,0.056,32586,2
"Attrited Customer","F",49,"Less than $40K","Blue",3243,0,0,3243,2
"Existing Customer","F",32,"Less than $40K","Blue",9761,1470,0.151,8291,3
"Existing Customer","F",36,"Less than $40K","Blue",5723,0,0,5723,3
"Existing Customer","F",47,"Less than $40K","Blue",9947,2496,0.251,7451,1
"Existing Customer","M",49,"$60K - $80K","Blue",3599,0,0,3599,3
"Existing Customer","M",58,"$120K +","Blue",12648,1604,0.127,11044,3
"Attrited Customer","M",45,"$40K - $60K","Blue",4572,0,0,4572,2
"Existing Customer","F",53,"Less than $40K","Blue",4021,1745,0.434,2276,2
"Existing Customer","M",45,"$80K - $120K","Blue",25601,1384,0.054,24217,3
"Existing Customer","M",44,"$80K - $120K","Blue",25428,1528,0.06,23900,3
"Existing Customer","M",54,"$40K - $60K","Blue",4216,1290,0.306,2926,5
"Existing Customer","F",38,"$40K - $60K","Blue",3140,2517,0.802,623,1
"Existing Customer","M",46,"$60K - $80K","Blue",21161,1198,0.057,19963,2
"Existing Customer","F",41,"Unknown","Blue",5877,1713,0.291,4164,5
"Existing Customer","F",48,"$40K - $60K","Blue",9074,1648,0.182,7426,2
"Existing Customer","M",53,"$60K - $80K","Blue",4142,2252,0.544,1890,3
"Existing Customer","M",39,"$40K - $60K","Blue",3152,1174,0.372,1978,2
"Attrited Customer","F",48,"Less than $40K","Platinum",15987,0,0,15987,3
"Existing Customer","M",41,"$40K - $60K","Blue",8919,1723,0.193,7196,3
"Existing Customer","F",54,"Unknown","Blue",24927,1273,0.051,23654,1
"Existing Customer","M",49,"$40K - $60K","Blue",3308,2150,0.65,1158,1
"Attrited Customer","M",61,"$60K - $80K","Blue",6157,581,0.094,5576,1
"Existing Customer","M",41,"$60K - $80K","Silver",33889,1203,0.035,32686,3
"Existing Customer","M",52,"$120K +","Blue",33552,1252,0.037,32300,1
"Existing Customer","M",44,"$120K +","Silver",34516,2123,0.062,32393,3
"Existing Customer","F",33,"$40K - $60K","Silver",19594,971,0.05,18623,3
"Existing Customer","M",37,"$60K - $80K","Blue",7349,994,0.135,6355,6
"Existing Customer","F",52,"$40K - $60K","Blue",14803,985,0.067,13818,1
"Attrited Customer","F",51,"Less than $40K","Blue",3536,0,0,3536,5
"Attrited Customer","M",43,"$80K - $120K","Blue",19333,0,0,19333,3
"Existing Customer","F",54,"Less than $40K","Silver",11605,1470,0.127,10135,2
"Existing Customer","F",31,"Less than $40K","Blue",3329,0,0,3329,1
"Existing Customer","F",40,"Less than $40K","Blue",3961,1531,0.387,2430,1
"Existing Customer","F",49,"Less than $40K","Blue",5975,2045,0.342,3930,3
"Attrited Customer","M",60,"$40K - $60K","Blue",3735,1175,0.315,2560,1
"Attrited Customer","F",62,"Less than $40K","Blue",5780,0,0,5780,3
"Existing Customer","M",44,"$80K - $120K","Blue",19141,1933,0.101,17208,2
"Existing Customer","F",43,"Less than $40K","Blue",3461,1767,0.511,1694,3
"Existing Customer","M",56,"$80K - $120K","Blue",29394,1002,0.034,28392,2
"Existing Customer","M",35,"$80K - $120K","Blue",24250,0,0,24250,1
"Existing Customer","F",40,"$40K - $60K","Silver",16191,0,0,16191,2
"Existing Customer","M",52,"$60K - $80K","Blue",7261,1443,0.199,5818,3
"Existing Customer","M",29,"$40K - $60K","Blue",4023,1437,0.357,2586,3
"Attrited Customer","M",52,"$60K - $80K","Blue",3764,0,0,3764,3
"Existing Customer","F",49,"Less than $40K","Blue",3767,1106,0.294,2661,1
"Attrited Customer","M",37,"$60K - $80K","Blue",6407,478,0.075,5929,3
"Attrited Customer","F",47,"$40K - $60K","Blue",5822,0,0,5822,3
"Existing Customer","M",32,"$60K - $80K","Silver",33711,1437,0.043,32274,3
"Existing Customer","F",44,"Unknown","Silver",31699,1976,0.062,29723,2
"Existing Customer","M",47,"$80K - $120K","Blue",3429,1779,0.519,1650,1
"Existing Customer","M",45,"$120K +","Blue",8858,1359,0.153,7499,4
"Existing Customer","M",46,"$60K - $80K","Blue",7064,1234,0.175,5830,2
"Attrited Customer","F",34,"Less than $40K","Gold",15487,1847,0.119,13640,3
"Existing Customer","F",39,"Less than $40K","Blue",3600,2072,0.576,1528,2
"Existing Customer","M",46,"$120K +","Blue",34516,585,0.017,33931,2
"Attrited Customer","M",50,"$80K - $120K","Silver",34516,2292,0.066,32224,3
"Existing Customer","F",45,"Less than $40K","Blue",2490,1059,0.425,1431,2
"Attrited Customer","M",56,"$80K - $120K","Blue",33870,0,0,33870,2
"Attrited Customer","M",50,"$120K +","Blue",34516,397,0.012,34119,2
"Existing Customer","M",30,"$60K - $80K","Blue",23760,1349,0.057,22411,3
"Attrited Customer","F",53,"Less than $40K","Blue",4005,0,0,4005,3
"Attrited Customer","M",60,"$80K - $120K","Blue",29239,0,0,29239,4
"Attrited Customer","M",41,"$80K - $120K","Silver",34516,0,0,34516,3
"Existing Customer","F",42,"Less than $40K","Blue",3391,1359,0.401,2032,2
"Attrited Customer","F",31,"Less than $40K","Blue",4598,0,0,4598,2
"Attrited Customer","M",51,"$80K - $120K","Silver",34516,230,0.007,34286,4
"Attrited Customer","M",45,"$80K - $120K","Blue",3435,2517,0.733,918,3
"Existing Customer","M",55,"$60K - $80K","Blue",17540,1337,0.076,16203,1
"Existing Customer","M",51,"$80K - $120K","Blue",31346,1318,0.042,30028,3
"Existing Customer","M",28,"Less than $40K","Blue",4342,893,0.206,3449,1
"Existing Customer","F",44,"Less than $40K","Blue",3842,2459,0.64,1383,1
"Existing Customer","F",51,"$40K - $60K","Blue",3785,1329,0.351,2456,1
"Existing Customer","M",48,"Less than $40K","Blue",6797,2239,0.329,4558,3
"Existing Customer","M",44,"$60K - $80K","Blue",9682,1727,0.178,7955,2
"Attrited Customer","F",40,"Less than $40K","Blue",3319,0,0,3319,3
"Existing Customer","M",34,"Less than $40K","Blue",7664,1785,0.233,5879,3
"Existing Customer","M",47,"$60K - $80K","Silver",30498,1990,0.065,28508,1
"Existing Customer","F",50,"Unknown","Blue",19962,0,0,19962,3
"Attrited Customer","M",61,"$80K - $120K","Blue",21398,0,0,21398,4
"Attrited Customer","F",56,"Less than $40K","Blue",4746,0,0,4746,4
"Existing Customer","M",46,"$80K - $120K","Blue",20434,1504,0.074,18930,2
"Existing Customer","M",49,"$60K - $80K","Silver",29531,2088,0.071,27443,1
"Existing Customer","M",56,"$120K +","Blue",3730,0,0,3730,1
"Existing Customer","M",41,"$40K - $60K","Blue",10688,653,0.061,10035,1
"Attrited Customer","F",56,"Less than $40K","Blue",4668,2517,0.539,2151,3
"Existing Customer","M",35,"$40K - $60K","Gold",22725,808,0.036,21917,1
"Existing Customer","M",40,"$40K - $60K","Blue",8155,1178,0.144,6977,3
"Existing Customer","F",41,"$40K - $60K","Silver",18266,822,0.045,17444,1
"Existing Customer","M",46,"$80K - $120K","Blue",10492,1094,0.104,9398,2
"Existing Customer","F",56,"$40K - $60K","Blue",6380,2517,0.395,3863,3
"Existing Customer","F",37,"$40K - $60K","Silver",19055,2517,0.132,16538,1
"Existing Customer","M",51,"$120K +","Blue",3477,752,0.216,2725,2
"Existing Customer","F",36,"Less than $40K","Blue",3277,0,0,3277,3
"Existing Customer","M",49,"$120K +","Silver",34516,0,0,34516,3
"Existing Customer","F",35,"Less than $40K","Blue",3616,1155,0.319,2461,1
"Existing Customer","F",46,"Less than $40K","Blue",3973,0,0,3973,1
"Existing Customer","F",45,"$40K - $60K","Blue",4318,2359,0.546,1959,3
"Existing Customer","F",48,"Unknown","Blue",7660,764,0.1,6896,2
"Existing Customer","F",46,"Unknown","Blue",3515,0,0,3515,3
"Existing Customer","F",36,"Less than $40K","Silver",13313,0,0,13313,2
"Attrited Customer","F",30,"Less than $40K","Blue",4541,0,0,4541,3
"Existing Customer","F",49,"Less than $40K","Blue",8284,797,0.096,7487,1
"Attrited Customer","M",31,"Less than $40K","Blue",3768,0,0,3768,2
"Existing Customer","M",35,"$40K - $60K","Blue",14382,1950,0.136,12432,2
"Existing Customer","F",54,"Unknown","Blue",10798,1378,0.128,9420,2
"Existing Customer","M",49,"$40K - $60K","Gold",23981,1408,0.059,22573,2
"Existing Customer","M",40,"$60K - $80K","Blue",22729,1581,0.07,21148,3
"Existing Customer","F",41,"Unknown","Blue",27670,0,0,27670,2
"Existing Customer","F",37,"Less than $40K","Blue",3423,647,0.189,2776,1
"Existing Customer","F",46,"Unknown","Silver",33874,1473,0.043,32401,2
"Existing Customer","F",61,"Less than $40K","Blue",3175,1116,0.351,2059,1
"Attrited Customer","M",45,"$40K - $60K","Blue",7979,0,0,7979,4
"Existing Customer","M",41,"$80K - $120K","Blue",13679,2267,0.166,11412,2
"Existing Customer","F",47,"Less than $40K","Silver",14767,948,0.064,13819,3
"Attrited Customer","M",44,"$80K - $120K","Silver",34516,569,0.016,33947,3
"Attrited Customer","M",61,"$120K +","Blue",4650,1162,0.25,3488,3
"Existing Customer","F",45,"$40K - $60K","Blue",3592,865,0.241,2727,3
"Existing Customer","M",31,"$60K - $80K","Silver",32535,1722,0.053,30813,1
"Existing Customer","M",42,"$120K +","Blue",3214,1471,0.458,1743,1
"Attrited Customer","M",32,"$40K - $60K","Blue",4819,2134,0.443,2685,3
"Existing Customer","M",42,"$80K - $120K","Blue",16433,0,0,16433,3
"Existing Customer","M",49,"$80K - $120K","Blue",12174,1361,0.112,10813,3
"Existing Customer","F",52,"Less than $40K","Blue",9230,1518,0.164,7712,2
"Existing Customer","M",39,"$60K - $80K","Blue",6867,776,0.113,6091,2
"Existing Customer","M",51,"$120K +","Gold",34516,1848,0.054,32668,2
"Existing Customer","M",52,"$80K - $120K","Blue",18046,0,0,18046,3
"Existing Customer","M",40,"$40K - $60K","Blue",7680,1589,0.207,6091,2
"Existing Customer","F",38,"Less than $40K","Blue",7825,0,0,7825,3
"Existing Customer","M",41,"$60K - $80K","Blue",5002,1945,0.389,3057,3
"Existing Customer","M",27,"$80K - $120K","Silver",34516,1131,0.033,33385,1
"Existing Customer","F",50,"$40K - $60K","Blue",4755,0,0,4755,3
"Existing Customer","M",58,"$80K - $120K","Blue",22104,1783,0.081,20321,3
"Existing Customer","M",53,"$60K - $80K","Silver",29038,2295,0.079,26743,3
"Attrited Customer","M",40,"$80K - $120K","Blue",4620,0,0,4620,3
"Existing Customer","M",58,"$80K - $120K","Blue",34516,1341,0.039,33175,1
"Existing Customer","F",41,"Less than $40K","Silver",11463,0,0,11463,1
"Attrited Customer","M",59,"$60K - $80K","Blue",6224,0,0,6224,4
"Existing Customer","M",53,"$120K +","Blue",19252,751,0.039,18501,3
"Existing Customer","M",53,"$80K - $120K","Blue",34516,1583,0.046,32933,1
"Existing Customer","M",31,"$40K - $60K","Blue",3232,1564,0.484,1668,2
"Existing Customer","M",44,"$120K +","Platinum",34516,1421,0.041,33095,1
"Attrited Customer","F",47,"$40K - $60K","Gold",23981,0,0,23981,3
"Existing Customer","F",47,"Less than $40K","Blue",4822,1882,0.39,2940,2
"Existing Customer","M",46,"$120K +","Silver",34516,1381,0.04,33135,2
"Existing Customer","F",53,"Less than $40K","Silver",12100,1350,0.112,10750,2
"Existing Customer","M",40,"$60K - $80K","Blue",20466,1138,0.056,19328,3
"Existing Customer","M",42,"$60K - $80K","Blue",17887,1821,0.102,16066,3
"Attrited Customer","M",33,"$60K - $80K","Blue",23399,0,0,23399,1
"Existing Customer","F",45,"Less than $40K","Silver",13026,789,0.061,12237,2
"Existing Customer","F",61,"$40K - $60K","Silver",15698,2000,0.127,13698,3
"Existing Customer","M",31,"$40K - $60K","Blue",5590,875,0.157,4715,3
"Existing Customer","M",47,"$60K - $80K","Blue",17575,618,0.035,16957,3
"Existing Customer","M",46,"$80K - $120K","Blue",29528,1769,0.06,27759,1
"Existing Customer","M",54,"$60K - $80K","Platinum",34516,1996,0.058,32520,3
"Existing Customer","F",60,"Less than $40K","Blue",4147,2262,0.545,1885,1
"Attrited Customer","F",55,"Unknown","Blue",12494,0,0,12494,3
"Attrited Customer","M",32,"$120K +","Gold",34516,1692,0.049,32824,2
"Existing Customer","F",49,"Less than $40K","Silver",13411,1736,0.129,11675,3
"Existing Customer","M",41,"$120K +","Blue",34516,638,0.018,33878,4
"Existing Customer","M",45,"$60K - $80K","Blue",17646,1396,0.079,16250,1
"Existing Customer","M",45,"$60K - $80K","Blue",11121,1296,0.117,9825,2
"Attrited Customer","M",30,"$60K - $80K","Blue",4109,0,0,4109,2
"Existing Customer","M",44,"$120K +","Blue",6176,905,0.147,5271,1
"Existing Customer","F",40,"Less than $40K","Blue",4512,1172,0.26,3340,2
"Existing Customer","M",31,"$80K - $120K","Blue",32791,1607,0.049,31184,3
"Existing Customer","F",40,"Less than $40K","Blue",4772,2004,0.42,2768,3
"Existing Customer","M",56,"$60K - $80K","Blue",10602,1083,0.102,9519,2
"Attrited Customer","M",47,"$80K - $120K","Blue",7953,0,0,7953,4
"Attrited Customer","M",29,"$60K - $80K","Blue",8022,0,0,8022,1
"Existing Customer","M",38,"$120K +","Blue",34516,0,0,34516,4
"Existing Customer","F",56,"Less than $40K","Blue",9092,1363,0.15,7729,2
"Attrited Customer","F",53,"Less than $40K","Blue",5541,2517,0.454,3024,3
"Existing Customer","M",56,"$80K - $120K","Blue",7204,0,0,7204,1
"Existing Customer","F",27,"Less than $40K","Blue",4548,1450,0.319,3098,1
"Existing Customer","F",38,"Less than $40K","Blue",3860,1175,0.304,2685,2
"Existing Customer","M",48,"Less than $40K","Silver",14581,2517,0.173,12064,2
"Existing Customer","F",44,"Less than $40K","Blue",3084,0,0,3084,2
"Existing Customer","M",49,"$60K - $80K","Blue",12375,2263,0.183,10112,3
"Existing Customer","M",36,"$40K - $60K","Gold",23981,0,0,23981,1
"Existing Customer","M",30,"$60K - $80K","Blue",19534,0,0,19534,3
"Attrited Customer","M",42,"$80K - $120K","Blue",22993,0,0,22993,3
"Existing Customer","M",51,"$120K +","Silver",34516,585,0.017,33931,2
"Existing Customer","M",59,"$40K - $60K","Silver",15164,1071,0.071,14093,2
"Existing Customer","M",45,"Less than $40K","Blue",7231,1047,0.145,6184,2
"Existing Customer","M",56,"$60K - $80K","Gold",34516,2022,0.059,32494,1
"Existing Customer","M",31,"$80K - $120K","Silver",34516,1780,0.052,32736,3
"Existing Customer","F",48,"$40K - $60K","Blue",9215,639,0.069,8576,2
"Existing Customer","M",32,"$80K - $120K","Blue",25438,1907,0.075,23531,1
"Existing Customer","F",46,"Less than $40K","Blue",3759,0,0,3759,2
"Existing Customer","F",52,"Less than $40K","Blue",3029,2267,0.748,762,2
"Attrited Customer","F",30,"Less than $40K","Blue",4203,996,0.237,3207,1
"Existing Customer","M",48,"$80K - $120K","Blue",21526,1320,0.061,20206,1
"Attrited Customer","F",55,"Less than $40K","Silver",12207,0,0,12207,3
"Existing Customer","F",39,"Unknown","Silver",32089,1971,0.061,30118,3
"Existing Customer","F",43,"Less than $40K","Blue",3541,1042,0.294,2499,2
"Existing Customer","M",43,"$40K - $60K","Blue",7139,1512,0.212,5627,2
"Existing Customer","F",47,"Less than $40K","Blue",3669,2517,0.686,1152,2
"Attrited Customer","M",57,"$60K - $80K","Blue",5859,0,0,5859,6
"Existing Customer","M",53,"$80K - $120K","Blue",15594,1590,0.102,14004,1
"Existing Customer","M",48,"$120K +","Gold",34516,1823,0.053,32693,4
"Existing Customer","F",50,"Less than $40K","Blue",6704,0,0,6704,3
"Existing Customer","M",53,"$60K - $80K","Silver",32417,871,0.027,31546,3
"Existing Customer","M",48,"$80K - $120K","Blue",2754,2152,0.781,602,3
"Attrited Customer","M",41,"$60K - $80K","Silver",27945,0,0,27945,3
"Existing Customer","M",51,"$120K +","Blue",34516,1068,0.031,33448,2
"Existing Customer","F",51,"Less than $40K","Blue",7098,1829,0.258,5269,2
"Existing Customer","F",39,"Less than $40K","Silver",12338,1277,0.104,11061,2
"Existing Customer","M",51,"$60K - $80K","Blue",16703,1140,0.068,15563,3
"Existing Customer","M",43,"$80K - $120K","Blue",16667,1463,0.088,15204,2
"Attrited Customer","M",54,"$80K - $120K","Blue",18512,1664,0.09,16848,3
"Existing Customer","M",47,"$60K - $80K","Blue",14131,1333,0.094,12798,3
"Existing Customer","F",51,"Less than $40K","Blue",3276,1474,0.45,1802,3
"Existing Customer","M",38,"$80K - $120K","Silver",34516,1435,0.042,33081,3
"Existing Customer","F",38,"Less than $40K","Blue",3629,1891,0.521,1738,1
"Existing Customer","F",44,"Less than $40K","Silver",13067,1943,0.149,11124,3
"Existing Customer","M",32,"$40K - $60K","Blue",3845,1871,0.487,1974,2
"Attrited Customer","M",41,"$80K - $120K","Blue",12094,0,0,12094,3
"Existing Customer","M",50,"$120K +","Blue",34516,1638,0.047,32878,1
"Existing Customer","F",60,"Unknown","Blue",13312,1974,0.148,11338,3
"Existing Customer","F",38,"Less than $40K","Blue",3466,2517,0.726,949,2
"Existing Customer","M",59,"$40K - $60K","Silver",15223,1729,0.114,13494,2
"Existing Customer","M",53,"$120K +","Gold",34516,831,0.024,33685,6
"Attrited Customer","F",40,"Less than $40K","Blue",5989,0,0,5989,2
"Attrited Customer","M",45,"$120K +","Blue",5287,0,0,5287,3
"Existing Customer","M",53,"$40K - $60K","Blue",9060,0,0,9060,1
"Existing Customer","M",56,"$80K - $120K","Blue",4731,831,0.176,3900,1
"Existing Customer","F",60,"$40K - $60K","Blue",9502,1881,0.198,7621,2
"Existing Customer","M",42,"$80K - $120K","Blue",29738,2370,0.08,27368,3
"Existing Customer","F",48,"Less than $40K","Blue",3918,813,0.208,3105,1
"Existing Customer","F",58,"Less than $40K","Blue",3944,1006,0.255,2938,2
"Existing Customer","M",55,"$120K +","Blue",6577,1800,0.274,4777,1
"Existing Customer","M",51,"$120K +","Gold",34516,2417,0.07,32099,3
"Existing Customer","M",46,"$80K - $120K","Blue",34516,714,0.021,33802,3
"Existing Customer","M",45,"$60K - $80K","Blue",8670,1930,0.223,6740,5
"Attrited Customer","M",40,"$80K - $120K","Blue",32554,0,0,32554,2
"Existing Customer","F",56,"$40K - $60K","Blue",8331,0,0,8331,1
"Existing Customer","F",34,"Unknown","Silver",32056,1668,0.052,30388,2
"Existing Customer","M",48,"$60K - $80K","Blue",15524,1148,0.074,14376,1
"Existing Customer","F",45,"Less than $40K","Blue",4010,2517,0.628,1493,1
"Existing Customer","M",42,"$60K - $80K","Blue",3275,1525,0.466,1750,4
"Existing Customer","M",49,"$60K - $80K","Blue",18349,1209,0.066,17140,2
"Existing Customer","M",35,"$60K - $80K","Blue",3388,1659,0.49,1729,3
"Attrited Customer","M",32,"$40K - $60K","Blue",4015,0,0,4015,1
"Attrited Customer","M",34,"$60K - $80K","Blue",9719,2517,0.259,7202,3
"Existing Customer","M",33,"$80K - $120K","Blue",4178,2463,0.59,1715,3
"Existing Customer","M",40,"$40K - $60K","Gold",3735,1474,0.395,2261,2
"Existing Customer","M",43,"$60K - $80K","Silver",29856,1576,0.053,28280,3
"Existing Customer","M",29,"$40K - $60K","Blue",11522,1203,0.104,10319,3
"Existing Customer","M",42,"$40K - $60K","Blue",3161,1788,0.566,1373,2
"Attrited Customer","M",48,"$80K - $120K","Blue",14774,2517,0.17,12257,3
"Attrited Customer","M",39,"$60K - $80K","Gold",34516,2517,0.073,31999,3
"Existing Customer","F",51,"Less than $40K","Blue",5118,980,0.191,4138,2
"Attrited Customer","M",41,"$80K - $120K","Blue",14682,2517,0.171,12165,3
"Existing Customer","M",42,"$40K - $60K","Blue",3108,2280,0.734,828,2
"Existing Customer","M",32,"$60K - $80K","Blue",3223,1413,0.438,1810,1
"Existing Customer","M",43,"$120K +","Blue",28612,2517,0.088,26095,1
"Existing Customer","M",50,"$60K - $80K","Silver",6224,777,0.125,5447,1
"Existing Customer","M",44,"$80K - $120K","Blue",24134,1290,0.053,22844,2
"Existing Customer","M",36,"$120K +","Blue",27929,1898,0.068,26031,3
"Existing Customer","F",44,"$40K - $60K","Blue",3657,0,0,3657,3
"Existing Customer","F",47,"Less than $40K","Blue",8257,961,0.116,7296,3
"Existing Customer","F",45,"$40K - $60K","Gold",23051,1836,0.08,21215,2
"Existing Customer","F",53,"$40K - $60K","Blue",14839,2226,0.15,12613,1
"Existing Customer","M",43,"$60K - $80K","Blue",3755,1591,0.424,2164,3
"Existing Customer","M",48,"$60K - $80K","Blue",3862,0,0,3862,3
"Existing Customer","M",37,"$60K - $80K","Blue",7539,0,0,7539,3
"Attrited Customer","M",43,"$80K - $120K","Blue",10588,503,0.048,10085,3
"Existing Customer","M",59,"$40K - $60K","Blue",11808,0,0,11808,1
"Existing Customer","M",31,"$40K - $60K","Silver",15504,1277,0.082,14227,1
"Attrited Customer","F",52,"Unknown","Blue",12091,0,0,12091,4
"Existing Customer","M",41,"$80K - $120K","Blue",13818,609,0.044,13209,1
"Existing Customer","F",53,"$40K - $60K","Blue",4442,1107,0.249,3335,3
"Existing Customer","M",55,"$60K - $80K","Blue",5282,1144,0.217,4138,1
"Existing Customer","M",41,"$80K - $120K","Blue",34516,1617,0.047,32899,1
"Existing Customer","M",55,"$80K - $120K","Blue",34516,1583,0.046,32933,4
"Existing Customer","F",31,"Less than $40K","Silver",10353,1520,0.147,8833,3
"Existing Customer","M",48,"$80K - $120K","Blue",9959,0,0,9959,4
"Existing Customer","M",42,"$60K - $80K","Blue",6280,2181,0.347,4099,2
"Attrited Customer","M",57,"$120K +","Blue",13694,2219,0.162,11475,2
"Existing Customer","M",34,"Less than $40K","Blue",8940,1518,0.17,7422,3
"Existing Customer","M",54,"$60K - $80K","Blue",6546,1908,0.291,4638,3
"Existing Customer","F",46,"Unknown","Silver",32587,992,0.03,31595,1
"Existing Customer","M",38,"$60K - $80K","Blue",11474,0,0,11474,1
"Existing Customer","M",40,"$120K +","Silver",34516,2203,0.064,32313,3
"Attrited Customer","F",56,"Less than $40K","Blue",9463,764,0.081,8699,3
"Existing Customer","M",44,"$40K - $60K","Blue",12552,1405,0.112,11147,1
"Existing Customer","M",39,"$60K - $80K","Blue",21679,1073,0.049,20606,3
"Existing Customer","M",42,"$40K - $60K","Blue",10531,2330,0.221,8201,2
"Existing Customer","F",60,"Less than $40K","Blue",4905,2413,0.492,2492,3
"Existing Customer","M",35,"$80K - $120K","Silver",34516,0,0,34516,2
"Existing Customer","M",42,"$80K - $120K","Silver",34516,2120,0.061,32396,2
"Attrited Customer","M",30,"Less than $40K","Silver",10017,726,0.072,9291,1
"Attrited Customer","M",37,"$80K - $120K","Blue",31832,518,0.016,31314,1
"Existing Customer","F",37,"Less than $40K","Blue",5843,1346,0.23,4497,3
"Existing Customer","M",43,"$80K - $120K","Blue",34427,1613,0.047,32814,2
"Attrited Customer","M",34,"$80K - $120K","Silver",34516,0,0,34516,2
"Existing Customer","M",48,"$80K - $120K","Platinum",34516,1723,0.05,32793,2
"Existing Customer","M",31,"$80K - $120K","Silver",34516,1984,0.057,32532,3
"Attrited Customer","F",47,"Less than $40K","Blue",4779,2517,0.527,2262,3
"Existing Customer","M",51,"$60K - $80K","Blue",4248,1177,0.277,3071,3
"Existing Customer","M",43,"$40K - $60K","Blue",7872,989,0.126,6883,2
"Existing Customer","F",41,"Less than $40K","Blue",6077,1421,0.234,4656,3
"Existing Customer","F",48,"Less than $40K","Blue",3882,2029,0.523,1853,3
"Existing Customer","F",41,"Less than $40K","Blue",7207,1645,0.228,5562,1
"Existing Customer","F",48,"$40K - $60K","Blue",6121,1679,0.274,4442,1
"Attrited Customer","M",40,"$80K - $120K","Blue",34516,572,0.017,33944,3
"Existing Customer","M",32,"$40K - $60K","Blue",3535,1964,0.556,1571,2
"Attrited Customer","F",55,"Unknown","Silver",34516,1783,0.052,32733,2
"Attrited Customer","M",50,"$80K - $120K","Silver",34516,432,0.013,34084,3
"Existing Customer","M",49,"$60K - $80K","Blue",6224,1329,0.214,4895,1
"Existing Customer","F",37,"Less than $40K","Blue",9178,1585,0.173,7593,2
"Existing Customer","M",31,"$60K - $80K","Blue",4328,1493,0.345,2835,1
"Existing Customer","M",52,"$80K - $120K","Blue",9959,1049,0.105,8910,2
"Existing Customer","F",60,"Less than $40K","Blue",9634,2076,0.215,7558,2
"Existing Customer","F",35,"Unknown","Blue",19033,1555,0.082,17478,2
"Existing Customer","M",48,"$60K - $80K","Blue",8624,1709,0.198,6915,3
"Attrited Customer","M",44,"$40K - $60K","Blue",3575,0,0,3575,2
"Attrited Customer","F",44,"$40K - $60K","Blue",5508,0,0,5508,3
"Existing Customer","M",31,"Less than $40K","Blue",5871,1829,0.312,4042,2
"Attrited Customer","M",56,"$60K - $80K","Blue",15219,2281,0.15,12938,4
"Existing Customer","M",46,"$120K +","Blue",34516,2328,0.067,32188,3
"Existing Customer","M",29,"$40K - $60K","Blue",8147,1750,0.215,6397,3
"Existing Customer","F",37,"Less than $40K","Blue",3525,1519,0.431,2006,3
"Existing Customer","M",32,"$40K - $60K","Blue",9711,972,0.1,8739,1
"Existing Customer","M",52,"$80K - $120K","Blue",11358,1425,0.125,9933,1
"Existing Customer","F",58,"Less than $40K","Blue",6765,0,0,6765,2
"Attrited Customer","M",41,"$80K - $120K","Blue",4725,1253,0.265,3472,3
"Attrited Customer","F",50,"Less than $40K","Blue",3699,913,0.247,2786,2
"Existing Customer","M",29,"$80K - $120K","Silver",34516,1666,0.048,32850,2
"Existing Customer","F",32,"Less than $40K","Blue",8851,1753,0.198,7098,3
"Existing Customer","F",52,"Less than $40K","Blue",8506,0,0,8506,2
"Existing Customer","M",48,"Less than $40K","Blue",3442,1229,0.357,2213,3
"Existing Customer","F",33,"Less than $40K","Blue",3731,0,0,3731,3
"Existing Customer","F",51,"Less than $40K","Blue",7744,1893,0.244,5851,6
"Existing Customer","M",46,"$40K - $60K","Blue",5972,0,0,5972,3
"Existing Customer","M",47,"$80K - $120K","Blue",21714,1969,0.091,19745,2
"Existing Customer","M",32,"$80K - $120K","Blue",3371,1530,0.454,1841,2
"Existing Customer","F",50,"Less than $40K","Blue",9546,960,0.101,8586,1
"Existing Customer","F",28,"Less than $40K","Blue",3848,0,0,3848,3
"Existing Customer","M",44,"$40K - $60K","Blue",9199,1230,0.134,7969,3
"Existing Customer","M",43,"$60K - $80K","Blue",13381,1845,0.138,11536,3
"Existing Customer","F",50,"$40K - $60K","Blue",2833,1622,0.573,1211,1
"Existing Customer","F",53,"Unknown","Blue",15101,1396,0.092,13705,2
"Existing Customer","F",58,"Less than $40K","Blue",3603,1465,0.407,2138,1
"Existing Customer","F",51,"Less than $40K","Blue",4132,2517,0.609,1615,2
"Existing Customer","F",39,"Less than $40K","Blue",4366,1870,0.428,2496,2
"Existing Customer","M",42,"$40K - $60K","Blue",6128,2239,0.365,3889,1
"Attrited Customer","M",44,"$60K - $80K","Gold",34516,2517,0.073,31999,3
"Existing Customer","F",44,"Less than $40K","Blue",6882,1930,0.28,4952,2
"Existing Customer","M",46,"$80K - $120K","Blue",13490,1567,0.116,11923,2
"Existing Customer","M",39,"$80K - $120K","Blue",17978,1820,0.101,16158,1
"Existing Customer","M",45,"$40K - $60K","Blue",3821,1673,0.438,2148,2
"Existing Customer","F",41,"Less than $40K","Blue",3624,1641,0.453,1983,3
"Existing Customer","F",42,"Less than $40K","Blue",3787,824,0.218,2963,3
"Existing Customer","F",38,"Less than $40K","Blue",4623,1366,0.295,3257,2
"Existing Customer","M",36,"$80K - $120K","Blue",4343,2220,0.511,2123,1
"Existing Customer","F",43,"$40K - $60K","Silver",17328,0,0,17328,2
"Existing Customer","F",51,"Less than $40K","Blue",3803,2437,0.641,1366,1
"Existing Customer","M",52,"$60K - $80K","Blue",23889,603,0.025,23286,2
"Existing Customer","F",50,"Unknown","Silver",34516,2381,0.069,32135,1
"Attrited Customer","M",49,"$80K - $120K","Blue",3999,0,0,3999,3
"Existing Customer","M",44,"$80K - $120K","Blue",11782,2177,0.185,9605,2
"Existing Customer","F",43,"Less than $40K","Blue",3220,0,0,3220,1
"Existing Customer","F",48,"$40K - $60K","Blue",9742,2517,0.258,7225,1
"Attrited Customer","M",55,"$60K - $80K","Blue",4178,0,0,4178,4
"Existing Customer","M",48,"$80K - $120K","Blue",34516,738,0.021,33778,1
"Existing Customer","M",45,"$80K - $120K","Blue",26819,1657,0.062,25162,1
"Attrited Customer","M",54,"$80K - $120K","Blue",9580,132,0.014,9448,3
"Existing Customer","F",47,"Less than $40K","Blue",7940,1669,0.21,6271,2
"Existing Customer","M",39,"$60K - $80K","Gold",34516,1662,0.048,32854,3
"Existing Customer","M",47,"$40K - $60K","Blue",3471,0,0,3471,2
"Attrited Customer","M",51,"$120K +","Blue",14938,0,0,14938,4
"Existing Customer","F",49,"Unknown","Blue",14072,1917,0.136,12155,2
"Existing Customer","F",58,"$40K - $60K","Silver",15928,1527,0.096,14401,3
"Attrited Customer","M",40,"$80K - $120K","Blue",20798,1059,0.051,19739,2
"Existing Customer","F",60,"Less than $40K","Blue",9752,1423,0.146,8329,3
"Existing Customer","M",53,"$40K - $60K","Blue",3234,1514,0.468,1720,2
"Attrited Customer","M",45,"$80K - $120K","Blue",24844,1273,0.051,23571,3
"Existing Customer","M",49,"$80K - $120K","Blue",3090,0,0,3090,1
"Attrited Customer","F",48,"Less than $40K","Blue",9943,2138,0.215,7805,3
"Existing Customer","M",44,"$60K - $80K","Blue",3384,799,0.236,2585,2
"Existing Customer","F",29,"Less than $40K","Blue",3640,1419,0.39,2221,2
"Existing Customer","M",42,"$80K - $120K","Silver",34516,1420,0.041,33096,2
"Existing Customer","F",45,"Less than $40K","Silver",10186,1608,0.158,8578,2
"Existing Customer","F",45,"Less than $40K","Platinum",15987,2262,0.141,13725,3
"Attrited Customer","M",46,"$80K - $120K","Blue",16983,0,0,16983,3
"Attrited Customer","M",39,"$120K +","Blue",34516,2517,0.073,31999,3
"Existing Customer","M",32,"$80K - $120K","Silver",34516,2136,0.062,32380,3
"Existing Customer","M",38,"$80K - $120K","Blue",34516,0,0,34516,3
"Existing Customer","F",50,"$40K - $60K","Blue",4268,1509,0.354,2759,2
"Existing Customer","F",50,"Unknown","Blue",10748,1084,0.101,9664,3
"Attrited Customer","F",37,"Unknown","Silver",31718,0,0,31718,2
"Attrited Customer","M",42,"$80K - $120K","Blue",9959,2517,0.253,7442,3
"Existing Customer","M",53,"$80K - $120K","Silver",34516,1484,0.043,33032,2
"Existing Customer","M",52,"$60K - $80K","Blue",11898,2517,0.212,9381,5
"Attrited Customer","M",57,"$80K - $120K","Silver",34516,1847,0.054,32669,3
"Existing Customer","M",46,"$60K - $80K","Blue",13056,1890,0.145,11166,3
"Existing Customer","M",60,"Less than $40K","Silver",14002,1413,0.101,12589,1
"Attrited Customer","M",40,"$60K - $80K","Blue",5500,442,0.08,5058,3
"Attrited Customer","M",49,"$120K +","Blue",8549,0,0,8549,3
"Attrited Customer","M",56,"Less than $40K","Blue",4390,0,0,4390,3
"Attrited Customer","M",55,"$80K - $120K","Blue",24884,0,0,24884,2
"Existing Customer","F",55,"Unknown","Blue",3591,1760,0.49,1831,1
"Attrited Customer","F",55,"Less than $40K","Blue",4841,859,0.177,3982,5
"Attrited Customer","M",31,"$80K - $120K","Blue",4246,2517,0.593,1729,1
"Existing Customer","F",44,"Unknown","Blue",7469,1378,0.184,6091,1
"Existing Customer","M",54,"$80K - $120K","Blue",29974,2114,0.071,27860,3
"Existing Customer","M",58,"$60K - $80K","Blue",20724,2221,0.107,18503,3
"Existing Customer","M",53,"$120K +","Blue",21079,1431,0.068,19648,2
"Existing Customer","F",59,"$40K - $60K","Blue",3720,1569,0.422,2151,2
"Attrited Customer","M",54,"$80K - $120K","Blue",11077,573,0.052,10504,3
"Existing Customer","M",32,"$40K - $60K","Blue",12024,0,0,12024,3
"Attrited Customer","M",48,"$40K - $60K","Blue",4446,0,0,4446,3
"Existing Customer","M",54,"$120K +","Blue",34516,862,0.025,33654,1
"Existing Customer","M",32,"Less than $40K","Silver",11511,0,0,11511,2
"Existing Customer","M",42,"$80K - $120K","Silver",34516,1356,0.039,33160,1
"Existing Customer","M",42,"$120K +","Blue",19192,1507,0.079,17685,3
"Existing Customer","M",29,"Less than $40K","Blue",3076,0,0,3076,1
"Existing Customer","M",43,"$80K - $120K","Blue",4196,1331,0.317,2865,1
"Existing Customer","M",45,"$60K - $80K","Blue",3243,1580,0.487,1663,3
"Existing Customer","F",56,"Unknown","Blue",17542,2517,0.143,15025,2
"Existing Customer","M",46,"$80K - $120K","Blue",32949,1190,0.036,31759,2
"Existing Customer","F",41,"Unknown","Silver",32250,1289,0.04,30961,3
"Existing Customer","F",50,"Unknown","Gold",34516,1826,0.053,32690,1
"Existing Customer","F",52,"$40K - $60K","Gold",23981,2114,0.088,21867,2
"Existing Customer","F",52,"$40K - $60K","Blue",4090,1649,0.403,2441,2
"Existing Customer","F",32,"Unknown","Blue",4251,2295,0.54,1956,3
"Existing Customer","F",52,"Less than $40K","Blue",4119,2517,0.611,1602,1
"Existing Customer","M",60,"Less than $40K","Silver",13399,1456,0.109,11943,2
"Existing Customer","F",44,"Less than $40K","Blue",9070,1273,0.14,7797,3
"Existing Customer","F",48,"Unknown","Blue",7469,1216,0.163,6253,6
"Attrited Customer","M",57,"$80K - $120K","Blue",23714,0,0,23714,3
"Existing Customer","F",52,"Less than $40K","Blue",5240,2517,0.48,2723,2
"Attrited Customer","M",34,"$40K - $60K","Blue",3744,0,0,3744,3
"Existing Customer","M",40,"$80K - $120K","Blue",15594,1690,0.108,13904,2
"Existing Customer","M",45,"$60K - $80K","Blue",8449,2092,0.248,6357,1
"Attrited Customer","M",59,"$80K - $120K","Gold",34516,0,0,34516,2
"Existing Customer","M",43,"$80K - $120K","Blue",9959,734,0.074,9225,1
"Existing Customer","M",30,"$60K - $80K","Blue",4192,1734,0.414,2458,3
"Existing Customer","F",38,"Less than $40K","Blue",3416,2517,0.737,899,6
"Existing Customer","M",42,"$60K - $80K","Blue",3322,0,0,3322,2
"Existing Customer","M",50,"$60K - $80K","Blue",14217,1816,0.128,12401,3
"Existing Customer","M",49,"$60K - $80K","Blue",17350,1817,0.105,15533,2
"Existing Customer","M",58,"$60K - $80K","Blue",13784,698,0.051,13086,3
"Existing Customer","F",54,"Less than $40K","Blue",3181,2087,0.656,1094,2
"Existing Customer","F",39,"Less than $40K","Blue",5325,2488,0.467,2837,2
"Attrited Customer","F",48,"$40K - $60K","Gold",23981,1454,0.061,22527,2
"Existing Customer","M",36,"Less than $40K","Blue",3920,0,0,3920,2
"Existing Customer","F",56,"Less than $40K","Blue",5158,1148,0.223,4010,1
"Existing Customer","F",57,"$40K - $60K","Blue",5073,1533,0.302,3540,1
"Existing Customer","F",47,"$40K - $60K","Blue",4074,1868,0.459,2206,1
"Existing Customer","M",27,"$40K - $60K","Blue",10284,787,0.077,9497,3
"Existing Customer","M",42,"$120K +","Platinum",34516,2070,0.06,32446,4
"Attrited Customer","M",53,"$80K - $120K","Silver",34516,0,0,34516,2
"Existing Customer","F",57,"Less than $40K","Blue",3999,721,0.18,3278,3
"Existing Customer","F",50,"Less than $40K","Blue",3468,2221,0.64,1247,4
"Existing Customer","M",50,"$80K - $120K","Blue",11900,1796,0.151,10104,1
"Attrited Customer","F",51,"Unknown","Blue",9701,0,0,9701,3
"Existing Customer","M",61,"$80K - $120K","Gold",34516,1357,0.039,33159,3
"Attrited Customer","F",30,"Less than $40K","Blue",6075,0,0,6075,1
"Existing Customer","M",60,"$40K - $60K","Blue",13035,1285,0.099,11750,3
"Attrited Customer","M",43,"$60K - $80K","Blue",17306,0,0,17306,3
"Attrited Customer","F",41,"Less than $40K","Gold",15987,0,0,15987,3
"Existing Customer","M",42,"$60K - $80K","Silver",34516,0,0,34516,3
"Existing Customer","M",36,"$120K +","Blue",34516,939,0.027,33577,1
"Existing Customer","F",27,"Unknown","Blue",7469,0,0,7469,1
"Attrited Customer","M",59,"$80K - $120K","Blue",12918,2352,0.182,10566,2
"Attrited Customer","F",59,"Less than $40K","Blue",4085,0,0,4085,0
"Existing Customer","M",55,"$40K - $60K","Blue",3705,1355,0.366,2350,1
"Existing Customer","F",56,"Less than $40K","Blue",5319,921,0.173,4398,1
"Existing Customer","M",34,"$40K - $60K","Blue",4549,990,0.218,3559,2
"Existing Customer","M",49,"$80K - $120K","Blue",15894,1293,0.081,14601,3
"Existing Customer","M",32,"$40K - $60K","Silver",17894,2517,0.141,15377,3
"Attrited Customer","F",49,"Less than $40K","Blue",5855,0,0,5855,2
"Existing Customer","F",60,"Less than $40K","Silver",13062,1731,0.133,11331,2
"Attrited Customer","F",51,"Less than $40K","Blue",7428,0,0,7428,3
"Existing Customer","M",39,"Less than $40K","Blue",8848,961,0.109,7887,3
"Existing Customer","F",54,"$40K - $60K","Blue",7362,1176,0.16,6186,1
"Existing Customer","M",53,"$120K +","Gold",34516,2088,0.06,32428,4
"Existing Customer","M",35,"$80K - $120K","Blue",4380,0,0,4380,1
"Existing Customer","M",47,"$60K - $80K","Blue",12510,1871,0.15,10639,3
"Existing Customer","M",52,"$60K - $80K","Blue",23712,2195,0.093,21517,3
"Existing Customer","F",57,"Less than $40K","Blue",9149,1254,0.137,7895,2
"Existing Customer","F",47,"Unknown","Silver",34516,1930,0.056,32586,2
"Existing Customer","F",54,"Less than $40K","Blue",3784,2517,0.665,1267,3
"Existing Customer","M",39,"$80K - $120K","Blue",9680,2101,0.217,7579,1
"Existing Customer","M",50,"$120K +","Blue",34516,2353,0.068,32163,2
"Existing Customer","F",60,"Less than $40K","Blue",3845,1460,0.38,2385,3
"Existing Customer","M",41,"$40K - $60K","Blue",13409,1255,0.094,12154,3
"Attrited Customer","M",50,"$80K - $120K","Silver",34516,0,0,34516,4
"Existing Customer","M",51,"$80K - $120K","Blue",8065,0,0,8065,2
"Existing Customer","M",56,"$60K - $80K","Blue",20501,561,0.027,19940,3
"Existing Customer","M",41,"$60K - $80K","Blue",23260,1476,0.063,21784,3
"Attrited Customer","F",44,"Less than $40K","Blue",9073,2466,0.272,6607,3
"Existing Customer","M",36,"$60K - $80K","Blue",20101,1299,0.065,18802,2
"Attrited Customer","M",31,"Less than $40K","Blue",6911,2517,0.364,4394,2
"Existing Customer","F",49,"Less than $40K","Blue",3423,2186,0.639,1237,3
"Existing Customer","F",40,"Less than $40K","Silver",10729,0,0,10729,1
"Existing Customer","F",49,"Unknown","Silver",34516,1963,0.057,32553,3
"Attrited Customer","M",46,"$80K - $120K","Blue",34516,289,0.008,34227,3
"Existing Customer","M",54,"$80K - $120K","Blue",28570,2027,0.071,26543,3
"Existing Customer","M",29,"$60K - $80K","Blue",12495,2517,0.201,9978,2
"Attrited Customer","M",46,"$60K - $80K","Blue",13344,1907,0.143,11437,3
"Attrited Customer","M",50,"$120K +","Blue",32563,0,0,32563,3
"Existing Customer","F",49,"Unknown","Blue",3375,0,0,3375,2
"Existing Customer","M",50,"$60K - $80K","Blue",12299,1664,0.135,10635,2
"Attrited Customer","M",60,"Less than $40K","Blue",4613,0,0,4613,4
"Existing Customer","F",55,"Less than $40K","Silver",10858,0,0,10858,2
"Existing Customer","M",57,"$80K - $120K","Blue",34516,2293,0.066,32223,1
"Existing Customer","M",47,"$60K - $80K","Blue",4207,1556,0.37,2651,3
"Existing Customer","F",45,"Less than $40K","Blue",3336,1889,0.566,1447,3
"Existing Customer","F",45,"Less than $40K","Blue",5465,1967,0.36,3498,2
"Existing Customer","F",55,"Less than $40K","Silver",12633,1661,0.131,10972,1
"Existing Customer","M",39,"$80K - $120K","Blue",34516,1260,0.037,33256,1
"Attrited Customer","F",35,"Less than $40K","Blue",3876,0,0,3876,3
"Existing Customer","F",40,"Unknown","Blue",3326,2181,0.656,1145,3
"Existing Customer","M",49,"$120K +","Silver",34516,1562,0.045,32954,3
"Attrited Customer","M",32,"$40K - $60K","Blue",3264,0,0,3264,2
"Existing Customer","M",46,"$40K - $60K","Blue",6903,2091,0.303,4812,2
"Existing Customer","F",42,"Less than $40K","Blue",2940,0,0,2940,3
"Existing Customer","M",51,"$60K - $80K","Blue",13731,1375,0.1,12356,3
"Attrited Customer","M",52,"$40K - $60K","Blue",4826,0,0,4826,3
"Attrited Customer","M",43,"$60K - $80K","Blue",4259,0,0,4259,2
"Existing Customer","M",38,"$40K - $60K","Blue",3523,1379,0.391,2144,3
"Existing Customer","M",44,"$60K - $80K","Gold",34516,1543,0.045,32973,1
"Existing Customer","F",47,"Unknown","Blue",16998,1404,0.083,15594,3
"Existing Customer","M",56,"$120K +","Blue",11714,898,0.077,10816,2
"Attrited Customer","M",32,"$60K - $80K","Blue",4097,0,0,4097,2
"Attrited Customer","F",41,"Less than $40K","Blue",3952,0,0,3952,3
"Attrited Customer","F",41,"Unknown","Blue",29295,0,0,29295,2
"Existing Customer","F",31,"Unknown","Blue",26423,0,0,26423,3
"Existing Customer","F",45,"Less than $40K","Blue",3196,1817,0.569,1379,3
"Attrited Customer","F",50,"Less than $40K","Blue",4935,1574,0.319,3361,3
"Existing Customer","M",31,"$60K - $80K","Silver",34516,984,0.029,33532,2
"Attrited Customer","M",47,"$80K - $120K","Blue",12933,2239,0.173,10694,3
"Existing Customer","M",42,"$60K - $80K","Silver",29937,0,0,29937,1
"Existing Customer","F",48,"Less than $40K","Blue",8881,1901,0.214,6980,1
"Existing Customer","M",52,"$80K - $120K","Blue",27514,1834,0.067,25680,3
"Existing Customer","M",45,"$80K - $120K","Blue",32275,1845,0.057,30430,1
"Existing Customer","F",48,"Less than $40K","Blue",4107,2517,0.613,1590,2
"Existing Customer","F",53,"Unknown","Blue",7469,1294,0.173,6175,1
"Existing Customer","F",58,"Less than $40K","Blue",5023,1857,0.37,3166,2
"Attrited Customer","F",36,"Less than $40K","Blue",6071,0,0,6071,3
"Existing Customer","M",45,"$60K - $80K","Silver",27494,879,0.032,26615,3
"Existing Customer","F",41,"Less than $40K","Blue",7106,2031,0.286,5075,3
"Existing Customer","M",43,"$60K - $80K","Blue",17230,1805,0.105,15425,3
"Existing Customer","M",49,"$80K - $120K","Blue",30885,2018,0.065,28867,2
"Existing Customer","F",53,"Less than $40K","Blue",3629,2517,0.694,1112,2
"Attrited Customer","M",39,"$120K +","Silver",34516,796,0.023,33720,1
"Existing Customer","F",50,"Unknown","Blue",17970,1390,0.077,16580,2
"Existing Customer","M",38,"Less than $40K","Silver",10343,2070,0.2,8273,2
"Attrited Customer","M",43,"$40K - $60K","Blue",9267,0,0,9267,3
"Existing Customer","F",55,"$40K - $60K","Blue",2985,1651,0.553,1334,3
"Existing Customer","F",39,"Less than $40K","Silver",14386,2517,0.175,11869,3
"Existing Customer","M",38,"$40K - $60K","Blue",3581,694,0.194,2887,3
"Existing Customer","M",37,"Less than $40K","Blue",3079,1267,0.411,1812,2
"Existing Customer","F",48,"Less than $40K","Blue",3594,1996,0.555,1598,3
"Existing Customer","M",34,"$60K - $80K","Blue",10488,1636,0.156,8852,2
"Attrited Customer","M",50,"$80K - $120K","Silver",34516,2517,0.073,31999,3
"Attrited Customer","M",41,"$80K - $120K","Blue",24001,1629,0.068,22372,2
"Existing Customer","F",49,"Less than $40K","Blue",5500,0,0,5500,1
"Existing Customer","M",37,"$120K +","Blue",34516,0,0,34516,1
"Existing Customer","M",46,"$120K +","Blue",7790,1921,0.247,5869,1
"Existing Customer","M",53,"$80K - $120K","Blue",10301,2451,0.238,7850,3
"Existing Customer","F",48,"Unknown","Blue",23939,1419,0.059,22520,3
"Existing Customer","M",31,"$80K - $120K","Blue",21615,570,0.026,21045,1
"Existing Customer","F",40,"Less than $40K","Blue",8712,991,0.114,7721,1
"Attrited Customer","F",37,"Less than $40K","Silver",12203,0,0,12203,2
"Existing Customer","M",61,"$60K - $80K","Blue",15483,2148,0.139,13335,3
"Existing Customer","M",45,"$80K - $120K","Blue",20356,2031,0.1,18325,4
"Existing Customer","F",32,"Less than $40K","Blue",3548,2517,0.709,1031,3
"Existing Customer","M",31,"$40K - $60K","Blue",4661,1835,0.394,2826,3
"Existing Customer","F",43,"Less than $40K","Gold",15987,1372,0.086,14615,2
"Attrited Customer","M",57,"$80K - $120K","Blue",30543,264,0.009,30279,1
"Attrited Customer","F",42,"Less than $40K","Blue",5230,2517,0.481,2713,4
"Existing Customer","M",43,"$80K - $120K","Blue",34516,0,0,34516,1
"Existing Customer","F",39,"Less than $40K","Blue",3246,2517,0.775,729,3
"Existing Customer","F",46,"$40K - $60K","Blue",10018,829,0.083,9189,3
"Existing Customer","F",43,"Less than $40K","Silver",10272,1523,0.148,8749,1
"Existing Customer","F",32,"Less than $40K","Blue",4097,1293,0.316,2804,1
"Existing Customer","F",49,"Unknown","Blue",19846,2162,0.109,17684,3
"Attrited Customer","M",32,"$60K - $80K","Blue",4469,2331,0.522,2138,2
"Existing Customer","M",49,"$80K - $120K","Blue",20701,2517,0.122,18184,2
"Existing Customer","M",54,"$120K +","Blue",8426,0,0,8426,3
"Existing Customer","M",38,"$80K - $120K","Blue",16722,0,0,16722,2
"Existing Customer","M",60,"$80K - $120K","Silver",34516,806,0.023,33710,2
"Attrited Customer","M",47,"$40K - $60K","Blue",4413,232,0.053,4181,3
"Existing Customer","F",31,"Less than $40K","Blue",5342,2005,0.375,3337,1
"Attrited Customer","M",52,"$40K - $60K","Blue",8455,2517,0.298,5938,3
"Existing Customer","M",49,"Less than $40K","Blue",7659,1698,0.222,5961,3
"Attrited Customer","F",49,"Less than $40K","Silver",11059,0,0,11059,3
"Existing Customer","M",31,"Less than $40K","Blue",4093,0,0,4093,3
"Attrited Customer","M",39,"$80K - $120K","Blue",24239,0,0,24239,2
"Attrited Customer","M",44,"$120K +","Blue",7793,2270,0.291,5523,3
"Existing Customer","M",32,"$80K - $120K","Blue",6407,1130,0.176,5277,3
"Existing Customer","M",57,"$60K - $80K","Blue",6024,1532,0.254,4492,3
"Existing Customer","F",48,"Less than $40K","Blue",3352,2122,0.633,1230,2
"Existing Customer","M",44,"$80K - $120K","Blue",32222,0,0,32222,3
"Existing Customer","F",31,"Unknown","Silver",34516,2032,0.059,32484,3
"Existing Customer","F",44,"Unknown","Silver",34516,941,0.027,33575,3
"Existing Customer","M",49,"$80K - $120K","Blue",31091,966,0.031,30125,3
"Attrited Customer","M",54,"$80K - $120K","Blue",7464,0,0,7464,1
"Attrited Customer","M",29,"$120K +","Blue",11722,0,0,11722,2
"Attrited Customer","M",41,"Less than $40K","Blue",7769,0,0,7769,3
"Existing Customer","M",46,"$120K +","Blue",3569,1553,0.435,2016,3
"Existing Customer","F",47,"Less than $40K","Blue",3216,1480,0.46,1736,3
"Existing Customer","M",30,"Less than $40K","Blue",3789,1782,0.47,2007,3
"Existing Customer","F",31,"Less than $40K","Blue",3533,1206,0.341,2327,2
"Existing Customer","M",43,"$120K +","Silver",34516,1816,0.053,32700,2
"Existing Customer","M",52,"$80K - $120K","Blue",27229,0,0,27229,2
"Attrited Customer","M",52,"$80K - $120K","Silver",34516,751,0.022,33765,3
"Attrited Customer","F",43,"Less than $40K","Blue",6261,463,0.074,5798,2
"Existing Customer","F",57,"Less than $40K","Blue",6996,2092,0.299,4904,3
"Existing Customer","F",52,"Less than $40K","Blue",4440,1149,0.259,3291,3
"Existing Customer","F",55,"Less than $40K","Blue",3150,2222,0.705,928,2
"Existing Customer","F",57,"$40K - $60K","Blue",4288,1678,0.391,2610,2
"Attrited Customer","M",54,"$80K - $120K","Silver",34516,761,0.022,33755,3
"Existing Customer","F",51,"Less than $40K","Blue",5189,1171,0.226,4018,1
"Attrited Customer","M",59,"$40K - $60K","Blue",14458,2017,0.14,12441,2
"Existing Customer","M",43,"$120K +","Blue",16909,1171,0.069,15738,2
"Existing Customer","F",41,"Less than $40K","Blue",6739,896,0.133,5843,1
"Attrited Customer","M",45,"$40K - $60K","Blue",4982,0,0,4982,3
"Attrited Customer","M",31,"Less than $40K","Silver",12359,0,0,12359,3
"Existing Customer","M",51,"$80K - $120K","Blue",9959,2068,0.208,7891,3
"Existing Customer","M",53,"$120K +","Blue",8507,1484,0.174,7023,1
"Existing Customer","M",48,"$60K - $80K","Blue",15355,1823,0.119,13532,3
"Existing Customer","F",59,"Unknown","Blue",23731,1890,0.08,21841,3
"Attrited Customer","F",42,"$40K - $60K","Silver",17909,0,0,17909,3
"Existing Customer","M",34,"$40K - $60K","Blue",3995,2475,0.62,1520,2
"Attrited Customer","M",46,"$60K - $80K","Gold",34516,2517,0.073,31999,3
"Attrited Customer","M",51,"$120K +","Blue",34516,0,0,34516,3
"Attrited Customer","F",48,"Less than $40K","Blue",8297,2517,0.303,5780,4
"Existing Customer","M",52,"$80K - $120K","Blue",5520,2448,0.443,3072,1
"Existing Customer","F",58,"Unknown","Blue",3736,2209,0.591,1527,2
"Attrited Customer","M",38,"$40K - $60K","Blue",9664,1983,0.205,7681,1
"Existing Customer","F",56,"Less than $40K","Blue",4132,1559,0.377,2573,3
"Existing Customer","M",38,"$120K +","Blue",28043,1786,0.064,26257,2
"Existing Customer","M",41,"$80K - $120K","Blue",9959,1946,0.195,8013,2
"Existing Customer","M",45,"$120K +","Blue",16453,1660,0.101,14793,3
"Attrited Customer","F",43,"Less than $40K","Blue",8256,2416,0.293,5840,2
"Existing Customer","M",31,"$40K - $60K","Blue",13427,1562,0.116,11865,1
"Existing Customer","M",47,"$40K - $60K","Blue",3263,1525,0.467,1738,3
"Attrited Customer","M",34,"$80K - $120K","Silver",34516,400,0.012,34116,2
"Attrited Customer","M",40,"$80K - $120K","Blue",23502,0,0,23502,3
"Existing Customer","M",35,"$80K - $120K","Blue",7685,2517,0.328,5168,2
"Attrited Customer","F",32,"Less than $40K","Blue",4065,230,0.057,3835,2
"Existing Customer","M",41,"$40K - $60K","Blue",9815,0,0,9815,3
"Existing Customer","M",50,"$120K +","Blue",17374,2517,0.145,14857,1
"Existing Customer","F",39,"$40K - $60K","Blue",7093,2517,0.355,4576,1
"Existing Customer","M",33,"$80K - $120K","Silver",34516,917,0.027,33599,2
"Existing Customer","F",48,"Less than $40K","Blue",3329,0,0,3329,1
"Attrited Customer","M",37,"$80K - $120K","Blue",4116,1473,0.358,2643,1
"Existing Customer","M",28,"Unknown","Blue",20030,1204,0.06,18826,3
"Existing Customer","F",49,"Less than $40K","Blue",8687,1763,0.203,6924,2
"Attrited Customer","M",39,"$80K - $120K","Blue",8656,0,0,8656,1
"Existing Customer","F",45,"Less than $40K","Blue",3544,1661,0.469,1883,3
"Attrited Customer","M",29,"$40K - $60K","Blue",5988,660,0.11,5328,3
"Attrited Customer","F",54,"Less than $40K","Blue",4917,0,0,4917,3
"Existing Customer","M",53,"$80K - $120K","Blue",18591,994,0.053,17597,3
"Existing Customer","M",39,"$40K - $60K","Blue",3297,1761,0.534,1536,3
"Existing Customer","F",43,"Less than $40K","Blue",5702,2165,0.38,3537,2
"Existing Customer","F",27,"Less than $40K","Silver",10982,2517,0.229,8465,3
"Existing Customer","M",43,"$60K - $80K","Platinum",34516,1774,0.051,32742,3
"Existing Customer","M",37,"$60K - $80K","Blue",20144,1195,0.059,18949,1
"Existing Customer","F",47,"Unknown","Blue",16349,1925,0.118,14424,1
"Existing Customer","F",48,"Less than $40K","Silver",10610,0,0,10610,1
"Existing Customer","M",43,"$40K - $60K","Blue",7386,656,0.089,6730,1
"Attrited Customer","F",41,"Less than $40K","Blue",4720,0,0,4720,3
"Existing Customer","M",49,"$80K - $120K","Blue",3660,766,0.209,2894,1
"Existing Customer","M",46,"$80K - $120K","Blue",12932,1893,0.146,11039,1
"Existing Customer","F",60,"Less than $40K","Blue",6089,1341,0.22,4748,3
"Attrited Customer","M",53,"$60K - $80K","Blue",5905,0,0,5905,2
"Existing Customer","F",28,"Unknown","Blue",23103,897,0.039,22206,2
"Existing Customer","F",52,"Less than $40K","Silver",11280,1523,0.135,9757,2
"Existing Customer","M",38,"$60K - $80K","Blue",16565,1200,0.072,15365,3
"Existing Customer","M",50,"$120K +","Blue",34516,2253,0.065,32263,2
"Existing Customer","F",31,"Less than $40K","Silver",14305,1288,0.09,13017,1
"Existing Customer","M",35,"Less than $40K","Blue",6104,1595,0.261,4509,2
"Existing Customer","F",48,"$40K - $60K","Blue",4207,0,0,4207,3
"Existing Customer","M",51,"$120K +","Blue",34516,1476,0.043,33040,3
"Attrited Customer","M",52,"$120K +","Blue",34516,550,0.016,33966,3
"Existing Customer","M",52,"$60K - $80K","Gold",34516,1882,0.055,32634,1
"Attrited Customer","M",30,"$40K - $60K","Blue",4063,0,0,4063,2
"Existing Customer","M",36,"$120K +","Blue",11791,1168,0.099,10623,1
"Attrited Customer","M",29,"$60K - $80K","Blue",17744,829,0.047,16915,1
"Existing Customer","M",58,"$120K +","Silver",34516,0,0,34516,2
"Existing Customer","M",55,"$80K - $120K","Blue",21032,1409,0.067,19623,1
"Existing Customer","M",61,"$60K - $80K","Blue",18571,0,0,18571,1
"Attrited Customer","F",51,"$40K - $60K","Silver",3735,0,0,3735,3
"Existing Customer","F",53,"$40K - $60K","Blue",10948,482,0.044,10466,1
"Attrited Customer","M",44,"$60K - $80K","Silver",29076,0,0,29076,2
"Existing Customer","M",47,"$60K - $80K","Blue",20237,1593,0.079,18644,2
"Existing Customer","F",51,"Unknown","Platinum",34516,1913,0.055,32603,1
"Attrited Customer","M",53,"$120K +","Blue",34516,0,0,34516,2
"Attrited Customer","F",45,"$40K - $60K","Blue",4307,0,0,4307,2
"Existing Customer","M",38,"$120K +","Blue",34516,0,0,34516,2
"Existing Customer","F",42,"Unknown","Blue",14828,1513,0.102,13315,3
"Existing Customer","M",29,"Less than $40K","Blue",3839,1139,0.297,2700,3
"Existing Customer","F",37,"Less than $40K","Blue",3727,995,0.267,2732,3
"Existing Customer","M",45,"$80K - $120K","Blue",14290,1432,0.1,12858,3
"Existing Customer","F",34,"$40K - $60K","Blue",7594,1442,0.19,6152,2
"Existing Customer","F",50,"Less than $40K","Blue",8416,1549,0.184,6867,2
"Attrited Customer","M",44,"$60K - $80K","Silver",34140,0,0,34140,3
"Attrited Customer","F",42,"$40K - $60K","Blue",13753,2517,0.183,11236,3
"Existing Customer","M",44,"$80K - $120K","Blue",3472,1687,0.486,1785,1
"Existing Customer","M",42,"$40K - $60K","Silver",15315,1613,0.105,13702,3
"Existing Customer","M",54,"$120K +","Blue",12086,1264,0.105,10822,1
"Existing Customer","M",60,"$60K - $80K","Silver",34516,1642,0.048,32874,5
"Existing Customer","F",47,"Less than $40K","Blue",5016,2286,0.456,2730,1
"Existing Customer","M",42,"$40K - $60K","Blue",4333,739,0.171,3594,3
"Existing Customer","M",46,"$60K - $80K","Blue",10325,0,0,10325,2
"Attrited Customer","M",49,"$60K - $80K","Blue",18418,0,0,18418,3
"Existing Customer","F",43,"$40K - $60K","Blue",9633,0,0,9633,3
"Existing Customer","M",47,"$60K - $80K","Blue",3842,1563,0.407,2279,5
"Existing Customer","M",45,"$80K - $120K","Blue",20958,1936,0.092,19022,1
"Existing Customer","F",45,"Unknown","Blue",3024,1835,0.607,1189,3
"Existing Customer","F",34,"$40K - $60K","Blue",8698,874,0.1,7824,2
"Attrited Customer","M",43,"$80K - $120K","Blue",6824,2517,0.369,4307,3
"Existing Customer","M",50,"$80K - $120K","Silver",34516,0,0,34516,5
"Existing Customer","M",44,"$80K - $120K","Silver",34516,1984,0.057,32532,1
"Existing Customer","F",38,"Less than $40K","Blue",3311,1556,0.47,1755,3
"Existing Customer","M",54,"$60K - $80K","Blue",4752,1230,0.259,3522,5
"Attrited Customer","M",51,"$80K - $120K","Blue",4041,0,0,4041,4
"Attrited Customer","F",43,"$40K - $60K","Silver",19713,531,0.027,19182,3
"Existing Customer","F",48,"$40K - $60K","Blue",6725,493,0.073,6232,1
"Existing Customer","M",31,"Less than $40K","Gold",15261,1109,0.073,14152,2
"Existing Customer","F",32,"Unknown","Silver",33779,1526,0.045,32253,3
"Existing Customer","F",42,"Unknown","Blue",15648,0,0,15648,1
"Existing Customer","M",28,"$40K - $60K","Blue",9283,2288,0.246,6995,2
"Existing Customer","M",49,"$40K - $60K","Blue",3970,892,0.225,3078,3
"Existing Customer","F",44,"Less than $40K","Blue",6159,1640,0.266,4519,3
"Attrited Customer","F",31,"Less than $40K","Blue",4829,0,0,4829,1
"Attrited Customer","M",59,"$80K - $120K","Blue",15633,0,0,15633,5
"Existing Customer","M",47,"$120K +","Silver",34516,1652,0.048,32864,3
"Existing Customer","M",51,"$40K - $60K","Blue",10017,1850,0.185,8167,2
"Existing Customer","F",53,"Less than $40K","Blue",3895,1981,0.509,1914,3
"Existing Customer","M",51,"$80K - $120K","Blue",5611,0,0,5611,1
"Existing Customer","M",51,"$40K - $60K","Gold",22722,1790,0.079,20932,3
"Existing Customer","M",38,"$80K - $120K","Blue",16033,766,0.048,15267,1
"Existing Customer","M",40,"$80K - $120K","Blue",12978,0,0,12978,3
"Attrited Customer","F",57,"Less than $40K","Blue",9129,0,0,9129,3
"Attrited Customer","F",45,"Less than $40K","Blue",7500,0,0,7500,2
"Existing Customer","M",50,"$80K - $120K","Blue",14804,1696,0.115,13108,2
"Existing Customer","M",53,"$80K - $120K","Blue",34516,1084,0.031,33432,3
"Existing Customer","M",47,"$80K - $120K","Blue",9683,1116,0.115,8567,2
"Existing Customer","M",35,"$60K - $80K","Blue",19671,924,0.047,18747,1
"Existing Customer","M",42,"$80K - $120K","Silver",34516,1294,0.037,33222,2
"Existing Customer","F",40,"Less than $40K","Blue",5056,1067,0.211,3989,1
"Existing Customer","M",48,"$60K - $80K","Silver",25217,1754,0.07,23463,2
"Existing Customer","M",27,"Less than $40K","Blue",3585,2420,0.675,1165,2
"Attrited Customer","F",31,"Unknown","Blue",21067,0,0,21067,3
"Attrited Customer","M",40,"$60K - $80K","Blue",4283,0,0,4283,2
"Existing Customer","M",37,"$80K - $120K","Blue",25187,2209,0.088,22978,2
"Existing Customer","F",60,"Unknown","Gold",7469,2517,0.337,4952,3
"Existing Customer","M",50,"$60K - $80K","Blue",18142,0,0,18142,1
"Attrited Customer","M",49,"$80K - $120K","Blue",29865,2097,0.07,27768,3
"Existing Customer","M",52,"$60K - $80K","Blue",3388,2517,0.743,871,3
"Existing Customer","M",49,"$80K - $120K","Silver",34516,1313,0.038,33203,3
"Existing Customer","F",49,"Less than $40K","Blue",9431,1785,0.189,7646,3
"Existing Customer","F",42,"Unknown","Silver",30770,2228,0.072,28542,2
"Attrited Customer","M",29,"$60K - $80K","Blue",6500,2517,0.387,3983,1
"Existing Customer","F",45,"$40K - $60K","Blue",4209,1300,0.309,2909,2
"Existing Customer","M",32,"$40K - $60K","Blue",3657,1135,0.31,2522,3
"Existing Customer","M",30,"$60K - $80K","Blue",4107,979,0.238,3128,2
"Existing Customer","F",57,"Less than $40K","Blue",3638,0,0,3638,3
"Existing Customer","F",39,"Less than $40K","Blue",8325,2048,0.246,6277,3
"Existing Customer","M",49,"$120K +","Blue",27124,2311,0.085,24813,6
"Existing Customer","F",38,"Less than $40K","Silver",13747,1941,0.141,11806,3
"Existing Customer","M",36,"$60K - $80K","Silver",28174,1173,0.042,27001,3
"Existing Customer","M",31,"$40K - $60K","Blue",11109,2045,0.184,9064,1
"Attrited Customer","M",52,"$80K - $120K","Blue",9959,199,0.02,9760,3
"Existing Customer","F",35,"Less than $40K","Blue",4014,2266,0.565,1748,1
"Existing Customer","M",46,"$60K - $80K","Blue",21226,1202,0.057,20024,1
"Existing Customer","F",56,"$40K - $60K","Blue",3681,0,0,3681,3
"Existing Customer","M",39,"$80K - $120K","Blue",26710,1681,0.063,25029,3
"Existing Customer","F",32,"Less than $40K","Blue",9550,2517,0.264,7033,3
"Attrited Customer","M",33,"$120K +","Blue",16127,0,0,16127,3
"Attrited Customer","M",52,"$120K +","Blue",4935,0,0,4935,3
"Existing Customer","M",55,"$80K - $120K","Blue",18022,0,0,18022,2
"Existing Customer","M",50,"$80K - $120K","Blue",16748,2413,0.144,14335,2
"Attrited Customer","M",44,"$40K - $60K","Blue",10973,0,0,10973,2
"Existing Customer","F",32,"Less than $40K","Silver",14143,1472,0.104,12671,2
"Attrited Customer","M",51,"$80K - $120K","Gold",34516,2201,0.064,32315,3
"Attrited Customer","M",54,"$120K +","Blue",7684,0,0,7684,3
"Attrited Customer","M",45,"$120K +","Silver",34516,0,0,34516,2
"Attrited Customer","F",44,"Unknown","Blue",26021,0,0,26021,3
"Existing Customer","M",44,"$40K - $60K","Blue",3843,1460,0.38,2383,3
"Existing Customer","M",40,"$80K - $120K","Blue",14840,2043,0.138,12797,3
"Attrited Customer","M",39,"$80K - $120K","Blue",3929,542,0.138,3387,3
"Existing Customer","M",48,"$40K - $60K","Blue",11427,2307,0.202,9120,5
"Existing Customer","F",48,"Unknown","Blue",20974,2249,0.107,18725,3
"Existing Customer","M",43,"$40K - $60K","Blue",3771,0,0,3771,1
"Existing Customer","M",56,"$120K +","Blue",23362,1453,0.062,21909,2
"Attrited Customer","F",32,"Less than $40K","Blue",8135,0,0,8135,3
"Existing Customer","F",40,"Less than $40K","Silver",13669,1774,0.13,11895,2
"Existing Customer","M",54,"$80K - $120K","Silver",34516,2305,0.067,32211,1
"Existing Customer","M",36,"$60K - $80K","Blue",9764,0,0,9764,3
"Attrited Customer","M",48,"$60K - $80K","Blue",8431,0,0,8431,2
"Existing Customer","M",47,"$60K - $80K","Blue",10585,1749,0.165,8836,5
"Existing Customer","M",41,"$120K +","Silver",34516,2205,0.064,32311,1
"Existing Customer","F",57,"Less than $40K","Blue",7882,1101,0.14,6781,1
"Existing Customer","F",39,"Unknown","Silver",33905,2070,0.061,31835,3
"Attrited Customer","F",51,"Unknown","Silver",33004,2418,0.073,30586,2
"Existing Customer","M",40,"$120K +","Blue",20891,1213,0.058,19678,1
"Existing Customer","M",59,"$80K - $120K","Blue",22715,707,0.031,22008,2
"Existing Customer","M",46,"Less than $40K","Blue",3818,1142,0.299,2676,1
"Attrited Customer","M",52,"$80K - $120K","Blue",3526,2429,0.689,1097,2
"Existing Customer","M",41,"$40K - $60K","Blue",6991,1384,0.198,5607,2
"Existing Customer","M",41,"$40K - $60K","Silver",16268,817,0.05,15451,3
"Attrited Customer","M",38,"$80K - $120K","Blue",5768,0,0,5768,2
"Existing Customer","M",57,"$120K +","Silver",34516,1444,0.042,33072,2
"Attrited Customer","F",41,"Less than $40K","Blue",9491,0,0,9491,2
"Existing Customer","F",45,"Less than $40K","Gold",15987,1096,0.069,14891,3
"Existing Customer","M",37,"$40K - $60K","Blue",3645,701,0.192,2944,1
"Existing Customer","F",61,"Less than $40K","Blue",3466,1444,0.417,2022,2
"Existing Customer","F",49,"Less than $40K","Blue",9797,998,0.102,8799,2
"Existing Customer","F",31,"Less than $40K","Blue",3399,1800,0.53,1599,1
"Existing Customer","M",40,"$60K - $80K","Blue",4155,1315,0.316,2840,1
"Attrited Customer","F",46,"Less than $40K","Gold",15164,532,0.035,14632,3
"Attrited Customer","F",30,"Unknown","Blue",13894,0,0,13894,2
"Existing Customer","M",50,"$80K - $120K","Silver",34516,0,0,34516,2
"Existing Customer","M",56,"$60K - $80K","Blue",6828,1859,0.272,4969,3
"Attrited Customer","F",46,"$40K - $60K","Blue",5542,0,0,5542,3
"Existing Customer","M",58,"$120K +","Blue",15733,2101,0.134,13632,3
"Existing Customer","M",38,"$60K - $80K","Silver",30082,1671,0.056,28411,2
"Existing Customer","M",46,"$120K +","Blue",3659,1381,0.377,2278,2
"Attrited Customer","M",58,"$80K - $120K","Blue",22718,0,0,22718,3
"Existing Customer","M",43,"$80K - $120K","Blue",3676,673,0.183,3003,2
"Existing Customer","M",53,"$60K - $80K","Blue",17721,596,0.034,17125,1
"Existing Customer","F",59,"Less than $40K","Blue",4404,2272,0.516,2132,3
"Attrited Customer","F",40,"Less than $40K","Blue",4423,2517,0.569,1906,3
"Existing Customer","M",49,"$60K - $80K","Gold",34516,0,0,34516,1
"Existing Customer","F",30,"Less than $40K","Blue",4184,1254,0.3,2930,2
"Existing Customer","M",51,"$80K - $120K","Blue",34516,1549,0.045,32967,2
"Existing Customer","F",47,"Unknown","Blue",26923,2461,0.091,24462,1
"Attrited Customer","M",33,"$40K - $60K","Silver",15977,0,0,15977,1
"Existing Customer","M",59,"$80K - $120K","Blue",26812,1491,0.056,25321,3
"Existing Customer","M",44,"$60K - $80K","Blue",5175,0,0,5175,3
"Existing Customer","F",30,"Less than $40K","Blue",3955,2352,0.595,1603,2
"Existing Customer","M",43,"$120K +","Blue",22355,2179,0.097,20176,2
"Attrited Customer","M",56,"$80K - $120K","Blue",23240,1534,0.066,21706,3
"Existing Customer","M",43,"$60K - $80K","Blue",5479,1183,0.216,4296,3
"Attrited Customer","M",50,"$120K +","Blue",16081,492,0.031,15589,2
"Existing Customer","F",32,"Less than $40K","Blue",5497,1735,0.316,3762,1
"Existing Customer","M",39,"Less than $40K","Silver",14135,630,0.045,13505,3
"Existing Customer","M",38,"$60K - $80K","Silver",31546,2057,0.065,29489,3
"Existing Customer","M",49,"$80K - $120K","Silver",34516,1768,0.051,32748,3
"Attrited Customer","F",52,"Less than $40K","Blue",4353,1489,0.342,2864,3
"Existing Customer","M",48,"$80K - $120K","Silver",34516,1417,0.041,33099,2
"Existing Customer","F",48,"Unknown","Blue",3310,0,0,3310,2
"Attrited Customer","M",49,"$40K - $60K","Blue",4601,0,0,4601,3
"Existing Customer","M",46,"$40K - $60K","Blue",3981,0,0,3981,3
"Attrited Customer","F",40,"Less than $40K","Blue",4458,0,0,4458,3
"Existing Customer","M",48,"$80K - $120K","Blue",10292,0,0,10292,1
"Attrited Customer","F",44,"Unknown","Blue",15944,0,0,15944,3
"Attrited Customer","F",30,"Unknown","Blue",4377,2517,0.575,1860,1
"Attrited Customer","M",46,"$60K - $80K","Blue",4930,159,0.032,4771,2
"Attrited Customer","F",49,"Less than $40K","Blue",4982,2517,0.505,2465,3
"Attrited Customer","M",50,"$120K +","Blue",34162,1723,0.05,32439,3
"Existing Customer","M",55,"$80K - $120K","Blue",4047,1482,0.366,2565,2
"Existing Customer","F",43,"Less than $40K","Blue",6380,1160,0.182,5220,1
"Existing Customer","F",42,"Less than $40K","Blue",3534,1175,0.332,2359,1
"Existing Customer","F",36,"Less than $40K","Blue",6091,1184,0.194,4907,5
"Existing Customer","M",42,"$40K - $60K","Gold",23981,1399,0.058,22582,2
"Existing Customer","F",53,"Less than $40K","Blue",7832,1784,0.228,6048,2
"Existing Customer","M",56,"$120K +","Blue",34516,1307,0.038,33209,1
"Existing Customer","F",49,"Less than $40K","Silver",13704,2127,0.155,11577,3
"Existing Customer","M",39,"Less than $40K","Blue",4423,1643,0.371,2780,1
"Attrited Customer","M",56,"$60K - $80K","Blue",6224,0,0,6224,3
"Existing Customer","F",41,"Less than $40K","Blue",4133,1067,0.258,3066,6
"Existing Customer","M",57,"$120K +","Blue",34516,1244,0.036,33272,2
"Existing Customer","M",56,"$120K +","Blue",5270,779,0.148,4491,3
"Existing Customer","M",48,"$60K - $80K","Gold",34516,1285,0.037,33231,1
"Existing Customer","M",38,"$120K +","Blue",3782,0,0,3782,2
"Attrited Customer","F",50,"Unknown","Blue",5173,0,0,5173,3
"Existing Customer","M",56,"$60K - $80K","Blue",4058,793,0.195,3265,3
"Existing Customer","M",32,"$60K - $80K","Blue",21551,0,0,21551,3
"Existing Customer","M",60,"$40K - $60K","Blue",9805,1007,0.103,8798,1
"Existing Customer","F",38,"Less than $40K","Blue",7530,1336,0.177,6194,3
"Existing Customer","M",45,"$60K - $80K","Blue",8983,0,0,8983,1
"Existing Customer","F",53,"$40K - $60K","Blue",4855,1912,0.394,2943,2
"Attrited Customer","M",53,"$40K - $60K","Blue",5735,0,0,5735,3
"Attrited Customer","M",48,"$80K - $120K","Blue",9524,1449,0.152,8075,3
"Existing Customer","M",55,"Less than $40K","Gold",15987,0,0,15987,5
"Attrited Customer","M",49,"$120K +","Blue",5181,0,0,5181,3
"Attrited Customer","M",37,"$60K - $80K","Silver",28831,2517,0.087,26314,3
"Attrited Customer","M",31,"$40K - $60K","Blue",4169,534,0.128,3635,2
"Existing Customer","F",46,"$40K - $60K","Blue",7020,1784,0.254,5236,2
"Attrited Customer","F",33,"Less than $40K","Blue",3709,1180,0.318,2529,1
"Attrited Customer","M",30,"Less than $40K","Silver",12833,0,0,12833,3
"Existing Customer","F",40,"Less than $40K","Blue",3804,1917,0.504,1887,3
"Existing Customer","M",50,"$120K +","Blue",21794,1368,0.063,20426,3
"Existing Customer","M",43,"$80K - $120K","Blue",3304,2517,0.762,787,2
"Existing Customer","F",59,"Less than $40K","Blue",3850,0,0,3850,3
"Existing Customer","M",49,"$40K - $60K","Blue",4158,1889,0.454,2269,2
"Existing Customer","F",44,"Less than $40K","Blue",4182,2028,0.485,2154,2
"Existing Customer","M",29,"$40K - $60K","Blue",4626,1232,0.266,3394,1
"Existing Customer","M",58,"$80K - $120K","Blue",3742,2517,0.673,1225,2
"Attrited Customer","F",43,"Less than $40K","Silver",13651,0,0,13651,2
"Attrited Customer","M",38,"$60K - $80K","Silver",26794,821,0.031,25973,2
"Existing Customer","M",53,"$80K - $120K","Blue",17190,1736,0.101,15454,6
"Attrited Customer","F",49,"$40K - $60K","Blue",4167,0,0,4167,2
"Existing Customer","F",44,"Less than $40K","Silver",12944,1200,0.093,11744,3
"Existing Customer","M",31,"Less than $40K","Blue",6933,1870,0.27,5063,3
"Existing Customer","M",47,"$80K - $120K","Silver",34516,1371,0.04,33145,3
"Attrited Customer","M",37,"$40K - $60K","Blue",13589,2517,0.185,11072,2
"Existing Customer","M",44,"$80K - $120K","Blue",4552,1144,0.251,3408,1
"Existing Customer","M",51,"$60K - $80K","Blue",3750,1801,0.48,1949,3
"Existing Customer","M",50,"$60K - $80K","Blue",17655,1720,0.097,15935,3
"Existing Customer","F",57,"Less than $40K","Blue",8224,1239,0.151,6985,3
"Existing Customer","M",43,"$80K - $120K","Blue",3946,1275,0.323,2671,2
"Existing Customer","F",41,"$40K - $60K","Blue",5654,2470,0.437,3184,1
"Existing Customer","M",40,"$60K - $80K","Blue",16268,2517,0.155,13751,1
"Existing Customer","M",45,"$60K - $80K","Silver",28564,2517,0.088,26047,3
"Existing Customer","F",42,"Less than $40K","Blue",6172,1212,0.196,4960,1
"Existing Customer","M",50,"$40K - $60K","Blue",5435,1243,0.229,4192,3
"Existing Customer","M",29,"$40K - $60K","Silver",16496,1409,0.085,15087,1
"Existing Customer","F",42,"Unknown","Blue",8348,0,0,8348,1
"Existing Customer","F",46,"Less than $40K","Blue",7562,1500,0.198,6062,1
"Existing Customer","M",49,"$120K +","Gold",14938,0,0,14938,3
"Existing Customer","M",43,"$80K - $120K","Silver",34516,1987,0.058,32529,1
"Existing Customer","M",45,"$40K - $60K","Blue",7935,888,0.112,7047,2
"Existing Customer","M",45,"$60K - $80K","Silver",34516,1529,0.044,32987,2
"Attrited Customer","F",52,"Less than $40K","Blue",9611,0,0,9611,3
"Existing Customer","F",36,"$40K - $60K","Blue",12958,2273,0.175,10685,3
"Existing Customer","M",52,"$80K - $120K","Blue",4103,1972,0.481,2131,1
"Attrited Customer","F",40,"Unknown","Blue",6888,1878,0.273,5010,2
"Existing Customer","M",38,"$60K - $80K","Blue",21906,0,0,21906,2
"Existing Customer","M",59,"$60K - $80K","Blue",7288,0,0,7288,1
"Existing Customer","M",46,"$80K - $120K","Blue",34516,1099,0.032,33417,1
"Existing Customer","M",56,"$80K - $120K","Blue",12540,1696,0.135,10844,3
"Existing Customer","M",31,"$40K - $60K","Blue",4493,1388,0.309,3105,2
"Attrited Customer","M",55,"$120K +","Silver",34516,0,0,34516,3
"Existing Customer","F",51,"Less than $40K","Blue",8900,798,0.09,8102,2
"Existing Customer","M",39,"$60K - $80K","Silver",29808,0,0,29808,2
"Existing Customer","M",42,"$40K - $60K","Blue",3735,1723,0.461,2012,2
"Existing Customer","F",33,"Less than $40K","Blue",8398,1875,0.223,6523,3
"Attrited Customer","M",51,"$80K - $120K","Blue",22754,0,0,22754,3
"Existing Customer","M",51,"$60K - $80K","Silver",29663,1743,0.059,27920,2
"Attrited Customer","F",59,"Less than $40K","Blue",5043,743,0.147,4300,4
"Existing Customer","F",58,"Less than $40K","Blue",4299,1334,0.31,2965,2
"Attrited Customer","M",61,"$60K - $80K","Blue",11859,1644,0.139,10215,1
"Attrited Customer","M",47,"$80K - $120K","Blue",17504,476,0.027,17028,3
"Existing Customer","M",47,"Less than $40K","Blue",4165,0,0,4165,3
"Existing Customer","M",56,"$80K - $120K","Silver",34516,1091,0.032,33425,2
"Existing Customer","M",49,"$60K - $80K","Blue",6481,1569,0.242,4912,3
"Attrited Customer","M",33,"$120K +","Gold",34516,0,0,34516,1
"Attrited Customer","M",27,"$60K - $80K","Blue",13303,2517,0.189,10786,3
"Existing Customer","M",29,"Less than $40K","Blue",4700,0,0,4700,1
"Existing Customer","M",38,"$40K - $60K","Blue",5639,1558,0.276,4081,3
"Existing Customer","M",46,"$80K - $120K","Blue",13187,2241,0.17,10946,2
"Existing Customer","M",57,"$80K - $120K","Blue",17925,1909,0.106,16016,3
"Attrited Customer","M",50,"$80K - $120K","Blue",9959,952,0.096,9007,3
"Attrited Customer","F",55,"Unknown","Blue",14657,2517,0.172,12140,3
"Existing Customer","M",54,"$60K - $80K","Blue",13940,2109,0.151,11831,2
"Existing Customer","F",56,"Less than $40K","Blue",3688,606,0.164,3082,1
"Existing Customer","M",50,"$40K - $60K","Blue",4003,1851,0.462,2152,2
"Attrited Customer","M",41,"$40K - $60K","Blue",4277,2186,0.511,2091,2
"Attrited Customer","F",44,"Less than $40K","Blue",5409,0,0,5409,3
"Attrited Customer","M",30,"$40K - $60K","Blue",5281,0,0,5281,3
"Attrited Customer","F",43,"Less than $40K","Silver",10388,1961,0.189,8427,2
