역번호,호선,승하차구분,5시_승객수,6시_승객수,7시_승객수,8시_승객수,9시_승객수,10시_승객수,11시_승객수,12시_승객수,13시_승객수,14시_승객수,15시_승객수,16시_승객수,17시_승객수,18시_승객수,19시_승객수,20시_승객수,21시_승객수,일자
3,7,승차,40,44,57,50,64,53,63,83,82,100,89,102,105,101,109,120,112,2025-09-01
4,4,하차,44,48,49,55,64,56,68,56,77,90,76,91,93,100,103,131,134,2025-09-01
1,2,승차,37,47,47,60,58,48,59,66,85,71,97,79,119,85,121,120,128,2025-09-01
3,5,하차,35,39,51,48,67,63,63,86,78,81,83,85,96,97,118,108,95,2025-09-01
3,3,하차,35,44,50,45,46,54,85,86,91,70,99,91,90,86,99,124,119,2025-09-01
4,9,승차,28,51,53,48,60,64,56,70,77,79,95,95,101,118,112,122,135,2025-09-01
1,6,하차,37,41,55,56,64,63,67,90,85,85,81,108,86,123,108,117,132,2025-09-01
1,1,하차,45,38,39,60,55,59,71,74,89,71,94,91,90,96,103,109,125,2025-09-01
3,3,승차,50,47,51,56,65,63,74,82,74,73,75,98,102,108,120,122,125,2025-09-01
2,4,승차,35,31,51,56,57,53,67,55,94,88,97,107,94,96,100,123,97,2025-09-01
3,9,승차,43,47,49,45,56,68,87,74,86,96,98,88,110,118,95,118,113,2025-09-01
3,6,승차,42,44,50,44,59,61,61,77,70,93,71,85,112,89,95,119,123,2025-09-01
3,4,하차,41,48,56,54,62,60,75,80,69,78,82,87,104,115,105,109,117,2025-09-01
3,1,승차,38,53,53,61,75,67,73,82,78,74,100,82,117,97,108,103,124,2025-09-01
4,8,승차,44,44,50,70,64,50,79,84,86,65,82,97,99,110,103,108,116,2025-09-01
1,2,승차,41,37,59,54,69,59,71,68,63,73,106,88,115,112,116,129,106,2025-09-01
4,8,승차,41,50,49,54,65,64,62,70,70,83,79,80,102,103,98,105,118,2025-09-01
4,6,승차,34,52,50,50,58,66,63,83,78,84,75,98,85,107,106,117,100,2025-09-01
4,8,하차,40,46,54,45,64,71,82,80,63,100,112,86,105,87,119,108,124,2025-09-01
3,6,승차,33,41,52,51,63,71,70,78,68,81,82,107,110,108,101,113,135,2025-09-01
2,5,하차,43,47,47,53,70,61,95,94,82,91,93,91,114,107,135,102,106,2025-09-01
1,5,승차,34,43,51,61,69,70,67,69,87,74,81,86,94,96,95,99,112,2025-09-01
2,8,승차,50,36,45,64,64,66,65,73,75,85,93,113,99,111,104,105,124,2025-09-01
4,7,승차,34,55,45,60,67,65,76,86,76,93,93,101,103,95,97,133,114,2025-09-01
4,8,승차,33,44,51,59,56,72,78,73,76,94,96,92,114,104,99,116,110,2025-09-01
2,8,승차,30,55,43,60,72,57,63,91,73,96,87,95,84,119,104,106,130,2025-09-01
2,7,승차,38,53,43,47,61,62,65,64,86,91,71,100,107,101,102,123,119,2025-09-01
2,2,승차,48,39,48,61,64,78,72,67,77,95,95,99,106,103,117,134,109,2025-09-01
4,9,승차,42,48,45,64,71,77,78,79,88,72,93,110,107,120,121,111,116,2025-09-01
4,7,하차,43,40,46,55,59,64,65,75,117,81,84,107,77,92,125,119,140,2025-09-01
1,6,승차,45,53,47,55,55,65,75,77,76,97,88,89,114,111,117,112,134,2025-09-01
1,9,하차,43,43,47,56,48,67,62,81,67,96,75,102,101,93,106,119,130,2025-09-01
4,1,승차,46,40,58,48,63,73,69,65,70,86,95,93,93,114,100,118,105,2025-09-01
2,2,하차,31,44,37,50,44,65,56,80,80,84,99,105,96,114,123,128,138,2025-09-01
2,1,승차,54,46,59,62,58,76,78,91,90,92,95,91,116,108,109,131,130,2025-09-01
1,3,승차,47,48,52,56,48,75,71,76,80,77,86,95,90,112,105,108,125,2025-09-01
4,5,승차,39,46,50,73,62,53,59,87,83,96,102,93,110,115,119,109,122,2025-09-01
1,1,하차,33,47,54,54,55,56,69,80,82,115,90,88,116,103,92,121,124,2025-09-01
1,4,하차,44,52,55,65,58,67,73,88,84,88,87,94,109,99,101,122,133,2025-09-01
3,8,하차,41,54,50,58,50,57,68,69,73,79,87,85,96,101,116,114,101,2025-09-01
3,6,하차,39,44,46,68,53,57,67,79,76,74,92,103,82,110,119,117,113,2025-09-01
3,1,승차,36,52,52,40,59,79,59,74,82,90,84,104,85,111,113,118,110,2025-09-01
2,1,승차,41,37,46,66,57,75,60,84,74,85,67,91,115,102,118,130,123,2025-09-01
4,3,승차,41,54,46,54,65,78,67,84,76,89,82,100,110,113,110,115,118,2025-09-01
4,8,하차,42,44,61,66,62,56,63,64,88,67,82,108,92,104,113,96,114,2025-09-01
4,8,승차,32,40,47,46,58,64,72,60,87,91,82,99,88,112,112,107,129,2025-09-01
4,3,하차,41,49,59,53,75,73,66,64,82,81,90,96,90,107,120,123,120,2025-09-01
3,7,하차,40,46,52,64,58,50,66,66,101,67,87,97,86,115,110,144,123,2025-09-01
2,3,하차,36,46,51,59,74,75,63,74,76,75,79,95,90,105,112,113,129,2025-09-01
2,4,하차,50,53,63,50,67,73,67,66,87,79,102,95,76,114,95,138,130,2025-09-01
3,9,하차,50,39,50,50,58,59,62,73,81,79,95,90,112,103,103,122,131,2025-09-01
2,4,승차,39,41,63,70,55,53,78,87,87,89,82,99,87,113,86,127,119,2025-09-01
3,3,하차,40,62,56,50,61,69,65,81,80,93,88,97,102,111,92,102,104,2025-09-01
4,5,하차,34,37,55,46,59,62,78,74,70,75,95,111,90,111,106,108,112,2025-09-01
3,7,승차,43,37,55,66,60,74,68,74,72,90,91,105,110,98,123,129,116,2025-09-01
4,5,하차,35,48,54,56,52,67,62,75,91,81,68,83,93,112,92,108,109,2025-09-01
4,4,하차,33,48,56,43,55,65,75,79,81,95,79,106,79,86,113,112,141,2025-09-01
1,8,승차,40,40,48,48,55,76,77,65,76,79,88,94,74,98,132,105,131,2025-09-01
3,4,승차,32,45,30,67,62,67,63,79,69,75,98,104,87,101,123,92,130,2025-09-01
1,2,승차,37,45,48,58,67,64,69,73,65,74,109,82,115,102,105,120,113,2025-09-01
3,6,하차,44,42,40,46,55,52,66,83,79,78,85,95,97,92,120,112,120,2025-09-01
3,2,승차,36,40,50,46,53,63,70,71,59,95,80,93,86,104,107,104,125,2025-09-01
1,3,승차,38,41,54,44,52,79,79,65,86,89,104,89,97,105,97,98,122,2025-09-01
1,1,승차,51,42,53,52,59,64,73,78,75,82,89,92,116,110,93,114,124,2025-09-01
3,5,하차,29,44,47,46,67,63,57,85,84,85,95,100,97,101,118,115,119,2025-09-01
2,9,승차,35,54,53,49,59,69,67,73,85,81,89,97,112,101,112,122,105,2025-09-01
4,2,하차,40,43,52,68,67,82,80,75,79,81,114,103,98,97,111,102,141,2025-09-01
1,7,하차,36,39,57,64,62,66,64,74,75,77,87,86,108,108,101,131,124,2025-09-01
4,5,승차,37,61,53,50,57,58,56,66,71,97,84,104,109,103,94,122,118,2025-09-01
2,2,하차,35,54,56,49,50,65,89,86,79,79,84,87,118,107,116,123,93,2025-09-01
2,8,하차,43,39,41,44,68,61,66,74,81,100,91,86,87,128,98,103,125,2025-09-01
2,6,승차,58,40,57,46,62,81,69,75,88,85,84,94,109,116,108,110,120,2025-09-01
1,4,하차,40,48,58,65,54,74,69,78,71,102,92,94,111,100,109,103,124,2025-09-01
2,4,승차,46,39,42,53,66,41,75,74,82,85,87,107,111,105,108,104,117,2025-09-01
1,2,하차,48,44,42,53,69,76,75,75,86,70,98,96,106,124,108,108,117,2025-09-01
2,3,하차,43,55,50,48,59,72,70,77,86,73,108,101,110,97,124,108,108,2025-09-01
4,7,승차,38,37,61,55,55,66,69,75,92,77,87,111,100,104,106,137,116,2025-09-01
4,3,승차,46,54,44,45,59,66,70,66,86,82,77,86,69,113,111,120,133,2025-09-01
3,5,하차,48,44,49,50,54,61,64,63,81,75,81,109,101,115,98,114,109,2025-09-01
4,6,하차,48,50,35,75,64,59,67,88,89,100,91,95,93,107,114,119,127,2025-09-01
3,6,승차,37,42,41,64,51,74,60,74,75,92,102,108,95,102,84,108,138,2025-09-01
4,4,하차,49,54,46,51,67,57,68,76,77,92,106,109,114,100,101,124,127,2025-09-01
1,6,하차,42,58,55,60,53,72,76,70,92,63,85,96,115,105,116,106,126,2025-09-01
4,3,하차,28,49,39,59,50,57,75,68,79,82,84,114,99,85,92,106,122,2025-09-01
3,7,하차,40,49,49,61,69,79,65,67,90,82,72,105,106,107,122,122,103,2025-09-01
3,7,승차,33,42,38,49,83,52,78,62,65,87,89,97,109,115,111,108,115,2025-09-01
2,4,승차,51,53,46,47,65,81,81,82,97,92,90,91,109,111,111,112,116,2025-09-01
1,2,승차,40,45,52,55,60,66,71,78,73,84,88,84,94,120,95,116,99,2025-09-01
4,7,승차,39,45,44,76,63,60,54,63,68,93,97,94,83,94,112,111,129,2025-09-01
2,3,승차,43,49,43,52,76,61,66,82,100,80,83,111,85,104,117,101,100,2025-09-01
4,1,승차,37,34,53,67,61,55,56,68,82,77,70,86,90,80,101,120,125,2025-09-01
4,2,하차,57,45,59,53,59,64,61,81,67,83,81,94,91,90,96,112,110,2025-09-01
2,9,승차,47,37,50,61,65,60,71,84,71,105,79,90,103,106,113,109,123,2025-09-01
2,8,하차,35,44,58,59,70,61,59,82,72,89,83,91,98,92,104,105,103,2025-09-01
2,6,하차,41,46,54,49,66,54,62,55,80,81,89,96,96,99,112,115,123,2025-09-01
2,6,하차,35,53,51,53,53,72,84,97,86,81,71,104,101,114,113,108,125,2025-09-01
2,1,승차,27,41,44,48,63,74,66,78,69,78,101,92,103,100,94,118,108,2025-09-01
4,2,하차,43,42,47,69,63,65,57,80,70,77,108,80,106,108,108,88,115,2025-09-01
2,4,승차,43,38,55,46,58,58,73,80,77,76,84,93,103,124,105,126,125,2025-09-01
1,3,하차,35,53,41,49,58,61,60,73,89,92,95,105,94,102,101,112,127,2025-09-01
3,1,하차,37,45,50,64,48,54,89,76,96,89,89,108,88,118,134,104,124,2025-09-01
2,8,승차,43,33,50,59,55,69,54,72,67,85,82,98,91,113,115,125,127,2025-09-01
2,7,하차,50,55,44,51,73,51,84,74,85,83,63,97,74,98,102,106,144,2025-09-01
4,4,하차,38,42,55,59,63,51,73,78,78,78,74,96,93,118,97,118,132,2025-09-01
2,9,하차,39,56,43,58,71,76,70,70,79,87,86,85,108,108,83,135,121,2025-09-01
2,4,하차,43,37,46,57,61,66,62,73,91,99,92,96,108,117,101,99,125,2025-09-01
2,1,승차,38,48,43,60,64,60,82,78,76,91,94,87,104,112,99,120,117,2025-09-01
4,1,하차,40,34,56,50,65,60,78,68,83,82,107,97,89,123,102,101,122,2025-09-01
2,1,하차,47,34,49,42,50,59,78,87,79,97,92,125,100,105,109,122,120,2025-09-01
3,1,승차,33,41,51,52,65,61,72,80,85,69,79,101,105,112,115,112,135,2025-09-01
4,4,하차,49,45,39,54,79,68,65,68,74,73,84,84,103,128,100,114,118,2025-09-01
3,1,하차,36,44,50,50,70,60,74,80,76,85,77,111,104,114,121,128,118,2025-09-01
4,2,하차,36,51,48,58,71,68,68,71,79,88,67,102,95,105,114,134,139,2025-09-01
2,4,하차,55,54,51,66,59,64,75,79,78,90,74,84,109,116,104,111,123,2025-09-01
3,7,승차,38,36,57,63,58,57,73,61,86,81,87,111,104,106,130,126,115,2025-09-01
4,2,하차,39,50,59,53,52,66,61,75,88,87,98,91,94,110,115,128,135,2025-09-01
1,8,승차,40,38,45,57,64,56,82,78,92,86,93,91,101,94,123,113,120,2025-09-01
2,7,하차,35,53,41,54,53,74,89,68,101,81,101,91,97,97,100,106,125,2025-09-01
4,9,하차,38,44,61,54,70,62,79,75,54,112,82,97,96,90,109,104,124,2025-09-01
1,6,하차,41,38,53,69,68,73,81,89,63,99,74,114,108,88,111,95,120,2025-09-01
4,4,승차,45,45,51,53,59,60,66,73,76,86,119,78,83,78,90,119,124,2025-09-01
1,6,하차,40,47,42,56,53,67,70,61,64,82,98,98,111,104,109,94,128,2025-09-01
2,4,하차,29,45,57,62,60,68,63,62,76,80,91,102,94,94,117,116,131,2025-09-01
3,7,승차,47,38,53,72,67,73,75,87,86,80,95,85,101,102,130,127,126,2025-09-01
1,9,승차,47,42,33,45,56,67,74,65,88,73,90,96,108,92,110,134,125,2025-09-01
4,3,승차,49,37,52,43,73,60,73,65,70,87,83,85,101,108,101,102,129,2025-09-01
2,3,승차,38,54,66,52,73,72,55,64,75,78,84,104,104,117,109,121,115,2025-09-01
1,2,하차,36,39,47,44,64,72,86,72,77,77,93,103,105,96,116,110,134,2025-09-01
4,1,하차,50,69,47,59,57,56,67,61,77,86,95,101,82,112,107,117,111,2025-09-01
4,1,하차,53,39,42,78,62,72,73,83,73,76,90,102,106,115,107,115,106,2025-09-01
4,3,하차,40,45,56,56,63,65,81,78,65,85,82,97,89,132,108,112,99,2025-09-01
1,7,승차,35,40,51,50,60,61,64,73,76,85,87,97,97,101,112,126,135,2025-09-01
1,9,하차,41,45,54,56,68,63,82,80,68,74,83,92,99,103,120,120,122,2025-09-01
1,2,하차,43,55,59,65,64,62,63,72,88,89,87,84,101,97,106,121,113,2025-09-01
3,7,하차,40,48,43,63,73,54,75,97,80,80,87,94,95,102,123,98,128,2025-09-01
1,1,하차,41,45,35,60,58,76,64,57,83,85,104,102,112,100,105,124,126,2025-09-01
1,2,승차,44,39,47,55,51,72,69,66,93,83,91,81,103,112,105,117,128,2025-09-01
1,6,하차,44,46,49,60,60,63,62,66,92,85,105,97,83,103,103,107,114,2025-09-01
3,5,하차,43,40,54,55,61,65,80,65,79,93,90,88,120,122,111,100,123,2025-09-01
1,8,하차,33,43,51,53,61,81,69,90,94,102,81,101,89,103,111,132,134,2025-09-01
4,2,승차,26,39,42,53,56,71,72,80,84,94,105,105,84,89,101,102,118,2025-09-01
1,1,승차,43,42,62,56,74,61,71,81,95,87,83,96,108,122,103,122,116,2025-09-01
4,7,하차,42,37,38,51,68,68,73,76,78,83,90,89,99,106,114,116,133,2025-09-01
4,6,하차,36,44,42,62,61,64,81,74,82,75,83,107,105,91,100,117,127,2025-09-01
4,8,하차,35,37,64,56,59,58,49,71,72,81,89,103,83,100,125,118,130,2025-09-01
3,8,승차,44,41,49,60,52,74,83,63,81,83,85,86,111,105,90,114,117,2025-09-01
3,2,하차,44,41,53,49,61,62,62,85,66,74,75,96,101,101,95,103,122,2025-09-01
3,8,하차,39,42,56,48,56,89,82,88,78,73,93,82,105,100,90,110,105,2025-09-01
1,6,하차,39,42,53,49,61,70,88,64,68,97,83,80,104,122,97,132,131,2025-09-01
4,9,승차,39,47,40,62,56,63,72,56,88,77,81,102,92,99,118,108,127,2025-09-01
3,7,하차,38,54,59,51,52,71,68,81,86,88,99,83,103,115,114,124,120,2025-09-01
3,2,하차,42,49,48,44,55,57,79,63,84,67,85,93,107,106,110,113,135,2025-09-01
1,8,승차,45,33,48,53,55,62,78,58,66,84,98,95,103,117,103,132,102,2025-09-01
3,9,승차,44,49,37,51,52,69,70,77,86,92,92,95,96,114,105,120,144,2025-09-01
1,7,하차,40,48,51,58,60,57,68,63,69,101,83,100,88,88,112,118,129,2025-09-01
2,4,승차,44,56,47,66,71,62,79,73,83,80,95,96,89,107,118,125,144,2025-09-01
3,9,하차,43,37,50,44,56,74,73,62,90,89,82,93,99,98,99,103,129,2025-09-01
2,4,승차,38,30,44,45,58,59,70,87,86,82,91,103,93,94,123,120,110,2025-09-01
1,4,승차,56,43,52,55,62,57,68,79,86,87,82,100,112,100,112,125,126,2025-09-01
4,9,하차,41,56,51,49,60,82,73,70,84,85,90,92,105,100,102,107,133,2025-09-01
3,8,하차,46,49,38,46,66,67,69,64,68,94,79,116,98,122,102,115,120,2025-09-01
1,4,하차,44,37,60,55,60,50,57,69,93,70,98,107,117,85,109,132,114,2025-09-01
4,8,승차,44,42,57,49,53,58,64,78,88,95,84,104,108,97,101,103,123,2025-09-01
4,8,하차,46,46,54,51,60,61,62,88,78,89,78,93,91,102,97,131,101,2025-09-01
2,7,하차,37,37,37,57,60,75,88,66,68,80,92,112,110,102,126,101,108,2025-09-01
1,6,하차,49,37,41,51,72,71,76,58,84,80,93,97,94,96,104,123,145,2025-09-01
4,8,하차,38,31,54,65,63,69,61,85,84,84,89,84,108,118,112,117,112,2025-09-01
3,7,하차,37,51,65,54,57,71,66,79,79,77,92,105,92,103,121,124,111,2025-09-01
3,5,승차,45,51,43,63,47,72,59,85,93,85,83,100,108,100,123,109,86,2025-09-01
2,4,하차,38,45,52,73,57,61,72,73,76,76,93,109,88,114,114,128,128,2025-09-01
4,2,하차,55,54,66,50,55,66,74,70,81,85,86,116,101,86,107,116,124,2025-09-01
1,8,승차,45,49,61,60,64,70,58,69,95,74,88,89,97,93,112,111,86,2025-09-01
3,9,하차,48,39,50,51,64,72,64,64,75,80,98,98,109,87,113,112,149,2025-09-01
4,4,하차,47,45,40,59,62,55,66,87,70,86,88,90,105,114,117,98,133,2025-09-01
4,4,하차,46,47,46,54,64,74,73,67,76,63,79,87,90,110,104,114,123,2025-09-01
2,5,하차,43,46,37,66,65,68,71,72,71,83,74,96,112,107,113,106,119,2025-09-01
3,2,하차,43,35,49,51,50,54,61,70,89,88,96,73,87,110,95,133,119,2025-09-01
3,7,승차,44,43,49,61,63,59,61,69,94,80,120,85,111,121,123,127,123,2025-09-01
1,5,승차,42,33,63,53,61,67,52,61,84,85,87,98,106,103,109,115,129,2025-09-01
3,6,승차,32,50,55,67,62,69,65,88,80,86,92,86,118,95,118,122,115,2025-09-01
1,4,하차,44,36,49,46,58,63,64,68,78,95,87,118,92,126,118,121,125,2025-09-01
3,8,승차,49,51,59,57,47,62,57,84,98,84,101,101,138,95,121,121,114,2025-09-01
2,8,하차,43,37,47,54,59,68,69,63,69,75,102,105,96,102,115,130,111,2025-09-01
3,5,하차,43,46,53,61,46,82,60,85,84,90,92,100,109,93,111,122,119,2025-09-01
1,6,하차,44,44,50,54,51,60,69,82,67,97,93,93,112,114,107,121,129,2025-09-01
1,3,승차,37,30,52,61,72,58,61,84,83,64,90,102,79,130,118,108,127,2025-09-01
2,1,승차,30,48,50,50,74,62,70,103,88,83,90,91,114,102,109,128,129,2025-09-01
3,9,승차,36,46,40,80,69,66,58,56,73,109,96,95,99,120,103,101,116,2025-09-01
3,9,하차,47,39,54,63,57,58,60,78,80,93,70,89,94,85,122,115,105,2025-09-01
2,3,승차,38,54,49,52,59,74,90,85,83,88,83,86,106,103,95,98,121,2025-09-01
3,4,하차,38,44,48,51,66,78,63,69,74,84,86,91,99,101,114,119,125,2025-09-01
3,7,승차,36,37,41,55,61,69,59,77,67,91,92,94,104,114,113,124,138,2025-09-01
1,2,승차,33,49,46,45,80,72,64,76,95,93,94,105,122,91,99,109,138,2025-09-01
3,3,하차,41,44,59,58,80,65,68,85,90,90,98,81,96,109,103,102,92,2025-09-01
3,6,하차,38,43,55,55,72,62,82,76,68,95,96,101,96,97,103,135,127,2025-09-01
2,8,승차,50,46,30,56,59,60,62,71,84,91,80,102,99,102,113,118,95,2025-09-01
2,1,승차,37,44,54,57,41,58,70,66,67,81,99,83,103,99,110,112,121,2025-09-01
4,4,승차,40,44,56,60,58,64,68,71,72,87,85,64,98,98,104,117,129,2025-09-01
1,1,하차,29,42,42,52,54,75,71,77,85,78,77,101,95,96,112,131,130,2025-09-01
3,2,하차,48,45,53,55,57,55,70,65,86,84,79,78,96,115,129,105,114,2025-09-01
3,8,승차,44,48,39,68,69,64,62,66,88,80,91,112,103,110,106,126,116,2025-09-01
4,6,승차,38,44,36,58,77,76,76,71,76,88,89,79,85,108,95,114,124,2025-09-01
3,9,하차,42,42,50,54,62,58,56,85,76,87,86,90,91,86,115,99,113,2025-09-01
1,2,승차,52,46,61,70,55,70,63,73,90,82,96,97,84,93,96,106,112,2025-09-01
4,3,하차,46,47,69,51,77,65,59,74,86,71,84,95,98,91,106,133,113,2025-09-01
1,9,하차,33,56,52,54,55,58,70,71,72,84,92,81,103,102,104,118,111,2025-09-01
4,9,하차,48,56,42,65,55,53,55,72,71,102,89,105,96,111,115,124,145,2025-09-01
4,6,하차,32,47,50,55,70,58,77,70,82,90,81,99,109,114,98,96,104,2025-09-01
2,3,하차,29,51,47,48,55,71,68,74,88,89,74,111,103,94,113,125,106,2025-09-01
1,5,하차,36,54,49,72,62,56,69,71,69,91,95,86,93,111,114,103,97,2025-09-01
3,2,승차,37,34,46,51,52,57,73,54,72,88,89,99,90,114,105,118,138,2025-09-01
3,7,하차,28,51,55,56,60,70,59,77,75,83,95,94,97,116,117,126,125,2025-09-01
1,8,하차,43,47,41,63,51,71,72,79,80,71,91,87,89,102,103,115,106,2025-09-01
3,6,승차,35,41,51,49,50,70,64,72,102,100,84,91,117,118,106,103,132,2025-09-01
3,8,하차,47,30,58,58,51,62,73,68,68,86,79,84,91,100,98,105,113,2025-09-01
1,2,승차,32,45,40,56,57,70,72,83,84,79,97,98,91,101,90,125,130,2025-09-01
4,3,하차,42,36,54,64,60,63,77,75,73,81,90,108,105,100,118,121,121,2025-09-01
1,7,승차,37,46,45,62,65,70,68,92,87,87,96,107,109,108,101,115,112,2025-09-01
4,1,승차,54,45,52,57,66,61,73,58,78,93,87,106,89,118,100,129,117,2025-09-01
3,7,하차,33,50,57,53,50,69,73,62,74,80,86,115,83,100,100,120,146,2025-09-01
3,6,하차,36,51,43,62,61,64,64,72,92,92,85,91,103,112,93,114,123,2025-09-01
3,8,하차,42,42,52,61,64,54,64,75,83,109,91,100,92,120,127,115,123,2025-09-01
2,7,하차,47,42,56,58,57,54,74,73,80,89,107,105,86,98,118,114,119,2025-09-01
4,4,승차,45,56,46,60,53,69,66,78,74,77,83,82,95,119,98,109,118,2025-09-01
2,3,승차,36,36,57,61,52,55,68,67,93,88,109,113,115,108,102,135,129,2025-09-01
2,3,승차,50,68,52,55,53,65,78,63,82,97,97,96,96,108,108,98,114,2025-09-01
1,4,하차,28,42,48,64,46,61,72,63,77,93,81,88,113,108,98,117,113,2025-09-01
2,9,승차,41,50,54,49,55,74,68,74,72,97,103,96,104,110,110,114,110,2025-09-01
1,9,하차,31,46,48,58,67,66,70,79,66,98,91,89,110,99,96,130,132,2025-09-01
1,2,하차,35,46,56,65,58,47,74,78,81,97,82,85,109,93,110,123,122,2025-09-01
2,5,승차,34,47,49,62,64,65,68,68,77,64,101,101,101,120,97,107,130,2025-09-01
4,1,하차,32,42,50,59,57,67,65,74,84,104,92,78,106,100,124,109,149,2025-09-01
4,4,승차,35,54,48,54,58,68,65,60,84,73,91,91,78,127,128,120,117,2025-09-01
4,2,하차,38,50,47,52,66,62,72,71,99,85,83,87,99,120,105,105,100,2025-09-01
4,8,승차,45,36,51,65,58,62,78,59,75,90,111,109,108,109,110,118,105,2025-09-01
4,4,하차,46,46,57,52,66,78,74,64,75,72,80,94,96,90,118,124,107,2025-09-01
2,5,승차,47,45,53,43,63,70,79,74,67,92,95,102,112,129,111,111,110,2025-09-01
2,4,승차,45,46,49,45,69,63,65,83,88,79,87,113,111,98,110,127,145,2025-09-01
3,5,하차,54,42,53,52,52,54,65,77,70,80,91,104,103,99,95,137,137,2025-09-01
4,5,하차,36,47,65,67,43,63,64,68,92,82,110,85,99,106,106,120,104,2025-09-01
2,5,승차,49,43,56,57,64,63,61,77,67,83,83,93,87,95,98,119,127,2025-09-01
3,3,하차,47,47,44,43,64,64,71,78,89,99,93,96,104,105,113,109,133,2025-09-01
4,7,하차,43,40,60,38,65,47,79,96,74,91,97,103,107,94,105,110,121,2025-09-01
1,3,하차,41,49,39,55,60,70,72,74,75,78,92,111,92,96,96,134,129,2025-09-01
3,2,승차,43,43,40,64,56,58,64,76,91,91,99,105,96,93,101,106,116,2025-09-01
2,3,승차,39,43,51,54,69,57,76,79,66,71,81,83,103,98,128,146,116,2025-09-01
1,3,하차,40,51,44,57,55,66,77,81,76,97,86,78,89,99,105,126,112,2025-09-01
1,8,하차,35,38,53,62,72,71,74,80,76,88,78,100,103,105,111,119,109,2025-09-01
1,4,승차,32,36,35,63,51,66,65,66,83,62,87,103,96,103,127,123,129,2025-09-01
3,3,하차,49,49,54,56,55,57,75,72,80,87,85,88,95,102,98,122,117,2025-09-01
2,5,승차,52,49,42,54,47,64,67,85,93,82,105,94,118,96,105,121,123,2025-09-01
1,4,하차,40,48,42,59,60,55,49,77,79,83,96,82,102,97,111,92,118,2025-09-01
4,9,하차,32,40,45,57,61,70,65,70,83,77,97,101,100,100,108,114,120,2025-09-01
1,8,하차,45,52,48,65,53,84,84,81,80,90,107,90,78,92,91,123,128,2025-09-01
1,7,승차,36,53,56,66,61,71,72,82,85,82,84,114,92,97,106,113,119,2025-09-01
3,8,승차,54,44,64,61,65,73,74,63,71,88,103,87,99,109,85,118,114,2025-09-01
3,5,승차,32,45,43,54,70,77,74,74,84,67,97,81,97,107,116,122,115,2025-09-01
2,4,승차,37,52,52,53,53,67,64,74,85,80,103,100,109,98,108,113,96,2025-09-01
4,7,하차,33,43,46,45,63,68,74,82,90,72,89,103,111,106,131,124,113,2025-09-01
3,1,하차,37,45,40,54,56,70,50,65,78,93,105,104,112,99,106,108,120,2025-09-01
1,6,승차,40,37,58,57,65,69,65,72,70,71,81,102,96,97,117,115,131,2025-09-01
2,8,하차,38,45,46,47,58,74,60,73,88,95,87,91,100,103,103,109,111,2025-09-01
1,7,하차,34,35,67,66,62,77,67,79,83,78,79,105,111,105,115,88,119,2025-09-01
1,2,승차,49,44,45,81,56,78,57,78,84,77,84,87,88,94,128,121,110,2025-09-01
3,7,하차,37,34,42,58,53,81,64,70,69,83,102,92,107,114,114,128,121,2025-09-01
2,6,하차,43,48,49,62,61,71,75,75,105,102,92,100,87,115,123,101,138,2025-09-01
4,5,승차,37,41,52,55,53,63,67,67,74,106,94,86,108,106,105,109,105,2025-09-01
4,4,하차,48,48,64,42,65,67,61,90,95,92,86,112,98,106,117,112,128,2025-09-01
3,1,하차,44,50,55,60,54,64,85,77,90,118,105,111,108,96,115,99,125,2025-09-01
3,2,하차,43,47,59,67,69,68,70,83,83,88,86,92,110,100,127,102,133,2025-09-01
2,7,승차,40,55,53,45,59,61,69,84,67,81,85,102,100,131,115,117,131,2025-09-01
4,3,승차,36,34,38,53,60,74,78,78,86,71,94,107,105,94,113,110,141,2025-09-01
4,5,하차,38,45,57,58,61,76,77,84,62,94,81,99,111,92,111,121,115,2025-09-01
4,8,하차,39,42,54,43,68,65,66,85,82,95,66,80,77,92,113,113,117,2025-09-01
1,8,하차,46,41,60,48,57,83,62,81,84,85,93,92,93,121,123,112,141,2025-09-01
4,6,승차,36,38,51,60,71,63,76,88,83,90,89,92,102,101,111,118,93,2025-09-01
1,5,승차,32,61,55,54,53,75,71,75,88,87,98,100,99,101,106,118,114,2025-09-01
2,2,승차,32,41,60,34,61,72,84,86,81,95,76,90,95,108,106,128,92,2025-09-01
1,9,하차,32,55,37,40,63,69,67,67,67,74,74,79,99,102,95,105,111,2025-09-01
2,1,하차,46,41,57,65,54,62,72,82,74,87,98,88,84,99,116,105,104,2025-09-01
4,2,하차,41,44,62,60,49,69,61,78,94,68,93,77,91,99,122,112,107,2025-09-01
4,1,하차,41,55,51,60,64,51,74,55,76,76,110,101,112,116,125,113,117,2025-09-01
2,4,하차,37,41,61,61,59,56,68,58,85,74,100,97,95,110,118,96,125,2025-09-01
3,4,승차,32,45,44,49,48,65,77,82,86,87,95,92,104,114,114,118,114,2025-09-01
2,5,하차,38,42,48,44,52,63,68,78,94,90,85,85,88,101,110,93,115,2025-09-01
3,5,하차,39,49,40,56,58,68,72,82,80,87,92,109,109,113,114,124,117,2025-09-01
1,8,하차,44,52,46,65,65,66,72,87,58,97,100,96,105,97,86,113,125,2025-09-01
1,3,승차,31,45,60,53,69,61,90,69,87,79,83,79,86,118,111,120,127,2025-09-01
1,6,하차,39,35,56,54,58,61,70,69,89,107,88,87,82,111,101,136,142,2025-09-01
4,3,승차,34,49,53,51,54,71,72,67,75,75,83,101,99,105,116,116,131,2025-09-01
1,2,승차,42,42,41,56,51,66,69,70,76,66,93,110,102,110,114,101,142,2025-09-01
3,8,승차,38,50,49,70,64,76,73,59,82,77,94,93,102,100,92,127,144,2025-09-01
1,1,승차,34,35,51,56,54,48,73,70,69,79,86,101,103,95,112,115,116,2025-09-01
2,9,승차,34,41,56,61,55,78,58,64,99,100,84,78,81,119,90,130,123,2025-09-01
2,7,하차,42,39,59,58,66,69,58,66,105,96,85,66,112,110,106,112,105,2025-09-01
4,4,하차,45,39,51,57,60,64,42,66,82,88,89,97,102,135,103,109,117,2025-09-01
2,3,승차,56,47,47,63,67,48,75,71,86,94,102,99,100,108,117,113,140,2025-09-01
3,6,승차,43,66,45,48,66,68,73,68,77,75,86,99,109,123,113,115,114,2025-09-01
1,9,승차,30,44,59,46,55,55,80,68,100,66,94,95,107,109,108,118,142,2025-09-01
4,9,하차,33,41,60,52,66,59,88,71,88,77,82,90,94,98,119,116,109,2025-09-01
1,4,하차,31,47,55,66,59,69,55,83,84,79,80,81,108,103,113,107,121,2025-09-01
1,5,승차,41,52,39,50,77,50,92,78,83,87,72,86,109,101,103,106,135,2025-09-01
3,9,하차,31,37,47,53,64,54,65,82,73,85,98,101,112,112,118,132,126,2025-09-01
2,2,하차,26,40,43,54,63,68,68,70,85,72,91,86,101,103,89,114,109,2025-09-01
2,2,승차,35,36,43,49,54,61,64,64,85,71,92,112,100,103,104,109,126,2025-09-01
1,5,승차,44,54,53,57,47,63,66,70,79,82,65,89,93,107,117,94,105,2025-09-01
4,1,하차,43,46,47,47,63,72,75,83,76,73,86,78,109,102,106,122,133,2025-09-01
2,8,하차,39,40,45,44,61,56,63,72,85,77,93,109,89,107,95,107,132,2025-09-01
4,5,하차,38,45,49,44,52,62,63,84,82,81,96,100,106,93,100,128,116,2025-09-01
2,2,승차,49,38,53,66,63,72,77,67,87,80,107,101,97,116,109,99,133,2025-09-01
4,9,승차,40,42,47,40,56,79,69,65,88,86,102,90,102,101,117,121,109,2025-09-01
3,2,승차,32,48,47,79,57,81,72,61,72,85,93,67,93,111,95,102,123,2025-09-01
4,7,하차,48,36,43,54,51,65,79,64,73,83,90,93,97,123,128,125,116,2025-09-01
3,8,하차,44,48,48,61,74,75,74,76,84,92,90,78,107,110,114,104,128,2025-09-01
3,6,승차,43,45,48,49,61,69,69,81,79,96,82,83,100,107,110,124,128,2025-09-01
4,7,하차,35,48,48,55,61,70,58,83,80,86,86,103,98,96,96,117,118,2025-09-01
3,1,승차,30,51,57,59,68,66,70,89,63,85,95,112,81,111,118,107,115,2025-09-01
1,4,하차,48,41,38,47,52,59,74,80,69,89,76,107,123,112,128,117,121,2025-09-01
3,7,승차,30,49,51,61,68,55,54,74,90,63,81,104,91,94,100,122,120,2025-09-01
2,1,하차,49,53,55,58,68,69,60,78,83,78,87,74,101,113,117,103,129,2025-09-01
4,1,하차,34,56,52,50,65,77,70,68,94,69,92,104,95,113,120,107,132,2025-09-01
1,6,승차,36,41,53,59,57,69,66,65,74,81,80,95,95,104,110,110,129,2025-09-01
4,4,승차,45,46,65,58,54,69,63,79,69,77,80,100,104,108,119,109,107,2025-09-01
2,3,승차,49,53,38,47,65,56,61,95,68,85,78,109,95,106,113,125,130,2025-09-01
2,5,승차,41,41,55,60,82,59,74,79,100,93,84,88,85,121,96,112,110,2025-09-01
2,9,승차,47,36,58,52,62,57,68,81,77,88,102,94,95,126,100,113,110,2025-09-01
3,3,하차,32,41,49,47,54,68,76,82,65,90,99,98,102,82,97,106,114,2025-09-01
3,5,승차,39,54,39,48,54,69,68,77,86,97,89,87,83,102,108,100,121,2025-09-01
4,5,승차,53,49,49,58,59,63,62,74,64,94,87,100,107,98,106,116,109,2025-09-01
4,9,승차,40,52,65,55,56,58,66,59,75,75,82,108,96,113,101,125,128,2025-09-01
1,4,승차,39,50,63,53,68,54,80,65,81,96,94,94,92,99,114,102,152,2025-09-01
1,1,승차,30,52,57,38,64,61,55,69,78,86,79,101,84,109,95,129,120,2025-09-01
4,5,하차,41,60,65,49,49,66,56,69,83,107,83,102,100,99,117,107,121,2025-09-01
3,1,승차,36,46,44,68,62,46,78,76,57,91,104,93,105,96,123,108,134,2025-09-01
2,6,승차,40,50,41,73,59,69,74,72,77,91,91,98,106,101,119,114,128,2025-09-01
4,7,승차,38,55,56,55,77,56,71,84,73,104,78,101,105,101,104,141,140,2025-09-01
1,1,하차,33,48,52,56,51,74,60,83,77,77,90,93,111,93,121,104,117,2025-09-01
3,4,하차,46,35,61,59,59,68,66,69,80,73,102,95,71,109,119,115,113,2025-09-01
4,9,승차,40,38,48,59,58,67,89,87,90,77,97,107,82,91,88,105,114,2025-09-01
4,1,승차,39,57,53,52,62,57,73,79,77,90,94,105,108,99,117,114,133,2025-09-01
3,9,하차,51,46,37,53,48,67,65,71,63,80,98,81,89,113,102,125,131,2025-09-01
4,8,하차,44,50,59,60,38,67,69,61,85,81,90,73,71,102,116,110,107,2025-09-01
3,5,하차,39,43,54,55,58,66,65,57,67,92,89,77,104,91,100,115,120,2025-09-01
2,6,승차,37,45,51,52,45,59,62,62,62,85,93,109,93,114,106,116,126,2025-09-01
3,7,승차,36,48,41,47,60,65,62,67,83,75,86,115,102,113,130,116,118,2025-09-01
3,4,하차,38,45,59,52,50,68,73,81,80,92,91,89,81,98,105,122,108,2025-09-01
3,6,승차,50,43,51,77,53,49,71,79,72,88,80,97,117,124,129,107,106,2025-09-01
4,7,하차,46,47,45,58,64,60,69,82,88,108,88,97,98,105,107,105,143,2025-09-01
4,6,하차,44,45,39,49,57,52,64,81,81,68,94,89,94,93,112,93,125,2025-09-01
3,6,하차,42,35,54,53,62,70,72,75,88,89,97,88,83,101,101,99,142,2025-09-01
4,2,승차,35,38,55,55,72,69,83,75,76,86,70,103,93,110,125,120,117,2025-09-01
1,5,하차,44,40,44,48,68,60,62,73,81,78,102,81,104,100,114,102,122,2025-09-01
1,3,하차,47,45,50,69,45,60,65,59,68,77,74,96,96,111,122,106,114,2025-09-01
4,7,승차,38,43,52,62,47,61,74,78,77,102,82,113,102,106,108,87,132,2025-09-01
4,4,하차,40,48,43,58,52,57,60,82,90,84,96,98,83,108,114,97,123,2025-09-01
3,1,승차,42,57,49,54,52,54,62,66,81,87,79,90,80,106,116,103,133,2025-09-01
2,6,하차,41,55,54,61,66,61,61,85,73,87,86,89,108,112,108,116,125,2025-09-01
4,6,승차,36,46,44,58,55,66,65,79,77,91,87,98,91,91,134,108,114,2025-09-01
1,7,하차,43,47,47,46,49,75,61,62,88,79,80,85,100,111,87,123,124,2025-09-01
3,8,하차,36,53,45,54,72,65,70,68,75,89,91,105,86,111,123,131,136,2025-09-01
4,3,하차,36,45,51,60,61,64,73,83,74,74,103,95,91,99,114,131,120,2025-09-01
1,6,하차,31,43,57,48,68,71,68,77,79,97,106,85,92,122,105,130,97,2025-09-01
1,2,하차,47,32,42,50,59,65,53,77,84,93,74,100,86,97,133,111,104,2025-09-01
2,9,승차,40,50,47,64,52,61,74,83,86,74,100,95,109,101,112,105,111,2025-09-01
3,2,승차,47,46,54,52,64,74,75,63,87,83,115,93,90,121,125,119,131,2025-09-01
3,3,하차,53,45,43,39,50,65,75,81,81,83,92,82,116,91,109,115,113,2025-09-01
2,2,하차,43,47,55,55,49,58,74,69,72,88,98,96,97,112,95,107,122,2025-09-01
2,9,하차,32,41,38,60,68,68,80,61,80,86,90,98,111,98,95,113,111,2025-09-01
3,1,승차,36,31,55,60,48,79,67,85,86,93,91,84,94,94,125,130,108,2025-09-01
3,5,승차,41,57,56,40,68,53,78,86,80,76,97,102,84,110,94,132,110,2025-09-01
4,1,하차,33,52,57,45,52,67,64,65,80,79,94,102,95,118,107,114,109,2025-09-01
4,5,승차,47,41,46,45,66,65,88,76,80,102,95,95,92,109,120,138,120,2025-09-01
2,8,하차,42,55,61,66,51,70,88,66,95,84,83,83,102,97,123,128,97,2025-09-01
4,8,하차,38,53,35,51,50,66,77,77,82,83,83,98,105,101,98,103,147,2025-09-01
1,8,하차,39,37,42,53,51,63,77,61,73,107,90,106,95,94,93,104,110,2025-09-01
4,2,승차,40,56,51,60,61,69,61,60,76,75,96,93,108,95,105,113,137,2025-09-01
4,8,하차,39,57,53,63,47,54,74,76,81,86,90,90,114,116,99,118,118,2025-09-01
1,5,하차,37,51,46,71,55,59,79,81,72,90,93,92,97,109,124,123,125,2025-09-01
2,1,하차,48,49,35,58,66,62,62,92,78,87,91,113,111,124,113,113,114,2025-09-01
1,7,승차,57,54,43,61,60,67,71,81,83,79,94,91,83,109,114,124,125,2025-09-01
4,6,승차,35,43,44,53,57,54,67,62,75,91,90,98,83,115,104,104,115,2025-09-01
2,5,승차,46,38,42,50,76,66,78,76,63,95,86,86,113,109,91,111,111,2025-09-01
4,1,하차,33,33,37,59,57,56,54,72,74,67,83,89,86,117,98,123,119,2025-09-01
1,1,승차,41,48,48,41,55,60,59,65,85,70,90,87,117,106,93,115,122,2025-09-01
1,6,하차,38,48,47,55,51,51,79,69,66,95,89,83,101,111,115,97,106,2025-09-01
4,7,승차,42,36,57,57,63,73,60,74,96,62,98,103,89,124,113,101,116,2025-09-01
3,1,하차,33,47,52,52,53,51,66,85,67,93,81,99,116,126,100,121,136,2025-09-01
3,9,승차,29,42,54,56,64,61,65,93,79,80,89,93,89,116,109,114,123,2025-09-01
1,4,하차,47,54,53,56,51,70,75,85,76,92,82,113,102,126,96,116,127,2025-09-01
1,5,승차,31,41,63,48,63,52,72,81,91,80,91,105,86,104,116,111,112,2025-09-01
3,2,승차,47,49,47,48,49,56,69,79,77,77,93,96,94,124,103,104,127,2025-09-01
3,8,승차,37,50,60,60,59,63,68,68,74,83,90,127,112,83,121,123,115,2025-09-01
4,2,하차,42,55,59,59,58,55,75,73,79,86,82,111,108,102,98,127,126,2025-09-01
4,3,승차,40,46,44,49,59,63,69,72,72,84,91,101,94,118,114,98,113,2025-09-01
3,9,승차,37,48,55,59,65,72,66,66,83,90,82,97,108,95,119,103,130,2025-09-01
4,2,승차,39,39,45,56,55,59,63,69,79,82,85,93,111,95,88,113,134,2025-09-01
4,6,승차,43,41,59,44,61,54,76,72,81,76,85,89,108,94,126,122,112,2025-09-01
2,4,하차,37,42,56,50,56,63,76,70,85,106,87,100,101,119,120,127,150,2025-09-01
4,7,승차,35,51,45,55,59,59,66,76,79,82,86,103,98,117,96,126,134,2025-09-01
1,6,하차,50,45,50,55,64,62,68,65,88,93,88,98,97,102,108,117,120,2025-09-01
4,9,하차,39,54,39,48,53,68,83,84,73,83,92,91,83,104,108,118,107,2025-09-01
4,9,하차,33,53,57,57,54,76,73,80,73,74,86,96,86,111,120,134,120,2025-09-01
3,4,하차,35,51,60,57,60,73,79,76,82,88,117,82,94,96,109,95,121,2025-09-01
1,1,승차,42,50,49,51,61,55,72,93,94,93,103,104,101,94,91,135,107,2025-09-01
4,2,하차,41,41,43,54,65,71,55,78,80,84,91,101,121,105,116,101,93,2025-09-01
4,8,하차,44,50,34,54,47,42,64,81,83,86,107,95,106,103,118,108,121,2025-09-01
2,8,하차,41,53,50,64,67,70,77,86,68,89,92,110,91,121,120,100,126,2025-09-01
4,2,하차,50,56,60,56,69,90,82,68,92,83,102,92,99,100,96,121,132,2025-09-01
4,4,승차,45,48,43,50,46,59,68,72,86,87,104,98,98,105,105,122,119,2025-09-01
2,1,승차,33,47,55,50,65,66,73,62,60,89,103,103,105,105,112,110,112,2025-09-01
3,7,하차,42,40,54,72,63,58,70,74,86,92,96,95,111,91,110,104,116,2025-09-01
4,4,하차,45,35,53,50,66,69,69,73,79,74,94,91,97,106,111,117,121,2025-09-01
2,8,하차,42,48,51,62,44,61,84,79,90,86,83,90,96,110,106,128,110,2025-09-01
1,9,승차,34,43,40,49,54,64,57,82,79,93,80,104,101,102,131,107,94,2025-09-01
3,9,승차,45,41,39,55,61,71,72,68,79,89,86,98,109,105,115,105,113,2025-09-01
1,3,승차,35,57,44,65,65,78,61,67,81,102,98,109,101,111,119,109,114,2025-09-01
1,5,승차,37,43,44,52,62,72,71,74,81,90,96,90,86,107,140,112,121,2025-09-01
2,6,승차,40,37,52,48,57,72,63,72,81,69,92,95,96,97,113,96,133,2025-09-01
4,6,하차,44,58,44,64,70,69,53,83,81,84,112,97,103,77,130,119,108,2025-09-01
2,8,승차,35,40,45,64,70,70,83,87,77,85,106,86,96,114,95,109,127,2025-09-01
2,6,승차,35,47,50,64,45,68,78,73,81,91,101,106,100,97,122,103,124,2025-09-01
2,6,하차,42,52,52,59,55,64,74,81,79,86,93,102,93,122,109,115,134,2025-09-01
2,4,승차,39,53,48,49,64,62,60,86,86,77,82,94,111,104,113,113,140,2025-09-01
3,7,승차,43,50,57,56,63,67,57,88,85,78,86,75,97,108,139,100,125,2025-09-01
4,8,승차,33,40,47,49,51,72,63,78,80,91,96,83,105,129,108,134,128,2025-09-01
1,3,하차,35,37,43,49,73,63,69,85,70,87,101,96,105,98,111,109,109,2025-09-01
1,7,승차,44,46,43,75,68,63,74,72,81,70,94,95,96,116,112,110,119,2025-09-01
4,3,하차,53,50,43,59,58,58,54,92,88,87,97,84,100,103,108,117,106,2025-09-01
1,8,하차,26,43,48,53,66,58,74,84,80,95,98,100,95,99,106,100,114,2025-09-01
4,1,승차,38,56,63,52,62,60,63,71,83,83,85,109,105,123,90,110,120,2025-09-01
1,1,승차,46,49,42,65,66,75,59,76,95,89,75,99,99,124,107,123,148,2025-09-01
2,6,승차,39,42,66,55,50,66,74,76,75,80,103,98,87,92,115,129,120,2025-09-01
1,9,승차,34,53,68,48,58,59,56,65,71,77,83,94,88,91,107,119,95,2025-09-01
4,4,하차,42,48,53,56,52,68,61,72,82,86,91,92,81,88,124,107,143,2025-09-01
4,6,승차,54,44,44,56,54,68,75,88,85,89,90,87,101,105,96,100,107,2025-09-01
4,5,하차,45,37,58,59,55,49,62,80,82,87,84,105,93,107,92,120,108,2025-09-01
4,1,하차,26,41,55,49,70,53,67,76,68,79,100,85,102,90,107,97,115,2025-09-01
4,6,하차,34,46,51,50,82,62,73,88,81,82,76,90,94,125,89,115,128,2025-09-01
3,9,하차,37,44,47,52,64,82,72,77,96,94,81,108,100,114,109,114,110,2025-09-01
3,3,하차,42,47,42,66,61,78,76,72,90,82,100,94,103,101,123,116,101,2025-09-01
1,3,승차,31,40,59,51,66,81,81,70,94,83,73,95,106,99,113,123,123,2025-09-01
4,2,하차,38,46,47,47,46,74,62,70,92,83,92,96,114,118,125,112,107,2025-09-01
1,4,하차,50,49,49,55,56,57,76,64,101,79,100,97,96,100,109,131,116,2025-09-01
4,3,승차,44,40,55,59,70,64,61,88,65,78,88,108,87,100,102,133,122,2025-09-01
4,2,승차,39,57,40,56,79,68,73,68,70,93,84,74,107,88,117,124,112,2025-09-01
3,1,하차,47,51,51,64,63,57,57,82,81,100,86,92,100,125,110,113,109,2025-09-01
3,3,하차,33,55,51,48,61,77,73,79,91,79,82,100,91,111,116,112,148,2025-09-01
2,6,승차,40,38,49,57,59,60,57,63,90,87,107,92,89,118,113,129,109,2025-09-01
3,9,하차,44,49,52,53,62,75,58,93,66,72,99,99,99,99,122,114,100,2025-09-01
2,5,승차,33,47,57,48,54,64,58,73,81,84,95,84,106,106,114,120,121,2025-09-01
2,3,승차,51,47,39,48,46,54,65,69,87,90,89,94,101,101,102,109,130,2025-09-01
2,5,하차,47,60,46,45,53,62,57,84,78,90,84,81,106,120,116,119,105,2025-09-01
2,5,승차,33,45,56,66,55,65,58,76,76,86,74,115,89,121,90,113,120,2025-09-01
2,5,하차,40,43,43,59,54,69,59,79,84,93,77,115,103,128,111,130,100,2025-09-01
1,7,하차,42,43,51,57,47,60,70,77,68,86,101,90,94,119,111,102,132,2025-09-01
3,5,하차,32,53,46,56,64,57,76,71,90,89,79,89,94,96,108,120,123,2025-09-01
2,7,승차,38,53,42,63,72,74,67,75,88,92,92,98,85,91,115,125,121,2025-09-01
4,9,하차,34,40,51,54,63,80,49,79,75,85,107,88,79,115,93,116,117,2025-09-01
3,5,승차,30,48,54,56,67,66,65,73,66,111,98,85,93,117,111,103,144,2025-09-01
3,2,하차,29,45,57,55,65,73,79,68,78,83,77,103,89,108,89,98,120,2025-09-01
2,5,하차,30,53,57,68,74,65,70,73,81,85,99,76,99,110,104,87,115,2025-09-01
1,8,승차,39,43,42,58,51,68,74,84,75,60,83,93,92,103,107,100,115,2025-09-01
2,4,하차,33,46,40,55,59,64,78,65,68,101,80,106,128,103,103,125,120,2025-09-01
1,2,하차,38,33,46,63,66,60,66,80,85,86,110,97,97,107,119,111,122,2025-09-01
4,3,승차,51,46,38,56,48,62,68,74,66,99,93,82,106,110,109,131,112,2025-09-01
3,9,승차,42,33,47,62,64,56,71,74,76,76,109,107,74,99,124,116,118,2025-09-01
4,9,승차,38,32,46,50,64,71,59,76,84,99,86,106,107,103,110,114,123,2025-09-01
1,8,하차,50,38,47,69,59,71,73,71,71,67,86,100,98,107,115,116,122,2025-09-01
1,8,승차,49,52,44,56,63,54,75,69,82,88,99,77,110,108,118,121,114,2025-09-01
4,8,승차,36,42,49,61,60,65,64,64,78,97,87,84,105,111,138,113,109,2025-09-01
1,8,하차,50,39,44,56,64,59,61,64,80,91,93,95,84,112,96,103,107,2025-09-01
4,8,승차,31,40,44,58,59,58,58,88,72,82,100,76,83,106,125,113,101,2025-09-01
3,1,하차,41,37,41,60,59,64,71,75,75,88,90,75,100,92,105,123,112,2025-09-01
4,6,하차,34,36,50,52,60,67,64,68,84,87,79,100,93,90,119,125,93,2025-09-01
3,9,승차,38,40,46,75,46,75,73,65,95,75,84,112,85,84,109,122,115,2025-09-01
4,8,하차,35,52,55,64,57,83,70,67,77,92,91,98,92,101,110,111,103,2025-09-01
1,3,승차,32,38,55,48,62,63,73,75,72,85,90,98,84,102,93,107,133,2025-09-01
4,1,승차,44,44,54,48,68,63,73,73,66,76,85,107,86,108,117,122,123,2025-09-01
1,2,승차,42,50,56,48,77,70,75,74,84,77,111,85,92,108,115,116,125,2025-09-01
4,2,승차,42,43,48,43,69,67,86,84,92,84,99,111,110,97,104,110,106,2025-09-01
4,7,하차,33,36,53,49,71,57,61,71,72,96,88,103,104,100,116,112,117,2025-09-01
2,6,하차,29,52,45,37,55,74,76,81,77,71,110,100,110,98,132,115,138,2025-09-01
1,2,승차,41,43,56,62,46,64,70,73,75,94,89,102,91,120,104,112,138,2025-09-01
2,8,승차,32,47,56,44,61,70,79,86,91,92,88,94,83,110,106,110,126,2025-09-01
1,9,하차,37,46,49,51,63,61,60,74,76,84,80,85,103,117,116,113,125,2025-09-01
2,7,승차,48,39,38,62,66,71,59,66,86,92,91,114,103,98,96,127,117,2025-09-01
3,4,하차,33,35,59,65,76,53,70,77,84,71,91,90,93,115,117,121,131,2025-09-01
4,1,승차,51,33,53,59,67,65,80,82,80,108,91,73,101,101,128,121,102,2025-09-01
1,4,하차,28,40,51,56,69,49,73,83,86,83,99,85,90,112,99,118,109,2025-09-01
1,4,하차,32,53,51,47,57,57,70,72,71,72,95,93,81,116,107,126,118,2025-09-01
4,8,하차,45,54,42,63,55,67,74,65,78,77,85,101,94,100,117,107,121,2025-09-01
1,4,승차,45,40,49,44,67,68,72,60,82,92,95,99,106,83,124,115,126,2025-09-01
1,4,승차,39,39,48,50,51,69,75,71,81,95,89,90,111,92,99,118,124,2025-09-01
2,2,승차,43,47,43,47,65,67,70,72,71,66,93,91,99,103,107,119,141,2025-09-01
1,7,승차,34,46,51,60,47,74,72,76,78,96,89,83,101,112,113,119,123,2025-09-01
3,4,승차,27,44,54,71,70,75,56,82,72,76,83,93,93,100,121,104,134,2025-09-01
3,6,하차,40,44,66,61,67,69,75,72,73,69,83,107,111,123,111,116,106,2025-09-01
4,3,하차,47,50,49,62,66,65,86,82,76,78,77,99,108,94,99,118,101,2025-09-01
1,7,하차,31,56,61,42,52,69,70,65,76,91,105,95,107,118,102,101,108,2025-09-01
4,6,하차,45,52,54,55,64,67,68,78,81,86,80,92,109,93,119,104,112,2025-09-01
3,3,하차,42,46,48,61,38,52,72,73,81,71,89,87,98,118,137,103,130,2025-09-01
1,4,하차,34,49,42,56,50,67,75,57,67,88,90,88,116,119,105,124,120,2025-09-01
1,5,하차,38,54,42,40,67,55,72,75,77,102,105,100,95,92,105,131,126,2025-09-01
4,9,승차,34,50,48,57,57,71,71,91,80,92,80,88,101,107,97,110,116,2025-09-01
3,6,하차,49,42,59,49,56,68,59,61,57,75,93,95,106,104,110,100,124,2025-09-01
1,4,승차,34,46,55,60,59,53,68,72,71,82,92,91,96,99,122,120,104,2025-09-01
4,7,하차,54,47,43,62,47,71,62,79,88,78,78,94,110,107,109,116,110,2025-09-01
3,2,하차,37,31,48,57,70,58,71,73,85,84,81,103,94,116,121,113,133,2025-09-01
4,4,승차,40,33,44,60,64,68,90,74,89,88,87,110,103,104,122,105,134,2025-09-01
2,5,하차,32,45,43,73,65,66,79,78,96,101,91,91,109,88,114,119,127,2025-09-01
1,4,승차,43,36,45,49,78,62,69,72,88,82,90,81,101,109,121,130,116,2025-09-01
2,4,하차,36,36,49,46,59,64,58,80,89,71,88,70,101,113,109,126,120,2025-09-01
3,9,승차,31,40,54,59,44,70,69,68,81,81,96,106,89,93,94,113,107,2025-09-01
2,2,하차,44,42,57,50,66,54,69,70,82,85,95,74,102,98,110,113,121,2025-09-01
2,6,승차,42,40,50,62,56,55,79,79,83,79,88,99,90,115,116,93,153,2025-09-01
3,8,승차,27,50,56,64,63,55,56,65,91,73,86,114,101,110,104,108,120,2025-09-01
4,8,하차,40,46,69,54,54,56,70,72,79,91,88,116,96,89,104,120,126,2025-09-01
2,7,하차,36,47,55,46,55,64,78,63,95,84,88,81,108,94,106,110,126,2025-09-01
4,4,승차,49,46,55,62,66,53,77,75,94,89,90,92,84,97,105,96,115,2025-09-01
2,7,하차,43,37,47,66,67,67,68,78,60,82,91,99,102,107,105,120,126,2025-09-01
4,6,승차,46,43,50,55,68,62,76,76,82,87,96,97,88,108,103,122,124,2025-09-01
3,6,하차,49,53,36,65,64,69,64,72,81,76,85,87,88,117,120,109,132,2025-09-01
2,2,승차,34,41,50,57,62,53,56,67,84,93,98,99,106,102,107,98,113,2025-09-01
3,8,하차,29,35,46,56,71,61,79,67,80,83,92,94,83,103,115,106,136,2025-09-01
2,8,승차,37,45,43,57,57,49,78,73,79,84,93,101,101,98,116,116,125,2025-09-01
3,7,하차,41,32,55,61,53,62,84,90,83,86,79,89,83,106,108,115,132,2025-09-01
3,9,승차,41,51,50,58,73,72,73,64,66,92,103,82,84,89,131,120,109,2025-09-01
2,8,승차,49,51,45,56,69,53,69,74,83,86,97,90,89,100,101,117,126,2025-09-01
2,9,하차,36,40,50,57,59,61,65,66,83,99,84,103,102,110,108,120,134,2025-09-01
2,9,하차,34,47,48,42,65,58,65,60,81,77,81,94,97,111,126,132,110,2025-09-01
1,6,승차,36,39,48,44,45,64,74,64,81,79,104,95,101,108,106,119,119,2025-09-01
4,2,승차,37,49,53,50,59,76,59,71,93,81,84,83,101,93,114,116,115,2025-09-01
1,7,승차,34,33,44,53,68,79,64,78,76,88,101,95,101,97,86,109,156,2025-09-01
1,3,승차,36,37,53,56,62,59,65,73,76,93,98,100,103,94,108,107,120,2025-09-01
3,7,하차,41,34,58,57,52,66,77,77,92,65,84,76,82,97,103,102,152,2025-09-01
2,9,승차,54,57,52,60,65,75,75,92,81,86,84,103,106,119,119,107,119,2025-09-01
4,2,승차,42,43,58,54,54,54,76,79,78,78,102,99,95,89,118,117,134,2025-09-01
3,6,승차,43,42,43,64,64,68,62,71,89,78,94,85,102,101,93,123,127,2025-09-01
1,6,하차,43,40,42,72,79,67,69,59,69,82,105,101,103,93,113,137,111,2025-09-01
2,9,승차,42,36,43,59,53,55,73,66,73,81,94,87,101,103,90,116,118,2025-09-01
3,9,하차,49,32,42,48,60,66,66,72,88,90,83,97,92,103,114,140,92,2025-09-01
2,5,하차,41,44,51,53,66,71,77,60,84,68,91,107,106,93,125,135,122,2025-09-01
3,5,하차,31,41,63,56,38,71,78,71,80,97,85,93,98,90,102,115,125,2025-09-01
2,9,하차,39,33,42,49,47,55,68,78,82,97,94,97,92,129,81,120,119,2025-09-01
1,8,하차,40,42,43,63,65,61,89,75,80,86,90,84,93,113,113,121,133,2025-09-01
4,7,하차,50,52,54,63,52,59,70,56,73,103,75,88,95,93,120,110,89,2025-09-01
1,8,하차,49,38,57,62,51,71,70,71,70,85,100,102,106,111,94,135,112,2025-09-01
4,6,승차,41,39,54,67,62,70,61,81,76,109,87,93,122,121,124,115,125,2025-09-01
2,3,승차,54,41,50,64,58,73,84,57,85,76,84,101,105,123,114,122,117,2025-09-01
3,7,하차,34,36,47,57,64,56,72,68,68,84,86,97,93,80,122,121,115,2025-09-01
1,8,승차,40,33,53,55,57,70,62,79,95,77,78,93,96,93,106,129,120,2025-09-01
4,8,승차,48,49,43,51,50,53,65,73,79,73,84,93,85,116,98,110,115,2025-09-01
1,1,하차,47,47,42,36,58,63,70,75,76,97,94,100,114,92,119,98,116,2025-09-01
4,7,승차,42,41,44,51,67,71,69,67,68,79,98,109,91,110,93,130,105,2025-09-01
1,3,하차,43,32,48,62,56,62,91,84,83,108,92,99,105,97,111,121,118,2025-09-01
4,2,승차,38,44,51,51,63,57,82,75,85,86,85,93,94,105,112,129,118,2025-09-01
4,2,하차,48,45,56,53,70,54,64,87,67,80,83,107,114,101,107,111,121,2025-09-01
2,8,하차,44,44,46,57,61,65,69,90,86,77,80,91,90,90,93,130,117,2025-09-01
4,9,승차,50,46,46,52,55,67,79,74,82,79,76,81,112,92,111,121,138,2025-09-01
2,3,승차,36,45,48,54,50,66,57,71,79,93,82,88,91,108,110,119,126,2025-09-01
4,3,하차,38,52,41,40,54,68,63,70,76,97,102,99,112,107,111,124,118,2025-09-01
3,6,하차,41,41,46,53,70,55,77,96,72,94,125,97,111,89,108,108,122,2025-09-01
3,1,하차,39,53,52,56,53,59,61,82,76,81,75,89,99,98,99,104,116,2025-09-01
3,6,승차,42,34,42,49,78,69,67,87,81,91,94,84,100,104,94,125,132,2025-09-01
4,3,승차,39,42,49,51,71,78,79,85,96,80,89,95,92,94,106,111,115,2025-09-01
2,4,승차,27,62,48,54,71,73,72,78,96,92,73,96,106,97,131,104,125,2025-09-01
2,9,승차,41,36,61,48,59,67,76,71,66,98,87,110,106,122,112,110,124,2025-09-01
4,3,하차,41,40,39,61,77,69,66,70,80,97,103,92,110,121,105,126,127,2025-09-01
3,1,하차,38,41,47,52,67,67,79,79,73,88,75,84,102,114,98,132,129,2025-09-01
3,3,하차,37,47,59,48,58,77,71,78,74,88,104,97,102,103,102,123,121,2025-09-01
2,7,하차,36,45,37,69,70,70,72,70,90,75,87,107,92,121,109,111,127,2025-09-01
3,7,승차,32,53,45,70,58,59,68,79,84,81,89,89,94,90,120,127,124,2025-09-01
1,5,하차,45,46,38,50,64,65,63,77,69,101,87,102,99,96,100,115,112,2025-09-01
2,1,하차,34,54,52,57,55,69,64,72,95,79,96,102,82,113,104,122,125,2025-09-01
3,8,승차,48,45,46,56,51,55,88,63,79,104,102,108,97,116,117,103,115,2025-09-01
2,8,승차,50,49,53,52,53,65,76,78,93,79,92,97,114,101,116,88,116,2025-09-01
1,2,하차,40,41,58,44,67,65,76,80,69,94,85,102,97,98,114,98,131,2025-09-01
2,3,승차,43,43,56,68,65,66,66,66,88,81,87,97,108,106,120,111,124,2025-09-01
2,4,하차,45,58,62,52,61,49,65,82,74,84,99,98,93,93,101,102,92,2025-09-01
2,1,승차,49,37,48,60,67,54,61,84,92,81,97,114,72,94,120,101,118,2025-09-01
2,4,승차,42,42,52,52,62,50,89,71,69,76,82,77,112,103,107,104,103,2025-09-01
1,5,하차,36,47,46,59,63,52,75,84,71,89,95,81,103,103,114,101,132,2025-09-01
4,3,승차,38,39,57,46,57,79,79,79,82,101,105,94,110,102,99,125,101,2025-09-01
2,2,하차,36,41,40,58,49,51,62,84,83,81,103,92,107,111,123,131,136,2025-09-01
2,6,승차,41,56,39,58,73,72,63,59,90,79,75,94,107,119,113,113,113,2025-09-01
3,8,승차,31,38,53,49,59,79,57,78,86,88,91,89,108,134,124,122,109,2025-09-01
2,7,승차,51,43,53,71,67,65,83,81,71,69,90,105,109,110,115,111,112,2025-09-01
3,1,승차,49,53,60,56,50,73,76,67,74,92,64,89,79,82,88,112,115,2025-09-01
4,4,승차,43,39,54,61,56,60,88,66,73,93,113,108,117,119,99,116,113,2025-09-01
1,3,하차,47,52,62,63,70,64,79,81,69,67,86,86,83,102,104,126,136,2025-09-01
1,6,승차,38,42,53,57,60,73,67,62,65,82,96,90,98,97,104,106,125,2025-09-01
4,9,하차,38,57,56,55,58,59,52,71,96,75,91,102,102,105,103,119,131,2025-09-01
1,9,승차,42,36,57,57,61,68,94,89,81,81,90,91,115,120,101,92,123,2025-09-01
4,7,하차,38,35,46,52,63,69,64,57,86,79,75,109,95,98,100,102,140,2025-09-01
4,9,승차,33,46,53,61,56,74,59,80,72,88,78,112,119,104,115,97,108,2025-09-01
4,8,하차,38,35,49,57,65,58,58,75,84,64,91,80,97,120,91,109,113,2025-09-01
1,5,하차,36,46,44,59,67,71,67,56,59,89,73,98,117,103,106,121,108,2025-09-01
3,9,승차,31,44,38,50,71,49,75,68,70,77,107,82,101,91,132,109,118,2025-09-01
4,7,승차,51,35,47,62,53,74,63,77,74,86,82,92,92,95,111,101,119,2025-09-01
2,5,승차,34,51,56,55,61,60,83,77,70,96,87,82,110,94,123,121,117,2025-09-01
1,8,하차,48,47,55,55,62,62,80,63,73,74,102,89,104,125,107,120,102,2025-09-01
4,7,하차,35,49,59,63,50,59,78,74,83,106,89,90,80,105,107,135,123,2025-09-01
4,9,승차,40,42,44,52,67,85,66,74,65,86,105,99,102,111,115,110,102,2025-09-01
2,1,승차,42,46,44,61,70,79,54,69,86,66,101,104,88,109,106,122,139,2025-09-01
3,9,하차,42,43,45,55,52,55,67,78,83,80,91,98,95,111,96,125,123,2025-09-01
3,7,하차,42,58,38,43,57,66,51,89,75,86,93,94,94,95,110,114,108,2025-09-01
3,1,승차,42,43,56,47,63,71,80,66,72,69,95,88,107,113,124,114,117,2025-09-01
4,1,하차,41,43,64,71,57,58,64,73,100,80,87,92,93,102,125,114,136,2025-09-01
4,5,승차,35,48,45,54,55,58,77,75,81,89,84,98,100,108,114,104,130,2025-09-01
4,8,승차,43,46,59,44,50,57,76,86,75,108,94,112,89,122,103,111,134,2025-09-01
1,9,승차,39,52,51,58,70,74,67,81,89,87,102,94,98,99,115,114,133,2025-09-01
2,6,하차,48,39,48,57,64,80,69,65,83,100,92,95,123,107,104,128,119,2025-09-01
4,8,하차,43,41,52,57,59,54,55,71,77,95,103,94,114,105,115,120,109,2025-09-01
2,6,하차,39,48,58,63,64,60,68,81,72,85,96,94,109,115,110,125,110,2025-09-01
2,6,하차,38,34,41,67,67,65,85,67,73,93,79,107,95,111,115,115,112,2025-09-01
3,4,승차,45,48,48,50,53,55,64,86,92,91,74,106,92,120,95,131,124,2025-09-01
1,5,하차,45,54,43,59,62,69,79,58,83,75,91,93,90,80,110,114,114,2025-09-01
4,2,승차,47,44,62,53,57,67,50,77,83,92,86,110,94,96,112,130,118,2025-09-01
3,3,승차,42,46,42,62,60,63,68,69,94,83,111,90,100,107,129,115,121,2025-09-01
3,3,승차,34,51,44,60,41,59,72,75,91,90,98,118,122,99,102,123,129,2025-09-01
4,5,하차,50,53,42,50,53,59,64,75,82,88,77,76,97,110,108,128,117,2025-09-01
2,5,승차,36,55,54,63,67,72,63,81,89,89,92,108,99,84,116,116,112,2025-09-01
3,6,승차,49,38,61,53,52,72,76,85,92,88,100,88,100,93,96,133,121,2025-09-01
2,5,하차,39,52,50,46,65,63,75,60,90,78,74,109,106,100,107,137,101,2025-09-01
1,6,승차,45,40,48,55,63,59,65,71,75,69,91,85,91,101,108,104,129,2025-09-01
2,8,하차,40,33,56,52,49,68,80,58,72,78,91,103,88,100,133,106,114,2025-09-01
1,2,하차,32,46,52,52,55,55,62,78,78,82,78,78,105,86,112,107,123,2025-09-01
2,4,하차,49,51,40,53,64,61,61,78,61,71,95,83,106,104,125,118,107,2025-09-01
3,6,승차,36,52,59,58,62,56,68,79,74,84,70,87,111,125,127,97,130,2025-09-01
3,5,하차,42,36,62,53,59,70,71,67,84,85,95,117,114,106,109,99,126,2025-09-01
1,1,하차,40,52,53,53,58,72,79,83,74,80,90,89,100,97,122,116,117,2025-09-01
4,9,하차,39,48,59,52,54,75,67,82,69,79,95,88,97,113,110,108,118,2025-09-01
1,3,하차,40,52,51,53,65,61,69,64,68,81,102,93,77,113,88,122,142,2025-09-01
1,2,승차,36,46,43,45,61,77,64,70,78,72,91,94,111,120,114,117,115,2025-09-01
2,9,하차,39,46,43,51,53,72,58,70,79,78,101,78,100,116,115,112,109,2025-09-01
2,7,승차,45,47,37,47,52,62,65,59,69,103,77,89,92,117,115,104,117,2025-09-01
1,5,하차,39,36,39,49,64,82,87,60,87,77,70,84,101,92,99,97,133,2025-09-01
3,6,승차,37,46,57,37,49,71,75,93,82,97,90,106,102,105,101,119,107,2025-09-01
2,4,하차,38,44,48,63,65,53,76,79,84,87,104,117,133,97,101,97,132,2025-09-01
4,1,승차,51,37,53,57,50,56,76,67,94,85,85,92,109,111,102,148,112,2025-09-01
2,4,하차,44,48,55,54,64,65,65,76,85,89,96,117,103,101,109,128,111,2025-09-01
2,9,승차,42,44,57,55,72,58,74,69,90,76,81,75,115,94,101,99,114,2025-09-01
4,1,승차,32,38,46,55,67,76,51,51,89,96,91,71,89,112,104,115,119,2025-09-01
1,3,승차,29,40,57,63,56,64,65,53,65,85,111,90,103,109,111,123,112,2025-09-01
4,5,하차,35,45,46,44,68,78,75,71,73,76,97,100,103,120,91,99,121,2025-09-01
1,7,승차,48,49,55,60,61,68,74,70,84,90,91,88,93,103,102,112,113,2025-09-01
1,9,승차,42,42,49,55,62,70,63,66,71,74,95,85,96,111,127,113,114,2025-09-01
1,6,승차,34,46,40,69,51,67,64,74,62,78,92,99,101,116,126,124,119,2025-09-01
4,3,승차,53,46,51,49,59,74,58,69,90,94,91,86,118,96,103,119,114,2025-09-01
1,7,하차,32,38,51,53,65,73,61,68,73,88,91,100,109,108,130,125,125,2025-09-01
3,4,승차,52,44,47,52,52,54,77,75,83,75,91,98,78,99,97,115,119,2025-09-01
4,3,승차,37,33,46,42,53,58,79,75,89,83,96,96,112,112,133,85,130,2025-09-01
3,7,승차,37,39,50,50,67,69,62,77,70,83,73,98,95,120,119,139,136,2025-09-01
1,7,하차,35,41,42,61,64,41,59,75,77,87,69,85,97,104,116,97,123,2025-09-01
2,4,승차,37,37,54,55,56,66,76,76,85,91,75,103,103,107,114,104,139,2025-09-01
1,7,승차,41,51,45,58,53,53,56,62,91,74,100,97,104,116,117,118,99,2025-09-01
3,2,승차,27,40,60,55,63,72,67,75,81,91,84,83,81,102,96,130,119,2025-09-01
3,1,승차,37,43,51,63,61,57,61,84,66,74,100,90,103,102,112,115,126,2025-09-01
4,2,하차,24,35,50,48,62,75,84,68,85,93,92,106,100,108,111,115,124,2025-09-01
2,4,승차,33,44,51,56,62,62,65,70,63,93,91,103,101,108,113,131,115,2025-09-01
4,8,승차,47,42,51,44,64,71,65,61,92,73,83,82,89,114,86,116,120,2025-09-01
3,3,하차,41,50,47,62,58,57,84,89,88,90,98,72,99,111,116,113,122,2025-09-01
1,6,하차,38,37,48,50,61,72,62,79,72,86,91,92,99,120,105,110,129,2025-09-01
2,6,하차,47,49,31,63,63,72,72,79,78,73,83,80,98,118,94,119,128,2025-09-01
1,9,승차,34,34,49,52,60,67,68,70,86,82,87,87,98,100,109,128,107,2025-09-01
1,9,하차,40,37,46,51,54,60,74,81,72,96,75,104,119,103,106,117,123,2025-09-01
2,4,승차,46,41,61,52,52,60,68,81,66,85,77,100,111,131,100,112,134,2025-09-01
4,9,하차,41,40,53,57,57,60,59,69,84,92,83,103,103,115,100,98,86,2025-09-01
1,6,승차,37,46,51,42,60,74,62,88,78,84,100,103,95,103,111,108,108,2025-09-01
3,2,하차,37,38,47,52,50,55,74,69,86,69,81,85,99,111,104,107,134,2025-09-01
1,6,승차,35,37,38,58,62,62,61,75,101,97,86,92,99,97,115,105,119,2025-09-01
2,2,하차,37,40,52,47,45,68,59,63,81,84,85,100,105,85,122,107,128,2025-09-01
2,8,승차,32,39,59,53,64,61,69,74,83,68,94,89,107,103,108,133,127,2025-09-01
2,4,승차,39,50,42,57,57,59,69,79,67,103,79,74,111,105,110,107,120,2025-09-01
4,5,승차,39,43,47,69,60,51,60,72,78,83,85,79,112,99,117,129,133,2025-09-01
1,8,승차,45,45,40,60,61,61,64,83,86,76,103,90,78,123,119,92,113,2025-09-01
4,8,승차,38,43,54,56,62,54,56,69,72,80,79,140,75,92,115,125,126,2025-09-01
4,6,승차,48,49,49,37,62,62,79,88,93,90,76,89,96,122,103,118,122,2025-09-01
2,4,승차,48,56,45,47,62,70,54,78,73,85,92,87,107,105,105,123,137,2025-09-01
2,1,승차,43,52,52,40,66,51,73,82,75,100,101,85,104,109,87,122,133,2025-09-01
4,7,하차,38,40,55,55,64,71,80,63,83,99,80,78,115,88,137,106,115,2025-09-01
1,8,승차,40,40,57,60,51,63,64,68,84,87,95,93,110,97,108,126,123,2025-09-01
3,9,승차,36,50,50,45,58,55,74,66,92,99,85,103,95,96,119,112,119,2025-09-01
4,2,하차,40,45,50,46,73,62,71,91,70,79,79,94,111,113,109,107,127,2025-09-01
1,1,승차,34,50,59,46,63,67,92,71,71,92,98,71,91,96,108,100,106,2025-09-01
2,4,하차,46,64,55,41,56,64,59,84,76,93,100,111,109,110,98,113,106,2025-09-01
2,5,승차,35,42,57,52,66,56,67,82,69,76,98,98,96,92,102,118,119,2025-09-01
1,1,하차,49,46,57,51,74,67,65,74,80,84,83,99,87,102,110,119,136,2025-09-01
3,5,하차,29,40,42,42,68,58,71,58,65,92,95,97,95,93,98,114,103,2025-09-01
2,6,승차,23,39,49,51,60,66,68,66,77,87,107,90,114,99,107,115,117,2025-09-01
2,3,하차,46,43,49,53,67,59,77,56,81,76,81,88,117,112,109,110,128,2025-09-01
2,7,승차,37,50,43,62,52,59,64,83,83,81,82,102,111,111,133,109,119,2025-09-01
1,6,승차,43,44,56,57,59,67,76,72,91,91,93,86,102,114,120,106,117,2025-09-01
4,4,승차,39,47,48,48,66,66,57,70,80,82,91,104,93,109,101,106,128,2025-09-01
2,3,승차,50,49,43,51,61,61,78,75,82,107,83,97,102,80,121,129,109,2025-09-01
4,5,하차,44,42,56,64,41,60,71,72,94,90,84,100,101,109,98,102,120,2025-09-01
3,3,승차,42,49,36,52,67,86,68,82,89,63,69,82,113,94,88,132,111,2025-09-01
2,9,하차,51,47,53,58,60,49,82,88,57,80,90,89,95,101,112,131,123,2025-09-01
2,9,하차,47,46,41,57,80,72,85,67,75,87,95,102,96,113,118,131,140,2025-09-01
3,6,승차,41,40,46,62,59,60,74,69,89,71,98,91,112,117,118,105,113,2025-09-01
2,6,승차,36,33,48,53,62,58,78,75,92,85,97,92,104,99,102,116,147,2025-09-01
4,4,승차,36,42,51,55,59,67,75,72,79,93,90,104,112,101,102,93,120,2025-09-01
1,4,승차,39,43,48,50,44,64,75,63,74,68,87,93,98,87,123,121,135,2025-09-01
4,2,하차,38,50,38,44,56,66,84,87,87,106,89,103,75,86,122,118,116,2025-09-01
1,4,승차,30,45,59,54,64,65,64,58,83,75,88,88,100,104,113,107,119,2025-09-01
1,8,하차,51,49,48,59,54,60,68,69,75,102,75,80,114,104,121,125,122,2025-09-01
4,2,승차,47,46,48,67,69,59,67,81,89,85,77,84,87,107,100,130,120,2025-09-01
4,9,승차,46,49,50,54,66,61,88,79,76,89,105,80,103,106,98,106,117,2025-09-01
4,1,승차,32,42,49,60,55,57,70,72,82,82,95,93,107,87,110,110,106,2025-09-01
4,2,승차,39,52,60,45,62,67,59,66,83,79,82,94,87,108,116,115,120,2025-09-01
3,2,하차,31,45,61,60,59,77,64,80,72,91,79,86,107,122,108,120,138,2025-09-01
2,6,하차,61,51,53,71,60,68,71,77,77,95,97,98,103,108,132,137,108,2025-09-01
1,7,승차,38,44,53,55,46,60,77,85,86,88,117,97,90,106,111,119,115,2025-09-01
4,3,하차,49,45,47,62,59,70,69,64,84,78,89,103,119,108,113,120,128,2025-09-01
4,9,하차,39,48,43,72,62,74,71,81,101,80,89,88,102,101,110,103,133,2025-09-01
4,5,승차,48,41,58,66,53,63,79,70,85,74,78,84,99,120,106,105,143,2025-09-01
3,5,승차,48,55,52,61,53,73,63,87,85,97,93,92,89,103,122,132,127,2025-09-01
4,4,하차,42,36,56,64,61,63,67,86,87,85,90,103,87,83,122,117,127,2025-09-01
4,9,하차,47,49,49,60,69,56,82,73,74,80,99,106,90,113,122,110,110,2025-09-01
4,8,하차,41,39,42,72,71,72,69,80,82,88,96,105,89,111,88,118,102,2025-09-01
2,4,하차,32,51,50,56,63,71,65,70,79,88,92,87,102,99,100,127,116,2025-09-01
3,4,승차,37,30,47,56,66,72,66,62,85,100,89,101,110,99,122,113,114,2025-09-01
4,2,승차,33,39,50,55,68,68,66,86,77,74,72,102,94,107,97,119,118,2025-09-01
1,9,하차,38,40,74,49,60,65,82,88,78,81,87,114,92,87,113,123,112,2025-09-01
1,3,승차,42,32,46,54,58,74,74,91,79,116,81,83,104,109,124,99,126,2025-09-01
1,4,하차,49,50,57,69,44,56,77,72,90,83,86,79,103,96,115,96,108,2025-09-01
3,7,하차,40,42,56,56,59,61,58,76,77,92,80,100,97,119,106,115,117,2025-09-01
3,8,승차,47,41,45,54,55,61,66,73,85,80,105,95,95,113,106,103,107,2025-09-01
1,8,하차,43,51,48,56,69,64,77,84,98,85,97,88,86,105,124,112,126,2025-09-01
4,4,하차,35,49,50,64,69,56,71,66,79,92,73,105,116,104,100,121,120,2025-09-01
3,7,승차,33,36,44,70,56,55,70,87,68,92,79,76,100,89,125,109,119,2025-09-01
1,1,승차,44,45,51,55,52,62,63,86,82,84,86,89,91,98,102,116,128,2025-09-01
1,6,하차,32,49,46,49,68,59,60,69,72,90,80,96,90,81,119,118,105,2025-09-01
4,6,하차,36,47,59,56,53,66,66,60,85,95,88,97,103,93,118,117,130,2025-09-01
2,6,승차,39,45,57,56,52,67,80,73,84,84,88,99,106,110,90,102,117,2025-09-01
3,2,하차,42,33,52,50,61,68,67,88,94,75,95,100,94,104,124,121,104,2025-09-01
4,8,하차,41,34,61,58,64,67,76,73,79,84,93,102,95,97,103,110,117,2025-09-01
1,5,승차,42,59,55,39,71,60,57,84,84,81,98,89,116,101,101,123,99,2025-09-01
1,5,승차,40,39,38,51,53,65,80,81,88,105,84,103,84,95,81,126,132,2025-09-01
4,2,승차,25,45,44,60,53,65,67,91,94,94,92,97,108,105,106,109,133,2025-09-01
3,4,승차,39,64,50,56,70,63,80,70,81,83,67,93,86,112,95,127,124,2025-09-01
2,9,승차,44,47,46,59,65,57,66,56,90,75,89,91,82,108,107,107,134,2025-09-01
2,9,승차,40,35,58,39,71,55,77,55,87,95,97,94,94,108,120,119,132,2025-09-01
1,6,하차,33,40,49,68,58,77,75,63,74,100,98,93,113,116,106,114,125,2025-09-01
3,9,하차,28,59,43,47,68,62,68,87,82,68,99,95,97,92,112,98,131,2025-09-01
2,4,승차,45,34,52,61,73,83,50,63,90,92,74,99,85,122,117,131,118,2025-09-01
3,1,승차,45,43,42,57,74,78,61,68,81,103,86,84,94,99,108,124,106,2025-09-01
3,2,하차,46,52,55,44,71,79,66,67,70,83,111,91,107,109,120,116,115,2025-09-01
1,1,하차,43,47,45,56,58,56,69,56,83,82,68,98,100,108,122,126,111,2025-09-01
2,8,하차,38,45,64,77,55,55,69,89,75,90,97,88,81,107,118,128,109,2025-09-01
4,9,승차,48,39,60,49,55,61,70,78,82,83,82,90,104,102,105,120,126,2025-09-01
1,6,승차,42,35,46,63,60,60,71,72,78,84,75,93,103,122,107,125,115,2025-09-01
2,2,하차,43,43,50,60,42,46,70,78,85,79,85,79,99,107,99,119,133,2025-09-01
2,6,승차,32,54,51,55,60,58,78,77,77,78,85,85,107,103,110,118,137,2025-09-01
2,9,승차,38,53,52,49,70,68,88,76,81,60,104,84,87,88,114,117,117,2025-09-01
2,3,승차,46,44,41,48,74,76,73,66,69,97,97,94,97,106,121,124,127,2025-09-01
2,9,하차,52,47,41,57,69,72,89,73,98,67,89,94,112,103,104,123,112,2025-09-01
3,2,하차,50,51,58,54,65,62,71,64,71,79,93,91,95,104,107,106,93,2025-09-01
1,5,승차,41,34,70,57,54,67,68,73,84,100,84,98,95,99,96,122,124,2025-09-01
3,2,승차,35,50,62,44,52,65,73,66,75,87,89,99,110,106,124,104,133,2025-09-01
4,7,승차,47,50,47,59,50,54,63,72,83,90,87,80,102,107,118,128,115,2025-09-01
2,9,승차,36,36,55,61,61,52,68,68,75,82,91,112,110,105,109,107,107,2025-09-01
1,7,승차,29,47,54,59,59,67,58,73,85,78,88,100,97,116,104,109,129,2025-09-01
2,5,하차,50,57,47,56,71,53,70,63,74,90,87,117,95,114,114,115,105,2025-09-01
1,4,승차,44,48,64,57,64,60,76,85,68,76,108,98,80,98,121,109,99,2025-09-01
3,4,승차,39,44,59,51,71,60,71,65,71,86,86,92,99,108,104,109,127,2025-09-01
1,8,승차,45,54,47,42,54,66,66,75,70,77,67,108,104,106,114,135,132,2025-09-01
4,1,하차,35,54,49,61,71,64,70,75,87,79,84,110,95,117,120,108,112,2025-09-01
4,5,하차,41,53,53,50,77,62,85,70,82,101,104,119,110,107,101,93,114,2025-09-01
1,2,승차,47,42,60,48,46,68,72,76,74,90,93,84,96,98,107,109,110,2025-09-01
1,9,하차,49,45,39,61,61,70,55,71,63,87,73,104,90,78,111,92,117,2025-09-01
1,7,하차,38,50,55,56,60,70,77,69,68,76,88,84,93,102,136,116,133,2025-09-01
1,8,하차,29,40,47,60,69,59,78,58,69,74,93,95,95,103,116,109,105,2025-09-01
4,6,하차,37,40,41,54,48,65,61,72,92,86,94,91,95,96,107,125,101,2025-09-01
2,9,하차,40,45,39,53,48,62,57,72,73,84,70,93,99,114,101,127,118,2025-09-01
1,6,하차,46,34,54,57,58,70,61,79,79,73,80,107,101,95,91,110,134,2025-09-01
1,7,승차,46,35,46,42,51,56,67,62,72,96,83,73,107,125,130,117,123,2025-09-01
4,7,하차,45,48,46,58,69,69,65,83,83,71,86,102,100,118,108,119,123,2025-09-01
4,9,하차,60,55,50,59,83,66,76,69,63,94,74,86,107,111,104,100,128,2025-09-01
3,8,승차,31,41,58,66,56,62,66,72,70,81,87,92,100,99,115,121,148,2025-09-01
1,1,승차,33,53,47,49,64,49,68,84,64,85,75,87,100,111,100,119,125,2025-09-01
3,4,승차,40,41,50,56,69,71,95,83,78,83,89,85,111,98,129,106,104,2025-09-01
4,7,승차,29,49,47,64,75,55,58,81,61,86,105,99,104,113,112,111,127,2025-09-01
4,8,하차,43,45,48,48,54,65,86,70,73,91,82,112,89,105,121,114,128,2025-09-01
2,7,하차,42,48,54,52,56,71,68,72,69,92,91,102,84,108,118,112,116,2025-09-01
1,3,하차,28,44,44,62,60,75,77,74,70,92,96,97,108,115,140,103,126,2025-09-01
3,4,하차,38,52,55,43,66,67,70,79,64,103,89,109,92,105,106,111,111,2025-09-01
4,7,승차,35,39,44,65,72,60,70,59,74,97,97,99,88,105,124,128,112,2025-09-01
4,8,하차,39,50,48,58,66,69,71,88,85,85,86,89,110,101,123,107,123,2025-09-01
3,7,하차,55,44,49,51,60,62,67,63,92,82,99,95,89,94,115,118,113,2025-09-01
2,6,승차,41,52,51,60,60,67,83,85,81,89,74,107,97,102,126,110,121,2025-09-01
4,9,하차,42,44,62,62,64,59,61,73,75,83,78,101,116,103,110,122,137,2025-09-01
1,9,하차,36,38,44,48,73,53,66,52,79,71,100,106,113,121,100,102,125,2025-09-01
4,7,하차,42,46,57,51,53,65,85,87,67,91,79,79,103,86,97,120,116,2025-09-01
1,8,하차,51,51,44,51,62,64,76,64,80,79,75,97,110,100,116,84,108,2025-09-01
3,6,승차,32,40,50,68,70,72,74,84,99,88,101,97,96,90,107,115,93,2025-09-01
1,1,승차,46,42,44,52,72,55,79,87,91,75,96,95,98,98,104,120,120,2025-09-01
3,1,승차,42,51,57,59,65,66,72,74,72,95,87,90,105,96,105,111,128,2025-09-01
1,6,승차,39,52,48,52,64,62,68,88,79,96,85,92,119,108,113,113,118,2025-09-01
3,2,승차,34,42,52,53,62,69,75,76,80,90,91,89,95,112,120,122,151,2025-09-01
1,8,하차,39,39,49,50,68,69,61,78,78,88,102,102,110,107,106,117,116,2025-09-01
2,1,하차,36,45,40,51,56,60,62,64,78,90,63,95,99,105,102,111,118,2025-09-01
1,2,승차,55,47,47,53,56,65,72,78,81,88,99,107,105,100,120,115,116,2025-09-01
1,8,승차,36,43,57,54,65,46,81,77,88,83,98,104,92,105,111,108,126,2025-09-01
2,6,승차,40,49,44,54,70,55,78,91,82,102,101,91,98,113,109,122,107,2025-09-01
4,2,하차,36,41,58,47,64,63,82,75,79,89,95,89,109,99,128,121,134,2025-09-01
4,2,승차,39,39,44,55,69,68,62,84,71,86,98,73,112,104,112,108,125,2025-09-01
1,7,하차,41,41,49,54,53,77,67,81,101,77,91,101,99,101,113,107,115,2025-09-01
2,5,하차,45,45,64,35,61,52,58,75,71,70,82,95,107,125,94,101,129,2025-09-01
1,5,하차,38,38,46,48,62,63,69,70,74,80,66,83,98,90,121,114,126,2025-09-01
3,8,하차,36,51,49,62,62,63,60,92,91,74,84,103,101,104,104,121,121,2025-09-01
3,7,승차,44,46,57,42,55,69,78,76,90,96,79,83,112,103,109,115,120,2025-09-01
1,9,하차,41,51,60,56,54,60,83,73,80,78,91,100,92,105,133,110,114,2025-09-01
4,4,하차,47,49,50,47,62,48,70,83,64,79,96,90,94,109,104,128,129,2025-09-01
4,4,승차,41,46,63,55,61,65,65,87,83,96,106,97,107,92,107,118,143,2025-09-01
1,2,하차,33,51,45,44,65,73,71,72,78,77,93,109,105,138,120,107,116,2025-09-01
1,3,하차,37,39,50,50,60,72,55,82,76,84,91,88,95,106,144,117,124,2025-09-01
3,1,하차,24,51,54,63,58,56,67,77,86,78,87,96,66,114,106,109,130,2025-09-01
4,1,승차,36,38,51,67,44,54,69,70,83,71,80,74,107,97,103,115,114,2025-09-01
1,7,하차,37,40,58,51,54,67,64,74,69,72,85,93,107,103,84,133,128,2025-09-01
3,5,하차,38,44,53,65,52,65,68,105,92,84,91,104,92,98,91,125,148,2025-09-01
4,3,승차,41,26,57,63,55,67,80,70,88,76,110,102,95,114,113,101,126,2025-09-01
2,7,승차,43,48,62,61,61,64,72,59,89,101,88,97,104,95,124,105,122,2025-09-01
3,2,하차,26,34,41,59,56,56,73,74,68,83,76,86,98,101,132,107,99,2025-09-01
4,3,하차,40,44,51,54,61,75,67,74,69,79,87,99,105,104,113,103,119,2025-09-01
4,1,승차,31,44,57,56,66,57,70,90,82,81,98,76,82,115,110,102,140,2025-09-01
3,8,하차,36,56,41,49,58,69,64,71,68,80,84,112,121,103,115,124,135,2025-09-01
2,2,승차,38,47,60,59,52,68,86,80,87,80,87,93,111,114,99,133,119,2025-09-01
3,7,하차,41,31,51,42,66,66,69,63,68,88,89,92,93,100,95,124,113,2025-09-01
4,9,승차,45,39,50,62,64,66,47,94,75,85,95,99,102,95,114,125,112,2025-09-01
1,6,하차,50,42,49,54,53,63,81,74,86,104,85,97,103,91,111,127,109,2025-09-01
1,2,승차,33,45,42,53,45,70,81,53,63,93,71,102,90,95,110,136,107,2025-09-01
3,2,승차,33,43,51,43,50,50,77,77,93,92,86,104,124,80,104,116,152,2025-09-01
4,9,승차,40,36,55,46,54,77,81,75,96,71,90,84,107,86,110,120,123,2025-09-01
1,8,승차,50,38,51,53,42,72,76,70,81,86,83,99,121,106,129,140,115,2025-09-01
4,9,승차,41,45,54,52,69,80,81,67,87,78,91,102,87,120,117,116,121,2025-09-01
3,4,하차,32,47,47,48,49,63,96,71,76,90,110,93,105,105,89,119,114,2025-09-01
1,4,하차,46,35,50,50,51,53,66,80,79,77,79,100,100,92,127,118,110,2025-09-01
4,2,승차,40,44,57,62,61,80,85,77,83,74,94,91,108,109,125,129,113,2025-09-01
1,1,하차,37,48,47,47,65,54,71,65,76,74,97,102,108,123,99,91,126,2025-09-01
3,4,하차,30,43,48,65,58,58,78,86,70,92,92,94,99,115,110,127,137,2025-09-01
4,8,하차,36,36,57,53,51,79,65,56,76,81,101,89,99,107,114,122,121,2025-09-01
1,2,하차,45,42,58,62,51,63,71,94,61,77,90,90,82,104,104,119,131,2025-09-01
3,8,하차,45,48,64,53,51,60,83,71,76,78,81,91,90,106,101,117,116,2025-09-01
1,1,하차,36,40,47,53,60,57,84,71,72,94,96,89,108,107,119,114,118,2025-09-01
1,1,승차,31,32,59,62,63,76,84,80,75,88,87,95,88,107,116,137,143,2025-09-01
2,4,하차,47,45,59,59,59,62,53,72,75,88,83,91,109,90,103,112,144,2025-09-01
2,7,하차,51,45,49,53,43,62,89,84,78,97,72,93,109,102,114,123,101,2025-09-01
3,9,하차,36,52,41,57,73,69,74,67,96,85,92,94,115,112,90,105,123,2025-09-01
2,5,승차,31,61,39,57,73,73,74,71,79,82,99,77,98,139,124,118,120,2025-09-01
3,2,하차,42,36,57,70,61,82,66,95,87,89,95,96,105,118,94,115,118,2025-09-01
2,7,하차,37,54,56,49,65,70,79,82,81,85,102,97,92,120,102,98,135,2025-09-01
1,2,하차,48,42,50,52,64,62,60,77,85,76,85,108,108,110,89,126,132,2025-09-01
3,9,승차,37,42,53,54,60,60,67,83,80,96,110,85,98,97,88,115,121,2025-09-01
3,9,하차,43,42,53,50,59,66,72,68,74,105,105,105,80,93,97,117,103,2025-09-01
1,3,승차,50,41,40,58,61,64,70,71,99,83,90,87,97,97,112,119,119,2025-09-01
3,8,하차,42,46,54,43,51,58,55,76,70,76,96,96,112,117,100,105,117,2025-09-01
3,4,승차,50,42,52,49,63,65,81,88,74,77,90,102,98,100,104,120,111,2025-09-01
2,3,승차,32,42,41,58,53,58,71,91,77,81,85,122,113,95,96,132,118,2025-09-01
3,1,승차,55,48,44,49,64,77,71,67,78,78,95,93,93,92,111,107,111,2025-09-01
4,5,하차,38,55,43,47,61,54,90,76,84,83,99,91,117,118,110,114,120,2025-09-01
1,4,승차,39,43,60,59,67,72,60,72,83,87,97,105,90,89,121,111,130,2025-09-01
2,1,승차,39,37,41,57,56,79,62,87,86,90,80,105,106,114,110,116,120,2025-09-01
2,8,승차,37,42,41,46,67,63,69,74,80,78,86,79,114,94,104,122,111,2025-09-01
4,8,승차,54,42,51,53,60,63,64,76,88,103,100,84,99,97,92,118,118,2025-09-01
1,8,하차,43,52,59,56,72,45,69,85,71,93,91,98,104,103,109,107,115,2025-09-01
1,3,하차,39,49,54,50,57,55,62,72,82,97,103,101,91,93,101,106,122,2025-09-01
2,6,하차,35,51,50,57,59,72,67,78,70,76,90,95,109,87,117,118,118,2025-09-01
3,7,하차,43,46,44,46,64,76,58,68,78,87,94,93,101,116,121,99,123,2025-09-01
2,9,승차,36,46,37,51,63,62,84,81,63,90,79,107,77,88,101,116,96,2025-09-01
1,5,하차,45,42,55,53,66,61,55,89,83,90,73,94,102,115,122,104,114,2025-09-01
4,9,승차,36,46,44,64,64,60,79,84,89,81,81,104,117,104,109,127,121,2025-09-01
2,6,하차,39,46,44,53,63,84,65,71,81,72,90,88,108,104,114,101,121,2025-09-01
1,4,하차,39,57,54,49,64,59,71,58,84,87,88,92,108,110,104,117,133,2025-09-01
2,1,하차,28,54,37,50,61,69,59,100,76,75,86,111,104,101,136,98,106,2025-09-01
3,1,승차,57,34,49,51,64,82,66,56,81,91,99,95,99,106,102,109,149,2025-09-01
2,5,하차,49,42,35,60,59,71,67,75,92,86,82,89,111,100,94,110,117,2025-09-01
2,3,하차,33,43,40,61,61,73,94,64,81,72,83,87,95,125,99,123,135,2025-09-01
1,5,하차,28,38,60,60,65,66,60,86,72,68,87,104,115,107,107,114,125,2025-09-01
1,5,승차,41,41,54,53,63,71,68,79,80,84,94,97,94,90,119,118,108,2025-09-01
1,1,하차,36,52,50,60,79,75,66,81,69,72,103,100,82,97,121,120,95,2025-09-01
2,8,하차,49,49,60,61,62,56,71,54,86,101,85,91,91,105,128,100,112,2025-09-01
3,5,승차,38,41,44,57,49,72,72,63,80,99,94,97,98,112,125,111,132,2025-09-01
4,5,승차,33,37,45,54,62,62,64,71,70,81,102,85,97,106,116,112,115,2025-09-01
4,9,하차,40,47,67,56,51,83,69,81,80,77,96,103,115,89,99,124,115,2025-09-01
1,8,하차,41,51,42,52,63,72,70,73,89,88,93,90,104,107,120,109,120,2025-09-01
1,1,하차,39,34,48,75,70,44,69,73,78,79,94,87,117,104,94,116,120,2025-09-01
2,3,승차,38,45,35,67,53,82,81,79,88,74,105,108,104,108,113,103,117,2025-09-01
4,7,승차,39,46,51,49,72,58,65,80,94,85,86,76,111,121,116,102,132,2025-09-01
1,1,승차,38,45,63,61,58,64,68,70,67,82,89,83,102,92,115,106,115,2025-09-01
3,1,하차,36,49,53,41,67,68,66,82,88,70,106,102,70,115,111,96,132,2025-09-01
3,5,승차,43,62,45,58,64,78,79,90,75,94,91,89,103,99,103,97,117,2025-09-01
1,9,하차,47,46,59,50,62,48,65,83,78,76,91,94,89,115,130,107,144,2025-09-01
1,6,승차,56,46,48,62,68,80,89,67,78,81,82,93,89,112,128,131,129,2025-09-01
4,2,승차,40,49,51,48,59,66,82,62,97,83,71,80,112,100,102,117,113,2025-09-01
4,9,승차,42,51,39,61,52,60,64,80,70,83,93,106,106,89,148,104,111,2025-09-01
2,6,하차,47,46,49,58,51,74,88,53,58,82,88,93,97,105,120,108,95,2025-09-01
4,5,하차,28,38,41,58,54,78,77,82,86,67,100,114,96,113,105,118,146,2025-09-01
3,5,하차,43,36,49,58,55,62,52,77,92,90,88,120,96,116,115,104,120,2025-09-01
3,3,하차,43,39,52,67,62,63,80,78,85,90,118,88,124,105,114,123,122,2025-09-01
1,6,승차,38,55,54,38,61,74,63,74,82,94,84,85,98,107,93,114,134,2025-09-01
4,4,하차,36,34,46,49,77,70,76,80,75,77,80,99,103,101,107,118,125,2025-09-01
2,2,승차,50,44,41,50,55,68,83,74,73,96,88,85,107,102,115,101,106,2025-09-01
3,3,하차,46,32,54,68,66,68,56,71,79,85,76,108,87,96,102,119,132,2025-09-01
3,9,하차,43,46,46,43,57,57,66,71,91,92,85,102,92,105,107,117,116,2025-09-01
2,9,승차,32,49,40,53,52,69,81,73,68,82,87,85,87,108,123,109,120,2025-09-01
2,6,승차,41,52,47,43,71,60,74,71,79,96,88,99,103,102,105,135,122,2025-09-01
3,9,하차,38,50,40,67,57,70,73,70,73,81,101,73,90,93,112,113,126,2025-09-01
3,4,하차,36,47,50,49,48,69,72,68,73,95,97,90,92,103,104,104,98,2025-09-01
2,5,승차,37,52,50,42,53,54,69,73,86,87,110,112,104,107,115,101,105,2025-09-01
3,6,승차,42,52,47,70,64,63,76,93,91,86,84,94,73,112,106,99,111,2025-09-01
1,9,승차,42,36,50,50,44,58,65,71,69,79,72,76,102,100,127,114,123,2025-09-01
1,5,승차,40,31,65,63,54,69,73,84,80,82,99,88,99,100,112,102,124,2025-09-01
2,8,승차,37,56,55,58,62,71,57,59,71,80,81,107,96,117,116,112,121,2025-09-01
4,1,하차,38,42,57,47,49,62,72,69,79,75,76,90,104,104,97,123,125,2025-09-01
2,5,하차,42,26,56,58,68,72,73,86,76,108,87,116,104,118,122,114,107,2025-09-01
2,1,하차,38,50,61,41,61,67,74,78,87,79,94,111,94,101,116,110,116,2025-09-01
4,6,하차,46,47,40,68,44,58,78,72,84,78,85,91,87,117,127,109,112,2025-09-01
4,7,승차,50,53,51,56,61,59,60,90,79,86,80,86,102,105,120,109,114,2025-09-01
4,5,승차,50,59,46,67,64,75,55,62,68,77,96,89,82,113,105,120,130,2025-09-01
1,1,승차,37,44,58,54,56,66,75,90,84,83,105,98,112,110,116,124,110,2025-09-01
3,6,하차,50,50,47,58,64,52,57,68,70,83,91,91,104,108,120,103,123,2025-09-01
1,5,승차,45,52,50,50,52,81,64,75,94,72,93,101,98,90,81,109,127,2025-09-01
3,6,승차,33,45,54,45,58,56,71,79,76,80,89,103,100,114,123,132,119,2025-09-01
1,7,하차,40,49,44,60,62,56,91,79,99,67,95,108,97,88,118,133,109,2025-09-01
3,7,하차,26,47,52,51,63,76,61,90,76,94,82,97,103,116,110,121,134,2025-09-01
1,2,하차,49,46,43,45,56,60,72,78,83,78,84,103,96,112,104,111,131,2025-09-01
4,3,승차,31,52,41,55,58,74,67,65,91,77,81,106,108,111,115,115,112,2025-09-01
2,6,승차,47,51,61,57,64,76,74,92,103,92,79,86,105,94,105,133,105,2025-09-01
1,3,하차,35,46,52,52,70,65,61,64,76,106,81,85,90,99,111,121,138,2025-09-01
3,2,하차,46,45,46,58,50,61,71,79,79,87,82,85,87,112,118,115,116,2025-09-01
4,4,승차,43,51,38,49,55,67,69,103,64,78,94,77,91,105,96,130,111,2025-09-01
1,5,하차,43,62,60,71,44,70,71,82,78,73,76,101,111,97,122,141,128,2025-09-01
1,9,승차,37,48,55,48,58,60,61,87,85,81,97,77,99,97,114,124,106,2025-09-01
4,3,하차,48,46,58,66,70,55,80,70,78,85,99,90,98,96,127,126,127,2025-09-01
1,3,하차,31,53,50,55,61,79,70,89,109,102,83,97,101,111,99,136,97,2025-09-01
2,6,하차,42,36,45,56,55,65,61,80,71,75,92,80,111,109,118,105,122,2025-09-01
1,5,승차,41,50,54,58,57,63,62,67,84,97,77,98,103,95,110,108,106,2025-09-01
2,6,승차,35,43,53,55,80,74,77,73,74,105,84,89,89,118,118,118,120,2025-09-01
2,7,하차,38,48,44,51,62,57,62,49,63,101,85,98,106,116,106,102,124,2025-09-01
4,3,승차,36,51,47,53,60,63,57,77,90,82,92,108,97,96,103,113,121,2025-09-01
1,5,하차,42,53,58,56,56,79,66,76,77,86,91,99,106,114,122,119,123,2025-09-01
4,8,하차,49,45,57,43,60,80,68,83,70,102,82,103,94,105,101,121,125,2025-09-01
1,4,승차,43,38,60,53,55,71,73,80,78,101,92,91,120,98,109,103,118,2025-09-01
1,2,승차,42,45,42,52,49,62,90,66,83,77,85,96,115,98,107,126,111,2025-09-01
3,4,승차,42,35,56,67,67,58,72,79,79,82,92,95,89,104,101,124,117,2025-09-01
1,2,승차,53,46,66,56,49,73,71,74,84,79,94,84,98,125,121,117,109,2025-09-01
4,3,하차,35,54,41,55,63,70,70,66,82,101,96,93,108,95,107,82,119,2025-09-01
2,4,승차,33,41,63,58,59,66,75,73,85,89,75,99,100,104,107,92,119,2025-09-01
1,4,승차,50,46,62,57,44,68,65,85,84,72,103,88,106,88,120,116,120,2025-09-01
3,9,하차,28,43,43,40,64,70,71,90,84,76,87,88,97,95,100,116,97,2025-09-01
4,6,하차,32,50,57,57,57,76,69,89,95,86,89,97,105,100,129,112,119,2025-09-01
1,9,하차,31,37,52,50,51,62,74,78,83,67,94,105,95,101,101,110,113,2025-09-01
4,4,하차,45,36,48,47,65,85,66,74,84,91,102,91,85,102,123,106,136,2025-09-01
3,9,승차,34,41,51,70,62,65,69,71,78,85,90,95,97,86,125,128,126,2025-09-01
3,9,승차,38,32,46,55,50,73,84,69,69,88,93,96,97,100,108,106,104,2025-09-01
4,6,하차,49,40,60,67,63,66,92,83,68,93,86,95,106,112,106,107,121,2025-09-01
1,5,하차,39,46,43,46,69,64,57,74,81,84,101,90,102,97,108,123,102,2025-09-01
2,3,승차,42,41,39,51,81,74,81,66,80,74,74,103,95,106,111,107,118,2025-09-01
3,5,승차,45,47,61,44,67,64,70,72,74,81,99,76,93,99,89,103,130,2025-09-01
1,3,승차,34,58,49,55,48,78,64,90,70,88,105,112,97,101,117,121,91,2025-09-01
1,5,승차,33,42,48,41,52,52,61,76,71,101,100,94,109,96,113,117,112,2025-09-01
2,5,승차,42,39,55,63,64,68,83,70,69,83,93,83,105,114,107,116,108,2025-09-01
3,2,하차,44,59,53,55,74,56,81,83,87,89,91,86,103,110,96,116,123,2025-09-01
3,9,하차,27,44,50,53,68,68,82,77,67,88,97,89,93,109,106,113,126,2025-09-01
1,7,하차,36,38,52,57,66,69,69,71,66,82,76,81,111,96,98,108,126,2025-09-01
1,6,하차,36,40,47,57,69,70,75,85,85,79,103,85,92,96,92,109,116,2025-09-01
2,5,승차,38,56,53,52,67,58,60,76,67,87,86,83,79,107,103,114,100,2025-09-01
2,4,하차,35,45,54,44,49,66,71,68,63,89,97,86,97,114,114,114,134,2025-09-01
3,8,승차,37,46,52,60,54,54,71,79,69,86,102,118,116,109,121,110,126,2025-09-01
4,2,승차,47,40,50,51,73,61,79,71,87,104,85,113,113,115,99,119,131,2025-09-01
3,8,승차,46,51,48,51,47,69,66,72,85,83,80,83,82,104,98,138,119,2025-09-01
1,1,승차,49,43,54,43,69,72,64,78,83,83,82,91,89,106,115,120,119,2025-09-01
3,1,승차,24,45,65,57,50,60,69,68,73,80,96,88,85,89,103,104,123,2025-09-01
4,3,승차,34,44,54,54,63,60,73,82,74,102,90,81,111,110,115,116,116,2025-09-01
2,5,승차,39,38,45,52,57,54,77,78,82,100,91,97,92,87,104,104,108,2025-09-01
4,6,하차,26,42,49,70,48,63,69,83,80,70,82,97,91,91,120,105,110,2025-09-01
4,4,승차,37,56,54,56,61,61,75,82,69,86,89,99,100,115,105,121,125,2025-09-01
4,7,하차,25,44,49,64,86,67,67,74,86,78,89,90,105,125,106,100,110,2025-09-01
2,7,하차,39,39,42,40,51,67,68,91,68,93,74,86,114,105,106,109,93,2025-09-01
4,2,승차,43,44,36,52,47,60,66,69,85,80,74,88,92,113,128,101,114,2025-09-01
4,2,승차,33,40,49,56,57,58,70,57,79,72,90,92,106,117,98,121,110,2025-09-01
4,2,하차,38,51,42,59,50,52,65,81,89,77,99,121,114,115,112,117,108,2025-09-01
1,2,하차,34,48,39,49,43,76,73,78,88,86,93,90,94,119,103,96,120,2025-09-01
4,9,하차,41,41,47,58,48,59,65,69,74,88,87,102,92,103,103,114,118,2025-09-01
2,5,하차,32,38,41,48,58,60,68,81,79,81,83,91,98,106,91,107,125,2025-09-01
4,8,승차,37,53,59,48,68,55,76,81,76,89,81,105,107,99,95,102,123,2025-09-01
4,5,승차,45,58,53,51,54,77,77,74,74,79,102,93,102,117,103,125,110,2025-09-01
2,5,승차,32,43,46,57,60,79,74,64,80,74,84,120,80,121,108,129,134,2025-09-01
4,1,하차,38,53,48,48,59,65,66,72,76,90,87,95,96,113,113,120,121,2025-09-01
2,6,승차,36,46,57,62,49,76,71,68,79,95,86,90,101,94,134,121,98,2025-09-01
4,4,하차,40,45,38,60,46,61,86,70,86,86,91,101,87,97,95,108,126,2025-09-01
2,3,승차,44,45,48,51,61,66,73,84,89,81,88,94,112,83,109,131,138,2025-09-01
4,6,하차,40,30,44,60,56,68,69,76,89,91,93,108,93,94,107,112,124,2025-09-01
4,2,승차,43,57,42,66,66,65,75,81,89,69,81,99,83,119,126,122,103,2025-09-01
1,8,승차,45,36,61,54,52,71,72,76,73,75,84,92,116,103,96,120,126,2025-09-01
1,1,하차,42,44,47,52,58,64,64,87,69,94,95,103,90,95,105,112,131,2025-09-01
4,9,하차,33,46,58,66,58,71,57,79,72,75,72,97,87,88,99,108,123,2025-09-01
4,8,하차,41,52,50,51,61,73,77,80,95,80,104,95,97,97,103,113,102,2025-09-01
3,1,하차,43,32,50,59,68,52,61,70,86,87,95,101,104,108,104,113,120,2025-09-01
2,9,하차,31,45,54,51,65,49,81,77,87,79,84,85,107,99,114,125,134,2025-09-01
3,2,승차,39,37,43,43,40,73,69,85,82,96,81,111,111,119,103,119,123,2025-09-01
1,3,하차,30,44,47,52,69,62,70,79,83,95,77,81,104,99,104,96,107,2025-09-01
1,2,승차,35,53,41,39,63,73,66,66,73,83,105,99,100,94,111,110,118,2025-09-01
1,8,승차,52,47,47,45,72,75,84,83,81,84,89,81,98,112,107,127,114,2025-09-01
1,2,승차,37,39,49,68,61,56,77,77,89,80,78,103,102,88,103,121,123,2025-09-01
4,2,승차,56,39,47,65,54,61,82,77,79,90,89,97,83,106,113,120,123,2025-09-01
1,1,승차,41,54,52,64,62,69,80,81,74,83,81,89,90,125,117,112,113,2025-09-01
4,7,하차,35,46,50,63,66,74,88,80,69,80,94,98,104,97,109,104,132,2025-09-01
4,2,하차,42,52,51,41,79,68,70,97,65,76,81,104,100,117,137,109,121,2025-09-01
1,5,승차,33,47,48,50,76,67,70,78,75,78,95,76,90,100,123,107,110,2025-09-01
1,5,승차,36,54,59,63,58,65,59,76,68,81,91,96,101,125,90,126,131,2025-09-01
2,3,하차,39,43,48,55,54,71,76,76,87,81,86,98,85,91,115,112,105,2025-09-01
3,3,하차,35,38,51,57,62,53,67,81,90,65,82,95,104,107,111,104,126,2025-09-01
1,3,승차,46,32,42,57,70,53,74,69,85,109,86,92,103,104,111,107,123,2025-09-01
2,6,하차,37,54,58,58,75,75,58,65,69,90,90,116,102,97,88,134,129,2025-09-01
2,4,하차,39,51,44,59,67,68,52,74,68,89,90,88,102,83,93,114,120,2025-09-01
3,3,하차,49,36,59,57,65,48,72,80,88,85,88,90,85,115,118,103,136,2025-09-01
4,2,승차,41,51,54,51,54,52,68,62,90,100,94,87,91,84,98,127,110,2025-09-01
1,3,하차,40,39,49,61,60,69,62,59,91,84,89,84,81,121,103,107,118,2025-09-01
3,4,승차,45,47,47,52,62,66,70,78,68,90,81,85,93,107,110,124,136,2025-09-01
1,6,승차,40,40,51,63,49,74,55,84,73,83,89,79,102,105,121,110,112,2025-09-01
2,4,승차,43,49,58,51,71,59,70,74,77,97,93,93,97,99,94,116,121,2025-09-01
2,8,승차,32,47,51,53,55,64,73,82,74,79,88,98,111,100,116,117,111,2025-09-01
4,3,승차,41,47,63,50,69,60,66,75,86,102,95,110,89,113,103,114,113,2025-09-01
2,3,하차,44,47,54,49,59,65,72,96,78,79,96,116,115,95,107,106,118,2025-09-01
2,3,승차,41,50,51,60,46,70,78,68,78,94,88,88,93,94,103,119,117,2025-09-01
3,8,승차,37,41,58,63,71,67,75,74,76,93,90,106,96,102,109,104,114,2025-09-01
1,4,승차,40,46,54,58,52,60,66,76,73,90,83,79,100,103,111,108,125,2025-09-01
1,1,하차,46,35,44,52,65,75,65,84,70,82,116,97,98,102,114,113,124,2025-09-01
3,2,하차,46,50,60,60,69,58,87,71,90,76,83,99,119,94,121,110,139,2025-09-01
4,2,하차,46,50,42,61,60,78,86,75,73,81,85,96,100,108,116,105,122,2025-09-01
1,3,하차,49,49,50,49,52,63,67,78,77,78,86,95,110,119,113,115,128,2025-09-01
2,6,하차,36,54,41,56,55,64,66,63,68,74,86,93,93,108,117,128,104,2025-09-01
1,8,하차,33,47,51,57,58,52,76,73,54,85,82,97,97,95,133,98,124,2025-09-01
2,1,하차,42,56,51,57,46,61,60,84,82,90,82,80,91,106,101,117,121,2025-09-01
4,9,승차,36,31,48,63,51,63,59,77,79,93,91,92,93,99,129,129,142,2025-09-01
3,1,승차,44,52,49,48,68,70,69,72,70,101,84,86,104,91,108,112,135,2025-09-01
1,2,하차,37,43,48,53,65,72,61,61,79,86,93,105,90,109,116,113,135,2025-09-01
3,3,승차,32,54,60,63,68,77,69,73,81,68,94,98,96,108,98,99,140,2025-09-01
1,7,승차,25,45,45,40,62,76,68,70,95,86,70,83,113,103,125,105,110,2025-09-01
2,9,하차,31,44,42,59,47,81,62,72,70,88,75,100,100,109,112,124,136,2025-09-01
3,3,승차,50,36,57,52,55,82,59,80,77,99,84,86,109,95,113,100,113,2025-09-01
1,8,승차,46,43,57,59,67,72,78,67,73,78,87,88,99,112,119,121,123,2025-09-01
2,9,하차,46,38,62,56,59,69,75,87,87,87,86,111,86,95,99,101,127,2025-09-01
3,7,승차,34,40,40,59,74,60,78,84,70,82,93,85,115,95,101,124,117,2025-09-01
3,4,하차,56,35,59,66,67,70,75,77,86,80,113,106,102,95,109,103,115,2025-09-01
1,4,하차,39,46,54,62,58,59,73,86,86,80,88,74,100,99,113,105,115,2025-09-01
1,4,승차,47,45,44,55,55,55,64,78,79,88,86,96,94,102,105,121,120,2025-09-01
1,6,승차,55,44,44,48,68,66,61,84,77,74,103,113,87,101,92,112,136,2025-09-01
2,4,승차,33,44,48,45,53,51,83,79,80,90,84,103,112,109,114,107,114,2025-09-01
1,5,하차,50,46,54,51,63,60,72,72,76,97,90,98,89,93,107,103,124,2025-09-01
3,9,하차,41,41,56,43,58,54,76,83,85,85,87,102,101,113,132,116,102,2025-09-01
3,7,하차,36,50,44,65,51,82,63,82,74,66,102,71,93,96,104,121,128,2025-09-01
1,8,승차,34,41,36,51,52,61,78,74,82,79,101,98,97,113,108,118,116,2025-09-01
1,5,승차,37,46,58,45,67,49,71,84,86,81,90,99,89,99,102,116,124,2025-09-01
4,5,하차,39,50,44,59,72,59,76,79,78,86,87,90,91,107,110,127,98,2025-09-01
3,7,승차,44,45,51,54,47,81,80,70,70,80,75,102,87,108,106,106,123,2025-09-01
2,8,승차,49,50,67,61,71,76,78,68,83,87,92,104,95,111,102,128,125,2025-09-01
4,9,하차,35,46,42,59,51,59,64,65,69,84,106,102,99,91,98,120,129,2025-09-01
1,2,하차,42,35,68,57,72,89,74,65,68,86,95,113,102,103,109,115,124,2025-09-01
1,3,승차,32,53,50,53,51,77,67,82,86,82,82,106,99,109,117,118,118,2025-09-01
3,2,하차,36,47,61,51,53,63,75,66,89,64,78,86,96,107,128,116,119,2025-09-01
1,7,승차,60,42,62,46,62,75,81,69,88,95,96,86,110,88,112,113,117,2025-09-01
2,2,하차,42,41,50,78,72,71,75,79,68,89,78,97,117,97,117,117,109,2025-09-01
3,2,하차,37,31,55,52,59,53,72,69,68,86,100,85,109,96,94,126,121,2025-09-01
1,2,하차,33,47,53,50,55,59,78,65,87,77,79,104,118,116,105,133,103,2025-09-01
3,4,승차,32,48,46,47,51,56,69,66,79,90,99,104,87,101,95,116,115,2025-09-01
1,1,승차,38,45,51,54,69,72,66,76,69,86,93,81,103,99,98,107,126,2025-09-01
1,2,하차,36,53,44,62,52,63,71,55,76,85,93,113,80,115,123,121,135,2025-09-01
1,3,하차,39,36,54,70,52,64,79,79,68,68,84,105,80,122,113,133,126,2025-09-01
2,7,하차,35,45,58,38,65,62,64,83,72,100,91,110,99,108,106,118,132,2025-09-01
2,1,승차,48,57,46,53,72,74,62,53,78,74,96,85,100,81,103,117,111,2025-09-01
3,6,하차,45,52,57,46,54,64,69,71,65,85,99,99,101,109,85,118,106,2025-09-01
1,3,하차,48,36,49,56,63,47,73,87,71,90,92,78,114,110,111,100,123,2025-09-01
1,3,하차,36,43,48,50,58,72,77,76,77,87,86,93,84,104,106,101,155,2025-09-01
2,4,하차,29,38,53,53,61,72,62,60,80,87,82,96,93,105,103,118,120,2025-09-01
1,4,승차,40,54,46,55,63,65,73,56,82,87,100,96,114,94,113,122,116,2025-09-01
2,7,승차,36,61,58,51,63,62,77,59,63,95,92,109,92,109,104,115,98,2025-09-01
1,3,하차,49,47,45,53,59,56,85,66,62,82,105,82,100,102,103,88,135,2025-09-01
3,8,승차,36,38,49,53,78,69,78,75,70,90,86,90,96,116,125,118,119,2025-09-01
1,8,승차,41,33,49,51,84,61,74,92,82,87,80,113,90,90,111,110,125,2025-09-01
1,7,승차,45,39,44,61,72,76,67,74,88,96,99,107,105,98,94,120,123,2025-09-01
4,2,하차,38,44,42,59,52,51,72,72,82,97,81,109,111,108,123,116,123,2025-09-01
2,5,승차,34,51,53,69,69,64,72,68,102,93,90,102,103,113,132,120,124,2025-09-01
1,6,승차,32,53,57,48,44,63,72,85,74,75,84,85,110,115,108,128,95,2025-09-01
1,4,승차,39,52,50,52,59,71,73,70,89,77,89,85,81,89,102,116,118,2025-09-01
4,5,하차,34,49,54,64,63,60,71,77,84,78,83,109,86,108,117,108,112,2025-09-01
4,9,하차,54,41,59,62,57,63,59,55,86,89,106,75,93,120,108,97,115,2025-09-01
2,7,승차,48,35,45,56,60,66,73,78,77,90,81,106,93,96,116,130,132,2025-09-01
4,2,승차,48,44,45,54,62,60,74,79,88,86,106,87,105,101,111,99,124,2025-09-01
3,1,하차,42,38,51,48,66,76,69,69,88,62,79,89,99,110,120,116,115,2025-09-01
4,2,하차,42,47,51,62,65,72,76,66,83,72,100,91,86,88,104,118,104,2025-09-01
3,3,승차,38,43,53,63,60,72,64,70,72,84,66,87,115,101,128,134,124,2025-09-01
2,2,승차,47,51,41,48,64,71,67,69,84,87,86,87,99,89,105,126,131,2025-09-01
2,3,하차,41,44,54,65,47,59,70,83,73,83,102,84,111,110,116,118,113,2025-09-01
2,9,하차,35,49,47,60,53,66,73,59,82,82,79,99,101,126,120,116,114,2025-09-01
2,4,승차,40,38,63,52,53,67,64,67,92,69,65,90,103,103,105,115,107,2025-09-01
2,9,하차,38,43,47,67,52,75,70,74,82,91,92,116,91,90,110,127,113,2025-09-01
3,3,승차,34,50,67,58,48,56,80,71,82,101,103,105,108,117,119,111,114,2025-09-01
3,1,승차,31,49,45,74,71,68,70,74,96,70,102,105,91,113,112,100,124,2025-09-01
2,5,승차,37,46,56,56,61,67,71,64,80,91,86,114,91,97,122,93,130,2025-09-01
4,2,하차,40,42,46,51,61,67,84,63,76,100,96,90,109,84,116,122,110,2025-09-01
1,4,승차,51,44,44,55,72,82,71,84,82,86,94,103,105,87,101,112,100,2025-09-01
2,2,승차,49,38,58,47,59,71,51,91,73,85,98,107,88,108,92,112,120,2025-09-01
4,2,하차,48,51,58,56,57,70,69,66,74,91,89,98,104,110,108,97,110,2025-09-01
1,3,하차,33,37,61,57,79,56,73,55,76,99,75,94,92,104,97,120,111,2025-09-01
2,5,승차,34,48,47,50,68,52,69,73,81,87,79,89,93,112,117,116,108,2025-09-01
2,4,승차,37,31,45,55,43,62,59,62,71,74,83,81,120,111,94,103,120,2025-09-01
3,2,하차,37,47,61,49,57,58,64,81,75,72,88,81,97,112,98,124,132,2025-09-01
1,2,하차,32,40,42,55,57,79,63,65,68,74,87,104,105,102,105,129,105,2025-09-01
1,6,하차,47,42,44,53,66,52,82,81,94,87,77,91,109,92,97,105,92,2025-09-01
4,7,승차,41,47,60,58,61,68,80,70,61,101,91,95,109,124,96,112,124,2025-09-01
3,6,승차,45,45,48,54,61,69,64,95,85,78,79,89,74,131,117,124,98,2025-09-01
3,7,승차,45,45,51,47,51,69,70,68,61,62,89,101,116,104,98,115,119,2025-09-01
3,1,하차,44,39,49,53,67,63,75,81,91,90,87,83,108,96,100,139,124,2025-09-01
3,6,승차,39,55,53,69,58,70,63,95,106,83,92,101,108,92,112,129,121,2025-09-01
1,3,하차,35,41,52,55,61,74,66,74,95,80,77,96,94,97,110,116,133,2025-09-01
1,1,승차,47,39,70,61,57,65,78,62,83,69,77,78,108,112,119,109,133,2025-09-01
2,8,하차,31,61,55,63,45,67,62,75,92,91,74,100,98,113,129,122,111,2025-09-01
2,4,승차,39,51,41,76,69,74,72,81,84,85,90,93,112,104,119,99,118,2025-09-01
3,8,승차,46,45,55,54,76,59,76,96,75,96,85,105,88,101,112,117,112,2025-09-01
3,4,하차,45,51,46,62,57,72,68,76,69,83,112,85,103,104,130,110,124,2025-09-01
3,4,하차,36,45,54,58,42,75,63,63,73,85,87,104,92,110,120,137,122,2025-09-01
2,4,승차,31,40,48,74,64,59,66,79,96,74,109,92,104,133,127,114,118,2025-09-01
4,6,하차,53,39,50,58,55,74,68,79,87,89,95,83,106,114,106,123,106,2025-09-01
4,9,하차,32,42,47,64,58,56,63,72,74,80,100,108,106,104,100,109,111,2025-09-01
2,5,승차,41,36,39,62,77,83,66,75,70,98,91,98,106,84,96,101,93,2025-09-01
2,8,하차,43,38,57,63,66,69,72,74,74,79,76,90,102,95,119,136,128,2025-09-01
2,8,승차,40,39,40,50,69,62,64,78,73,81,75,108,111,85,123,114,124,2025-09-01
2,4,승차,42,36,49,59,65,76,65,70,70,86,82,115,96,106,111,117,119,2025-09-01
2,9,하차,37,42,62,60,57,66,76,86,74,73,87,69,91,116,104,119,137,2025-09-01
2,9,하차,42,27,56,47,63,72,75,83,74,81,85,102,97,92,123,116,117,2025-09-01
3,5,승차,42,49,56,41,62,67,85,71,78,79,112,105,91,107,110,107,120,2025-09-01
3,6,승차,49,44,61,56,69,66,79,74,69,74,92,95,122,121,110,104,119,2025-09-01
3,5,승차,40,44,43,57,49,52,82,79,87,90,100,82,103,102,122,108,118,2025-09-01
3,3,승차,35,46,57,57,65,61,82,89,80,86,100,90,90,98,102,110,110,2025-09-01
2,8,승차,47,47,51,58,56,65,64,81,66,64,94,97,113,108,120,115,118,2025-09-01
4,9,승차,35,36,53,57,64,73,56,73,87,90,80,102,101,103,135,110,121,2025-09-01
1,4,하차,30,59,48,55,62,61,69,79,78,90,86,97,100,97,105,107,128,2025-09-01
2,9,하차,34,34,47,64,71,81,71,79,78,83,96,112,111,101,134,113,127,2025-09-01
1,9,하차,53,47,51,59,54,68,67,64,88,86,87,113,90,105,97,129,101,2025-09-01
4,7,승차,43,44,37,61,53,70,77,78,85,79,82,98,105,91,123,121,118,2025-09-01
3,8,하차,30,41,50,57,57,53,81,58,85,63,77,90,95,111,128,103,123,2025-09-01
4,3,승차,42,54,43,65,65,71,73,80,73,67,88,99,100,129,103,135,109,2025-09-01
2,5,승차,36,60,58,45,65,79,61,55,69,91,105,87,111,118,103,119,97,2025-09-01
3,3,하차,30,39,52,63,56,72,87,87,76,59,80,101,107,103,113,117,117,2025-09-01
2,7,승차,53,47,43,56,57,58,72,68,72,73,106,98,90,105,93,125,120,2025-09-01
3,6,승차,39,43,52,48,51,65,76,87,80,75,93,91,96,99,107,118,119,2025-09-01
1,3,승차,46,50,65,47,49,76,71,77,71,80,84,95,97,95,98,119,126,2025-09-01
1,9,승차,48,55,52,76,53,71,63,85,76,87,81,87,102,112,117,119,116,2025-09-01
1,1,승차,48,47,43,44,67,70,87,80,73,89,88,102,90,102,116,130,117,2025-09-01
4,3,승차,46,56,40,44,64,56,67,69,67,76,109,101,96,81,110,106,106,2025-09-01
2,7,하차,47,45,50,54,57,75,76,75,79,97,73,85,96,98,104,103,110,2025-09-01
4,3,승차,41,63,49,51,58,72,77,92,85,78,82,100,98,96,115,112,121,2025-09-01
1,3,승차,36,38,49,49,49,68,73,83,98,90,78,104,96,103,92,119,118,2025-09-01
2,2,승차,41,45,62,41,49,57,66,73,91,72,91,97,86,89,126,112,124,2025-09-01
1,9,승차,41,47,56,61,56,62,70,70,87,96,78,101,106,112,95,125,109,2025-09-01
4,4,하차,44,54,45,64,52,58,73,62,88,85,101,102,84,122,107,130,114,2025-09-01
4,6,하차,38,41,59,41,54,71,63,83,113,70,85,93,92,94,111,146,133,2025-09-01
4,2,승차,51,50,35,60,65,69,61,72,79,81,95,93,98,101,102,97,107,2025-09-01
1,9,승차,38,34,61,55,61,68,71,80,93,76,82,96,81,113,102,123,117,2025-09-01
2,7,승차,40,40,57,75,56,57,69,75,85,72,72,95,93,114,124,114,137,2025-09-01
2,5,하차,36,48,52,59,53,55,56,71,90,92,87,89,90,105,98,125,119,2025-09-01
1,7,하차,50,44,57,53,58,75,73,69,73,67,78,114,86,92,99,111,121,2025-09-01
2,4,하차,40,51,57,54,57,57,69,66,97,81,110,90,113,110,104,130,123,2025-09-01
1,7,하차,45,40,34,53,64,63,88,66,76,95,91,86,102,104,124,110,116,2025-09-01
2,2,승차,36,43,62,55,66,69,80,72,84,85,101,98,89,96,120,124,132,2025-09-01
3,7,하차,47,48,39,57,62,57,67,85,69,90,95,102,104,131,121,107,120,2025-09-01
3,4,하차,46,45,47,57,59,69,71,78,87,89,84,97,94,88,100,149,116,2025-09-01
4,4,승차,39,48,53,52,67,56,74,75,90,76,98,87,113,99,108,115,107,2025-09-01
3,1,승차,42,49,59,69,56,58,55,85,78,94,95,106,96,115,111,134,140,2025-09-01
3,3,하차,58,34,65,47,66,63,58,100,58,106,91,103,106,83,107,122,133,2025-09-01
3,5,하차,42,45,61,47,69,67,69,79,85,80,67,101,113,108,116,120,137,2025-09-01
1,5,하차,34,59,60,51,58,71,62,74,78,102,94,103,109,104,95,126,123,2025-09-01
3,2,하차,51,54,55,69,62,67,55,71,84,79,95,101,108,91,114,118,131,2025-09-01
3,4,승차,57,46,48,49,73,83,68,74,94,87,90,89,104,101,124,107,113,2025-09-01
4,1,승차,38,48,47,56,59,73,70,82,75,66,102,104,97,99,114,120,116,2025-09-01
3,9,하차,42,38,53,49,52,50,71,71,81,86,92,103,125,92,96,121,113,2025-09-01
3,1,하차,39,40,45,54,54,71,70,68,74,86,91,84,99,118,133,130,126,2025-09-01
2,6,하차,42,47,35,51,58,78,71,65,76,65,97,98,95,122,112,104,123,2025-09-01
4,7,하차,38,53,48,48,62,61,67,66,79,102,89,92,98,114,120,123,116,2025-09-01
4,3,하차,43,53,58,62,56,58,62,81,78,76,104,104,99,106,118,126,135,2025-09-01
4,1,승차,36,51,55,44,66,57,75,60,91,100,92,91,103,117,117,110,120,2025-09-01
4,7,승차,30,44,51,55,53,61,79,63,81,87,100,92,103,101,112,125,138,2025-09-01
4,3,승차,37,33,54,46,72,48,59,76,58,86,89,86,100,98,106,122,123,2025-09-01
4,6,하차,41,45,55,55,61,64,75,81,82,73,67,85,95,116,115,108,109,2025-09-01
1,6,하차,34,42,50,57,73,61,77,77,73,72,106,100,91,128,119,107,119,2025-09-01
3,4,승차,50,49,54,61,69,67,76,84,74,82,93,93,91,131,100,99,134,2025-09-01
4,6,승차,35,42,50,53,53,67,73,75,82,83,78,102,94,91,113,118,118,2025-09-01
3,4,하차,35,49,45,60,61,62,76,82,76,88,75,92,102,109,111,127,129,2025-09-01
3,8,승차,47,37,49,71,56,59,73,75,72,92,82,101,108,119,117,104,121,2025-09-01
1,9,하차,42,45,48,64,58,75,67,81,90,92,99,92,92,95,100,115,122,2025-09-01
4,2,하차,36,56,44,58,62,66,65,86,87,85,97,81,100,107,122,107,107,2025-09-01
2,7,승차,33,38,44,52,59,54,65,66,93,81,87,112,88,113,114,138,123,2025-09-01
1,9,승차,31,58,61,51,55,54,70,76,82,83,80,89,99,91,122,120,112,2025-09-01
2,9,승차,47,40,56,45,62,70,68,90,70,74,94,88,90,105,119,125,109,2025-09-01
3,5,하차,39,44,46,62,51,74,70,88,91,85,94,90,89,112,110,125,127,2025-09-01
3,1,하차,45,40,53,53,63,63,72,75,62,82,87,82,110,97,111,128,134,2025-09-01
1,6,승차,45,45,43,43,51,69,63,70,83,90,91,97,122,91,110,120,111,2025-09-01
1,8,하차,32,57,70,58,58,73,68,73,76,93,92,98,100,101,114,150,136,2025-09-01
2,1,하차,31,45,48,43,43,55,68,76,88,87,90,82,103,88,107,134,122,2025-09-01
4,2,하차,45,41,47,49,67,78,76,77,83,76,85,91,87,108,84,117,126,2025-09-01
2,1,승차,40,54,53,66,67,86,83,79,84,95,96,91,92,107,116,145,125,2025-09-01
1,5,하차,44,51,48,51,57,66,84,71,96,94,86,99,119,105,130,107,133,2025-09-01
2,2,승차,49,37,53,59,55,62,69,69,85,72,77,115,101,115,115,117,110,2025-09-01
1,4,승차,39,57,55,69,62,48,80,84,74,85,78,98,109,97,113,111,131,2025-09-01
2,1,하차,36,44,58,46,64,69,60,70,80,91,102,99,101,101,120,122,106,2025-09-01
1,7,승차,35,36,51,50,62,52,70,80,82,93,95,109,100,96,124,122,104,2025-09-01
1,8,하차,36,34,48,57,49,72,78,69,80,75,79,101,95,127,118,132,127,2025-09-01
1,5,승차,26,49,56,55,60,76,56,57,86,79,97,96,103,91,94,130,131,2025-09-01
4,2,승차,44,56,46,50,57,86,81,89,94,76,97,85,86,107,120,114,115,2025-09-01
2,8,하차,39,38,52,54,47,73,67,79,68,87,83,110,99,80,106,111,113,2025-09-01
2,1,승차,38,58,53,54,71,62,59,83,73,93,91,110,108,94,121,115,120,2025-09-01
2,7,승차,39,57,50,67,59,61,82,87,83,96,88,104,100,95,120,129,126,2025-09-01
1,1,승차,48,46,54,52,50,63,58,90,73,70,83,92,115,93,90,113,122,2025-09-01
2,6,하차,45,46,49,68,59,70,77,65,85,91,89,93,100,123,108,111,112,2025-09-01
2,6,하차,41,40,46,49,60,61,70,79,77,84,86,113,102,107,119,117,118,2025-09-01
1,5,승차,42,49,40,51,59,64,57,73,82,90,110,89,103,129,123,121,130,2025-09-01
3,2,승차,35,33,48,47,62,55,64,72,78,93,93,95,117,113,116,109,122,2025-09-01
1,2,승차,41,42,51,59,70,70,64,71,88,74,90,98,66,106,111,113,132,2025-09-01
2,9,하차,46,45,55,82,57,68,77,61,91,92,84,89,108,101,137,113,135,2025-09-01
1,5,하차,44,46,60,42,67,60,79,72,91,84,100,72,115,99,94,121,121,2025-09-01
3,5,승차,39,48,62,55,58,66,70,91,95,80,78,94,100,100,127,119,111,2025-09-01
1,7,하차,43,50,49,59,63,53,73,68,89,91,114,88,92,98,117,115,117,2025-09-01
2,6,하차,42,42,46,55,57,70,63,62,113,80,92,97,89,95,108,100,107,2025-09-01
3,2,하차,42,38,50,58,70,68,65,58,76,88,88,94,105,87,116,103,129,2025-09-01
4,1,하차,37,34,53,41,82,62,63,84,94,81,101,104,95,101,111,118,117,2025-09-01
2,5,승차,46,40,54,48,55,65,77,70,80,92,90,91,83,116,94,114,105,2025-09-01
3,4,하차,41,40,55,65,62,58,84,70,91,83,112,86,93,77,95,137,123,2025-09-01
3,3,하차,38,36,49,57,65,68,90,79,95,104,94,84,116,93,127,90,114,2025-09-01
4,2,승차,44,35,52,63,64,64,59,83,74,75,85,87,100,103,95,99,122,2025-09-01
1,2,승차,50,50,48,57,63,52,81,60,78,99,83,102,91,114,108,129,114,2025-09-01
1,4,하차,48,52,50,60,53,56,71,83,83,96,98,98,82,127,104,119,97,2025-09-01
2,2,하차,46,45,47,49,61,74,64,62,90,85,89,86,121,106,111,119,135,2025-09-01
4,4,승차,45,55,41,53,65,62,67,93,70,82,82,84,101,108,105,126,107,2025-09-01
1,3,승차,39,41,41,40,77,66,69,75,73,83,92,97,100,116,108,113,129,2025-09-01
4,9,승차,42,40,40,54,52,70,77,62,78,84,72,109,89,100,116,121,104,2025-09-01
1,7,하차,35,41,47,46,66,63,72,84,85,76,87,92,106,105,119,108,118,2025-09-01
3,3,하차,47,49,61,51,58,63,81,89,64,71,96,109,96,98,108,111,133,2025-09-01
1,8,승차,37,51,42,59,64,56,79,76,70,81,93,87,95,121,103,106,115,2025-09-01
4,9,하차,37,48,54,53,65,81,72,71,81,79,107,90,95,107,100,119,110,2025-09-01
3,7,승차,38,36,64,51,58,58,66,87,82,79,83,98,98,84,101,108,116,2025-09-01
3,6,하차,43,49,57,48,56,76,83,73,66,77,93,89,113,105,111,117,113,2025-09-01
3,4,승차,40,49,50,55,59,60,79,83,79,74,76,92,82,102,113,120,129,2025-09-01
4,5,승차,39,45,47,52,58,42,67,75,78,75,64,91,100,101,109,112,116,2025-09-01
2,8,하차,47,47,33,63,55,64,83,75,64,80,76,99,97,114,109,104,122,2025-09-01
2,3,하차,36,39,47,55,54,53,82,67,82,92,73,108,102,122,112,125,118,2025-09-01
2,2,하차,35,52,43,56,43,49,80,53,77,74,74,100,97,106,107,128,105,2025-09-01
4,3,하차,43,53,45,69,72,73,77,72,60,78,100,94,102,87,110,119,109,2025-09-01
3,7,하차,26,39,48,57,56,55,76,68,62,93,94,108,106,106,107,118,111,2025-09-01
2,8,하차,41,44,37,56,49,67,81,78,98,105,93,97,89,97,100,94,107,2025-09-01
4,1,승차,28,39,41,63,62,69,72,80,78,88,105,88,91,88,123,127,114,2025-09-01
2,7,하차,40,57,59,59,60,69,62,74,72,83,95,86,86,101,97,107,109,2025-09-01
1,9,승차,34,49,48,49,55,57,75,78,84,95,105,103,99,115,121,99,113,2025-09-01
2,3,승차,46,47,53,60,55,67,66,68,60,99,82,100,101,108,95,117,117,2025-09-01
2,3,하차,46,38,56,59,69,59,67,66,72,98,76,99,100,109,96,118,107,2025-09-01
3,8,승차,30,39,54,67,45,55,65,79,77,84,73,93,87,112,105,119,133,2025-09-01
4,4,승차,40,40,50,55,67,60,71,75,89,90,101,84,127,122,112,130,136,2025-09-01
3,8,하차,36,50,52,47,52,59,68,77,79,95,94,108,107,95,99,99,120,2025-09-01
3,5,하차,38,36,51,69,57,54,61,88,72,96,87,99,101,102,103,121,110,2025-09-01
3,3,하차,36,42,70,66,58,71,69,52,92,74,105,86,79,105,107,120,131,2025-09-01
3,4,승차,42,32,50,51,56,69,70,66,86,88,114,88,89,112,97,138,119,2025-09-01
3,4,하차,32,39,49,58,56,67,64,70,79,88,104,88,91,91,105,122,111,2025-09-01
2,8,하차,37,38,45,47,54,64,89,87,76,93,87,87,95,88,103,118,108,2025-09-01
3,6,하차,37,37,56,64,70,57,65,76,69,82,98,104,91,91,90,128,109,2025-09-01
3,7,하차,35,54,55,60,62,52,82,73,83,80,92,103,99,122,109,114,136,2025-09-01
4,9,승차,45,40,45,51,66,71,82,82,85,76,86,96,114,119,105,112,106,2025-09-01
1,6,하차,37,46,52,52,52,61,65,88,64,93,91,92,111,112,111,115,124,2025-09-01
2,3,승차,45,65,56,58,60,59,67,73,83,91,99,95,113,90,113,127,119,2025-09-01
2,3,하차,40,50,56,52,50,64,59,75,82,96,89,111,92,91,111,95,119,2025-09-01
2,3,승차,39,41,49,46,65,72,82,66,71,80,94,96,87,112,107,122,110,2025-09-01
3,2,승차,40,52,66,64,63,64,71,58,75,97,95,98,101,92,119,109,125,2025-09-01
3,1,승차,40,41,49,47,54,65,60,76,82,88,90,101,116,93,117,102,119,2025-09-01
3,1,하차,37,56,39,68,55,60,63,65,90,69,87,107,99,132,108,95,138,2025-09-01
4,4,승차,32,45,45,54,62,66,79,69,63,72,89,86,84,133,90,109,123,2025-09-01
1,3,하차,55,49,46,40,59,65,83,72,75,66,93,88,89,112,97,101,123,2025-09-01
3,5,하차,47,46,49,56,61,70,64,78,91,82,89,92,96,111,116,115,121,2025-09-01
1,9,하차,39,37,41,64,67,68,63,79,75,99,104,88,101,113,118,116,123,2025-09-01
4,8,하차,39,33,43,60,61,62,76,75,92,94,92,97,97,103,108,102,112,2025-09-01
2,9,하차,34,42,47,58,64,68,75,68,77,66,82,101,98,106,106,108,126,2025-09-01
3,5,승차,35,45,54,54,72,54,68,68,89,76,92,81,100,108,113,116,126,2025-09-01
1,8,하차,52,41,56,47,74,59,71,70,73,84,91,90,117,110,110,91,101,2025-09-01
1,4,승차,35,43,36,56,57,51,71,85,81,86,95,125,105,108,93,110,105,2025-09-01
3,5,승차,38,54,49,55,65,79,64,90,96,85,80,108,81,97,112,113,110,2025-09-01
2,3,승차,40,36,55,60,65,71,64,85,84,96,86,101,98,110,111,119,128,2025-09-01
2,5,승차,47,34,59,58,55,67,67,89,78,97,100,112,96,88,107,123,125,2025-09-01
2,3,승차,53,50,64,57,60,62,75,74,61,86,80,85,116,95,110,113,121,2025-09-01
4,5,승차,53,60,52,49,53,72,61,87,91,74,90,84,118,107,104,112,134,2025-09-01
1,5,승차,46,43,49,41,67,62,71,77,91,93,80,87,98,111,114,120,113,2025-09-01
1,6,하차,34,45,44,54,62,79,58,75,88,79,111,73,109,109,122,124,107,2025-09-01
1,9,승차,37,46,51,50,63,61,85,77,73,92,92,108,90,122,121,105,119,2025-09-01
4,1,하차,39,40,35,49,57,59,63,75,96,90,82,94,83,81,99,126,114,2025-09-01
1,6,승차,37,37,53,63,57,70,64,74,94,92,100,84,130,108,105,99,120,2025-09-01
4,1,승차,40,35,37,49,51,65,82,70,81,93,96,83,92,116,105,95,109,2025-09-01
2,6,승차,38,50,48,37,67,64,75,76,80,77,103,105,116,111,120,117,120,2025-09-01
3,2,승차,34,43,61,51,70,71,82,78,89,87,89,94,93,100,110,127,126,2025-09-01
1,8,하차,43,40,51,50,67,73,63,73,86,95,86,84,103,111,109,109,112,2025-09-01
1,3,하차,29,41,50,48,41,73,61,78,73,73,90,106,107,106,117,118,128,2025-09-01
2,6,하차,38,43,48,57,45,60,84,62,79,72,85,94,91,106,99,113,132,2025-09-01
3,6,승차,38,42,49,56,61,70,57,94,73,63,90,109,92,97,113,103,110,2025-09-01
4,4,승차,38,52,42,54,48,56,81,76,90,78,85,115,129,99,100,96,125,2025-09-01
3,5,승차,42,43,52,76,62,75,47,73,71,73,88,98,84,118,122,93,113,2025-09-01
2,2,하차,44,45,62,51,69,63,76,66,74,109,92,106,98,90,117,119,109,2025-09-01
2,8,승차,33,55,48,47,66,67,78,83,90,90,87,88,107,92,95,128,123,2025-09-01
3,7,하차,41,38,45,51,63,57,84,83,74,87,103,103,106,105,128,120,127,2025-09-01
4,6,하차,57,42,46,58,59,58,57,72,68,82,99,88,113,117,103,118,130,2025-09-01
4,7,승차,45,37,47,54,50,67,69,100,75,78,79,111,114,108,105,117,131,2025-09-01
1,1,승차,49,47,43,56,61,72,71,80,70,101,83,94,90,120,121,119,130,2025-09-01
4,5,하차,42,55,55,55,63,63,53,87,86,75,69,96,88,104,100,137,142,2025-09-01
3,7,하차,31,57,55,62,49,64,65,74,84,83,114,93,74,107,130,117,116,2025-09-01
2,1,하차,33,35,43,59,61,80,82,77,71,86,93,110,115,100,105,113,114,2025-09-01
1,2,승차,42,47,57,54,67,73,55,83,76,87,85,95,103,98,123,131,130,2025-09-01
1,9,승차,35,37,45,55,54,58,65,75,80,76,92,102,105,98,96,91,129,2025-09-01
2,3,승차,40,37,47,48,68,71,77,82,75,85,79,96,96,95,110,112,135,2025-09-01
4,6,승차,35,39,56,55,66,65,63,73,75,81,92,91,84,87,104,124,115,2025-09-01
2,7,승차,45,49,44,54,63,69,75,77,62,89,93,84,93,107,91,120,130,2025-09-01
4,9,승차,36,47,53,51,53,59,70,72,77,91,84,87,98,96,100,117,102,2025-09-01
2,5,하차,45,56,50,53,55,56,59,68,99,77,93,98,105,110,101,111,133,2025-09-01
3,4,하차,35,39,58,60,59,69,77,67,70,81,85,82,107,107,123,107,119,2025-09-01
4,2,하차,33,33,42,60,58,71,67,67,58,106,91,95,110,95,104,128,132,2025-09-01
3,3,승차,39,43,53,63,72,78,63,72,70,85,86,85,101,94,108,111,116,2025-09-01
1,5,하차,39,49,54,58,53,63,55,73,71,95,99,93,114,103,104,122,105,2025-09-01
2,2,승차,30,44,48,60,58,73,86,81,79,75,94,96,118,98,105,122,112,2025-09-01
1,4,승차,39,49,40,58,79,66,79,62,78,98,88,119,95,90,118,115,122,2025-09-01
1,1,하차,56,39,55,66,70,50,55,54,75,81,88,92,94,108,98,114,134,2025-09-01
1,4,승차,40,38,49,68,43,82,75,89,80,106,83,93,88,108,123,120,107,2025-09-01
1,7,하차,43,47,55,50,63,62,82,71,91,91,97,98,94,108,115,110,127,2025-09-01
2,3,하차,40,54,59,56,59,59,87,68,88,64,79,101,93,103,121,113,156,2025-09-01
1,8,승차,56,43,45,74,59,75,68,83,83,100,84,90,112,92,110,121,118,2025-09-01
2,6,하차,45,46,63,62,66,64,70,83,80,84,103,97,105,116,108,114,117,2025-09-01
2,6,하차,44,38,40,54,65,71,56,72,73,80,81,105,93,107,115,120,129,2025-09-01
3,1,하차,36,45,62,49,50,52,70,64,91,78,89,98,100,109,117,130,124,2025-09-01
4,5,하차,38,55,60,55,44,71,77,75,72,91,111,94,96,102,118,120,112,2025-09-01
4,3,승차,47,57,33,65,68,59,80,84,93,94,85,114,99,117,104,123,133,2025-09-01
2,1,하차,47,46,69,72,52,68,63,70,69,64,86,92,96,94,98,125,130,2025-09-01
3,8,하차,54,48,51,56,71,62,68,79,79,72,92,94,109,102,107,105,119,2025-09-01
2,7,하차,48,46,64,70,56,62,74,82,73,100,63,103,113,73,126,135,109,2025-09-01
2,7,승차,28,37,50,51,66,57,72,73,87,86,90,97,91,92,100,111,120,2025-09-01
2,4,하차,31,47,39,51,57,69,64,82,88,74,85,92,88,118,116,105,137,2025-09-01
3,6,승차,46,34,48,53,58,67,61,65,89,90,87,97,100,99,106,111,132,2025-09-01
4,9,하차,43,33,53,53,60,65,79,91,66,84,80,108,84,93,104,121,125,2025-09-01
3,3,하차,34,46,47,47,57,79,67,77,104,80,88,97,89,108,106,106,98,2025-09-01
1,9,하차,35,57,66,58,61,61,65,77,92,78,94,90,112,125,112,124,138,2025-09-01
3,4,승차,34,55,58,58,76,52,72,72,95,98,96,100,114,103,102,130,118,2025-09-01
3,5,승차,39,42,53,59,54,57,63,76,86,88,90,84,104,85,103,105,111,2025-09-01
3,7,승차,42,37,52,46,63,81,60,72,77,92,92,86,100,98,112,106,129,2025-09-01
3,6,승차,49,41,42,45,68,62,62,62,86,91,93,101,101,100,121,108,140,2025-09-01
4,8,승차,37,45,64,47,57,61,59,81,69,89,91,95,95,100,108,144,116,2025-09-01
1,8,승차,39,36,64,63,56,82,69,75,74,88,86,115,96,109,108,107,105,2025-09-01
4,8,하차,29,46,38,45,59,76,62,86,79,81,81,80,82,103,125,97,130,2025-09-01
4,3,승차,51,46,56,50,55,74,65,76,93,80,84,96,95,111,116,111,120,2025-09-01
3,6,하차,41,49,49,54,68,54,70,63,81,70,84,97,83,104,113,122,128,2025-09-01
2,7,승차,44,40,61,57,68,65,88,78,65,71,89,95,101,113,115,107,119,2025-09-01
2,9,승차,38,49,44,59,54,72,69,64,68,82,82,98,99,107,104,120,134,2025-09-01
4,4,승차,48,35,53,50,57,69,71,83,69,103,87,82,75,108,103,102,112,2025-09-01
4,5,하차,55,49,51,64,61,66,74,65,84,89,84,86,101,127,78,106,99,2025-09-01
3,8,승차,38,38,62,50,60,53,67,74,81,83,81,106,106,93,98,109,145,2025-09-01
4,1,승차,37,51,42,70,45,60,74,88,83,87,106,98,89,94,106,112,120,2025-09-01
3,6,하차,37,40,53,49,63,77,59,85,73,96,78,103,109,137,114,103,122,2025-09-01
2,4,하차,33,48,41,41,55,52,80,89,90,91,86,83,105,104,98,109,124,2025-09-01
2,5,하차,35,38,49,51,55,67,63,72,73,88,67,91,100,94,109,118,102,2025-09-01
1,5,하차,35,43,37,52,43,68,79,80,87,81,92,100,96,117,99,129,124,2025-09-01
2,2,승차,38,48,38,64,69,70,73,61,78,74,79,91,98,137,114,109,128,2025-09-01
4,8,하차,32,40,49,54,63,51,72,72,84,92,93,89,113,113,103,111,115,2025-09-01
2,2,승차,42,59,50,56,61,67,76,64,71,69,86,92,109,105,106,113,126,2025-09-01
3,4,승차,44,41,55,53,51,59,54,62,82,83,79,109,89,100,104,123,133,2025-09-01
2,5,하차,39,41,52,47,47,85,56,66,72,87,96,96,107,124,122,105,129,2025-09-01
1,1,승차,50,48,45,62,65,70,70,70,80,92,88,80,104,107,106,90,147,2025-09-01
2,6,하차,32,59,46,64,62,61,79,82,80,86,84,98,105,108,123,124,105,2025-09-01
3,2,승차,42,45,37,62,55,55,65,73,76,92,86,91,93,127,123,131,119,2025-09-01
3,5,하차,39,45,47,62,66,48,64,67,85,95,80,112,86,134,108,120,143,2025-09-01
4,6,하차,33,53,60,54,60,59,77,72,86,88,74,95,88,101,112,103,112,2025-09-01
2,8,하차,39,45,51,46,58,58,74,60,77,91,93,88,98,97,104,95,102,2025-09-01
3,9,하차,36,47,53,60,52,61,70,74,81,82,92,103,98,113,108,115,132,2025-09-01
1,6,하차,53,45,52,56,54,67,68,66,80,88,91,95,107,92,96,101,109,2025-09-01
4,5,하차,37,52,62,59,60,70,64,92,86,87,95,85,98,110,108,120,123,2025-09-01
1,4,승차,48,60,46,55,76,55,61,74,77,97,96,97,98,106,131,105,120,2025-09-01
2,2,승차,31,50,49,59,65,65,74,84,86,88,94,113,93,78,114,125,135,2025-09-01
2,2,승차,44,47,56,63,54,53,81,73,80,83,102,94,100,109,100,115,96,2025-09-01
2,7,하차,38,46,52,56,71,53,67,89,74,84,96,88,97,76,105,111,127,2025-09-01
4,5,승차,38,40,53,56,72,63,58,83,84,90,92,105,94,118,126,127,129,2025-09-01
3,7,하차,44,44,49,63,70,57,58,72,85,72,101,96,83,105,109,129,114,2025-09-01
4,1,승차,41,38,50,56,74,54,79,93,90,68,108,92,98,113,125,122,114,2025-09-01
1,1,승차,42,40,48,54,67,67,71,91,73,76,98,92,114,113,123,114,127,2025-09-01
4,5,하차,50,40,52,48,68,63,70,70,62,94,83,73,120,114,109,139,119,2025-09-01
1,2,승차,41,50,56,49,71,58,72,76,69,89,98,106,92,109,96,133,122,2025-09-01
4,8,승차,36,42,58,53,72,71,67,69,74,101,81,110,88,102,98,118,113,2025-09-01
3,3,승차,36,41,49,61,70,60,52,74,83,78,77,76,96,115,111,111,147,2025-09-01
1,1,하차,33,42,44,63,58,47,66,80,91,75,103,93,101,106,111,123,107,2025-09-01
2,2,승차,37,43,48,47,57,57,93,70,85,97,76,106,99,112,101,131,134,2025-09-01
2,7,하차,36,42,51,57,59,71,82,74,72,84,88,90,99,114,120,115,129,2025-09-01
4,6,승차,50,45,53,50,57,67,77,82,88,86,95,97,95,102,114,106,115,2025-09-01
2,8,승차,40,62,51,62,67,52,77,70,83,78,95,81,117,105,123,127,116,2025-09-01
1,7,승차,40,34,56,58,54,70,85,69,77,88,90,95,102,115,100,121,128,2025-09-01
2,8,승차,40,43,50,57,67,58,59,67,92,72,114,112,94,132,130,91,118,2025-09-01
3,3,하차,52,63,46,60,61,57,70,75,79,93,97,99,107,103,112,134,122,2025-09-01
3,6,승차,37,55,51,50,56,76,72,82,85,74,90,107,97,107,115,124,129,2025-09-01
4,7,하차,28,52,43,45,51,76,73,82,79,101,105,106,100,102,107,116,130,2025-09-01
1,1,하차,39,37,49,58,53,61,77,83,73,91,97,94,98,95,107,132,115,2025-09-01
3,1,승차,29,57,55,64,72,62,69,70,89,98,86,85,105,105,111,107,128,2025-09-01
3,7,승차,38,35,49,50,53,54,75,87,94,94,90,101,114,102,122,110,125,2025-09-01
1,3,하차,34,39,57,49,58,62,61,80,90,91,110,104,101,105,122,131,125,2025-09-01
2,3,하차,38,47,43,63,62,76,80,76,71,100,89,98,97,107,124,136,125,2025-09-01
2,5,승차,48,33,44,54,66,55,61,80,74,75,92,91,102,117,105,115,113,2025-09-01
4,6,승차,45,58,57,55,62,69,76,65,73,81,104,97,100,104,129,106,121,2025-09-01
2,2,승차,38,50,65,58,71,62,70,72,71,88,87,87,100,104,100,111,126,2025-09-01
1,3,승차,55,43,50,44,66,56,73,66,82,82,108,86,82,102,113,101,125,2025-09-01
3,6,승차,45,44,42,52,61,73,73,87,89,93,103,91,101,103,110,114,129,2025-09-01
2,3,하차,46,40,60,56,62,58,76,78,78,81,84,95,108,104,103,131,107,2025-09-01
4,5,승차,39,43,55,58,59,76,71,88,91,92,109,102,94,103,92,112,125,2025-09-01
2,9,승차,51,48,53,52,54,62,69,77,86,74,101,94,102,117,110,123,113,2025-09-01
1,3,하차,34,41,55,55,54,49,75,87,80,80,80,97,97,114,111,140,128,2025-09-01
4,6,승차,41,41,44,43,60,79,64,82,65,105,88,88,100,118,130,123,111,2025-09-01
2,5,승차,36,40,55,47,69,51,82,78,87,84,92,85,104,100,115,111,120,2025-09-01
4,5,하차,39,42,57,52,60,52,78,80,85,77,89,103,108,108,94,133,111,2025-09-01
1,6,승차,38,46,57,56,58,56,65,54,70,66,117,91,93,101,112,109,115,2025-09-01
3,6,하차,40,40,36,57,56,64,64,81,70,80,98,82,101,103,115,122,125,2025-09-01
1,1,승차,45,51,58,50,70,54,66,76,68,97,77,89,106,93,102,127,135,2025-09-01
1,9,승차,33,41,47,48,62,69,75,70,84,55,79,100,80,121,115,113,145,2025-09-01
1,5,승차,46,48,55,55,67,67,72,71,77,80,87,87,90,107,114,108,116,2025-09-01
1,1,하차,46,33,57,58,59,62,62,78,89,85,90,100,109,117,118,105,136,2025-09-01
3,8,하차,45,39,50,55,48,56,64,82,81,77,88,93,103,123,117,108,132,2025-09-01
3,7,하차,37,41,45,41,58,63,69,96,84,62,82,91,117,102,117,113,112,2025-09-01
4,7,하차,44,46,52,62,66,63,58,68,80,69,90,103,109,125,114,113,119,2025-09-01
2,5,승차,43,39,38,50,50,61,78,89,93,89,91,102,110,71,81,114,125,2025-09-01
3,1,하차,37,41,53,48,55,55,59,66,79,96,95,86,94,107,111,106,125,2025-09-01
3,9,하차,41,47,44,46,55,58,75,78,56,92,92,119,99,111,107,128,122,2025-09-01
2,9,하차,40,45,43,46,58,78,52,70,74,85,86,95,105,101,105,110,128,2025-09-01
3,8,승차,36,43,49,48,64,56,74,92,80,79,88,101,100,110,99,128,107,2025-09-01
1,5,승차,41,36,62,60,63,53,82,72,67,87,80,81,90,101,124,111,122,2025-09-01
1,3,하차,35,48,46,44,69,62,62,82,86,101,89,113,93,86,95,117,111,2025-09-01
2,8,하차,49,60,45,57,64,75,72,74,73,96,86,94,98,106,106,101,108,2025-09-01
4,1,승차,37,41,47,53,65,74,65,68,87,88,121,73,109,90,107,99,124,2025-09-01
4,3,하차,49,53,59,51,57,52,81,72,83,81,100,96,84,102,115,128,129,2025-09-01
2,7,하차,37,53,49,48,52,61,71,80,84,85,84,89,106,110,110,117,138,2025-09-01
2,4,하차,36,61,56,49,58,61,74,81,86,73,90,89,106,111,119,112,113,2025-09-01
1,7,하차,46,43,35,63,63,59,66,63,82,75,96,96,101,95,100,107,123,2025-09-01
4,5,승차,39,32,47,51,58,69,63,68,87,77,98,92,97,120,130,133,116,2025-09-01
3,6,승차,48,51,51,54,70,51,75,82,77,83,103,99,90,116,97,122,111,2025-09-01
1,7,승차,46,43,52,70,55,59,79,74,79,112,90,96,95,96,113,137,131,2025-09-02
2,7,하차,38,42,59,59,50,78,68,79,70,94,103,109,113,95,111,119,118,2025-09-02
4,7,하차,44,45,57,61,73,57,64,84,82,94,98,87,106,103,104,119,107,2025-09-02
3,7,승차,37,31,53,49,64,71,79,90,82,85,81,102,114,103,92,108,126,2025-09-02
3,7,승차,43,51,59,48,62,82,81,75,86,64,76,104,84,96,113,113,120,2025-09-02
1,3,승차,37,35,62,73,60,68,69,77,90,78,105,106,90,72,123,120,111,2025-09-02
4,3,하차,30,51,53,61,60,59,91,75,76,87,110,91,87,98,127,97,136,2025-09-02
4,7,승차,35,51,38,60,52,60,73,72,74,92,90,97,97,116,110,127,106,2025-09-02
2,2,하차,38,46,37,52,61,72,74,82,86,84,84,97,94,105,112,96,124,2025-09-02
4,2,하차,43,55,47,64,66,71,66,70,84,87,77,94,106,84,97,122,118,2025-09-02
4,3,승차,42,43,44,54,49,63,64,85,80,74,88,84,114,90,93,97,105,2025-09-02
1,4,승차,38,43,51,39,66,80,66,83,72,72,80,96,95,98,108,110,123,2025-09-02
4,6,하차,46,48,47,59,49,61,61,82,89,88,82,114,94,116,102,106,121,2025-09-02
3,8,승차,37,42,42,50,53,58,62,79,82,100,103,116,89,94,112,129,123,2025-09-02
1,7,승차,36,43,61,53,55,61,62,81,71,90,92,110,110,91,116,107,117,2025-09-02
1,4,하차,42,34,46,52,72,63,69,74,89,72,89,83,95,109,125,121,124,2025-09-02
2,2,하차,31,43,38,47,57,67,80,74,90,87,78,100,109,101,129,107,117,2025-09-02
4,2,하차,39,52,47,49,57,73,75,63,96,101,84,81,111,108,119,104,124,2025-09-02
2,4,하차,40,35,49,49,63,56,75,76,74,79,82,99,102,98,97,129,125,2025-09-02
3,6,하차,38,44,49,60,65,69,81,78,81,81,84,96,92,94,111,107,116,2025-09-02
1,3,승차,43,46,38,44,54,63,70,85,79,94,86,100,117,118,129,119,108,2025-09-02
1,6,하차,38,56,48,57,61,64,67,74,75,100,111,105,97,112,110,115,105,2025-09-02
1,5,하차,36,47,40,58,51,70,71,71,81,92,75,88,102,114,107,120,116,2025-09-02
3,5,하차,37,41,40,49,63,59,64,74,86,87,99,101,94,96,102,114,121,2025-09-02
3,2,승차,33,36,45,45,66,66,83,76,71,86,93,96,99,112,115,114,142,2025-09-02
2,8,하차,35,42,57,51,57,66,63,67,91,97,93,104,97,119,106,119,122,2025-09-02
2,5,하차,28,35,65,46,57,62,65,76,77,103,99,93,99,81,136,106,132,2025-09-02
2,2,하차,39,39,46,43,64,65,74,88,92,101,64,109,117,114,90,106,114,2025-09-02
4,7,승차,40,42,50,63,61,70,66,58,71,91,88,95,114,100,121,135,122,2025-09-02
1,9,하차,56,41,44,62,63,68,71,82,75,100,97,97,107,94,96,122,131,2025-09-02
1,9,하차,33,50,49,54,44,46,70,78,85,79,80,115,94,100,102,131,119,2025-09-02
2,1,하차,29,45,50,68,57,65,70,84,75,104,90,109,100,98,95,106,116,2025-09-02
1,7,승차,40,47,44,45,49,66,54,84,86,103,93,87,113,95,114,103,116,2025-09-02
2,9,승차,52,46,63,51,68,68,76,82,87,77,106,85,103,96,131,115,124,2025-09-02
4,6,승차,36,42,39,52,72,62,67,76,83,84,90,83,105,93,102,97,144,2025-09-02
4,1,승차,32,44,52,56,73,67,65,70,70,79,105,86,98,108,108,107,138,2025-09-02
3,2,하차,43,49,53,50,74,63,47,85,88,78,86,88,96,90,115,117,115,2025-09-02
4,4,하차,46,47,48,54,49,57,67,79,88,85,99,84,92,105,89,116,124,2025-09-02
2,4,승차,38,56,66,63,54,69,78,83,92,68,75,82,102,105,122,107,105,2025-09-02
4,2,승차,42,55,44,68,68,62,55,81,75,76,101,84,105,115,101,95,119,2025-09-02
3,8,하차,32,36,66,52,46,64,76,82,71,77,99,84,94,105,107,117,129,2025-09-02
1,2,하차,34,44,51,59,64,58,62,86,92,90,100,93,108,98,91,123,131,2025-09-02
2,3,승차,48,46,53,43,64,68,70,65,91,82,87,72,98,111,108,113,119,2025-09-02
1,4,승차,35,44,42,58,64,70,57,88,88,93,88,93,109,93,106,127,112,2025-09-02
3,9,승차,32,45,57,59,55,72,78,75,86,98,89,94,105,89,107,114,113,2025-09-02
3,1,승차,34,46,42,50,52,71,79,79,87,90,82,111,106,118,102,130,129,2025-09-02
3,8,하차,38,44,40,55,52,60,81,57,99,90,92,111,101,119,124,108,133,2025-09-02
1,5,승차,34,39,53,71,59,69,80,71,75,90,82,102,102,116,102,126,105,2025-09-02
1,7,승차,40,49,56,65,72,70,71,59,86,92,88,89,73,104,104,117,136,2025-09-02
1,8,하차,41,40,50,55,58,65,84,71,88,63,86,97,106,104,103,129,144,2025-09-02
1,5,하차,43,41,45,61,58,69,76,84,90,76,77,74,100,97,97,121,122,2025-09-02
3,8,하차,36,41,56,52,53,71,75,66,80,88,82,80,106,101,128,123,114,2025-09-02
3,8,하차,39,52,52,58,66,66,87,70,82,97,85,89,90,96,132,111,121,2025-09-02
2,9,하차,41,29,53,65,45,63,67,82,86,90,78,96,94,96,111,123,119,2025-09-02
2,2,승차,43,44,45,46,69,52,59,83,83,88,78,104,97,113,84,119,115,2025-09-02
1,3,승차,53,32,49,57,54,81,75,84,79,89,76,85,103,118,100,105,106,2025-09-02
4,1,승차,39,47,63,46,55,56,57,65,89,98,96,108,110,114,112,115,103,2025-09-02
4,4,하차,37,39,54,59,62,65,72,66,77,90,85,96,87,110,118,101,117,2025-09-02
3,5,승차,37,43,45,52,53,57,72,88,79,98,111,99,86,99,127,112,131,2025-09-02
3,1,하차,42,42,61,48,57,56,69,65,72,92,92,100,98,102,120,110,128,2025-09-02
3,8,승차,41,40,66,68,69,51,71,72,68,70,85,104,104,78,112,105,95,2025-09-02
2,2,승차,42,43,59,55,56,52,70,64,79,86,83,91,86,114,114,111,123,2025-09-02
2,1,하차,46,47,65,56,52,60,77,74,84,86,92,76,107,105,111,104,115,2025-09-02
3,2,하차,41,41,62,50,61,54,60,77,70,69,81,93,101,106,106,112,113,2025-09-02
3,5,승차,42,47,59,51,70,65,64,75,91,84,76,112,92,113,108,114,139,2025-09-02
3,9,승차,45,50,49,60,72,65,61,64,65,73,93,85,98,113,119,106,133,2025-09-02
4,9,승차,49,50,57,65,59,54,61,66,68,69,84,88,90,99,121,112,117,2025-09-02
2,2,승차,37,48,50,74,60,64,66,85,88,78,84,103,107,92,111,106,103,2025-09-02
4,2,승차,44,44,57,51,49,65,69,61,83,77,92,97,95,96,103,141,135,2025-09-02
4,3,하차,29,56,47,53,64,54,65,73,73,85,84,109,111,91,97,102,114,2025-09-02
3,7,하차,41,48,51,46,67,75,77,83,63,93,81,87,111,97,112,110,137,2025-09-02
3,3,하차,36,33,48,54,51,73,56,68,83,77,94,86,110,95,106,105,106,2025-09-02
1,1,하차,52,51,54,69,53,65,71,82,86,94,89,88,89,130,112,118,103,2025-09-02
1,6,승차,36,37,56,66,56,57,73,71,71,92,98,78,108,84,113,105,108,2025-09-02
4,3,승차,42,29,46,67,57,73,76,95,77,85,80,72,107,117,107,120,123,2025-09-02
2,1,하차,40,44,61,54,56,59,67,77,82,92,87,91,98,115,111,112,106,2025-09-02
3,4,승차,46,45,40,61,53,67,76,75,80,85,89,102,91,88,120,124,137,2025-09-02
3,1,하차,27,36,51,55,60,79,71,76,102,93,85,101,95,114,111,128,117,2025-09-02
4,1,승차,32,48,56,47,59,67,86,84,93,83,79,107,95,126,106,115,142,2025-09-02
1,2,승차,42,43,48,54,64,75,67,64,79,94,91,82,80,113,105,115,132,2025-09-02
2,8,승차,35,46,60,45,50,63,71,91,73,87,80,85,104,92,114,103,120,2025-09-02
1,2,하차,51,35,60,41,55,59,65,87,65,74,103,104,106,104,117,111,116,2025-09-02
1,2,하차,43,45,53,74,64,67,66,77,86,82,82,98,115,100,102,106,107,2025-09-02
1,8,하차,35,43,41,47,50,72,83,88,88,88,90,111,113,100,108,105,104,2025-09-02
1,6,하차,38,42,55,61,59,63,53,62,79,90,97,100,105,108,94,97,120,2025-09-02
3,4,승차,45,47,55,53,63,56,64,75,108,75,97,90,103,108,107,121,129,2025-09-02
3,3,승차,35,34,53,51,66,58,75,70,76,80,92,114,95,122,103,108,116,2025-09-02
1,1,승차,45,50,52,50,65,63,68,73,84,91,83,102,101,103,90,119,116,2025-09-02
2,3,승차,53,36,39,48,68,59,76,84,75,87,93,92,96,112,113,105,131,2025-09-02
4,9,하차,38,43,54,52,50,60,69,57,76,62,79,110,85,113,115,133,126,2025-09-02
2,5,승차,36,53,59,68,49,59,73,84,83,83,104,85,105,116,140,122,104,2025-09-02
2,6,승차,42,34,51,58,72,64,57,59,89,84,87,116,98,107,111,129,101,2025-09-02
2,5,승차,36,58,63,42,62,51,89,92,89,78,107,97,94,95,97,121,120,2025-09-02
1,1,하차,35,48,48,52,50,67,73,73,91,77,96,114,94,128,101,109,129,2025-09-02
3,1,하차,34,40,45,55,53,65,85,68,92,82,89,95,112,89,99,104,111,2025-09-02
2,4,하차,42,47,58,48,48,75,71,82,72,83,87,88,110,105,106,102,117,2025-09-02
1,3,승차,28,40,47,48,56,56,71,76,94,88,92,104,103,110,102,95,100,2025-09-02
2,8,하차,32,53,50,75,51,66,57,83,77,89,100,89,103,122,102,119,132,2025-09-02
2,7,승차,30,43,48,64,54,68,63,56,62,90,90,87,108,103,119,122,107,2025-09-02
1,7,승차,42,37,50,51,47,71,71,92,85,81,96,80,110,90,113,101,107,2025-09-02
3,8,승차,38,38,54,57,43,71,74,95,83,100,94,83,76,115,119,106,113,2025-09-02
3,7,하차,42,51,48,56,75,77,80,59,83,84,97,96,105,114,112,117,131,2025-09-02
4,2,하차,36,43,50,51,53,60,68,85,79,85,96,109,95,109,101,116,135,2025-09-02
1,4,승차,43,56,51,40,50,72,54,90,89,84,98,94,84,110,100,115,126,2025-09-02
4,6,승차,46,37,44,59,62,69,82,84,95,73,85,98,98,100,120,99,123,2025-09-02
4,3,하차,39,46,52,60,61,66,60,69,65,87,94,88,92,100,109,109,135,2025-09-02
4,3,하차,48,38,57,54,64,72,85,62,89,86,87,94,87,90,91,119,130,2025-09-02
3,6,하차,41,48,49,53,74,62,64,79,68,89,92,105,107,86,116,116,117,2025-09-02
1,1,승차,39,47,61,60,56,58,56,71,94,76,102,104,102,102,105,98,99,2025-09-02
4,1,승차,44,43,59,53,60,62,66,81,82,94,98,101,96,105,128,104,132,2025-09-02
1,5,승차,48,49,48,52,61,63,68,69,82,77,103,91,120,98,114,112,112,2025-09-02
1,1,하차,42,37,44,57,54,74,75,67,75,101,111,80,94,89,103,110,123,2025-09-02
3,8,하차,46,46,45,60,58,63,73,79,86,83,90,97,95,88,112,124,120,2025-09-02
4,2,하차,44,50,66,53,59,62,64,62,83,80,90,97,97,122,123,122,115,2025-09-02
4,6,승차,39,37,57,52,55,76,64,63,75,72,88,99,111,122,119,113,119,2025-09-02
1,5,승차,43,36,58,52,79,62,69,75,63,91,87,83,107,80,113,112,129,2025-09-02
2,4,하차,45,43,49,51,57,72,80,84,76,108,106,97,112,107,105,123,108,2025-09-02
3,1,승차,39,45,42,55,53,52,84,70,94,79,82,108,99,112,124,118,105,2025-09-02
3,3,하차,39,39,46,71,62,77,57,70,71,89,88,94,111,120,116,119,131,2025-09-02
3,4,승차,31,50,53,57,52,74,61,88,71,83,76,105,119,117,101,113,141,2025-09-02
3,2,하차,43,45,41,59,61,74,58,79,76,88,87,102,114,77,99,107,123,2025-09-02
4,2,승차,41,55,47,68,49,71,73,69,71,81,104,94,95,103,95,118,135,2025-09-02
4,2,승차,39,35,54,51,54,67,65,75,82,102,95,103,105,103,122,127,129,2025-09-02
2,1,하차,44,47,41,57,51,60,60,77,81,88,102,108,102,107,125,104,112,2025-09-02
3,2,하차,59,44,59,58,60,64,73,95,86,95,95,100,87,88,96,97,122,2025-09-02
3,6,하차,34,48,59,55,58,68,75,68,72,82,95,100,111,115,108,104,108,2025-09-02
1,3,하차,29,55,43,41,55,74,65,70,70,79,95,103,92,94,105,128,114,2025-09-02
4,5,하차,38,52,36,54,68,67,66,80,81,86,87,96,95,95,100,101,105,2025-09-02
3,1,승차,35,53,49,48,80,55,63,78,83,75,91,84,90,120,99,123,108,2025-09-02
2,8,하차,45,39,50,59,64,49,78,65,97,79,86,80,91,104,103,126,103,2025-09-02
2,4,하차,41,49,44,44,61,81,77,71,73,87,93,90,86,97,101,126,127,2025-09-02
4,9,하차,48,57,43,67,48,65,75,77,82,83,74,98,100,108,101,103,125,2025-09-02
2,4,승차,36,41,62,57,63,65,69,79,96,75,92,96,105,94,103,117,132,2025-09-02
2,2,하차,44,41,51,49,56,66,55,78,83,92,94,97,115,99,107,106,119,2025-09-02
4,3,하차,47,48,56,57,63,71,70,65,67,90,90,108,99,115,117,113,133,2025-09-02
3,5,하차,42,52,47,63,73,80,70,66,85,77,99,80,109,96,118,120,148,2025-09-02
3,6,승차,34,50,46,45,71,59,59,71,85,88,91,94,107,102,121,116,129,2025-09-02
2,7,승차,23,36,54,53,49,63,68,87,75,87,83,112,111,97,105,102,119,2025-09-02
2,4,하차,43,53,53,59,58,58,69,75,81,89,95,106,93,81,102,103,129,2025-09-02
3,7,승차,46,47,50,43,62,61,74,77,86,82,87,116,88,112,102,113,122,2025-09-02
4,3,하차,35,43,42,58,60,66,73,61,84,91,89,107,91,103,123,120,123,2025-09-02
2,7,승차,36,37,62,62,71,72,62,83,72,69,96,80,104,97,109,122,123,2025-09-02
1,4,하차,40,45,43,49,55,57,67,96,76,94,95,98,90,109,101,122,122,2025-09-02
4,8,승차,44,33,51,48,62,58,61,67,67,77,100,101,90,113,128,122,129,2025-09-02
2,9,하차,49,42,43,51,65,56,81,82,83,91,102,96,106,111,106,119,125,2025-09-02
2,7,하차,37,49,52,55,62,65,72,77,72,103,82,112,111,99,92,123,111,2025-09-02
1,8,승차,37,46,48,48,64,74,81,60,70,77,81,82,105,106,112,104,112,2025-09-02
1,8,하차,34,38,51,65,48,71,86,81,71,81,85,82,108,93,116,123,110,2025-09-02
3,2,하차,43,56,57,65,67,78,80,66,92,82,95,91,99,112,106,126,110,2025-09-02
4,9,하차,41,57,61,62,61,56,68,73,74,77,93,85,100,105,123,102,126,2025-09-02
4,6,하차,45,45,62,58,52,75,71,80,90,93,84,84,85,102,105,117,107,2025-09-02
3,4,승차,50,40,41,46,49,60,74,71,99,79,77,93,118,103,105,112,121,2025-09-02
4,5,하차,45,41,55,68,55,69,71,84,71,71,101,110,114,122,92,121,110,2025-09-02
4,5,승차,45,33,44,62,61,62,57,72,85,97,92,95,99,114,106,99,104,2025-09-02
4,7,승차,43,44,49,59,60,65,63,78,89,82,98,99,98,116,113,128,137,2025-09-02
4,9,승차,41,40,60,61,54,65,76,78,77,71,92,89,109,101,104,99,120,2025-09-02
4,7,승차,36,43,50,55,55,62,67,66,81,87,84,93,103,109,130,138,132,2025-09-02
1,9,하차,45,42,40,51,45,62,76,72,77,76,96,84,89,107,125,119,111,2025-09-02
4,4,하차,39,35,50,61,63,56,70,73,77,85,97,116,85,118,100,101,131,2025-09-02
1,4,승차,46,52,47,47,66,67,60,81,84,119,83,108,105,105,84,118,122,2025-09-02
4,6,하차,45,48,49,42,63,61,71,83,67,95,98,95,110,110,116,110,114,2025-09-02
3,8,승차,41,52,51,44,51,60,91,68,84,93,87,114,104,106,113,119,134,2025-09-02
2,9,하차,46,41,64,57,53,68,75,81,95,94,90,103,103,102,139,111,126,2025-09-02
1,1,하차,38,51,41,47,56,63,85,75,67,92,88,106,108,95,132,117,122,2025-09-02
4,1,하차,32,45,51,51,67,66,73,83,90,80,95,109,97,106,106,117,133,2025-09-02
3,8,승차,43,42,47,53,65,63,78,65,82,83,81,115,115,92,102,115,126,2025-09-02
2,7,승차,41,36,45,61,61,64,74,71,82,84,84,103,95,121,121,120,110,2025-09-02
1,9,하차,42,40,52,60,48,65,66,69,91,77,100,81,109,107,108,106,109,2025-09-02
2,3,승차,31,42,43,60,65,77,60,70,72,89,91,93,109,114,109,110,122,2025-09-02
3,5,승차,46,56,45,58,69,66,66,68,60,78,86,107,93,90,109,107,117,2025-09-02
1,3,하차,44,47,57,55,71,81,78,79,81,80,102,113,88,108,134,118,106,2025-09-02
2,5,승차,34,49,41,43,48,70,83,70,84,81,99,111,94,107,121,109,114,2025-09-02
4,1,하차,36,48,57,49,50,68,79,77,71,83,103,79,97,105,100,103,105,2025-09-02
1,4,하차,46,54,46,57,68,75,67,96,85,89,89,87,107,109,116,104,110,2025-09-02
2,6,하차,42,43,49,67,62,64,68,84,83,90,88,101,113,118,111,100,130,2025-09-02
3,2,승차,44,58,48,51,68,74,75,86,78,88,90,92,90,117,98,102,105,2025-09-02
3,7,하차,44,46,45,53,64,62,69,80,84,95,78,68,102,112,111,111,128,2025-09-02
1,8,하차,30,56,46,55,65,52,82,76,61,94,81,94,98,89,104,112,110,2025-09-02
2,1,승차,43,43,51,49,44,57,68,52,84,100,86,80,107,111,131,107,130,2025-09-02
1,4,승차,33,37,53,58,55,73,56,66,91,77,83,85,117,108,131,109,110,2025-09-02
1,4,승차,46,50,57,50,71,61,72,68,80,75,79,102,97,101,117,99,126,2025-09-02
2,5,승차,37,41,49,57,50,69,67,76,75,75,80,95,87,99,116,118,122,2025-09-02
2,4,하차,38,52,46,56,50,72,65,76,72,86,105,114,94,87,108,100,110,2025-09-02
4,9,승차,35,39,44,58,72,64,74,76,81,80,87,100,81,85,102,104,129,2025-09-02
2,7,승차,34,44,44,53,66,39,92,49,76,77,92,99,118,111,102,126,119,2025-09-02
3,2,승차,32,50,49,61,64,67,77,76,88,69,81,105,98,99,91,94,125,2025-09-02
1,1,승차,43,41,42,47,71,68,69,80,93,77,90,84,118,110,108,118,104,2025-09-02
1,9,하차,54,54,57,43,69,68,77,76,75,80,87,108,98,104,104,115,122,2025-09-02
3,1,승차,40,52,34,61,56,67,77,84,86,109,87,114,95,104,128,110,119,2025-09-02
2,6,하차,48,37,52,58,68,62,71,86,71,78,83,86,90,107,114,115,110,2025-09-02
3,2,승차,44,37,47,53,63,72,65,63,78,88,75,86,109,94,105,118,107,2025-09-02
3,4,하차,43,37,43,54,67,73,57,68,71,77,85,90,102,106,105,123,96,2025-09-02
4,6,하차,36,36,24,54,65,78,69,74,93,83,89,79,115,100,108,128,126,2025-09-02
3,5,승차,31,56,57,50,64,73,57,84,73,82,89,91,82,122,111,113,117,2025-09-02
1,6,하차,40,64,56,58,66,71,76,77,84,96,93,88,95,108,104,116,117,2025-09-02
3,3,승차,36,40,51,46,70,74,69,75,87,82,77,104,105,110,100,114,105,2025-09-02
1,5,하차,52,45,40,45,63,51,67,75,77,96,84,84,97,98,103,116,131,2025-09-02
1,2,하차,35,54,57,71,51,59,67,79,87,116,94,99,112,114,111,137,119,2025-09-02
1,7,하차,39,46,57,68,52,47,86,81,76,90,86,90,127,102,106,106,108,2025-09-02
2,3,승차,37,30,47,56,62,64,75,87,82,89,96,84,92,95,115,122,107,2025-09-02
4,1,하차,43,47,33,57,61,61,73,82,89,93,91,80,104,96,102,112,125,2025-09-02
1,8,승차,37,47,45,56,46,58,65,70,76,88,92,78,80,95,104,113,118,2025-09-02
1,8,하차,34,48,41,61,70,62,69,74,81,83,105,81,97,111,113,116,120,2025-09-02
2,3,하차,35,46,55,59,57,82,59,66,72,72,111,87,101,119,116,98,125,2025-09-02
1,7,하차,43,38,53,68,63,55,80,81,72,94,89,103,96,104,110,112,118,2025-09-02
3,9,하차,39,45,45,56,63,78,67,70,69,98,100,93,105,111,109,119,132,2025-09-02
3,8,하차,30,51,53,46,73,70,68,68,70,94,76,86,86,110,112,113,128,2025-09-02
4,3,하차,39,45,38,50,54,65,85,91,88,89,85,101,105,138,128,122,134,2025-09-02
1,2,승차,41,52,43,62,52,76,65,61,79,85,88,96,95,104,97,101,128,2025-09-02
2,7,승차,52,49,67,56,61,65,63,72,77,101,85,114,85,103,133,112,127,2025-09-02
3,7,승차,41,48,46,54,61,82,71,71,79,79,82,88,105,99,120,122,129,2025-09-02
2,9,하차,37,54,61,64,61,53,79,71,85,94,109,113,104,104,92,105,112,2025-09-02
2,5,승차,42,46,52,50,50,69,68,81,86,92,84,92,71,111,97,118,116,2025-09-02
3,4,하차,39,39,44,55,65,75,75,84,67,94,103,100,114,116,99,112,120,2025-09-02
2,8,승차,41,55,60,58,72,56,63,75,65,87,85,98,105,105,105,123,110,2025-09-02
3,4,승차,46,43,51,44,57,69,69,78,101,74,84,97,93,102,123,133,115,2025-09-02
2,4,하차,39,47,51,54,67,50,63,94,75,110,100,81,100,92,117,107,117,2025-09-02
3,2,하차,41,46,60,60,69,64,71,86,67,59,92,106,97,110,101,109,118,2025-09-02
1,1,승차,28,49,52,51,60,63,58,78,75,90,89,89,94,108,108,112,108,2025-09-02
4,4,승차,36,39,41,61,61,52,72,82,87,80,87,105,105,118,108,136,111,2025-09-02
3,7,승차,33,36,45,52,67,59,73,82,79,93,87,94,104,111,116,116,134,2025-09-02
3,9,승차,30,45,47,42,49,65,90,94,92,100,101,84,100,119,97,127,130,2025-09-02
4,9,하차,34,46,51,53,64,73,76,78,93,85,87,114,96,101,107,108,116,2025-09-02
3,1,승차,34,39,49,47,46,72,72,61,81,83,84,97,86,107,116,114,126,2025-09-02
3,5,하차,35,38,51,55,44,68,60,75,89,73,91,86,115,112,113,112,121,2025-09-02
2,7,하차,46,50,52,55,66,68,64,66,72,86,102,85,104,88,119,107,118,2025-09-02
4,7,승차,33,46,45,42,58,65,67,87,92,87,97,86,112,103,107,110,121,2025-09-02
1,6,하차,28,41,57,65,51,49,61,84,83,96,88,95,120,98,106,113,106,2025-09-02
3,4,승차,37,41,65,60,58,68,87,63,70,75,76,107,88,123,108,107,119,2025-09-02
4,3,하차,33,42,46,44,55,65,70,74,80,83,84,82,103,118,110,115,110,2025-09-02
2,9,하차,46,49,42,61,60,63,60,61,80,78,87,92,101,90,105,122,121,2025-09-02
1,4,승차,31,51,41,54,62,79,73,71,77,96,85,106,86,109,108,129,122,2025-09-02
4,8,하차,41,48,47,48,59,71,77,63,79,92,77,90,105,116,113,130,134,2025-09-02
1,1,하차,36,55,36,37,66,77,79,67,86,81,91,84,101,109,123,119,115,2025-09-02
1,7,승차,33,45,44,52,61,61,68,58,95,76,96,88,98,118,106,107,126,2025-09-02
1,6,하차,37,55,42,66,69,65,58,63,75,67,92,91,101,102,109,128,121,2025-09-02
3,1,하차,41,42,45,61,70,72,61,86,80,81,92,91,97,103,111,113,117,2025-09-02
3,4,승차,42,44,37,64,62,70,74,74,78,89,76,117,110,118,123,115,118,2025-09-02
2,5,승차,34,41,35,45,58,81,66,75,84,90,103,99,106,89,105,103,132,2025-09-02
2,8,하차,37,43,47,55,51,60,85,63,70,86,81,93,104,112,101,114,130,2025-09-02
4,4,하차,36,50,46,67,57,52,59,99,87,99,90,99,103,100,115,104,128,2025-09-02
2,3,하차,35,38,51,50,54,74,75,83,76,90,77,89,96,105,112,118,123,2025-09-02
1,2,승차,40,60,34,64,60,71,71,79,67,90,114,103,88,109,113,115,112,2025-09-02
1,4,하차,40,55,56,60,70,65,68,60,101,96,94,96,106,98,100,106,131,2025-09-02
3,4,하차,49,49,47,48,51,68,57,61,83,93,90,95,97,107,114,126,116,2025-09-02
1,5,하차,35,43,42,50,47,57,73,81,74,86,90,100,104,100,120,121,122,2025-09-02
4,7,하차,66,43,36,59,57,65,62,79,81,84,89,99,117,96,113,94,133,2025-09-02
1,9,하차,31,41,47,45,58,61,57,67,68,85,92,127,104,113,131,114,126,2025-09-02
1,2,하차,41,49,43,55,51,70,59,78,89,89,92,57,87,99,98,120,121,2025-09-02
4,5,승차,33,49,47,64,69,54,59,72,86,89,77,92,90,102,107,111,104,2025-09-02
2,9,승차,42,38,35,56,67,55,73,86,74,86,83,100,84,99,111,118,140,2025-09-02
2,3,하차,39,36,66,46,60,68,67,83,81,89,90,104,91,127,97,143,119,2025-09-02
4,1,하차,48,35,49,66,64,67,59,69,84,84,100,105,92,102,110,93,119,2025-09-02
3,2,승차,34,38,43,60,50,53,68,64,96,84,89,105,102,114,126,103,119,2025-09-02
1,6,승차,50,46,53,56,63,60,62,78,79,72,78,102,105,114,92,99,116,2025-09-02
4,5,승차,35,33,41,49,64,65,73,85,67,76,77,92,104,87,103,116,130,2025-09-02
1,1,하차,35,49,50,53,68,70,81,88,76,86,98,96,88,115,94,111,135,2025-09-02
3,1,하차,42,42,50,55,64,54,78,74,79,63,96,92,97,98,124,106,115,2025-09-02
1,4,하차,42,44,52,62,49,71,71,64,84,69,95,105,96,99,106,108,110,2025-09-02
4,4,하차,31,57,47,66,53,67,60,66,78,85,91,97,106,105,98,114,129,2025-09-02
1,6,승차,40,49,56,66,60,66,66,72,81,83,95,107,98,98,108,122,118,2025-09-02
2,6,승차,47,52,47,51,52,80,76,91,76,80,98,91,122,106,123,119,111,2025-09-02
3,6,승차,37,46,35,65,62,85,64,63,84,84,99,90,113,110,110,120,127,2025-09-02
3,1,승차,48,34,39,56,60,75,68,71,79,86,77,79,84,96,121,104,108,2025-09-02
3,9,하차,38,43,43,59,74,71,76,81,82,74,83,101,106,98,98,108,112,2025-09-02
4,7,하차,36,53,43,54,70,66,74,101,71,97,100,96,92,101,108,123,131,2025-09-02
3,7,승차,35,44,41,62,53,79,69,68,76,101,86,97,94,105,113,120,119,2025-09-02
2,7,승차,36,49,63,63,59,62,66,79,84,84,100,88,95,101,98,108,120,2025-09-02
4,2,승차,38,45,50,58,56,63,70,76,82,78,95,88,101,114,116,117,118,2025-09-02
2,2,승차,36,47,46,58,69,61,73,85,86,97,86,102,111,109,120,114,114,2025-09-02
1,6,승차,35,34,56,51,65,60,85,93,95,89,90,97,105,100,133,111,128,2025-09-02
1,7,하차,35,42,47,67,68,74,66,81,73,64,102,83,93,117,99,126,122,2025-09-02
1,3,하차,35,49,45,53,54,64,67,85,87,92,101,111,105,116,104,107,111,2025-09-02
1,4,승차,36,40,51,50,54,58,61,76,70,81,83,79,88,104,111,104,134,2025-09-02
2,3,승차,34,49,43,51,55,58,51,75,81,70,91,87,90,106,112,121,115,2025-09-02
4,7,승차,57,43,46,48,58,56,74,84,71,88,108,99,102,117,113,105,106,2025-09-02
4,7,하차,47,46,48,58,62,61,65,69,78,60,105,84,109,110,107,107,98,2025-09-02
3,4,하차,43,35,48,54,42,63,53,76,66,88,95,94,118,85,98,110,108,2025-09-02
2,7,하차,42,43,55,57,70,64,75,79,78,83,81,107,103,115,109,112,119,2025-09-02
1,5,승차,51,54,47,54,56,52,80,83,67,92,80,101,90,108,109,101,102,2025-09-02
2,1,하차,38,58,60,62,63,61,84,68,79,90,91,92,104,116,114,116,130,2025-09-02
3,4,승차,39,50,39,54,58,65,71,70,84,89,96,96,93,82,108,112,111,2025-09-02
3,7,하차,41,53,52,63,74,66,87,84,95,76,124,96,99,110,100,113,113,2025-09-02
2,2,하차,39,44,43,63,48,67,76,59,90,79,76,110,96,105,118,123,131,2025-09-02
2,2,하차,38,51,48,53,48,63,79,72,101,86,105,100,95,100,97,121,150,2025-09-02
2,1,승차,28,51,43,67,62,63,73,71,81,74,96,103,120,117,109,120,128,2025-09-02
4,2,승차,43,44,42,60,45,52,63,93,84,99,85,95,107,106,104,117,114,2025-09-02
1,8,하차,37,55,61,57,71,61,83,77,76,91,93,99,103,108,126,129,99,2025-09-02
2,8,승차,47,43,53,41,47,67,67,69,88,76,93,96,111,112,127,107,116,2025-09-02
2,8,승차,45,34,63,50,45,68,74,86,76,73,102,108,98,101,104,107,137,2025-09-02
2,1,승차,34,47,50,57,78,60,67,76,70,87,96,82,98,119,107,139,108,2025-09-02
3,1,승차,38,47,43,54,52,57,64,81,74,78,85,105,127,94,127,104,122,2025-09-02
3,4,승차,54,47,49,45,48,74,67,69,82,83,103,100,114,129,112,123,107,2025-09-02
4,6,승차,49,53,48,56,65,56,74,81,76,83,108,91,73,98,105,103,130,2025-09-02
1,8,승차,31,38,49,66,68,50,69,78,81,89,106,95,116,101,114,142,139,2025-09-02
4,2,하차,40,56,45,48,59,71,63,74,92,81,92,109,96,97,105,103,110,2025-09-02
1,3,승차,36,40,61,47,54,71,60,68,83,81,82,88,73,109,116,111,129,2025-09-02
3,6,승차,48,45,45,60,63,65,74,83,79,73,79,104,109,97,106,94,114,2025-09-02
3,4,하차,45,49,47,48,60,75,80,74,74,80,106,81,106,109,115,100,107,2025-09-02
3,2,하차,32,34,56,62,66,79,82,69,95,84,93,100,95,90,103,112,128,2025-09-02
4,7,하차,42,45,54,61,72,65,67,81,84,83,83,97,105,111,114,116,122,2025-09-02
2,4,하차,37,40,50,61,72,65,56,78,75,56,90,88,120,83,97,128,103,2025-09-02
2,8,승차,37,40,47,56,50,65,69,82,76,110,84,98,106,99,107,106,122,2025-09-02
3,8,하차,41,44,47,57,51,61,78,72,92,81,95,82,96,113,105,124,129,2025-09-02
2,7,하차,45,59,45,64,71,63,74,85,86,89,92,83,100,108,97,118,123,2025-09-02
2,9,승차,29,38,60,49,63,80,65,76,78,88,118,88,87,100,140,112,145,2025-09-02
4,4,승차,37,53,47,56,60,61,58,71,71,105,92,89,110,91,133,107,117,2025-09-02
1,7,승차,37,47,60,57,70,49,65,71,94,75,79,85,116,109,100,110,132,2025-09-02
3,1,하차,45,42,60,56,68,57,72,74,77,84,78,102,96,102,120,93,128,2025-09-02
3,4,승차,36,45,42,51,51,49,68,81,74,85,82,114,96,102,108,121,112,2025-09-02
4,2,하차,31,55,41,56,63,62,74,78,68,76,96,88,103,99,126,106,118,2025-09-02
4,9,승차,47,53,51,50,61,78,90,59,79,85,86,82,84,104,102,115,122,2025-09-02
2,5,승차,49,52,48,59,44,63,66,67,80,82,110,85,92,118,113,125,118,2025-09-02
3,3,하차,33,45,46,51,52,69,53,66,83,91,78,78,93,115,97,114,95,2025-09-02
1,4,승차,32,33,36,68,55,64,62,78,61,66,84,101,100,110,100,118,105,2025-09-02
4,6,승차,49,28,46,49,47,83,76,86,68,75,87,103,111,123,130,116,126,2025-09-02
1,1,승차,43,48,59,56,64,56,54,73,85,87,90,98,88,114,109,132,134,2025-09-02
1,7,승차,38,42,54,39,71,55,64,81,83,91,85,109,97,98,91,128,122,2025-09-02
3,8,승차,48,52,52,63,65,69,76,80,72,75,104,99,101,113,102,111,120,2025-09-02
3,7,하차,68,39,54,38,68,68,65,76,80,100,99,80,95,106,94,114,106,2025-09-02
4,7,하차,49,38,51,59,60,65,58,82,64,80,92,84,92,108,107,102,115,2025-09-02
3,9,승차,32,52,51,50,58,69,75,74,83,81,93,90,102,90,117,109,116,2025-09-02
3,4,하차,47,44,51,58,57,63,69,80,80,82,91,78,106,103,102,129,131,2025-09-02
3,7,하차,43,51,51,58,57,62,71,85,72,81,87,99,91,106,114,108,122,2025-09-02
1,9,하차,39,37,57,48,69,66,64,78,77,86,95,83,84,89,96,119,122,2025-09-02
4,5,승차,36,42,53,49,50,65,68,59,98,78,91,84,107,88,102,103,120,2025-09-02
2,2,승차,34,41,42,61,53,73,68,60,87,61,96,99,121,106,83,110,100,2025-09-02
1,5,승차,51,46,62,42,59,69,83,75,63,95,89,95,105,88,119,99,98,2025-09-02
3,4,하차,46,52,39,57,61,60,71,80,76,88,94,102,101,116,99,100,115,2025-09-02
1,8,하차,34,39,43,64,58,58,61,71,74,71,96,100,102,110,105,116,116,2025-09-02
3,5,승차,30,42,61,63,65,67,65,64,99,82,86,83,102,109,107,127,120,2025-09-02
3,9,승차,40,40,47,53,64,54,63,69,83,80,90,110,102,95,112,117,115,2025-09-02
1,9,하차,33,46,34,49,52,57,73,72,78,81,91,105,87,111,112,126,118,2025-09-02
4,3,하차,49,54,49,58,58,55,69,82,83,73,71,89,105,110,94,119,111,2025-09-02
3,6,승차,35,40,50,51,68,79,73,85,63,84,98,81,118,93,116,123,131,2025-09-02
4,6,하차,48,54,49,64,61,57,68,73,83,88,89,88,91,106,128,123,111,2025-09-02
2,4,하차,44,33,50,56,72,72,72,59,78,83,94,100,79,103,101,99,124,2025-09-02
3,3,하차,43,45,46,49,64,64,67,75,84,86,92,69,88,95,120,103,111,2025-09-02
4,1,하차,34,49,61,59,67,60,64,68,78,79,90,92,108,87,99,100,111,2025-09-02
4,7,하차,40,40,39,60,52,54,76,87,107,77,100,94,97,104,113,111,105,2025-09-02
2,5,하차,41,49,49,57,63,59,68,84,80,90,107,98,91,110,118,94,124,2025-09-02
4,7,하차,35,49,49,64,73,65,71,91,86,81,96,107,87,107,99,109,112,2025-09-02
4,1,승차,38,47,55,48,64,64,60,81,70,89,81,94,100,111,110,113,126,2025-09-02
2,8,승차,45,48,49,51,60,66,69,56,89,80,91,95,95,86,118,102,146,2025-09-02
3,3,하차,51,49,38,69,41,70,67,66,86,109,88,100,108,112,124,117,148,2025-09-02
4,7,하차,37,46,45,61,67,73,65,71,92,81,108,92,87,104,128,113,121,2025-09-02
4,3,하차,43,38,50,56,60,58,82,82,94,84,105,77,102,99,96,102,106,2025-09-02
4,3,승차,52,52,35,57,43,74,98,67,80,75,94,87,99,128,110,100,141,2025-09-02
1,9,승차,35,40,51,64,56,53,79,67,84,99,92,113,109,93,115,102,121,2025-09-02
2,2,하차,34,36,57,53,63,64,64,72,78,70,77,107,111,102,98,107,118,2025-09-02
1,4,승차,28,42,47,68,60,75,66,90,73,84,83,92,111,96,81,121,132,2025-09-02
2,6,하차,31,45,46,64,60,51,69,57,75,101,90,90,81,111,129,126,115,2025-09-02
3,3,하차,42,43,48,65,56,63,63,87,76,78,90,103,103,117,110,110,122,2025-09-02
3,7,하차,36,44,45,67,60,84,72,68,86,81,106,102,96,116,123,102,111,2025-09-02
4,7,하차,35,44,63,53,46,48,76,65,74,77,115,109,86,92,117,104,130,2025-09-02
2,5,하차,36,44,52,56,72,67,68,77,88,82,88,84,100,109,104,116,101,2025-09-02
3,3,하차,37,41,50,49,49,62,56,76,71,71,107,82,104,106,107,105,120,2025-09-02
2,2,하차,53,42,55,54,62,60,68,70,89,89,107,95,110,110,99,130,104,2025-09-02
3,4,승차,45,47,47,51,66,65,73,84,82,89,73,94,86,112,118,104,109,2025-09-02
1,4,하차,53,41,51,61,57,68,63,76,77,93,94,97,103,116,122,119,111,2025-09-02
3,8,승차,44,33,59,63,61,54,73,65,85,93,95,83,105,78,120,117,100,2025-09-02
1,8,하차,52,43,50,76,58,64,80,88,79,76,97,101,96,96,102,129,118,2025-09-02
3,5,하차,40,42,50,52,68,56,64,85,80,81,96,94,97,107,123,109,128,2025-09-02
4,6,승차,53,43,51,48,57,66,76,72,78,99,83,96,107,108,106,119,122,2025-09-02
1,8,승차,26,59,57,49,69,70,71,61,85,92,82,95,101,125,110,125,123,2025-09-02
3,1,하차,38,43,48,53,59,55,63,77,94,93,90,86,105,111,92,119,126,2025-09-02
4,5,승차,39,53,52,54,62,57,77,90,83,79,91,94,104,100,113,126,131,2025-09-02
1,4,하차,39,50,38,60,54,47,53,70,83,86,86,93,116,101,107,104,128,2025-09-02
4,4,하차,40,39,46,47,63,61,84,64,86,74,95,107,112,106,100,104,108,2025-09-02
2,2,승차,46,51,47,53,66,54,62,78,69,82,95,97,103,105,99,103,98,2025-09-02
2,1,승차,40,50,58,53,64,83,73,79,71,82,80,92,96,96,112,123,134,2025-09-02
1,6,승차,37,51,48,47,55,50,80,70,83,84,78,95,101,117,102,107,119,2025-09-02
3,7,승차,35,46,36,55,53,52,57,71,85,92,90,106,91,105,99,127,128,2025-09-02
1,5,하차,37,44,44,45,66,58,65,76,82,88,87,89,111,109,98,107,135,2025-09-02
4,8,승차,26,46,42,59,49,69,88,70,96,75,107,106,99,100,98,117,104,2025-09-02
3,9,승차,25,42,42,45,52,78,73,78,101,72,87,95,103,113,123,120,133,2025-09-02
2,2,승차,32,45,61,65,51,56,73,78,80,103,96,87,103,114,102,140,129,2025-09-02
3,4,승차,32,47,53,47,50,71,82,64,74,89,80,112,94,97,116,105,116,2025-09-02
2,9,승차,47,51,55,58,62,61,64,84,71,87,93,105,91,112,123,103,133,2025-09-02
3,5,하차,29,44,38,58,58,76,60,84,82,70,88,98,95,118,104,104,108,2025-09-02
3,3,하차,32,36,46,56,67,58,73,74,86,95,83,114,99,105,110,118,112,2025-09-02
3,6,승차,31,54,46,59,54,64,79,76,92,84,87,108,126,85,110,113,105,2025-09-02
4,3,승차,46,46,55,55,62,60,68,68,90,81,81,90,92,116,115,107,131,2025-09-02
4,5,하차,51,44,47,64,66,66,78,86,88,77,75,89,118,108,114,109,147,2025-09-02
1,3,승차,33,47,57,61,64,64,61,76,80,94,102,99,102,96,86,115,125,2025-09-02
1,6,하차,39,46,46,56,55,67,74,64,78,93,87,93,108,94,102,113,117,2025-09-02
2,5,하차,33,50,39,42,64,78,75,72,89,78,92,98,92,99,112,100,116,2025-09-02
4,9,승차,42,39,48,63,61,65,74,69,90,64,86,95,105,119,100,97,136,2025-09-02
2,3,하차,36,51,54,59,64,60,70,78,81,78,99,100,110,100,94,92,121,2025-09-02
1,6,승차,41,41,41,61,68,66,56,91,91,95,89,84,97,111,111,128,105,2025-09-02
2,8,승차,54,42,48,49,63,67,81,85,73,82,104,83,97,105,92,105,125,2025-09-02
1,7,하차,37,51,45,52,67,70,72,80,77,94,102,83,92,123,133,140,114,2025-09-02
4,6,하차,29,44,44,50,55,67,78,79,82,68,80,113,107,112,104,122,120,2025-09-02
3,2,승차,50,37,65,52,60,51,70,86,82,81,104,95,98,106,101,109,139,2025-09-02
4,7,하차,34,41,55,54,66,65,77,66,83,87,88,81,97,116,124,111,137,2025-09-02
2,8,승차,40,36,50,54,59,85,62,57,77,109,83,84,109,115,99,131,131,2025-09-02
2,1,하차,36,46,57,54,56,80,74,89,68,92,79,99,87,94,112,117,106,2025-09-02
4,9,하차,32,41,39,67,49,67,77,68,72,84,94,97,103,88,109,106,128,2025-09-02
4,4,승차,32,45,41,61,62,64,64,76,74,91,104,86,105,103,97,115,114,2025-09-02
1,8,승차,39,46,72,64,57,67,69,68,92,98,91,92,101,95,109,106,116,2025-09-02
2,7,승차,36,39,44,48,61,56,71,77,77,100,92,91,94,105,119,126,132,2025-09-02
2,7,하차,45,45,57,45,61,67,57,81,68,92,79,86,86,89,110,106,130,2025-09-02
4,2,승차,55,37,58,68,59,53,82,76,70,99,65,94,112,102,120,114,133,2025-09-02
3,1,승차,50,35,42,39,59,70,77,90,75,70,87,85,85,114,120,103,109,2025-09-02
2,4,하차,41,41,34,50,63,67,76,72,88,84,105,94,94,88,111,114,102,2025-09-02
3,2,하차,32,46,52,58,53,67,63,85,70,82,88,94,114,99,111,118,112,2025-09-02
4,8,승차,34,53,48,57,66,71,72,71,101,77,85,94,108,125,98,110,129,2025-09-02
4,7,승차,35,40,47,72,55,57,81,75,95,81,85,94,101,105,119,135,129,2025-09-02
1,8,승차,41,48,48,43,56,63,66,79,73,93,94,101,111,106,86,122,114,2025-09-02
2,6,승차,43,50,49,56,50,61,69,71,80,80,101,85,93,83,109,116,122,2025-09-02
3,1,하차,42,68,47,47,57,68,79,78,82,70,79,96,99,104,113,140,120,2025-09-02
1,9,하차,46,53,53,56,51,55,75,81,62,89,103,91,89,93,115,112,124,2025-09-02
2,6,승차,41,42,35,56,49,72,59,77,93,72,102,75,121,93,113,129,126,2025-09-02
1,1,승차,38,38,48,61,56,69,73,83,81,82,84,97,106,94,93,106,142,2025-09-02
4,1,승차,37,44,58,54,72,71,75,81,103,78,100,105,95,108,96,128,131,2025-09-02
2,8,하차,34,42,45,48,69,77,76,79,86,81,83,111,114,127,112,115,137,2025-09-02
1,6,승차,46,61,54,50,70,74,61,57,60,96,101,85,109,86,103,106,126,2025-09-02
1,8,승차,48,50,46,56,57,68,65,63,88,100,106,92,96,101,103,128,151,2025-09-02
3,8,하차,49,51,60,57,64,69,65,70,102,90,77,68,92,112,85,125,102,2025-09-02
1,8,하차,36,49,45,58,61,57,72,71,76,86,82,86,95,83,114,120,141,2025-09-02
2,7,승차,44,46,57,69,55,69,73,68,79,87,83,101,100,103,119,116,122,2025-09-02
2,7,승차,45,39,36,58,61,63,81,67,84,82,95,90,96,105,107,112,124,2025-09-02
3,4,하차,30,36,50,51,64,57,89,78,73,101,74,95,102,111,144,105,120,2025-09-02
2,9,승차,28,45,56,56,63,59,64,58,81,84,101,89,104,99,97,124,115,2025-09-02
4,2,승차,49,36,39,52,59,59,63,77,73,74,97,89,106,97,125,119,116,2025-09-02
2,9,하차,41,47,48,64,58,62,72,93,76,70,86,96,98,110,114,100,120,2025-09-02
2,3,하차,41,47,58,58,65,58,84,72,92,79,101,98,99,118,148,119,118,2025-09-02
1,2,하차,48,57,43,43,72,71,83,84,83,64,100,94,93,103,119,127,115,2025-09-02
1,4,승차,41,38,41,42,61,56,88,68,65,90,90,81,88,99,124,117,117,2025-09-02
2,5,하차,32,36,49,50,49,57,72,75,80,90,85,85,100,93,101,121,118,2025-09-02
3,2,하차,39,46,45,50,65,63,67,89,63,78,99,87,93,105,105,111,106,2025-09-02
1,1,승차,40,39,51,50,64,53,78,67,80,72,89,88,87,109,117,126,127,2025-09-02
3,5,승차,40,41,37,49,53,80,72,68,72,87,94,89,88,122,92,115,119,2025-09-02
2,9,하차,41,47,47,56,75,76,72,53,72,88,94,106,86,109,103,120,134,2025-09-02
2,5,하차,45,37,55,57,57,66,82,47,78,90,86,99,107,111,110,111,124,2025-09-02
4,9,승차,34,48,56,51,57,79,72,71,96,62,85,92,94,95,101,111,130,2025-09-02
1,6,승차,28,50,61,49,67,67,72,79,76,86,98,94,86,106,121,129,113,2025-09-02
2,3,하차,32,41,42,52,68,62,60,82,77,84,86,96,99,88,123,116,119,2025-09-02
4,4,하차,28,54,49,46,63,61,67,70,75,92,83,109,101,96,95,121,101,2025-09-02
1,4,승차,40,42,53,58,62,61,71,76,78,88,85,111,106,106,98,116,95,2025-09-02
2,1,하차,34,42,49,64,50,60,77,72,74,79,81,89,116,99,99,143,113,2025-09-02
2,3,승차,43,41,51,53,66,65,74,77,73,74,89,78,106,91,103,102,128,2025-09-02
1,3,하차,47,48,47,81,69,62,69,72,79,86,94,84,106,108,110,123,132,2025-09-02
1,1,승차,47,50,47,51,60,76,69,81,79,83,90,91,110,79,117,111,113,2025-09-02
1,9,승차,35,43,58,53,49,73,72,77,84,84,91,86,109,105,114,103,106,2025-09-02
2,1,하차,38,49,42,66,60,54,70,91,83,86,102,87,106,118,109,114,123,2025-09-02
2,9,하차,31,57,44,49,55,72,75,76,78,90,90,91,109,94,110,112,97,2025-09-02
4,1,승차,38,34,55,64,77,66,61,76,86,102,95,91,99,102,116,115,128,2025-09-02
3,2,하차,47,45,50,44,67,58,66,72,83,71,81,88,86,99,121,105,114,2025-09-02
1,2,하차,43,47,70,44,62,64,65,71,84,72,82,102,114,110,112,126,123,2025-09-02
2,6,하차,44,49,52,54,50,75,51,69,87,89,85,103,95,99,98,109,140,2025-09-02
2,7,승차,52,44,57,59,54,65,68,92,73,99,88,92,98,94,132,133,119,2025-09-02
1,1,하차,46,51,51,51,74,55,87,87,76,87,100,96,108,105,96,117,114,2025-09-02
3,3,하차,33,46,39,55,70,58,61,67,81,84,81,89,103,97,101,115,121,2025-09-02
1,2,승차,48,41,53,55,66,76,82,78,69,74,76,86,113,85,119,119,117,2025-09-02
3,8,하차,40,43,41,49,72,61,61,69,92,78,88,93,106,98,104,102,125,2025-09-02
2,9,하차,50,35,56,55,60,71,85,68,79,73,86,102,105,102,105,109,128,2025-09-02
3,2,승차,45,39,49,50,59,65,75,61,75,75,102,92,105,79,117,105,120,2025-09-02
4,2,승차,51,42,50,49,64,78,73,73,87,77,79,92,80,101,108,104,116,2025-09-02
2,9,하차,45,37,49,53,56,81,56,71,81,82,118,87,85,91,120,115,115,2025-09-02
4,4,하차,33,43,46,49,72,53,65,75,80,82,85,101,102,104,107,118,136,2025-09-02
1,5,승차,37,49,47,61,52,64,73,92,71,65,89,107,109,110,100,124,134,2025-09-02
1,9,승차,39,42,55,51,52,60,66,76,87,79,93,78,97,106,117,129,153,2025-09-02
1,6,하차,26,46,52,57,61,63,68,69,94,64,99,95,102,97,108,109,137,2025-09-02
3,9,하차,47,52,45,50,59,63,69,71,79,94,99,103,84,98,118,100,110,2025-09-02
2,9,하차,36,66,46,57,63,63,79,73,73,81,95,95,87,106,102,132,109,2025-09-02
1,7,승차,45,40,38,55,53,62,70,70,66,89,83,110,90,96,118,127,119,2025-09-02
1,9,하차,38,48,45,67,45,66,65,68,68,80,92,90,101,100,111,105,117,2025-09-02
2,5,승차,42,46,50,62,70,73,83,57,73,88,95,85,102,112,110,120,103,2025-09-02
1,5,승차,39,30,53,47,68,72,61,76,84,84,82,86,85,99,113,121,134,2025-09-02
4,8,승차,45,42,41,64,49,63,62,86,85,84,94,83,94,111,121,111,116,2025-09-02
2,4,하차,38,40,47,52,54,62,73,70,71,86,104,100,104,104,97,148,121,2025-09-02
2,9,하차,42,48,52,60,58,72,70,79,102,99,94,134,93,109,125,119,137,2025-09-02
2,7,하차,35,29,46,63,50,65,71,64,78,98,94,115,99,106,102,121,124,2025-09-02
4,7,승차,35,42,51,46,49,81,89,54,77,77,84,92,94,91,121,97,112,2025-09-02
2,3,하차,34,45,42,43,65,66,67,70,83,73,78,78,95,109,114,119,146,2025-09-02
4,4,승차,43,49,63,63,66,76,71,66,80,81,85,93,106,108,100,119,118,2025-09-02
2,7,승차,38,40,47,54,56,71,54,68,71,91,108,94,97,106,119,98,112,2025-09-02
3,5,승차,32,43,66,68,69,51,73,77,76,83,92,90,101,111,109,114,136,2025-09-02
1,3,승차,51,50,46,66,61,64,79,54,93,78,89,83,101,94,123,137,125,2025-09-02
3,1,승차,35,46,50,47,72,58,75,76,80,80,87,89,98,105,110,107,120,2025-09-02
1,7,승차,41,51,52,39,53,65,75,70,86,79,90,96,91,104,119,114,133,2025-09-02
4,6,하차,27,40,30,53,61,53,74,73,88,81,77,88,102,114,110,99,116,2025-09-02
3,7,승차,48,31,41,44,46,55,50,72,73,92,80,81,112,110,97,137,110,2025-09-02
2,2,하차,39,40,41,61,76,68,73,75,78,78,84,89,100,101,97,115,107,2025-09-02
1,4,승차,36,45,53,64,62,63,84,72,67,80,106,100,106,106,110,103,127,2025-09-02
1,2,하차,40,51,54,61,51,63,64,69,84,87,96,91,100,89,128,108,133,2025-09-02
3,8,하차,48,45,55,64,46,57,56,86,82,72,96,95,110,98,111,105,132,2025-09-02
4,7,하차,33,44,60,52,58,59,67,87,72,87,92,90,74,114,90,116,134,2025-09-02
3,1,하차,44,39,56,51,53,61,77,74,84,99,90,104,103,103,104,138,106,2025-09-02
4,2,승차,29,40,55,64,54,54,70,86,65,73,84,87,102,125,108,117,121,2025-09-02
4,2,승차,26,39,43,45,62,72,75,69,87,95,88,100,96,112,113,132,110,2025-09-02
1,4,승차,36,45,63,62,61,67,72,84,112,73,104,100,118,76,95,114,123,2025-09-02
3,3,승차,26,50,47,57,73,79,65,95,100,96,96,88,111,96,126,110,112,2025-09-02
3,1,하차,41,42,43,42,65,70,72,69,105,76,84,84,111,101,118,111,115,2025-09-02
4,2,하차,46,39,58,63,53,57,72,77,73,101,91,113,107,112,105,124,113,2025-09-02
3,9,하차,45,45,63,42,51,61,55,69,72,87,76,95,110,99,127,109,130,2025-09-02
2,1,승차,44,36,54,49,60,59,76,70,88,82,106,103,96,91,110,124,127,2025-09-02
2,9,하차,49,47,38,58,68,61,73,77,77,82,77,112,105,108,102,91,113,2025-09-02
3,7,승차,50,49,43,45,61,64,57,84,79,94,91,79,102,107,101,117,127,2025-09-02
3,2,하차,38,47,37,51,52,51,43,81,65,80,90,102,119,97,106,120,107,2025-09-02
4,2,하차,38,57,48,47,68,75,76,89,71,74,98,99,94,96,121,99,119,2025-09-02
2,5,하차,41,45,61,36,42,67,71,79,93,84,79,106,107,96,109,121,119,2025-09-02
2,5,하차,43,48,56,52,65,70,65,71,77,87,102,100,89,115,111,130,120,2025-09-02
1,4,하차,51,38,52,58,65,68,62,74,75,78,89,108,118,123,91,130,95,2025-09-02
4,3,승차,36,44,39,60,52,68,77,56,69,82,92,82,105,100,111,112,126,2025-09-02
1,4,하차,28,40,65,54,58,64,65,79,87,78,107,97,121,100,109,114,125,2025-09-02
2,4,승차,43,37,57,58,69,65,74,88,77,104,77,106,110,92,125,113,130,2025-09-02
4,2,승차,41,46,45,48,61,77,76,83,72,91,83,91,109,113,99,106,96,2025-09-02
3,5,승차,39,41,44,53,47,68,74,58,91,91,72,100,99,115,132,114,108,2025-09-02
4,5,승차,38,49,52,57,67,71,79,86,91,89,84,101,91,97,117,113,126,2025-09-02
3,5,승차,39,40,37,50,53,55,65,65,112,86,97,89,103,136,110,123,129,2025-09-02
3,1,승차,33,48,45,53,71,56,88,71,79,89,98,76,110,108,111,104,123,2025-09-02
4,6,승차,28,43,47,50,64,60,71,84,81,82,102,96,97,122,122,128,120,2025-09-02
3,2,승차,57,40,57,55,48,61,67,84,77,79,76,109,103,86,112,127,112,2025-09-02
1,7,하차,43,44,38,53,65,71,71,76,83,91,87,99,84,106,92,109,124,2025-09-02
2,4,하차,34,37,47,54,73,74,67,82,80,95,89,98,94,101,99,126,118,2025-09-02
3,5,승차,34,51,50,52,60,72,67,76,86,78,90,106,95,109,114,119,120,2025-09-02
1,5,승차,31,46,52,54,70,62,75,70,83,96,103,103,98,118,90,108,120,2025-09-02
3,5,승차,37,61,50,59,71,63,63,73,82,86,82,82,118,95,91,117,124,2025-09-02
2,2,하차,46,59,51,53,48,72,62,72,81,77,96,117,107,109,106,124,132,2025-09-02
1,5,하차,41,43,53,44,66,61,72,61,75,84,80,106,117,107,109,112,124,2025-09-02
2,3,승차,38,50,50,47,50,56,67,65,94,84,96,96,105,81,132,100,137,2025-09-02
2,4,승차,41,42,56,61,45,70,57,87,78,83,113,94,90,113,107,110,133,2025-09-02
1,2,하차,36,45,57,50,49,62,76,74,66,91,90,103,93,90,109,121,116,2025-09-02
1,4,하차,43,46,44,48,53,70,82,73,88,96,87,88,96,81,119,116,124,2025-09-02
1,9,승차,35,42,54,45,69,57,71,68,94,93,88,100,79,95,100,111,120,2025-09-02
4,8,승차,49,42,38,56,58,66,78,70,79,70,90,94,100,97,126,123,114,2025-09-02
1,3,승차,42,38,62,57,55,55,75,72,70,84,103,103,99,109,105,108,117,2025-09-02
1,1,승차,51,58,54,54,66,69,54,89,78,77,98,87,104,114,112,127,95,2025-09-02
1,1,하차,37,56,52,69,77,67,76,87,71,96,85,100,93,108,92,125,120,2025-09-02
1,6,하차,41,40,50,56,61,59,70,90,82,84,87,97,91,102,101,112,117,2025-09-02
3,3,승차,41,45,50,57,47,55,61,81,73,77,79,76,106,114,125,124,129,2025-09-02
4,4,승차,32,48,45,57,44,63,77,75,86,105,91,76,93,103,105,114,117,2025-09-02
2,1,승차,35,46,52,50,58,66,63,64,85,88,97,92,98,134,109,107,119,2025-09-02
1,8,하차,41,47,43,47,56,58,73,52,92,94,104,102,95,87,114,114,109,2025-09-02
3,1,승차,40,41,43,44,74,79,70,80,88,86,89,92,96,109,107,111,138,2025-09-02
3,5,승차,53,50,48,49,56,69,88,63,78,105,86,87,104,107,121,130,129,2025-09-02
3,6,승차,45,35,47,47,59,67,74,79,84,98,110,93,107,129,122,123,124,2025-09-02
2,2,하차,38,52,38,69,47,58,77,79,82,79,97,77,108,127,107,139,130,2025-09-02
1,7,승차,35,38,57,56,52,61,79,78,65,87,94,78,100,115,107,100,136,2025-09-02
4,7,하차,34,41,52,48,42,75,79,79,75,86,83,104,105,106,114,119,114,2025-09-02
4,1,승차,39,48,49,44,56,67,73,63,71,94,90,81,97,92,136,110,132,2025-09-02
3,4,승차,37,39,64,52,63,66,71,93,92,99,104,104,89,130,105,131,113,2025-09-02
2,4,승차,35,51,62,62,60,65,72,69,90,92,88,106,112,106,120,128,113,2025-09-02
2,5,하차,34,47,51,51,70,78,76,59,66,76,108,90,109,106,117,135,116,2025-09-02
2,1,승차,39,48,46,57,67,69,75,82,82,76,107,104,88,120,112,140,132,2025-09-02
4,1,승차,38,45,48,64,70,53,72,80,73,70,93,106,94,105,113,108,118,2025-09-02
3,7,하차,41,48,49,55,54,65,76,82,75,89,80,99,97,117,97,123,95,2025-09-02
1,9,하차,42,40,58,58,64,77,81,59,71,91,87,107,104,110,112,109,116,2025-09-02
4,1,하차,26,50,52,48,62,55,62,74,83,77,96,96,98,102,112,99,132,2025-09-02
3,2,승차,42,47,44,56,63,78,61,77,92,82,82,99,118,96,113,108,122,2025-09-02
3,6,하차,31,52,44,59,58,62,74,73,90,91,93,115,106,92,111,109,121,2025-09-02
1,6,승차,41,36,36,52,51,59,64,68,82,79,89,99,102,108,96,133,116,2025-09-02
1,2,하차,47,56,47,52,60,57,65,82,68,105,83,102,130,103,117,122,122,2025-09-02
1,9,하차,46,40,44,54,62,60,70,89,83,84,98,104,92,103,111,111,110,2025-09-02
2,4,하차,33,47,61,50,58,68,87,78,83,104,81,92,109,111,107,124,104,2025-09-02
1,7,승차,36,39,53,44,62,67,66,75,84,96,95,94,94,105,104,124,128,2025-09-02
3,6,승차,44,51,50,53,58,70,51,94,95,98,102,93,103,128,107,108,121,2025-09-02
1,3,승차,38,44,29,50,57,48,52,83,85,77,94,99,97,101,103,105,116,2025-09-02
3,8,승차,31,58,38,57,60,69,68,82,73,76,96,94,94,101,103,111,93,2025-09-02
4,7,승차,39,50,50,56,62,77,68,89,84,92,81,96,81,134,116,121,119,2025-09-02
2,9,승차,44,49,42,48,51,59,80,88,94,94,84,90,100,109,128,114,129,2025-09-02
4,3,승차,41,58,53,55,61,61,88,86,93,92,87,97,111,110,105,118,111,2025-09-02
4,1,승차,46,32,58,45,66,72,73,77,110,96,81,103,115,102,113,114,124,2025-09-02
3,2,승차,55,53,70,42,57,47,72,68,89,87,90,85,106,109,107,111,124,2025-09-02
4,1,하차,38,49,47,62,61,68,67,91,87,80,107,86,100,104,115,125,121,2025-09-02
3,5,하차,35,51,64,63,68,55,63,75,80,94,94,94,113,125,89,108,124,2025-09-02
1,2,승차,44,38,50,57,53,55,75,90,102,99,76,106,92,111,101,111,106,2025-09-02
1,3,승차,32,49,50,51,73,47,70,72,85,65,98,116,82,90,99,113,122,2025-09-02
3,8,승차,41,42,53,50,61,59,75,72,87,74,111,99,103,103,117,110,116,2025-09-02
1,5,승차,47,59,45,57,70,60,59,63,73,87,100,100,116,102,117,119,146,2025-09-02
2,4,하차,45,45,50,65,61,76,71,71,82,80,90,80,99,115,138,120,107,2025-09-02
4,5,하차,44,42,49,57,65,64,67,73,98,80,81,97,116,95,111,118,133,2025-09-02
2,6,승차,38,53,40,64,71,56,81,69,87,72,85,98,92,121,106,117,116,2025-09-02
4,7,하차,45,49,46,62,59,52,56,70,104,97,89,97,106,143,100,125,116,2025-09-02
1,9,하차,37,54,54,49,77,71,71,81,84,72,90,89,113,105,106,127,122,2025-09-02
2,1,승차,47,40,48,68,55,61,50,76,85,85,83,86,88,104,130,112,121,2025-09-02
1,4,승차,60,44,60,61,65,75,80,77,89,94,75,103,108,90,111,122,140,2025-09-02
4,9,승차,40,52,52,53,79,56,57,62,80,87,85,96,107,93,129,109,137,2025-09-02
3,5,승차,39,49,62,58,68,61,73,73,69,84,110,78,100,118,115,121,98,2025-09-02
3,8,하차,44,58,57,55,65,49,78,80,59,83,84,98,103,124,121,153,110,2025-09-02
2,1,승차,57,47,57,42,58,60,65,102,70,83,93,80,93,113,110,95,132,2025-09-02
1,4,하차,35,37,54,55,53,70,82,70,91,92,102,94,77,108,121,110,129,2025-09-02
1,9,승차,45,48,42,49,52,55,75,66,87,88,75,86,87,107,124,122,123,2025-09-02
2,1,하차,39,47,43,49,69,60,59,62,72,108,104,82,102,95,114,104,115,2025-09-02
3,1,승차,34,32,50,57,65,66,83,63,69,67,102,111,104,91,118,93,120,2025-09-02
4,4,승차,40,45,47,46,69,75,69,65,81,73,85,91,104,116,120,115,116,2025-09-02
2,3,하차,36,34,53,43,55,72,62,81,86,81,93,105,108,112,109,106,106,2025-09-02
4,7,하차,31,41,40,55,64,64,66,83,87,88,82,112,99,93,98,116,136,2025-09-02
3,3,하차,34,47,54,43,61,91,75,74,89,92,90,86,116,119,106,116,113,2025-09-02
1,1,승차,41,45,43,54,57,60,82,70,78,109,104,87,105,102,100,121,138,2025-09-02
3,2,하차,41,46,37,39,54,68,89,67,78,89,93,104,97,86,107,122,122,2025-09-02
2,4,하차,32,43,51,53,56,56,68,90,74,89,78,106,94,95,113,132,103,2025-09-02
1,1,하차,51,36,51,65,65,67,75,80,71,90,82,83,98,120,112,96,108,2025-09-02
2,1,하차,43,45,58,61,63,82,64,67,90,76,84,95,103,93,107,113,117,2025-09-02
2,8,하차,40,46,53,56,61,59,74,73,72,78,96,87,92,102,89,134,124,2025-09-02
3,7,하차,47,38,41,55,65,63,72,79,62,93,94,92,94,106,117,128,120,2025-09-02
2,8,하차,51,42,54,42,65,74,50,73,85,76,90,111,97,103,105,137,138,2025-09-02
3,4,하차,52,37,46,47,50,65,71,74,80,86,72,97,89,130,101,86,112,2025-09-02
1,6,하차,37,43,51,64,59,58,74,74,69,99,90,107,112,97,104,118,122,2025-09-02
3,3,승차,29,50,54,46,48,75,64,66,80,78,94,96,98,112,115,133,114,2025-09-02
1,8,승차,40,47,49,58,67,69,63,59,69,96,93,99,105,82,111,120,110,2025-09-02
3,4,하차,39,44,38,53,53,66,63,77,84,93,78,86,98,110,117,120,114,2025-09-02
4,3,승차,41,51,51,59,59,53,60,79,80,88,93,89,107,112,101,100,98,2025-09-02
4,4,승차,38,57,36,57,58,61,72,66,82,84,92,88,90,95,115,129,113,2025-09-02
2,6,하차,54,43,54,59,65,58,74,71,87,76,87,102,104,118,103,92,117,2025-09-02
3,7,하차,30,47,37,48,61,66,65,68,81,77,92,94,106,115,100,121,115,2025-09-02
3,7,하차,34,51,44,57,53,64,66,92,68,95,87,110,105,105,120,102,134,2025-09-02
1,4,하차,27,41,52,42,52,68,65,78,99,100,87,94,87,128,88,129,129,2025-09-02
2,8,하차,44,53,53,56,65,71,64,83,77,78,94,92,85,113,96,115,117,2025-09-02
3,7,하차,38,53,47,73,59,71,57,69,83,73,81,103,104,95,111,134,117,2025-09-02
2,2,승차,45,47,59,54,62,66,63,67,67,88,85,91,91,89,112,120,121,2025-09-02
4,8,하차,41,36,42,56,58,64,57,84,81,73,90,95,106,79,108,122,124,2025-09-02
3,9,승차,37,48,49,38,52,73,68,67,87,94,75,91,106,94,115,111,111,2025-09-02
3,5,하차,47,52,52,61,53,66,67,74,67,79,96,95,95,112,105,137,122,2025-09-02
2,4,하차,43,37,40,68,58,65,79,76,72,104,78,90,94,106,117,118,120,2025-09-02
3,4,승차,46,46,57,56,67,56,93,64,70,78,103,95,107,83,98,134,142,2025-09-02
2,4,하차,39,54,51,59,58,77,70,77,86,90,78,82,98,100,102,116,128,2025-09-02
3,6,하차,36,48,47,56,62,69,71,87,99,95,93,87,86,105,97,115,124,2025-09-02
1,4,승차,37,42,60,50,46,61,91,65,85,77,88,100,85,125,102,118,118,2025-09-02
2,7,하차,29,45,62,63,69,66,69,78,88,85,79,102,102,104,111,114,111,2025-09-02
3,7,승차,41,47,51,40,63,64,75,72,79,82,113,89,100,107,110,107,124,2025-09-02
4,5,하차,46,48,42,59,66,55,77,80,89,73,95,96,89,100,99,113,121,2025-09-02
3,5,하차,38,41,45,42,48,49,75,79,90,80,83,101,93,108,109,114,102,2025-09-02
4,8,승차,40,43,51,49,53,60,83,64,66,79,87,91,96,93,119,112,112,2025-09-02
4,7,하차,45,52,52,49,59,74,93,68,83,91,98,85,109,131,109,132,135,2025-09-02
1,7,승차,42,45,63,58,65,75,75,70,71,68,92,101,88,111,126,114,113,2025-09-02
2,6,승차,45,63,63,48,51,40,65,69,69,75,67,94,103,106,110,112,98,2025-09-02
3,7,승차,28,36,39,67,63,82,79,67,77,85,101,91,104,98,109,111,116,2025-09-02
1,7,하차,45,43,49,56,53,60,68,78,62,78,88,94,95,111,111,111,139,2025-09-02
3,2,하차,32,47,50,49,70,65,92,80,72,75,102,89,103,103,112,99,119,2025-09-02
4,2,승차,45,48,41,56,53,55,67,77,94,85,87,93,102,117,99,131,114,2025-09-02
2,7,하차,40,34,46,52,66,64,76,83,89,83,100,90,118,98,113,106,116,2025-09-02
3,7,하차,32,55,55,53,50,65,71,68,74,82,102,116,86,102,104,110,130,2025-09-02
3,7,하차,38,38,47,55,58,67,64,74,71,89,78,94,104,90,108,114,121,2025-09-02
4,5,승차,48,41,47,60,57,65,60,71,84,78,76,83,105,102,130,127,115,2025-09-02
3,1,하차,44,48,61,56,57,65,73,71,90,93,95,106,88,97,109,119,117,2025-09-02
3,2,승차,35,35,56,64,62,69,62,71,75,86,97,91,106,120,117,109,123,2025-09-02
4,9,하차,44,44,56,74,62,83,56,78,83,76,89,82,84,122,125,119,121,2025-09-02
1,8,하차,38,31,50,51,60,77,80,73,84,109,84,98,105,97,92,131,129,2025-09-02
4,8,승차,60,44,52,37,68,60,82,66,104,84,104,103,99,100,126,119,110,2025-09-02
1,1,하차,27,36,64,53,68,51,73,78,96,77,101,94,107,85,107,107,114,2025-09-02
2,6,승차,45,52,45,50,58,69,53,56,79,100,94,101,100,117,87,104,117,2025-09-02
1,9,하차,42,42,39,57,72,77,70,69,77,90,81,87,123,128,100,120,116,2025-09-02
1,8,승차,36,43,55,44,60,77,63,72,74,92,84,115,119,97,108,120,105,2025-09-02
2,3,하차,38,37,49,44,60,49,58,82,62,86,71,99,106,112,110,121,113,2025-09-02
1,4,하차,33,35,53,55,66,59,84,71,83,86,89,103,114,112,90,123,149,2025-09-02
4,3,하차,43,48,35,70,72,61,73,72,75,94,98,87,93,115,110,100,97,2025-09-02
1,6,승차,41,51,60,57,50,55,60,61,82,101,82,94,101,93,104,120,131,2025-09-02
2,9,승차,43,47,43,47,65,79,74,82,85,89,96,93,101,96,92,111,127,2025-09-02
4,8,승차,46,30,64,54,52,57,89,78,71,81,78,95,103,97,103,108,113,2025-09-02
2,4,하차,41,51,57,60,63,64,68,82,73,95,97,87,115,104,108,115,132,2025-09-02
2,2,승차,27,44,44,65,74,65,60,75,84,84,100,94,86,85,101,109,126,2025-09-02
3,8,승차,47,45,43,50,58,71,85,63,87,87,98,101,96,86,108,118,114,2025-09-02
3,8,승차,39,42,59,56,50,48,62,76,65,100,88,97,82,110,109,117,111,2025-09-02
2,6,승차,28,54,55,50,70,70,66,78,79,65,87,96,99,104,111,131,104,2025-09-02
2,8,승차,36,50,40,64,65,55,77,70,79,82,107,100,109,106,117,119,122,2025-09-02
2,9,승차,34,50,54,67,43,61,74,73,86,97,86,97,92,108,104,102,101,2025-09-02
3,1,승차,34,50,50,36,62,68,65,69,74,88,87,103,99,94,131,126,103,2025-09-02
3,9,승차,39,35,54,57,67,78,59,80,79,92,80,100,107,102,101,121,122,2025-09-02
1,2,승차,36,49,37,63,59,52,68,101,68,78,77,94,101,113,100,102,124,2025-09-02
1,1,승차,37,32,46,56,59,66,63,77,77,79,110,92,85,112,112,126,115,2025-09-02
2,8,하차,44,43,41,60,49,78,80,77,82,78,82,85,99,102,89,113,120,2025-09-02
4,8,하차,38,48,46,32,68,55,70,77,70,87,92,108,93,111,109,110,128,2025-09-02
4,4,승차,40,46,67,62,53,63,73,74,78,92,101,104,91,123,100,115,148,2025-09-02
3,8,하차,47,38,62,55,66,75,70,74,76,109,75,103,105,113,114,106,117,2025-09-02
3,7,하차,36,46,42,52,51,45,68,70,85,92,74,92,124,120,134,110,118,2025-09-02
3,2,승차,44,56,47,50,52,71,59,87,83,85,95,101,97,109,122,123,112,2025-09-02
2,5,승차,34,45,57,52,56,72,66,78,73,82,100,96,91,122,116,139,120,2025-09-02
4,4,승차,44,53,43,59,64,60,62,68,64,96,103,89,99,96,114,113,129,2025-09-02
1,3,하차,34,45,51,60,74,67,60,61,69,91,89,98,103,126,95,116,131,2025-09-02
2,1,승차,40,31,50,66,57,59,70,74,93,74,97,79,94,110,103,98,118,2025-09-02
1,5,하차,35,50,56,57,50,68,59,74,77,84,100,117,99,101,102,131,109,2025-09-02
1,8,승차,39,54,49,55,61,82,68,60,92,80,112,92,94,129,117,126,111,2025-09-02
2,9,하차,44,50,52,49,57,66,67,76,78,74,91,78,96,117,122,129,130,2025-09-02
1,7,하차,45,54,59,51,73,51,80,65,85,87,77,91,94,123,131,137,95,2025-09-02
4,1,승차,35,37,55,64,54,75,68,72,72,84,101,78,100,106,98,117,110,2025-09-02
1,1,승차,38,51,56,48,54,66,72,77,92,83,108,80,108,98,110,113,107,2025-09-02
4,1,하차,29,40,54,52,61,71,67,74,92,77,99,129,116,101,114,119,121,2025-09-02
4,2,하차,44,36,45,64,64,90,67,58,81,78,103,99,95,110,115,125,109,2025-09-02
4,1,승차,35,57,40,42,58,56,69,98,63,95,96,100,93,113,101,120,122,2025-09-02
3,4,승차,28,46,45,59,57,56,69,75,77,88,95,97,102,101,90,119,98,2025-09-02
1,9,하차,49,45,49,60,69,57,74,70,74,73,100,98,102,112,112,105,111,2025-09-02
2,4,승차,43,49,37,59,58,65,66,87,87,62,100,103,105,91,94,108,125,2025-09-02
2,4,하차,33,48,43,57,67,64,67,79,92,83,86,84,98,86,96,116,108,2025-09-02
1,7,승차,37,47,53,56,65,60,68,60,83,94,78,113,103,107,105,119,131,2025-09-02
3,9,승차,56,38,54,53,55,57,77,75,84,76,79,108,98,113,122,122,107,2025-09-02
3,7,승차,37,53,64,49,47,73,79,61,78,93,76,73,93,77,111,123,112,2025-09-02
4,1,하차,39,39,46,64,65,72,56,81,64,80,91,91,92,100,104,122,138,2025-09-02
1,1,승차,45,50,37,55,73,72,86,85,65,83,96,109,113,93,115,116,141,2025-09-02
1,4,하차,43,36,50,37,64,59,71,75,88,98,92,97,100,94,99,115,103,2025-09-02
2,4,승차,54,52,43,60,64,57,75,73,63,108,88,86,101,113,105,117,120,2025-09-02
1,1,하차,39,38,61,53,54,61,81,76,86,84,81,100,108,97,106,129,103,2025-09-02
3,6,하차,47,51,50,48,59,79,62,72,78,91,85,92,86,101,96,109,112,2025-09-02
1,2,승차,40,48,54,52,59,57,71,73,68,89,86,109,85,90,113,129,126,2025-09-02
2,5,하차,47,50,63,58,60,87,74,76,78,87,86,91,98,107,129,123,113,2025-09-02
4,8,하차,41,41,56,57,49,65,67,59,94,81,88,88,99,102,97,110,118,2025-09-02
2,3,하차,51,39,51,62,60,72,63,73,78,66,100,99,90,87,119,115,106,2025-09-02
2,9,하차,28,38,54,64,63,60,90,78,86,81,83,82,101,87,101,109,134,2025-09-02
4,7,승차,37,36,62,65,47,63,80,86,92,78,89,90,97,110,95,118,127,2025-09-02
2,9,승차,39,57,61,51,59,52,62,78,88,90,111,89,86,119,113,128,111,2025-09-02
2,1,승차,42,45,59,59,51,71,84,85,77,89,80,90,84,119,122,104,125,2025-09-02
1,5,하차,34,50,41,58,61,65,58,68,85,94,98,88,102,111,112,103,115,2025-09-02
1,3,하차,48,49,57,60,56,68,60,74,83,84,84,93,97,109,116,105,103,2025-09-02
4,4,승차,27,39,53,45,59,87,58,67,78,72,81,86,102,96,119,127,120,2025-09-02
1,4,승차,46,48,49,57,55,72,64,73,73,92,82,96,92,101,105,111,128,2025-09-02
1,7,하차,48,50,52,50,62,59,78,89,79,84,86,110,81,113,114,92,130,2025-09-02
2,8,승차,45,58,38,57,56,60,57,82,81,77,100,94,112,87,123,108,131,2025-09-02
3,5,승차,41,46,49,69,71,63,59,78,85,81,91,96,95,113,90,118,116,2025-09-02
1,7,하차,48,41,35,54,60,55,81,71,81,94,80,91,114,106,127,116,138,2025-09-02
3,3,승차,41,54,50,57,60,76,65,78,90,83,97,83,94,106,103,108,113,2025-09-02
1,3,하차,44,47,55,58,60,71,63,96,70,104,109,88,102,86,98,116,129,2025-09-02
1,3,승차,46,38,50,45,58,80,72,61,71,87,87,93,104,102,112,130,128,2025-09-02
4,4,하차,44,44,57,52,55,59,74,69,83,77,94,88,107,104,118,119,138,2025-09-02
4,6,하차,34,61,48,57,60,66,49,82,84,86,91,84,98,93,122,102,125,2025-09-02
4,5,하차,30,45,51,61,68,51,79,76,85,80,98,90,97,95,103,111,115,2025-09-02
3,8,하차,34,54,47,63,56,68,72,67,92,81,79,94,84,118,110,132,128,2025-09-02
2,5,하차,37,46,37,55,79,59,65,69,82,66,89,92,109,108,116,108,154,2025-09-02
1,5,승차,44,47,50,58,51,60,76,75,76,87,79,97,94,91,105,108,129,2025-09-02
1,2,승차,39,48,52,50,44,66,80,73,76,86,100,84,113,113,124,129,114,2025-09-02
1,5,승차,43,49,45,56,71,60,67,56,88,75,102,85,98,112,109,119,132,2025-09-02
3,7,하차,32,44,49,48,48,67,52,80,77,106,96,105,96,90,114,102,115,2025-09-02
4,2,승차,37,47,47,55,62,52,78,74,83,88,94,87,119,109,98,110,125,2025-09-02
2,6,하차,44,38,57,45,56,78,66,83,86,86,95,95,103,102,118,121,125,2025-09-02
3,7,하차,34,28,63,44,59,72,79,84,74,87,98,89,92,93,103,133,114,2025-09-02
4,5,승차,36,53,56,59,57,72,53,86,77,83,97,90,97,100,129,135,113,2025-09-02
3,9,하차,44,36,40,47,59,69,72,66,75,79,91,97,108,126,127,111,114,2025-09-02
2,4,승차,39,44,53,60,72,70,66,65,92,85,87,95,126,110,133,108,107,2025-09-02
4,1,하차,47,42,57,47,71,62,67,63,74,88,85,107,103,108,117,116,114,2025-09-02
3,8,하차,35,51,48,53,61,63,68,72,82,81,99,102,87,120,117,126,130,2025-09-02
2,8,승차,36,51,44,40,51,46,61,83,69,72,86,101,107,106,126,116,110,2025-09-02
1,7,하차,38,41,50,52,41,55,66,81,74,84,76,99,90,103,118,128,119,2025-09-02
2,8,승차,46,36,50,56,60,54,85,74,92,86,79,96,97,103,118,101,132,2025-09-02
1,2,하차,42,45,52,44,61,66,70,68,83,100,113,97,92,109,100,107,123,2025-09-02
3,3,승차,38,51,54,42,40,65,63,86,73,96,94,108,88,85,112,119,123,2025-09-02
4,9,하차,40,48,50,49,62,57,65,63,86,84,82,86,91,98,101,123,107,2025-09-02
4,1,승차,40,39,42,59,74,53,73,74,73,95,91,99,110,125,108,100,113,2025-09-02
3,8,승차,29,38,35,58,53,69,78,71,71,68,84,93,118,105,112,102,111,2025-09-02
4,8,하차,38,49,44,44,69,77,77,70,72,85,85,97,86,105,118,106,133,2025-09-02
4,7,승차,43,46,62,50,59,63,68,72,59,87,81,111,84,113,104,115,126,2025-09-02
1,5,하차,50,42,50,62,75,62,84,62,82,81,96,93,102,93,93,131,136,2025-09-02
3,4,하차,32,47,45,63,53,78,74,84,86,102,85,80,87,99,120,121,110,2025-09-02
2,6,승차,28,38,43,44,55,60,69,70,82,90,96,89,93,92,115,140,122,2025-09-02
1,1,승차,42,49,43,65,64,60,65,71,76,68,101,113,99,107,109,110,139,2025-09-02
3,5,승차,31,41,44,48,69,58,73,85,87,89,100,76,94,104,119,114,103,2025-09-02
1,4,승차,39,50,47,37,50,80,69,80,94,74,72,94,108,91,107,111,137,2025-09-02
2,4,승차,46,53,44,53,54,69,82,71,65,110,96,75,111,124,87,129,121,2025-09-02
2,7,하차,32,49,66,56,60,71,72,66,59,84,100,90,94,87,102,126,124,2025-09-02
3,9,승차,51,51,57,46,60,72,68,81,94,87,87,107,101,92,103,115,141,2025-09-02
2,8,하차,42,42,52,66,57,60,75,82,76,82,94,91,103,112,123,119,113,2025-09-02
1,8,승차,41,52,48,69,53,49,67,88,89,84,96,87,109,112,118,121,119,2025-09-02
2,5,승차,37,49,53,51,55,52,88,77,75,94,90,92,103,97,118,106,121,2025-09-02
1,6,승차,43,42,57,64,54,67,66,74,75,84,75,92,106,110,102,93,116,2025-09-02
1,2,하차,41,38,63,45,63,68,65,84,99,95,98,75,92,93,125,121,132,2025-09-02
2,3,승차,33,39,40,57,41,62,62,67,86,93,96,99,111,118,115,129,94,2025-09-02
3,5,하차,36,56,62,50,69,66,69,78,80,81,78,94,106,108,116,112,117,2025-09-02
4,2,하차,35,46,48,53,74,61,73,74,86,95,86,101,98,89,102,111,126,2025-09-02
2,3,하차,37,48,46,59,46,73,68,79,67,100,84,107,111,94,113,121,140,2025-09-02
1,4,승차,38,51,57,65,52,75,75,66,69,91,93,74,90,90,124,102,114,2025-09-02
1,6,하차,34,48,46,59,56,59,70,73,87,97,86,73,107,112,109,107,112,2025-09-02
2,5,승차,46,53,48,51,62,56,58,75,88,79,81,84,94,95,107,128,118,2025-09-02
3,4,하차,40,34,42,52,63,71,77,84,74,87,91,87,101,103,100,101,104,2025-09-02
3,2,승차,28,54,51,71,64,68,76,73,84,102,98,91,108,99,99,135,113,2025-09-02
1,5,하차,48,36,55,59,61,60,70,73,74,84,92,90,100,106,130,99,124,2025-09-02
1,5,승차,52,50,54,50,60,61,71,66,89,82,89,82,109,103,112,104,113,2025-09-02
3,7,승차,41,40,49,54,67,52,64,65,81,82,87,92,94,105,109,132,122,2025-09-02
4,1,승차,39,45,48,67,52,71,79,76,66,75,91,92,86,103,128,124,112,2025-09-02
2,4,하차,44,42,50,64,57,66,83,69,72,89,96,98,111,115,113,114,131,2025-09-02
1,5,하차,30,38,46,53,47,60,79,82,79,80,87,94,95,99,115,104,114,2025-09-02
1,8,승차,39,56,52,63,85,71,73,48,78,95,95,103,85,108,101,115,116,2025-09-02
3,8,하차,49,48,61,53,53,62,71,67,80,95,93,91,98,112,115,122,107,2025-09-02
2,1,하차,40,44,58,56,53,71,81,93,66,89,75,104,102,121,99,95,110,2025-09-02
3,5,하차,42,49,56,46,63,61,77,93,91,92,99,101,90,108,110,114,133,2025-09-02
2,1,하차,34,46,61,55,69,82,83,79,71,94,96,107,97,90,113,105,121,2025-09-02
2,1,하차,35,40,40,51,54,77,69,65,72,78,102,86,110,110,115,122,130,2025-09-02
2,2,하차,46,46,50,47,62,65,76,100,88,98,102,99,92,101,84,106,102,2025-09-02
1,2,하차,41,45,51,42,60,65,71,79,58,86,99,93,97,96,92,105,121,2025-09-02
4,9,승차,35,43,46,52,54,55,86,67,78,80,76,79,108,109,98,104,115,2025-09-02
3,4,승차,55,54,60,58,60,58,73,89,80,99,90,84,99,112,111,131,105,2025-09-02
4,3,하차,27,38,43,70,49,80,53,70,85,82,100,117,104,103,106,112,131,2025-09-02
3,1,승차,46,52,53,53,68,75,67,75,97,84,93,87,97,95,92,118,137,2025-09-02
2,2,승차,44,53,53,56,46,61,61,77,72,70,76,82,116,103,124,144,137,2025-09-02
1,6,승차,47,50,40,55,58,60,69,77,65,95,87,108,109,96,124,116,142,2025-09-02
4,9,하차,56,32,57,53,65,81,73,71,79,100,80,92,98,111,119,122,129,2025-09-02
1,5,하차,34,42,36,56,64,57,78,78,81,86,92,109,94,118,103,105,139,2025-09-02
3,4,하차,38,38,43,59,51,63,70,76,83,79,97,78,100,108,117,143,125,2025-09-02
1,5,하차,33,48,40,51,57,51,78,86,71,89,85,93,93,119,114,121,105,2025-09-02
1,9,하차,33,49,50,58,54,56,69,100,81,79,86,92,111,112,107,132,129,2025-09-02
4,7,승차,30,47,47,49,66,64,76,72,87,95,99,85,97,116,115,130,112,2025-09-02
2,8,하차,48,52,57,43,49,62,77,81,85,79,80,82,105,94,100,98,126,2025-09-02
1,4,승차,36,43,50,39,63,75,74,74,78,99,89,97,95,100,108,123,118,2025-09-02
2,8,하차,46,35,61,59,60,58,62,78,85,90,93,86,117,107,105,104,116,2025-09-02
3,6,승차,33,48,48,56,68,61,85,62,96,78,89,93,101,106,102,120,120,2025-09-02
1,5,하차,44,54,59,48,57,65,78,67,86,73,94,93,106,130,105,98,147,2025-09-02
4,7,하차,43,40,41,54,57,65,79,74,91,78,79,99,101,99,109,113,123,2025-09-02
3,6,하차,52,39,43,64,46,79,74,70,92,83,94,83,96,102,101,110,129,2025-09-02
3,3,하차,42,61,54,61,52,64,66,73,75,89,87,95,89,110,110,112,118,2025-09-02
4,5,하차,44,48,47,45,75,49,66,72,73,93,99,102,97,109,98,138,116,2025-09-02
1,9,하차,30,41,50,51,68,59,60,70,75,96,102,80,106,110,102,93,120,2025-09-02
1,7,승차,39,51,50,48,51,80,82,73,72,100,99,96,98,103,104,123,131,2025-09-02
3,4,하차,42,40,56,52,48,58,61,96,90,87,72,90,101,102,109,127,112,2025-09-02
1,7,승차,46,44,51,58,51,54,73,98,66,70,108,114,85,117,103,109,124,2025-09-02
2,5,하차,36,53,48,59,54,59,78,67,79,78,94,94,95,116,120,104,118,2025-09-02
4,2,승차,41,43,50,55,53,55,56,71,82,90,94,80,97,104,120,130,112,2025-09-02
2,6,승차,38,40,56,48,51,65,77,80,71,87,97,85,116,107,120,136,118,2025-09-02
1,7,승차,40,46,45,64,63,69,67,71,66,100,85,88,97,105,90,120,143,2025-09-02
3,8,승차,32,48,46,51,52,65,76,72,71,75,90,83,104,114,121,118,133,2025-09-02
4,6,승차,47,49,50,61,55,65,69,79,97,92,99,111,102,116,104,90,127,2025-09-02
1,8,승차,34,57,45,54,67,62,74,79,87,82,99,93,106,93,91,118,118,2025-09-02
1,7,하차,53,35,47,60,60,49,77,95,68,82,87,98,98,108,112,124,122,2025-09-02
3,2,승차,41,35,41,49,72,74,52,86,82,103,90,99,106,120,129,105,119,2025-09-02
3,6,하차,44,48,64,48,58,58,68,58,85,85,87,98,98,111,116,105,126,2025-09-02
2,9,하차,52,37,59,59,61,65,68,67,83,104,97,88,91,96,103,114,122,2025-09-02
4,6,승차,36,45,54,67,71,66,75,61,79,66,104,102,93,105,81,124,115,2025-09-02
4,4,승차,37,52,46,48,53,54,72,71,76,87,95,96,99,102,116,136,106,2025-09-02
3,7,하차,51,38,52,62,52,53,69,76,85,82,92,95,94,88,105,100,106,2025-09-02
2,3,승차,49,38,44,61,71,73,61,74,73,87,108,87,92,100,113,121,115,2025-09-02
4,5,승차,35,40,53,56,59,57,69,79,87,81,89,104,109,102,115,125,144,2025-09-02
3,1,승차,40,46,58,37,57,81,72,90,97,81,100,98,105,96,94,131,119,2025-09-02
1,3,승차,50,39,50,57,43,61,74,77,75,90,90,93,100,110,101,121,135,2025-09-02
4,8,승차,40,44,39,44,50,68,71,84,85,74,98,70,105,102,116,104,138,2025-09-02
2,9,승차,38,39,52,64,68,79,69,76,65,89,74,94,101,117,132,124,153,2025-09-02
2,9,승차,45,52,46,47,61,66,65,69,86,93,86,103,86,92,85,117,129,2025-09-02
2,2,하차,41,37,57,61,46,61,72,66,71,100,80,105,91,114,110,126,119,2025-09-02
1,4,승차,48,39,51,52,69,65,65,72,88,82,87,92,101,109,118,106,128,2025-09-02
4,5,하차,39,41,46,45,70,60,73,69,74,89,94,98,92,97,95,114,144,2025-09-02
4,3,하차,41,28,57,60,73,69,75,66,74,94,104,97,102,111,111,110,131,2025-09-02
1,1,하차,40,46,46,47,63,56,57,70,81,95,95,111,101,113,102,112,111,2025-09-02
4,6,하차,41,44,58,55,61,64,71,81,66,74,95,85,93,105,90,108,117,2025-09-02
1,2,승차,50,50,41,64,66,49,76,85,70,83,86,103,114,110,127,112,109,2025-09-02
1,9,하차,39,44,49,49,64,70,49,78,86,83,95,93,86,93,112,132,126,2025-09-02
1,1,하차,25,54,60,59,66,84,71,81,82,91,92,107,101,102,133,132,128,2025-09-02
2,9,하차,45,49,44,44,64,70,72,74,80,82,97,93,85,96,107,115,124,2025-09-02
4,7,하차,38,42,45,48,72,70,67,70,79,74,99,79,91,110,112,115,112,2025-09-02
1,2,하차,38,46,47,53,61,54,62,81,63,86,75,107,113,114,102,133,128,2025-09-02
4,6,승차,49,42,41,50,67,70,76,80,100,82,94,102,107,89,109,132,141,2025-09-02
2,8,승차,42,38,49,48,48,76,75,82,72,92,99,107,94,100,108,128,133,2025-09-02
1,2,하차,41,49,55,74,69,67,51,82,83,85,86,83,123,110,103,123,120,2025-09-02
3,5,승차,37,47,50,59,66,71,75,79,91,79,98,97,111,92,116,85,121,2025-09-02
2,6,승차,41,47,46,54,59,64,80,68,86,95,95,100,117,113,117,120,122,2025-09-02
3,3,하차,36,35,46,63,53,63,72,76,67,97,106,99,87,107,116,122,100,2025-09-02
4,2,하차,35,43,63,53,47,68,65,62,78,85,92,107,96,92,119,103,132,2025-09-02
4,6,하차,36,42,70,43,70,76,80,74,81,85,88,101,102,100,107,126,123,2025-09-02
2,3,승차,42,48,33,47,62,56,83,81,75,67,97,95,90,108,106,106,153,2025-09-02
4,2,하차,47,44,49,65,50,59,73,80,84,91,97,83,89,95,104,103,108,2025-09-02
3,1,승차,47,43,48,59,52,55,69,82,90,103,93,87,96,101,104,103,129,2025-09-02
1,8,승차,41,36,45,57,43,51,78,90,73,94,99,97,106,117,116,108,121,2025-09-02
1,1,승차,41,38,40,51,51,64,76,61,78,94,97,89,98,99,118,130,120,2025-09-02
1,5,하차,30,56,52,60,47,68,74,64,86,71,91,88,95,90,129,112,138,2025-09-02
2,6,승차,31,56,51,57,45,65,71,77,79,85,76,96,107,107,106,103,130,2025-09-02
4,3,하차,36,38,56,47,46,65,70,80,71,69,100,95,106,122,128,123,120,2025-09-02
3,7,하차,54,34,54,52,53,71,70,83,66,81,92,90,101,104,90,114,121,2025-09-02
4,2,하차,36,31,44,49,80,64,66,70,64,81,87,91,89,117,104,105,133,2025-09-02
4,7,하차,31,57,50,49,66,60,76,58,58,99,91,104,101,103,106,125,125,2025-09-02
4,2,하차,49,51,59,46,52,59,66,85,77,95,100,97,102,89,115,119,122,2025-09-02
1,5,승차,46,49,58,60,70,57,66,83,84,86,98,97,92,98,106,123,115,2025-09-02
3,7,승차,42,52,52,51,55,53,64,70,78,67,93,93,94,109,101,118,112,2025-09-02
3,3,승차,39,50,62,44,59,68,66,77,64,90,82,96,83,114,126,122,119,2025-09-02
4,4,승차,35,39,44,40,75,60,60,81,55,79,88,85,103,89,105,113,116,2025-09-02
1,1,승차,41,61,45,46,68,64,71,67,86,92,96,97,98,111,95,128,106,2025-09-02
1,3,하차,45,53,40,49,58,66,74,69,89,90,82,109,108,82,105,105,113,2025-09-02
3,9,하차,39,43,51,61,55,70,58,98,70,89,86,123,87,108,103,129,127,2025-09-02
1,5,승차,45,54,47,60,69,58,87,72,78,85,68,90,111,108,105,104,116,2025-09-02
1,8,승차,44,51,49,66,62,79,73,74,80,93,80,84,86,107,121,112,120,2025-09-02
1,2,승차,42,43,46,60,60,51,83,73,75,92,98,94,102,112,122,113,99,2025-09-02
2,3,하차,34,41,51,44,63,78,78,82,69,86,104,93,94,110,104,118,114,2025-09-02
4,7,하차,36,50,50,51,70,51,65,82,79,91,98,92,94,108,113,114,113,2025-09-02
3,4,하차,47,36,50,60,55,74,75,85,79,84,93,87,100,97,127,116,131,2025-09-02
3,9,승차,47,43,44,64,61,56,65,82,68,85,83,102,103,100,120,106,112,2025-09-02
2,7,승차,51,37,62,51,55,70,69,71,91,94,98,93,94,105,92,103,141,2025-09-02
4,1,승차,31,55,49,55,53,71,60,68,87,78,89,97,106,107,101,113,116,2025-09-02
3,4,승차,46,48,63,47,70,69,71,80,84,81,101,99,100,120,125,112,117,2025-09-02
1,6,하차,35,34,48,62,65,57,64,62,66,87,99,112,105,134,106,123,104,2025-09-02
3,6,승차,36,43,46,56,59,57,73,67,81,89,99,90,87,105,88,111,128,2025-09-02
1,6,승차,32,45,51,61,68,75,61,75,87,70,85,103,112,123,133,117,136,2025-09-02
2,5,승차,49,42,43,54,72,59,57,80,69,92,99,83,106,110,118,112,126,2025-09-02
1,3,하차,39,49,42,58,73,70,81,79,74,76,90,95,103,106,86,112,136,2025-09-02
3,2,하차,40,56,38,54,76,71,72,64,75,94,76,105,108,97,111,109,116,2025-09-02
3,3,승차,53,51,54,53,54,66,67,79,68,86,89,108,108,125,105,104,114,2025-09-02
3,9,하차,32,30,50,55,61,70,69,83,77,83,112,98,92,106,114,111,122,2025-09-02
2,3,하차,38,45,51,54,62,60,80,81,87,74,75,104,89,92,105,109,111,2025-09-02
2,3,하차,45,54,50,64,49,52,70,69,85,93,90,99,84,105,106,111,162,2025-09-02
4,1,하차,46,39,53,47,61,72,62,93,86,80,95,112,95,96,116,121,134,2025-09-02
3,2,하차,44,53,52,41,70,76,77,71,73,110,103,97,98,107,113,116,114,2025-09-02
1,3,승차,45,49,53,54,48,68,64,67,79,76,88,106,114,124,103,120,143,2025-09-02
2,2,승차,43,47,41,47,54,70,60,72,91,99,75,100,102,117,111,137,127,2025-09-02
3,8,승차,31,51,59,60,69,93,70,65,76,83,99,97,101,100,133,122,115,2025-09-02
3,6,하차,26,60,65,57,47,64,79,66,92,86,87,98,106,89,119,115,125,2025-09-02
2,7,하차,45,46,49,64,61,73,71,88,99,79,80,93,99,93,119,142,112,2025-09-02
4,1,하차,39,52,41,45,48,52,78,91,80,78,96,93,89,103,118,131,109,2025-09-02
2,6,하차,34,53,56,50,69,73,71,61,74,74,94,94,104,116,104,106,131,2025-09-02
2,2,승차,39,31,50,58,56,61,64,80,88,75,93,108,94,90,102,119,102,2025-09-02
1,6,승차,50,43,53,55,56,84,64,75,83,87,100,96,95,110,96,108,130,2025-09-02
1,3,승차,43,39,46,71,65,56,67,81,66,89,91,96,108,107,105,114,129,2025-09-02
4,7,승차,32,54,50,50,46,69,81,72,83,96,97,81,87,107,91,113,110,2025-09-02
3,3,승차,35,34,46,63,70,49,65,72,81,87,87,99,118,120,114,110,106,2025-09-02
2,9,승차,50,36,52,47,61,51,65,61,84,89,98,115,96,98,114,124,95,2025-09-02
4,3,하차,37,52,56,44,56,77,66,89,82,89,99,105,92,93,119,126,121,2025-09-02
1,7,하차,44,41,43,54,43,66,68,82,86,91,92,91,86,107,116,122,120,2025-09-02
2,4,승차,39,52,43,53,63,58,77,69,88,84,107,106,102,105,104,126,112,2025-09-02
3,8,하차,45,38,50,56,51,72,73,68,69,87,104,94,98,100,112,133,117,2025-09-02
1,2,승차,45,44,43,55,70,74,71,81,95,81,81,98,114,87,100,103,103,2025-09-02
1,8,승차,50,50,61,55,57,60,71,74,80,85,101,106,106,100,106,124,123,2025-09-02
1,9,하차,38,39,43,56,60,73,66,88,87,91,79,83,101,108,99,105,142,2025-09-02
4,8,승차,35,40,50,70,58,63,76,76,81,102,100,91,105,108,110,108,122,2025-09-02
3,6,승차,46,34,48,65,66,54,69,69,91,99,79,81,87,110,117,95,119,2025-09-02
2,1,승차,34,36,48,58,65,64,72,80,90,102,76,86,106,114,108,113,101,2025-09-02
4,7,하차,41,44,53,55,68,71,61,87,72,80,88,106,93,107,93,114,117,2025-09-02
4,1,하차,45,38,51,51,51,64,81,65,66,76,95,95,90,97,132,109,114,2025-09-02
4,7,하차,48,53,47,54,65,75,61,65,76,84,83,90,83,117,123,106,125,2025-09-02
1,2,하차,24,50,52,55,64,56,62,65,75,94,87,99,103,87,106,103,98,2025-09-02
3,8,승차,43,32,55,56,58,68,77,74,90,76,90,94,98,95,87,123,106,2025-09-02
4,2,하차,41,45,53,64,67,64,71,72,79,94,85,103,102,109,128,135,120,2025-09-02
2,3,하차,53,41,51,53,66,61,71,74,67,89,108,77,91,117,121,113,122,2025-09-02
3,3,하차,49,37,53,62,53,82,54,70,66,80,89,87,104,101,115,107,122,2025-09-02
2,1,승차,40,50,52,60,60,59,80,80,79,85,88,101,83,94,130,131,126,2025-09-02
3,5,하차,41,39,39,53,67,59,82,68,94,85,70,94,95,97,128,112,129,2025-09-02
2,5,하차,43,55,44,56,58,58,78,70,57,90,96,88,103,97,102,121,118,2025-09-02
1,5,승차,42,43,41,61,71,62,79,71,78,74,73,90,91,120,110,111,118,2025-09-02
4,9,승차,37,37,42,64,54,84,66,66,76,78,84,92,112,99,104,128,116,2025-09-02
2,6,승차,44,56,52,62,58,61,75,68,79,78,87,84,103,102,92,113,110,2025-09-02
3,6,승차,35,67,36,59,60,48,76,75,83,85,78,80,81,99,112,129,126,2025-09-02
4,3,하차,40,53,60,54,53,58,75,80,84,90,92,98,114,107,120,119,126,2025-09-02
4,5,승차,32,40,55,47,59,64,73,84,71,111,80,80,126,99,100,127,128,2025-09-02
3,7,하차,43,53,46,44,54,66,67,79,93,61,90,83,91,104,116,93,120,2025-09-02
2,3,하차,45,42,51,60,61,62,74,63,81,76,97,101,110,111,107,117,135,2025-09-02
1,2,하차,42,47,49,51,56,66,70,78,62,83,68,76,100,92,95,106,134,2025-09-02
1,5,하차,35,30,52,43,57,60,57,72,71,88,99,96,106,102,119,128,122,2025-09-02
2,3,하차,36,37,53,46,57,60,75,85,64,96,82,96,103,124,128,119,109,2025-09-02
4,5,승차,44,40,52,55,62,70,70,73,81,83,85,82,106,115,104,112,119,2025-09-02
4,9,하차,42,45,49,54,67,59,75,65,77,86,81,83,89,99,106,117,115,2025-09-02
4,1,하차,38,40,40,57,61,55,68,80,80,80,95,107,89,99,104,116,111,2025-09-02
4,4,하차,43,36,51,47,57,54,71,85,69,74,108,111,97,88,113,110,109,2025-09-02
2,5,승차,51,40,56,51,65,56,72,72,74,90,98,94,113,126,118,115,134,2025-09-02
4,2,하차,37,47,50,62,58,72,86,78,86,92,88,108,91,113,117,125,138,2025-09-02
3,2,하차,39,44,60,50,65,65,69,82,85,94,76,116,112,121,108,114,102,2025-09-02
4,1,승차,42,31,43,64,61,67,68,57,62,87,103,106,103,121,114,129,130,2025-09-02
1,8,하차,46,32,63,54,49,65,58,82,83,89,95,88,115,113,117,117,122,2025-09-02
4,2,하차,58,53,56,69,47,65,69,66,70,89,94,92,120,98,135,114,132,2025-09-02
2,3,승차,43,41,53,51,53,69,62,72,78,111,105,94,98,111,114,97,115,2025-09-02
1,2,하차,32,41,49,44,69,65,79,79,86,78,95,111,95,96,110,110,116,2025-09-02
2,4,하차,39,37,45,57,54,75,64,76,75,73,92,85,90,108,111,113,110,2025-09-02
2,1,하차,52,49,46,47,57,58,69,69,74,90,89,109,94,102,109,92,142,2025-09-02
1,3,하차,40,48,50,51,60,61,63,78,95,82,82,89,115,110,96,96,119,2025-09-02
2,5,하차,49,44,62,57,48,63,91,59,78,92,90,105,118,122,128,116,110,2025-09-02
2,1,승차,38,43,57,48,54,69,73,79,80,110,80,92,98,113,112,109,123,2025-09-02
4,4,승차,28,37,60,62,62,62,83,74,67,78,87,95,100,115,94,125,130,2025-09-02
3,6,승차,32,47,52,55,53,52,74,78,100,75,77,87,90,103,122,118,118,2025-09-02
2,4,하차,46,54,56,49,69,68,69,81,77,79,70,96,117,106,108,99,128,2025-09-02
2,7,하차,46,46,47,65,55,67,59,76,80,86,87,96,95,92,121,115,135,2025-09-02
2,7,하차,33,42,42,67,65,64,73,70,70,77,84,108,94,119,104,121,115,2025-09-02
4,6,승차,55,42,43,54,55,78,59,55,83,79,63,88,101,104,114,115,140,2025-09-02
3,9,하차,28,46,56,60,59,66,65,72,78,80,77,105,122,112,98,140,116,2025-09-02
1,2,하차,37,44,51,53,61,64,81,78,77,75,72,93,99,114,101,121,116,2025-09-02
4,8,하차,45,45,47,53,56,68,69,68,87,85,102,78,97,93,112,116,115,2025-09-02
4,8,승차,44,40,45,53,43,61,72,82,65,82,94,94,115,100,98,115,118,2025-09-02
3,4,승차,49,53,52,68,48,79,70,74,73,84,76,105,103,123,136,124,118,2025-09-02
3,6,하차,36,33,39,53,57,60,59,81,68,75,83,85,89,100,112,113,105,2025-09-02
4,6,하차,46,46,44,44,75,66,60,63,87,73,83,95,111,93,122,125,103,2025-09-02
1,5,하차,31,50,45,46,64,72,65,79,80,87,93,126,85,110,99,119,133,2025-09-02
4,1,승차,28,54,41,60,46,59,66,86,71,91,90,107,106,121,115,106,138,2025-09-02
3,3,승차,37,47,43,47,56,73,69,82,79,81,106,105,108,92,127,109,111,2025-09-02
1,7,승차,39,43,46,61,59,52,79,69,74,88,106,98,95,110,107,123,119,2025-09-02
3,8,하차,22,49,51,58,57,63,81,68,80,97,85,103,101,98,107,129,135,2025-09-02
1,2,승차,31,51,48,58,71,62,77,69,85,90,87,87,109,108,101,112,120,2025-09-02
2,3,하차,34,43,45,56,63,54,61,67,63,103,90,81,98,112,116,119,124,2025-09-02
3,4,하차,39,48,50,60,67,74,78,70,80,93,86,105,106,104,102,98,97,2025-09-02
3,5,승차,35,55,59,54,50,60,71,78,76,81,103,100,103,112,113,122,99,2025-09-02
4,3,하차,41,41,47,57,59,78,70,72,77,97,79,81,118,89,136,116,124,2025-09-02
3,5,승차,40,57,45,47,52,71,67,68,83,84,95,80,97,109,112,102,122,2025-09-02
3,8,하차,35,44,48,44,53,62,65,79,81,75,116,95,97,125,108,129,113,2025-09-02
2,8,하차,40,49,46,65,55,64,70,76,74,102,86,109,81,108,108,118,112,2025-09-02
3,2,승차,38,35,51,62,46,60,86,89,79,90,74,89,121,104,129,111,122,2025-09-02
2,6,하차,41,42,41,59,67,68,76,68,82,79,103,92,105,101,97,129,113,2025-09-02
2,4,하차,44,44,45,42,54,65,66,63,83,87,84,85,95,98,120,122,128,2025-09-02
2,9,하차,36,43,60,52,57,59,58,71,84,78,87,88,91,88,99,112,103,2025-09-02
2,2,하차,30,39,42,64,60,68,63,78,87,87,99,89,97,98,115,144,114,2025-09-02
1,8,하차,41,52,47,68,51,60,71,79,67,87,83,80,102,92,121,122,115,2025-09-02
4,1,하차,38,51,50,61,74,72,73,64,67,118,99,92,102,105,85,113,126,2025-09-02
1,6,하차,32,46,51,55,46,70,78,82,81,86,94,93,105,107,97,109,105,2025-09-02
3,1,하차,46,50,57,67,65,63,74,86,69,98,84,77,96,98,105,88,122,2025-09-02
1,2,승차,36,41,57,52,49,64,80,72,78,93,92,99,105,91,111,100,127,2025-09-02
1,3,승차,49,39,64,56,56,75,70,68,79,85,78,95,111,98,92,120,117,2025-09-02
3,9,하차,44,44,32,55,70,62,75,91,73,89,99,99,100,94,103,126,104,2025-09-02
3,5,하차,46,55,56,43,57,78,51,68,94,101,91,104,97,111,83,109,113,2025-09-02
3,2,승차,40,47,55,56,40,70,71,76,95,80,88,93,97,95,124,120,108,2025-09-02
1,5,하차,49,42,49,46,55,67,49,76,76,89,101,95,100,115,114,120,124,2025-09-02
1,5,승차,45,45,58,66,59,55,63,59,78,80,89,82,96,110,112,120,93,2025-09-02
3,1,승차,44,41,38,52,56,75,72,85,69,96,111,100,81,127,115,123,129,2025-09-02
4,3,승차,39,49,48,51,48,64,77,75,89,88,95,98,103,113,100,107,114,2025-09-02
4,5,하차,41,33,40,53,73,63,79,68,86,91,101,94,88,118,132,134,141,2025-09-02
2,9,하차,31,40,41,67,53,68,62,69,66,78,109,90,86,90,116,102,103,2025-09-02
3,1,하차,47,47,44,54,55,75,82,69,74,85,109,93,93,102,107,109,119,2025-09-02
2,8,승차,39,52,47,62,77,57,71,78,87,82,101,81,110,85,108,111,115,2025-09-02
4,1,승차,41,52,55,60,54,72,67,76,67,95,93,79,89,126,101,94,126,2025-09-02
2,9,승차,46,42,60,61,64,82,75,68,84,99,87,105,96,120,107,113,129,2025-09-02
3,6,하차,41,38,48,54,61,65,77,68,85,92,86,93,80,93,94,116,113,2025-09-02
3,1,승차,43,36,38,61,59,81,71,78,65,74,87,93,89,108,111,121,104,2025-09-02
3,8,승차,52,58,38,61,62,71,58,77,75,95,91,90,85,94,95,103,108,2025-09-02
1,5,하차,52,46,51,67,59,64,72,78,73,76,81,104,101,115,112,100,107,2025-09-02
2,7,승차,39,37,54,56,73,73,66,82,65,78,88,87,97,116,108,120,106,2025-09-02
4,7,승차,47,42,65,61,58,70,80,89,86,94,100,93,101,105,106,108,129,2025-09-02
4,7,하차,55,47,42,59,58,65,69,80,95,75,99,97,103,97,111,97,118,2025-09-02
4,6,하차,45,51,55,52,61,75,74,64,82,99,90,102,108,98,102,124,114,2025-09-02
1,8,승차,42,38,55,53,65,56,60,80,79,102,95,102,93,124,108,101,121,2025-09-02
1,9,하차,41,44,54,46,68,57,64,81,90,91,88,102,111,93,113,112,125,2025-09-02
3,2,승차,46,33,44,53,55,70,65,95,67,92,79,89,96,94,106,101,112,2025-09-02
4,7,하차,41,43,52,45,57,64,76,61,95,98,90,100,99,100,93,123,120,2025-09-02
1,2,승차,35,46,49,48,63,63,73,98,72,87,90,91,100,112,111,104,101,2025-09-02
3,6,하차,47,45,51,51,63,55,80,81,73,79,74,105,108,109,104,108,123,2025-09-02
4,2,승차,48,52,46,46,53,85,67,69,80,100,90,97,104,117,105,120,120,2025-09-02
2,6,하차,39,38,49,43,71,71,74,67,99,85,79,89,120,97,115,108,130,2025-09-02
3,2,하차,42,36,47,49,57,70,64,76,91,91,95,95,96,114,89,115,133,2025-09-02
1,1,하차,40,53,48,62,59,72,59,65,68,75,92,99,106,93,105,112,118,2025-09-02
1,7,하차,34,40,49,57,59,71,63,76,86,81,81,79,102,80,103,117,117,2025-09-02
3,3,하차,45,32,50,46,56,55,72,83,77,83,69,80,101,105,112,118,128,2025-09-02
3,4,하차,39,50,65,63,53,63,73,77,83,91,102,90,112,98,104,106,124,2025-09-02
1,6,하차,43,47,48,52,66,80,58,74,68,86,79,108,89,96,103,117,104,2025-09-02
2,5,승차,36,55,44,47,55,67,80,74,82,73,85,78,112,107,123,111,123,2025-09-02
4,4,승차,38,48,52,55,59,77,67,85,75,64,84,97,98,117,96,110,123,2025-09-02
2,9,하차,36,49,54,52,61,69,70,75,68,89,84,91,99,102,112,111,125,2025-09-02
3,6,하차,51,45,62,52,73,82,76,65,68,68,88,83,96,104,116,121,111,2025-09-02
2,6,승차,37,57,50,59,45,59,65,71,77,89,85,91,121,119,109,110,123,2025-09-02
1,2,승차,58,41,54,57,47,63,75,70,80,88,84,108,86,89,113,95,94,2025-09-02
3,6,하차,35,47,37,60,55,60,71,76,72,88,86,86,95,87,121,129,119,2025-09-02
4,7,승차,48,53,53,59,57,55,70,73,93,100,68,83,93,106,107,133,107,2025-09-02
1,8,승차,36,27,49,52,57,70,62,78,94,78,86,101,97,116,109,109,135,2025-09-02
1,8,하차,42,40,49,60,57,77,78,80,81,95,102,93,98,103,102,124,124,2025-09-02
4,9,하차,38,47,50,61,49,71,77,88,73,98,92,66,110,91,107,118,103,2025-09-02
4,3,하차,58,32,56,51,54,51,66,64,94,95,97,89,94,96,117,126,117,2025-09-02
2,7,승차,35,44,52,54,59,77,71,73,80,73,81,82,100,98,109,104,98,2025-09-02
3,7,하차,45,34,56,59,69,65,56,78,73,70,88,106,95,108,110,117,138,2025-09-02
4,1,하차,34,40,50,49,55,59,49,86,72,96,100,87,103,129,124,99,117,2025-09-02
4,8,승차,43,44,56,59,53,62,78,69,85,74,96,108,115,96,90,99,109,2025-09-02
3,4,하차,47,41,51,49,48,65,64,88,92,94,77,82,111,119,130,123,116,2025-09-02
4,5,승차,47,42,56,63,64,56,64,75,85,82,90,85,105,112,104,100,135,2025-09-02
4,6,승차,48,34,45,49,71,66,83,59,65,99,82,98,94,94,111,90,104,2025-09-02
2,3,승차,41,35,50,39,46,64,79,68,67,84,87,80,103,105,127,129,113,2025-09-02
1,5,승차,30,30,45,63,57,58,84,69,79,93,105,107,111,114,104,129,123,2025-09-02
1,5,승차,37,43,58,56,36,69,82,93,75,96,86,113,110,106,97,117,123,2025-09-02
1,1,승차,39,38,46,46,65,65,69,77,83,71,97,80,74,108,98,124,125,2025-09-02
1,3,하차,47,46,48,64,55,56,70,71,116,85,92,83,108,112,98,119,134,2025-09-02
4,3,하차,47,43,53,60,67,59,75,75,87,82,80,96,94,90,116,114,115,2025-09-02
3,1,하차,39,49,51,67,63,72,73,71,73,85,79,93,94,132,114,113,140,2025-09-02
3,7,승차,50,35,59,55,55,73,62,75,77,91,89,97,98,79,116,119,118,2025-09-02
2,1,하차,32,42,60,47,54,68,66,82,81,86,85,103,106,99,107,121,123,2025-09-02
2,7,승차,48,49,47,41,58,67,77,68,77,86,83,103,93,123,104,100,142,2025-09-02
4,4,하차,45,48,50,56,57,74,71,82,92,82,87,110,99,114,121,118,129,2025-09-02
3,9,승차,41,61,53,50,44,62,53,65,66,82,77,77,97,122,85,117,121,2025-09-02
3,7,하차,36,47,43,53,67,61,72,69,77,96,76,83,99,104,123,119,103,2025-09-02
1,5,승차,43,47,52,62,56,74,71,75,74,91,82,92,92,121,111,119,129,2025-09-02
4,7,하차,42,42,50,54,65,74,63,69,76,105,89,101,112,114,105,133,150,2025-09-02
4,9,승차,39,44,56,63,55,56,94,67,67,77,90,96,91,95,103,126,116,2025-09-02
1,6,하차,49,52,64,51,65,78,54,78,75,87,91,97,101,78,102,115,138,2025-09-02
4,1,승차,34,45,60,54,51,65,64,70,68,75,75,105,100,104,108,117,113,2025-09-02
4,6,하차,42,37,54,57,75,64,58,83,80,72,97,90,105,97,89,112,123,2025-09-02
2,1,하차,43,34,55,60,69,61,50,67,94,86,69,97,112,109,113,109,99,2025-09-02
3,4,하차,39,41,50,54,60,61,64,84,86,82,86,83,117,99,91,107,125,2025-09-02
4,8,승차,37,50,41,63,57,59,77,79,83,105,107,92,101,114,121,102,119,2025-09-02
2,5,승차,37,58,58,52,76,61,70,73,70,90,93,110,110,124,98,126,118,2025-09-02
3,5,승차,34,40,41,52,53,68,68,72,95,96,78,127,102,106,115,111,113,2025-09-02
1,8,승차,29,48,54,70,54,55,72,73,98,73,100,107,91,120,101,126,102,2025-09-02
2,8,승차,35,57,47,58,49,73,71,67,71,76,94,106,103,115,103,131,120,2025-09-02
2,1,하차,27,53,61,35,53,62,74,70,63,83,95,101,101,122,117,116,113,2025-09-02
3,5,승차,39,53,42,66,68,75,71,80,78,97,86,90,105,117,121,148,123,2025-09-02
1,5,하차,35,42,42,41,57,61,67,67,76,75,99,77,107,96,118,116,139,2025-09-02
2,8,하차,37,42,54,66,64,60,67,74,78,87,89,103,92,108,107,93,136,2025-09-02
4,1,승차,46,44,49,60,48,53,77,78,73,81,86,94,90,95,113,117,116,2025-09-02
4,7,하차,55,41,43,49,63,72,65,82,76,84,76,100,115,95,115,124,118,2025-09-02
4,7,승차,47,46,52,42,51,71,72,70,73,89,93,90,109,114,100,116,114,2025-09-02
1,9,승차,43,50,45,52,59,62,57,68,73,91,85,92,93,105,118,117,126,2025-09-02
2,2,승차,47,36,48,48,64,62,83,81,82,89,104,93,117,88,107,97,123,2025-09-02
4,3,하차,46,47,60,46,50,53,64,65,70,102,105,94,115,117,107,95,112,2025-09-02
1,4,승차,26,49,45,64,66,51,75,71,71,99,84,74,95,113,98,113,100,2025-09-02
4,1,승차,44,42,42,66,53,67,63,71,77,75,91,109,110,102,121,113,116,2025-09-02
3,7,승차,40,36,71,60,52,62,76,67,68,90,83,105,102,108,101,122,104,2025-09-02
2,3,하차,40,48,36,55,59,67,57,74,89,77,80,100,100,99,118,129,132,2025-09-02
2,3,승차,34,40,56,47,61,56,73,89,83,81,83,95,93,117,104,119,116,2025-09-02
1,3,하차,34,43,63,52,63,73,74,82,77,74,90,87,79,100,107,88,123,2025-09-02
1,8,하차,32,39,50,52,66,63,65,79,71,87,98,95,103,97,95,137,120,2025-09-02
2,9,승차,34,43,56,52,65,53,72,72,77,88,98,89,96,120,125,118,117,2025-09-02
4,2,하차,39,50,59,60,69,59,68,72,76,68,83,100,90,99,132,112,122,2025-09-02
4,1,하차,29,40,41,48,40,72,83,62,83,80,91,93,96,105,92,116,138,2025-09-02
3,9,승차,36,51,48,69,57,75,72,86,74,88,85,102,115,106,128,123,122,2025-09-02
4,6,승차,50,45,53,66,66,63,77,71,77,89,80,99,101,106,112,119,112,2025-09-02
1,9,승차,35,45,42,45,60,68,54,76,67,74,98,103,114,100,94,103,101,2025-09-02
1,6,하차,37,32,46,57,64,77,67,74,70,88,79,93,111,97,113,114,125,2025-09-02
4,2,승차,42,47,55,72,68,67,74,76,71,76,109,87,103,113,112,113,107,2025-09-02
1,1,하차,34,51,52,42,43,62,72,81,67,83,77,85,115,100,121,136,113,2025-09-02
2,8,하차,39,45,60,54,62,73,70,87,70,90,98,93,103,113,85,127,102,2025-09-02
2,3,하차,44,55,72,50,62,72,67,81,71,81,77,85,103,99,107,116,124,2025-09-02
4,1,하차,38,51,49,52,75,78,68,83,68,63,84,99,101,109,117,123,126,2025-09-02
2,8,하차,28,47,46,55,60,53,65,74,81,83,74,94,114,126,112,130,143,2025-09-02
2,1,승차,54,45,69,53,55,55,66,83,86,73,87,89,92,109,106,116,120,2025-09-02
3,8,승차,39,44,49,46,43,59,58,75,82,86,94,100,93,114,102,106,104,2025-09-02
3,1,하차,46,46,56,57,45,61,80,84,85,76,110,119,115,122,110,115,112,2025-09-02
2,9,하차,44,53,56,61,49,59,66,80,65,90,86,98,122,105,103,117,118,2025-09-02
4,9,승차,24,56,53,50,60,48,83,77,68,98,95,96,101,107,111,127,123,2025-09-02
3,9,승차,36,53,50,54,57,73,67,74,89,86,93,86,111,111,108,111,116,2025-09-02
1,3,하차,48,44,45,62,56,70,82,78,81,81,79,77,90,85,111,116,115,2025-09-02
1,4,하차,43,40,49,55,59,64,63,59,79,69,91,94,112,87,133,129,113,2025-09-02
1,5,승차,44,41,56,66,67,53,67,76,90,100,92,93,89,113,129,116,115,2025-09-02
4,6,승차,43,39,41,57,57,72,87,84,74,75,80,93,99,103,111,106,117,2025-09-02
2,9,하차,39,48,53,50,62,58,77,75,80,80,92,87,101,106,92,129,107,2025-09-02
1,4,승차,46,55,59,61,64,58,71,71,70,96,87,98,110,114,110,119,118,2025-09-02
4,6,승차,39,42,47,54,64,68,64,77,96,91,80,91,92,120,94,116,128,2025-09-02
3,1,하차,48,43,46,62,60,62,72,79,86,88,89,84,96,98,110,122,139,2025-09-02
2,2,하차,46,45,52,51,50,60,65,76,84,87,98,94,101,125,109,116,114,2025-09-02
3,8,하차,34,40,42,63,65,63,55,70,83,92,98,78,103,111,104,123,110,2025-09-02
4,4,승차,39,45,53,55,58,68,60,74,77,71,96,113,91,105,106,106,125,2025-09-02
1,7,하차,49,40,60,70,60,67,69,71,83,68,98,92,118,97,118,105,117,2025-09-02
1,4,승차,38,43,47,64,59,79,67,78,75,96,83,110,87,106,102,118,99,2025-09-02
4,9,하차,43,53,48,41,68,77,61,62,85,93,89,77,103,113,110,99,130,2025-09-02
1,9,하차,45,46,43,52,63,82,85,79,76,88,93,82,89,102,110,103,119,2025-09-02
2,4,승차,39,41,38,48,52,73,77,82,71,84,94,90,100,96,103,117,93,2025-09-02
4,8,승차,41,34,54,65,58,74,72,71,80,83,79,92,107,126,101,115,118,2025-09-02
3,6,하차,40,42,53,53,62,76,66,76,93,89,101,97,94,106,109,125,128,2025-09-02
4,1,하차,32,52,59,58,61,71,66,75,67,93,87,90,95,95,117,120,119,2025-09-02
2,7,승차,33,54,42,71,69,67,85,63,67,65,94,105,96,99,118,118,147,2025-09-02
2,1,하차,48,50,36,52,64,72,56,85,82,80,105,123,98,109,115,132,125,2025-09-02
4,3,승차,38,38,55,55,51,57,78,69,73,90,96,95,82,119,110,129,132,2025-09-02
4,8,승차,39,35,52,67,60,66,75,81,70,81,76,91,97,120,104,118,133,2025-09-02
1,9,하차,36,51,64,56,56,55,71,84,82,85,90,100,86,113,101,123,125,2025-09-02
2,3,승차,45,50,50,50,63,75,66,76,84,89,82,95,114,96,97,118,129,2025-09-02
4,1,승차,40,62,49,64,55,72,85,88,68,85,93,95,107,115,110,105,105,2025-09-02
4,1,승차,39,56,54,59,56,53,56,65,73,68,88,104,87,116,105,114,125,2025-09-02
2,7,하차,44,42,46,59,52,73,67,79,77,97,74,100,89,128,95,119,126,2025-09-02
4,5,승차,46,44,51,51,64,72,67,84,81,87,90,102,98,95,99,106,120,2025-09-02
1,1,하차,40,43,52,54,55,65,56,91,92,82,112,102,96,104,112,127,136,2025-09-02
2,6,하차,40,46,55,47,51,60,68,84,67,91,104,85,103,110,86,108,103,2025-09-02
1,6,하차,31,59,48,50,53,67,72,72,66,89,77,79,97,107,130,121,130,2025-09-02
1,4,승차,36,40,57,56,63,64,55,67,85,82,101,99,118,101,109,139,123,2025-09-02
1,7,승차,34,41,41,58,55,67,78,78,85,100,94,80,88,90,101,118,117,2025-09-02
1,7,하차,34,44,49,64,53,59,75,67,79,95,106,90,105,117,82,112,127,2025-09-02
2,9,하차,41,50,48,37,67,68,62,69,70,93,81,90,104,90,109,108,135,2025-09-02
1,1,승차,41,45,46,65,48,75,59,67,80,71,88,117,94,100,99,123,120,2025-09-02
1,5,하차,44,51,44,58,59,62,52,78,84,92,96,93,119,140,100,116,118,2025-09-02
4,3,하차,29,40,58,67,57,55,81,67,78,73,82,98,91,104,107,109,125,2025-09-02
2,7,승차,36,41,52,52,62,71,77,68,88,98,86,108,102,104,121,116,131,2025-09-02
2,4,하차,41,47,49,58,63,69,60,92,87,89,103,87,96,111,120,130,134,2025-09-02
3,4,승차,50,46,58,56,67,76,75,70,71,102,71,87,103,108,109,113,115,2025-09-02
2,1,승차,39,49,35,51,51,60,59,72,70,95,79,99,79,101,109,113,118,2025-09-02
2,1,하차,30,44,52,54,56,72,81,73,73,61,109,108,101,121,107,132,119,2025-09-02
3,2,승차,37,51,43,61,68,63,77,65,84,74,80,95,99,112,106,123,98,2025-09-02
2,2,승차,52,31,53,62,69,87,86,73,92,71,76,82,116,113,123,123,121,2025-09-02
2,1,승차,37,41,42,66,57,68,72,82,71,85,111,100,105,97,86,109,125,2025-09-02
2,8,하차,36,50,47,57,64,77,73,77,79,94,86,88,100,123,98,118,123,2025-09-02
2,6,하차,46,40,41,58,48,57,65,75,67,115,83,102,104,129,107,123,130,2025-09-02
3,6,하차,47,47,54,64,65,65,69,76,85,85,84,80,97,101,117,130,118,2025-09-02
2,9,승차,26,46,62,59,66,56,77,65,83,78,87,85,84,102,104,108,139,2025-09-02
2,5,승차,54,43,59,55,62,71,68,63,86,80,77,96,105,103,91,129,106,2025-09-02
3,4,하차,35,53,49,46,62,65,76,70,81,80,99,97,104,113,88,117,141,2025-09-02
4,6,하차,43,36,45,58,58,71,71,67,73,87,92,102,112,94,119,109,123,2025-09-02
1,8,승차,44,48,51,54,66,64,60,73,96,99,99,79,87,109,105,134,104,2025-09-02
4,1,하차,31,45,43,45,74,43,66,76,64,96,81,109,113,109,92,133,117,2025-09-02
3,7,하차,36,40,46,53,48,70,73,64,90,82,97,78,102,107,102,150,127,2025-09-02
1,8,하차,30,43,51,66,57,58,56,72,91,83,92,100,100,96,99,120,123,2025-09-02
3,9,하차,40,52,40,51,65,74,73,89,85,92,88,102,106,101,123,106,104,2025-09-02
3,8,하차,36,45,54,59,53,77,84,74,75,103,85,108,105,115,100,97,112,2025-09-02
2,7,승차,34,49,52,57,73,82,69,71,63,71,100,85,98,100,121,132,114,2025-09-02
1,3,하차,42,59,48,56,72,56,75,77,83,98,97,118,104,116,99,115,127,2025-09-02
2,2,하차,38,49,55,70,60,60,72,75,74,94,104,87,118,119,106,100,119,2025-09-02
1,3,승차,36,43,43,61,66,63,63,65,90,81,93,112,103,101,110,112,146,2025-09-02
3,4,승차,34,39,38,50,72,70,65,85,81,89,83,103,96,110,100,116,124,2025-09-02
3,4,승차,54,48,58,57,61,56,73,71,94,94,97,86,95,84,121,104,133,2025-09-02
4,6,승차,37,32,50,69,56,62,80,79,92,83,95,91,83,93,95,122,110,2025-09-02
1,7,하차,52,44,51,56,61,71,71,82,85,71,83,97,90,94,105,118,116,2025-09-02
2,4,하차,41,44,51,47,66,67,85,72,91,78,109,90,92,103,99,105,120,2025-09-02
4,6,하차,33,46,59,55,75,69,79,86,79,81,90,90,93,114,114,108,118,2025-09-02
4,9,하차,51,39,57,47,67,77,79,77,73,90,99,105,104,102,116,116,112,2025-09-02
4,6,승차,40,36,45,71,67,73,81,77,91,86,66,93,113,114,99,100,134,2025-09-02
2,3,승차,32,32,45,48,63,79,82,73,101,104,95,103,96,120,90,117,126,2025-09-02
4,1,하차,44,42,46,55,53,64,68,64,71,84,90,83,96,97,112,116,121,2025-09-02
2,5,하차,40,41,47,47,67,67,76,70,82,75,84,111,125,113,124,120,110,2025-09-02
4,3,하차,39,53,58,57,58,86,79,89,67,59,91,100,93,118,113,125,129,2025-09-02
2,8,하차,51,51,54,45,59,71,81,70,76,85,97,81,111,122,107,121,118,2025-09-02
3,1,승차,31,32,50,57,61,65,74,58,89,99,78,98,105,98,113,116,107,2025-09-02
3,2,하차,33,54,45,59,62,93,66,75,67,77,84,103,80,96,121,113,122,2025-09-02
3,3,승차,49,55,43,41,57,59,77,67,78,88,96,100,113,97,114,100,114,2025-09-02
3,3,승차,41,54,53,71,70,76,71,70,70,118,67,95,95,104,101,105,134,2025-09-02
3,8,승차,40,40,44,65,72,51,71,85,69,76,70,116,100,106,116,126,125,2025-09-02
4,5,승차,45,49,52,60,68,68,80,75,85,83,97,110,101,110,101,106,114,2025-09-02
4,8,하차,48,38,48,53,68,66,58,71,78,79,97,89,110,113,114,114,137,2025-09-02
4,6,하차,43,37,61,47,47,55,72,81,105,92,82,100,111,107,108,123,110,2025-09-02
2,2,하차,43,46,43,64,58,57,76,66,76,92,98,99,89,113,114,98,125,2025-09-02
2,4,하차,42,30,56,62,64,74,76,67,64,79,98,92,103,107,98,118,131,2025-09-02
2,9,승차,38,53,56,64,62,68,63,69,72,90,90,94,91,104,93,125,119,2025-09-02
2,4,승차,43,42,49,63,57,76,67,83,81,68,90,104,100,107,109,98,124,2025-09-02
3,5,승차,36,40,48,58,57,58,66,65,72,90,83,93,100,109,120,104,128,2025-09-02
3,5,하차,43,41,56,55,73,67,79,63,64,76,91,89,96,95,110,129,118,2025-09-02
3,8,승차,53,43,52,73,65,48,87,63,82,95,81,96,85,99,118,111,119,2025-09-02
1,6,승차,39,48,47,59,66,57,53,74,81,97,101,69,92,112,97,104,144,2025-09-02
4,7,승차,34,35,43,52,44,61,71,90,69,98,93,89,91,141,112,108,143,2025-09-02
2,6,승차,29,37,44,46,79,70,74,73,90,75,101,90,87,108,102,125,129,2025-09-02
2,5,하차,43,57,50,57,56,60,69,68,76,78,92,115,108,121,135,87,138,2025-09-02
3,5,승차,50,43,54,61,74,62,80,72,77,93,90,96,116,117,101,105,128,2025-09-02
2,3,승차,33,50,55,53,61,66,87,81,77,86,100,76,107,112,101,122,100,2025-09-02
2,7,하차,49,37,58,67,61,68,82,79,88,88,73,84,96,88,130,117,140,2025-09-02
4,5,하차,42,45,53,45,63,69,62,80,86,91,91,99,108,92,88,129,115,2025-09-02
3,7,하차,41,39,58,62,57,73,62,79,76,75,98,112,94,102,100,108,114,2025-09-02
4,2,승차,33,49,42,49,60,63,86,74,81,73,89,100,104,108,122,116,103,2025-09-02
1,9,승차,36,43,55,45,57,60,81,90,75,89,88,98,99,89,141,116,121,2025-09-02
1,8,승차,46,58,41,55,67,58,100,84,77,96,108,99,95,101,106,104,113,2025-09-02
1,5,승차,44,42,62,46,59,71,68,79,72,86,66,94,108,108,99,143,126,2025-09-02
3,2,하차,31,56,47,71,55,63,70,71,79,94,94,86,101,115,114,122,123,2025-09-02
2,6,승차,31,39,47,49,53,64,61,85,75,81,98,106,91,118,101,105,117,2025-09-02
3,8,승차,35,50,52,45,61,60,63,69,77,92,74,83,120,112,121,111,127,2025-09-02
3,7,하차,54,51,41,53,54,58,69,69,75,87,76,88,102,137,129,120,116,2025-09-02
2,8,하차,34,37,51,55,67,74,66,74,79,93,89,93,113,100,115,101,115,2025-09-02
4,4,하차,47,47,52,63,64,48,70,52,83,80,93,108,87,88,112,128,138,2025-09-02
1,3,승차,44,50,51,48,61,68,75,75,80,72,88,84,84,100,113,108,101,2025-09-02
4,7,승차,51,46,55,48,58,67,78,66,80,89,92,92,122,129,111,107,107,2025-09-02
1,2,승차,44,51,42,42,55,69,67,60,69,93,99,95,112,95,111,119,118,2025-09-02
3,5,승차,26,42,42,46,68,60,73,85,84,76,85,78,113,93,99,126,115,2025-09-02
1,7,승차,40,45,48,42,55,79,70,78,77,96,80,98,97,105,118,120,121,2025-09-02
3,1,하차,36,40,48,58,64,61,63,64,64,79,85,97,94,92,109,110,123,2025-09-02
4,4,하차,39,52,56,49,57,69,77,68,74,83,73,103,91,107,114,102,117,2025-09-02
3,2,승차,36,55,51,71,60,78,68,75,85,95,98,97,92,123,118,100,119,2025-09-02
4,6,승차,43,44,47,54,50,67,56,81,80,81,85,76,106,119,119,113,124,2025-09-02
2,1,승차,36,46,34,56,51,48,60,75,75,86,76,98,110,107,112,84,106,2025-09-02
2,7,승차,38,36,53,51,65,77,67,73,73,80,95,105,92,101,114,107,126,2025-09-02
2,3,승차,44,40,48,50,62,70,59,89,76,67,82,77,90,91,88,111,110,2025-09-02
3,1,하차,37,43,51,65,70,55,77,77,86,61,90,96,102,95,109,127,124,2025-09-02
2,8,하차,39,29,48,51,57,56,63,65,74,69,84,94,114,104,97,107,112,2025-09-02
1,7,하차,47,60,52,61,52,59,81,73,85,72,85,87,86,110,123,114,119,2025-09-02
4,2,승차,42,41,48,59,59,66,58,85,67,87,95,101,97,124,113,101,128,2025-09-02
4,7,승차,45,45,59,64,80,59,69,58,88,81,92,94,102,79,125,105,108,2025-09-02
1,3,하차,46,51,39,55,67,57,71,80,79,70,100,98,110,104,122,117,125,2025-09-02
3,9,하차,43,40,56,53,58,75,74,71,85,89,102,98,100,97,104,126,131,2025-09-02
3,8,승차,45,43,49,49,59,74,75,63,87,70,92,94,114,113,109,108,119,2025-09-02
4,5,하차,38,45,47,68,60,67,78,76,69,76,91,88,105,97,114,108,120,2025-09-02
2,7,하차,37,49,41,58,63,57,64,80,85,87,104,111,87,97,121,120,124,2025-09-02
3,3,승차,49,36,46,47,64,81,77,98,75,60,92,94,104,98,98,102,126,2025-09-02
3,1,하차,42,47,58,51,52,68,70,63,94,78,101,90,87,100,116,113,100,2025-09-02
1,1,하차,37,38,52,56,48,67,67,69,83,77,97,93,99,100,114,118,127,2025-09-02
1,2,하차,45,51,47,57,50,43,67,77,93,90,96,102,101,94,115,128,122,2025-09-02
2,8,승차,35,39,52,65,52,66,80,84,97,97,94,96,75,123,101,105,109,2025-09-02
3,1,하차,33,39,45,52,68,71,59,79,84,104,68,84,106,99,112,87,117,2025-09-02
3,5,하차,32,46,44,62,77,71,78,77,86,84,89,90,92,102,114,105,113,2025-09-02
1,9,하차,29,45,61,49,59,58,81,75,83,81,101,103,92,104,99,135,132,2025-09-02
3,9,승차,34,56,46,57,71,60,63,87,73,77,83,81,104,113,85,106,107,2025-09-02
4,2,승차,43,52,52,63,63,66,78,67,58,83,107,109,102,116,108,115,113,2025-09-02
1,7,하차,34,38,37,47,66,52,72,61,87,75,100,96,105,96,93,112,125,2025-09-02
2,1,승차,35,39,45,64,56,74,64,74,72,82,92,89,97,116,117,120,124,2025-09-02
1,3,하차,30,44,58,57,63,63,69,74,85,89,88,106,86,118,116,118,122,2025-09-02
3,6,승차,40,42,50,56,74,71,63,76,96,76,92,84,98,100,114,97,111,2025-09-02
2,9,승차,34,48,52,64,66,68,62,69,83,80,86,97,107,94,89,106,110,2025-09-02
1,2,하차,38,52,53,56,56,66,69,63,84,77,89,108,100,117,124,129,119,2025-09-02
4,7,하차,43,33,49,49,54,71,61,85,91,84,100,92,93,95,105,122,126,2025-09-02
4,4,하차,43,43,44,70,61,58,71,76,76,77,92,101,106,108,108,125,113,2025-09-02
1,2,승차,33,44,53,45,50,64,51,80,85,80,109,93,101,102,124,106,131,2025-09-02
4,3,하차,48,41,52,48,62,51,68,92,85,84,85,93,100,98,109,122,120,2025-09-02
4,6,승차,31,40,38,46,51,61,78,72,72,79,84,93,108,96,121,115,129,2025-09-02
4,9,승차,36,64,48,57,69,61,57,64,57,87,86,107,87,92,119,107,116,2025-09-02
2,8,하차,42,47,50,38,56,59,73,76,87,76,97,98,123,117,115,112,98,2025-09-02
4,9,승차,33,37,47,56,69,63,75,88,73,70,91,109,95,97,104,119,106,2025-09-02
4,4,하차,44,46,42,52,69,63,64,79,78,86,85,99,100,95,97,113,105,2025-09-02
4,4,승차,37,42,56,54,59,64,73,82,79,93,102,100,115,124,112,113,106,2025-09-02
2,9,하차,46,47,50,50,70,73,64,71,88,85,78,98,99,125,125,125,114,2025-09-02
1,8,승차,52,42,45,53,55,78,67,76,63,85,72,92,111,88,108,101,120,2025-09-02
3,2,승차,48,54,50,72,56,79,69,84,65,93,76,80,110,103,98,114,127,2025-09-02
4,8,하차,32,40,63,64,74,51,76,63,66,88,84,87,97,115,128,117,112,2025-09-02
1,1,승차,28,40,49,57,62,65,57,74,76,77,78,83,126,101,115,109,133,2025-09-02
4,9,하차,32,40,42,47,64,72,84,72,81,86,101,85,95,105,119,103,117,2025-09-02
2,9,승차,21,45,57,52,52,75,71,78,89,85,86,79,82,99,95,117,132,2025-09-02
1,8,승차,53,56,37,50,41,77,64,97,89,98,95,78,112,100,110,111,133,2025-09-02
2,5,승차,41,51,49,63,78,56,80,83,74,89,73,104,107,115,106,134,107,2025-09-02
4,5,하차,39,61,53,53,63,81,57,65,86,82,88,89,97,105,109,100,104,2025-09-02
4,3,하차,39,44,52,50,71,72,68,86,74,84,91,99,105,118,95,129,125,2025-09-02
2,5,하차,35,49,46,61,65,71,81,83,66,81,99,95,121,96,121,110,124,2025-09-02
3,4,하차,41,40,58,70,55,61,66,64,71,77,102,78,108,121,97,123,95,2025-09-02
2,1,하차,43,49,45,65,57,70,53,64,77,81,80,96,115,114,115,111,118,2025-09-02
4,9,승차,36,39,50,44,72,55,73,76,73,83,74,97,107,105,108,101,85,2025-09-02
2,4,승차,33,41,52,64,67,62,67,70,92,95,85,85,112,84,130,116,143,2025-09-02
3,3,하차,29,37,49,64,54,67,68,73,80,85,83,107,125,100,104,117,131,2025-09-02
2,6,승차,29,32,42,44,69,65,71,73,93,72,85,89,100,104,107,120,118,2025-09-02
3,1,승차,33,43,50,45,77,74,68,70,80,102,82,97,110,123,100,125,118,2025-09-02
3,5,승차,45,44,43,49,62,65,69,66,81,74,74,90,118,110,110,124,119,2025-09-02
2,7,승차,44,34,57,43,64,56,71,81,76,93,91,93,108,94,92,107,99,2025-09-02
2,2,하차,36,46,41,58,63,69,74,80,85,83,96,74,112,103,90,105,130,2025-09-02
1,9,승차,38,49,65,59,63,79,57,85,87,88,84,91,113,102,113,108,120,2025-09-02
4,6,하차,45,43,51,54,65,59,83,75,67,94,94,100,92,102,117,107,132,2025-09-02
3,2,하차,46,54,52,48,66,68,63,68,90,70,91,91,113,108,105,89,124,2025-09-02
1,8,승차,33,48,43,51,64,67,61,79,74,92,92,83,107,101,104,120,127,2025-09-02
2,8,하차,37,47,48,54,64,75,69,60,87,84,89,87,103,100,102,106,139,2025-09-02
4,1,승차,38,46,37,57,69,69,77,85,85,74,98,96,103,100,97,128,108,2025-09-02
1,1,승차,43,37,44,56,74,68,77,57,67,103,96,97,78,100,114,128,114,2025-09-02
3,1,승차,44,45,49,57,60,67,64,81,91,79,97,77,103,112,104,120,116,2025-09-02
1,4,하차,38,57,53,51,54,73,75,83,87,82,97,94,114,115,109,100,115,2025-09-02
3,4,하차,33,36,48,58,41,64,69,61,79,83,101,74,101,96,86,108,121,2025-09-02
2,8,하차,38,43,45,60,65,73,76,92,78,96,81,97,115,112,115,111,136,2025-09-02
4,1,승차,35,54,37,44,72,66,58,83,83,88,105,121,92,97,114,125,122,2025-09-02
4,3,승차,45,44,50,51,63,74,69,71,67,83,87,103,108,109,119,125,116,2025-09-02
4,1,승차,30,46,44,56,73,68,84,97,86,79,86,109,116,94,121,112,122,2025-09-02
2,9,하차,55,38,62,61,54,64,73,91,79,79,86,89,108,109,115,103,125,2025-09-02
3,9,승차,46,47,57,43,60,57,71,89,76,97,91,105,101,96,117,130,124,2025-09-02
2,7,승차,60,50,46,36,45,72,76,91,70,82,94,87,93,87,113,129,131,2025-09-02
4,8,하차,45,47,42,60,69,57,72,80,69,84,91,97,101,75,120,97,126,2025-09-02
2,1,하차,37,38,58,57,68,53,69,95,78,83,81,95,93,118,103,128,108,2025-09-02
2,5,하차,33,40,37,58,74,57,65,73,74,88,81,95,110,103,97,118,129,2025-09-02
2,2,승차,37,45,45,64,54,79,67,68,69,93,90,121,114,102,122,120,125,2025-09-02
3,1,승차,34,55,68,53,56,73,78,71,67,82,81,98,84,110,111,117,100,2025-09-02
1,3,승차,45,32,53,63,65,63,64,80,80,86,100,87,100,99,106,104,126,2025-09-02
1,7,하차,51,49,56,55,76,60,58,76,86,100,92,99,101,104,111,113,113,2025-09-02
2,1,하차,43,33,55,49,59,63,78,77,86,94,108,90,102,99,114,95,110,2025-09-02
1,2,하차,43,42,45,50,75,61,71,75,77,106,88,93,106,100,109,111,130,2025-09-02
1,2,하차,42,35,43,66,61,65,57,81,81,74,74,71,91,114,118,103,90,2025-09-02
2,4,승차,48,61,56,56,68,83,71,80,75,71,76,100,101,103,122,128,104,2025-09-02
2,3,승차,44,45,40,52,67,58,81,71,70,84,94,101,84,98,129,109,104,2025-09-02
4,3,승차,53,47,42,55,56,77,87,63,88,98,104,101,105,97,98,114,136,2025-09-02
1,5,승차,38,53,56,59,45,77,76,77,91,67,87,71,91,98,100,125,102,2025-09-02
3,3,승차,31,46,49,58,78,67,73,90,102,82,83,108,113,103,113,111,124,2025-09-02
2,7,승차,51,46,58,61,66,62,71,69,97,97,84,79,93,104,134,112,119,2025-09-02
4,5,승차,41,53,35,59,43,66,64,67,86,69,105,94,89,115,119,128,118,2025-09-02
3,4,승차,40,41,52,44,55,73,80,67,71,72,81,94,98,103,131,120,111,2025-09-02
1,3,하차,55,37,47,47,52,69,55,73,74,86,89,92,91,86,104,99,117,2025-09-02
4,4,하차,33,40,60,59,71,67,63,73,72,80,87,83,98,96,105,134,103,2025-09-02
2,2,승차,52,52,50,50,60,59,53,89,70,88,98,86,102,114,103,126,122,2025-09-02
3,1,하차,40,39,49,55,62,56,63,72,71,84,102,90,96,101,101,132,121,2025-09-02
2,3,승차,42,52,51,48,60,57,84,92,69,70,97,89,71,87,102,98,140,2025-09-02
1,2,승차,42,50,62,53,63,71,68,74,80,78,89,92,92,105,130,128,118,2025-09-02
3,1,하차,43,40,47,55,62,63,67,78,85,82,89,94,108,101,105,108,131,2025-09-02
1,1,승차,36,48,53,70,54,68,72,67,70,91,95,81,103,107,107,116,129,2025-09-02
1,2,승차,37,48,54,55,58,78,70,64,81,77,86,81,91,107,99,106,124,2025-09-02
4,9,승차,43,37,46,63,54,75,82,86,64,100,91,90,94,97,113,117,105,2025-09-02
2,5,승차,49,46,62,58,66,68,62,65,82,85,89,97,80,101,100,122,124,2025-09-02
3,9,승차,42,43,49,60,57,60,79,88,70,78,72,85,95,101,109,118,126,2025-09-02
1,8,승차,34,46,34,55,64,70,72,74,78,84,90,92,117,111,123,136,120,2025-09-02
1,6,승차,43,42,40,54,57,68,73,81,72,92,87,99,103,97,110,111,113,2025-09-02
3,1,하차,31,52,57,58,66,67,67,72,73,83,89,79,102,103,126,118,127,2025-09-02
1,5,하차,34,38,42,60,67,78,76,72,65,93,81,106,114,117,113,119,134,2025-09-02
4,1,승차,47,42,56,56,49,63,78,66,79,76,104,89,95,105,129,138,119,2025-09-02
4,7,하차,39,37,54,60,64,69,67,71,69,81,84,88,103,110,112,106,110,2025-09-02
4,8,승차,42,35,59,60,79,51,60,71,73,99,79,89,99,113,110,113,124,2025-09-02
4,8,승차,38,60,55,54,49,79,62,85,78,71,95,80,93,90,107,122,129,2025-09-02
1,7,승차,31,30,46,51,64,56,68,61,95,83,98,102,97,110,113,117,125,2025-09-02
3,2,승차,34,48,36,47,65,64,74,75,82,89,74,94,99,104,108,102,133,2025-09-02
3,5,하차,37,43,48,50,58,50,75,76,84,82,92,92,107,115,83,109,114,2025-09-02
3,4,하차,27,58,48,62,58,65,78,72,72,96,101,88,106,99,108,109,134,2025-09-02
3,5,하차,33,45,47,55,67,70,59,80,86,88,83,93,90,100,119,109,117,2025-09-02
2,9,하차,38,41,57,71,58,69,69,100,83,92,95,94,113,104,111,119,107,2025-09-02
3,4,승차,45,50,57,36,56,55,73,68,86,73,66,86,100,107,96,128,117,2025-09-02
2,8,하차,34,44,45,49,69,66,81,83,78,78,96,97,101,125,120,97,111,2025-09-02
2,8,승차,51,45,35,50,74,60,81,71,93,80,88,105,111,102,93,120,136,2025-09-02
4,2,승차,40,47,42,66,65,66,63,73,84,109,105,87,104,88,117,98,113,2025-09-02
2,6,하차,38,45,48,56,68,61,62,73,74,87,79,102,90,103,91,115,102,2025-09-02
1,5,승차,37,45,52,55,58,61,76,72,78,67,83,93,90,111,113,133,114,2025-09-02
2,2,하차,43,40,39,53,66,56,67,90,100,85,84,86,91,104,98,104,117,2025-09-02
4,4,하차,49,58,46,56,64,60,64,66,70,103,105,106,99,105,106,121,119,2025-09-02
2,7,하차,38,44,46,54,69,62,67,79,88,89,83,95,108,89,115,105,115,2025-09-02
1,1,하차,43,40,32,67,81,65,68,66,80,86,92,92,106,94,114,107,117,2025-09-02
1,9,하차,38,44,54,48,69,58,77,81,93,83,91,98,89,95,99,115,117,2025-09-02
1,1,승차,35,45,52,49,51,62,62,76,70,76,92,91,103,118,98,113,125,2025-09-02
4,5,하차,33,55,37,62,53,53,69,67,71,99,97,87,100,118,112,124,123,2025-09-02
4,7,하차,36,49,43,50,61,69,78,80,79,94,98,94,103,95,99,115,121,2025-09-02
3,8,승차,38,42,49,55,81,76,66,85,85,88,112,82,105,109,126,142,117,2025-09-02
4,2,하차,36,47,47,52,66,64,55,79,86,85,96,99,94,82,102,116,135,2025-09-02
1,4,하차,40,38,60,52,58,70,60,60,78,91,80,94,108,111,115,115,136,2025-09-02
1,2,승차,43,44,46,63,60,69,67,89,74,89,89,92,95,93,133,101,122,2025-09-02
4,4,승차,43,37,57,52,46,74,63,67,86,73,97,99,100,98,120,118,114,2025-09-02
2,6,하차,35,48,43,51,59,60,80,73,78,88,91,93,101,105,103,120,121,2025-09-02
4,6,승차,33,36,48,42,79,57,61,79,84,68,108,97,96,94,111,119,107,2025-09-02
4,2,하차,48,35,43,61,67,57,84,67,63,73,88,80,105,86,112,127,106,2025-09-02
1,4,승차,40,32,53,50,65,57,90,82,91,85,91,81,115,81,110,128,118,2025-09-02
3,4,하차,37,54,51,64,54,80,80,79,72,93,91,104,85,99,114,102,128,2025-09-02
1,1,하차,30,51,44,46,49,45,93,83,76,76,92,90,100,105,105,125,132,2025-09-02
3,2,하차,53,51,57,62,58,66,68,87,83,73,93,103,101,87,109,121,113,2025-09-02
1,3,승차,36,41,52,59,83,84,60,66,83,72,86,94,86,100,114,126,133,2025-09-02
4,5,하차,41,56,48,58,59,53,71,81,77,73,98,101,94,122,109,123,111,2025-09-02
1,8,승차,41,48,56,57,60,76,76,94,77,85,91,102,103,102,117,122,118,2025-09-02
1,6,하차,38,45,47,45,47,60,78,86,79,99,87,88,122,100,115,126,122,2025-09-02
1,3,하차,44,34,45,49,53,49,59,70,81,68,79,94,102,104,115,118,115,2025-09-02
4,6,하차,43,45,55,61,58,63,78,86,63,80,88,90,97,113,95,110,124,2025-09-02
4,7,하차,43,40,47,52,59,60,80,77,85,105,109,86,90,117,119,120,131,2025-09-02
4,6,하차,29,45,56,66,54,57,63,69,91,89,88,97,104,86,107,123,122,2025-09-02
4,6,승차,54,43,50,57,82,62,86,82,71,91,93,105,113,116,116,100,105,2025-09-02
3,1,승차,30,47,53,42,58,66,65,84,79,85,91,97,99,103,109,109,137,2025-09-02
3,3,승차,34,54,41,51,52,82,66,61,94,69,75,86,112,104,125,105,110,2025-09-02
2,7,하차,57,51,42,60,78,64,69,71,79,85,82,106,91,96,105,136,133,2025-09-02
4,4,하차,42,49,49,53,55,60,75,70,100,87,109,86,96,101,102,91,114,2025-09-02
3,4,승차,45,48,42,64,54,63,63,66,84,69,83,93,94,109,109,112,125,2025-09-02
1,7,하차,46,41,44,54,66,55,70,89,63,75,95,98,93,119,102,103,128,2025-09-02
4,9,하차,30,55,45,57,69,75,57,73,83,103,100,106,100,108,106,117,112,2025-09-02
2,2,하차,46,47,45,67,53,73,65,72,81,80,96,101,104,97,111,120,111,2025-09-02
2,9,승차,43,50,57,44,63,73,81,81,70,75,92,94,104,109,102,126,149,2025-09-02
2,3,승차,38,39,46,46,58,65,71,78,86,84,105,103,108,113,106,113,121,2025-09-02
1,6,승차,42,37,59,62,71,58,72,56,79,90,74,78,99,101,110,118,140,2025-09-02
3,4,승차,54,49,44,46,52,61,68,90,79,77,83,88,108,106,123,124,101,2025-09-02
1,1,승차,39,57,52,56,63,64,74,79,72,91,86,91,107,100,126,137,119,2025-09-02
4,9,하차,37,47,40,64,58,63,75,84,67,72,91,104,109,91,99,119,106,2025-09-02
2,6,하차,36,42,57,55,56,77,82,74,64,80,87,93,75,105,113,108,115,2025-09-02
1,8,하차,39,53,55,41,77,59,57,79,82,80,93,89,98,105,114,109,104,2025-09-02
1,2,하차,32,41,58,53,50,60,67,66,80,93,99,102,91,95,97,109,133,2025-09-02
3,7,승차,41,49,65,53,66,56,54,64,87,82,95,99,102,105,99,125,131,2025-09-02
3,6,승차,45,31,45,61,68,61,73,70,77,84,80,92,104,100,134,128,122,2025-09-02
2,2,하차,41,39,60,58,52,63,70,57,84,103,94,91,107,131,119,103,105,2025-09-02
1,2,승차,38,44,49,75,64,61,79,62,79,93,84,98,84,104,100,119,120,2025-09-02
1,4,하차,44,57,45,62,59,65,65,83,85,84,94,89,86,96,105,122,119,2025-09-02
3,4,하차,41,54,47,36,57,86,68,77,94,91,91,103,103,122,107,112,127,2025-09-02
1,3,하차,42,52,40,52,66,52,71,70,64,78,79,106,109,99,101,114,127,2025-09-02
1,8,하차,40,39,36,71,67,68,69,72,79,64,66,90,103,105,104,102,122,2025-09-02
1,7,승차,44,49,52,68,71,73,73,69,84,75,93,96,88,113,97,112,120,2025-09-02
3,2,하차,40,49,52,45,53,81,72,76,68,77,98,97,90,110,111,103,104,2025-09-02
2,3,승차,36,38,45,57,58,71,78,60,83,83,77,88,110,118,106,118,118,2025-09-02
4,9,하차,33,42,49,51,62,86,58,74,89,89,89,113,102,106,96,116,126,2025-09-02
2,5,하차,35,48,44,73,57,61,69,81,80,82,103,95,119,101,97,112,124,2025-09-02
4,2,하차,48,41,46,56,58,49,79,77,80,93,83,99,107,100,122,121,125,2025-09-02
1,3,하차,39,35,51,61,63,73,78,62,80,73,94,94,95,89,101,131,138,2025-09-02
2,8,승차,45,39,64,60,59,70,70,73,69,103,110,83,79,102,114,115,108,2025-09-02
4,4,하차,33,40,43,50,56,67,73,63,82,82,101,94,107,100,94,110,152,2025-09-02
3,2,승차,43,42,48,56,65,69,73,73,95,88,92,78,111,91,110,117,122,2025-09-02
3,2,하차,42,43,39,51,70,54,65,84,89,84,92,102,120,106,93,118,140,2025-09-02
2,6,하차,41,42,45,53,57,60,60,88,71,84,87,103,105,102,119,122,113,2025-09-02
2,8,하차,43,52,47,52,51,59,73,79,84,98,93,82,95,91,112,112,111,2025-09-02
1,7,승차,51,42,62,55,61,58,58,68,97,84,100,96,102,110,107,94,125,2025-09-02
2,4,하차,39,41,50,64,57,64,81,80,80,88,76,101,93,105,108,128,123,2025-09-02
1,2,하차,48,43,56,51,58,63,66,60,88,102,88,99,97,106,117,120,108,2025-09-02
1,9,하차,46,45,49,44,55,61,72,76,94,76,69,109,93,107,109,137,114,2025-09-02
3,4,하차,36,40,38,54,61,62,58,73,87,91,98,91,95,115,113,106,118,2025-09-02
3,9,하차,25,41,57,56,56,70,68,64,81,101,76,111,119,96,99,101,132,2025-09-02
4,5,승차,41,52,44,45,71,63,77,75,57,97,95,90,113,114,117,119,112,2025-09-02
3,7,승차,33,48,49,70,57,56,62,68,70,68,89,83,114,94,116,134,114,2025-09-02
3,5,하차,43,54,57,54,48,70,68,75,89,92,99,97,103,115,121,138,121,2025-09-02
2,2,하차,39,45,49,48,63,61,57,68,80,86,93,93,118,108,106,116,111,2025-09-02
3,6,승차,39,52,52,54,49,61,67,64,58,84,110,109,106,67,99,109,135,2025-09-02
4,7,하차,57,43,49,42,55,73,68,99,74,81,92,102,108,110,96,109,115,2025-09-02
2,6,승차,36,46,47,46,53,64,61,70,73,81,81,93,100,122,98,125,123,2025-09-02
4,3,하차,44,46,43,44,51,59,76,78,76,81,86,101,96,98,125,125,130,2025-09-02
3,8,하차,31,48,47,55,64,73,76,83,77,76,79,98,97,109,112,105,108,2025-09-02
4,3,승차,35,51,40,66,60,64,74,78,67,87,74,101,102,96,102,127,110,2025-09-02
2,5,하차,34,35,54,50,75,70,72,78,74,85,79,94,116,104,106,125,100,2025-09-02
1,9,승차,35,50,37,49,61,83,76,69,99,80,88,102,97,110,95,105,114,2025-09-02
4,5,승차,35,46,51,40,77,62,81,64,94,104,98,81,128,106,109,116,109,2025-09-02
4,7,승차,36,33,51,49,64,64,63,73,98,96,100,100,85,103,104,127,129,2025-09-02
2,7,하차,42,45,44,46,68,75,65,78,74,78,75,110,119,106,130,115,116,2025-09-02
2,5,승차,48,41,63,64,52,77,64,73,78,80,109,81,121,112,102,128,114,2025-09-02
4,2,승차,44,41,58,36,56,73,81,81,78,91,92,99,94,103,109,108,126,2025-09-02
3,5,하차,34,50,50,50,62,77,72,70,67,71,90,97,119,108,103,104,138,2025-09-02
4,7,하차,41,41,34,76,46,79,62,62,68,90,95,95,105,115,101,117,118,2025-09-02
2,7,하차,47,46,54,53,60,69,56,64,85,82,84,98,91,109,107,136,123,2025-09-03
1,4,하차,40,44,47,56,54,71,61,77,72,87,82,113,100,111,107,140,126,2025-09-03
1,1,하차,38,46,41,54,54,60,87,78,75,109,73,74,103,94,85,126,121,2025-09-03
3,6,하차,43,43,46,56,62,66,69,62,99,68,83,99,108,105,110,137,134,2025-09-03
4,3,승차,48,45,45,75,59,79,83,65,73,74,88,103,86,95,113,115,125,2025-09-03
1,5,하차,36,38,59,65,51,49,75,83,53,90,88,100,98,117,100,111,93,2025-09-03
4,4,승차,56,47,52,57,71,64,91,54,87,70,85,85,94,133,134,111,115,2025-09-03
2,2,하차,37,42,53,56,58,51,73,89,85,88,90,95,93,123,97,111,123,2025-09-03
1,7,승차,49,58,53,60,51,81,77,90,74,79,92,77,89,102,113,101,127,2025-09-03
3,5,승차,36,46,58,58,47,61,80,56,65,70,82,86,100,112,126,123,128,2025-09-03
2,7,하차,40,44,46,75,65,64,76,68,78,84,85,107,102,101,110,121,125,2025-09-03
3,9,하차,35,37,51,53,64,68,69,75,84,87,79,97,97,103,112,108,139,2025-09-03
2,4,승차,37,44,47,57,55,72,57,71,76,79,121,100,88,110,92,123,103,2025-09-03
1,5,하차,43,41,39,51,54,65,79,77,85,91,87,99,106,114,120,100,129,2025-09-03
3,9,하차,34,41,37,53,57,73,63,66,89,84,100,106,105,94,123,107,129,2025-09-03
3,4,승차,46,50,54,66,57,51,80,75,91,95,88,104,109,102,95,123,118,2025-09-03
2,5,승차,46,42,71,53,65,59,75,75,85,90,100,99,95,106,108,104,108,2025-09-03
3,5,승차,43,39,60,59,57,75,78,82,64,74,95,92,91,103,115,124,116,2025-09-03
2,8,하차,45,57,49,51,54,58,86,82,64,93,70,99,99,110,118,121,124,2025-09-03
2,4,하차,36,42,43,54,61,57,51,68,85,77,90,99,81,125,122,109,128,2025-09-03
2,4,하차,40,41,38,57,61,57,68,72,89,85,94,101,88,92,126,114,105,2025-09-03
2,7,하차,48,48,65,42,84,70,71,79,91,85,100,98,118,100,105,136,112,2025-09-03
1,5,승차,40,41,43,50,66,50,66,76,77,95,76,91,95,107,124,120,134,2025-09-03
2,6,하차,46,43,53,71,45,64,67,74,78,107,87,96,91,97,114,117,119,2025-09-03
4,6,승차,34,48,64,43,70,65,60,76,73,93,101,87,109,113,98,109,129,2025-09-03
3,6,하차,42,49,47,59,61,64,73,72,94,86,93,93,91,106,129,112,103,2025-09-03
4,5,하차,34,48,51,52,57,67,63,78,86,79,91,95,107,100,105,114,108,2025-09-03
1,5,승차,41,44,51,60,73,72,75,59,82,93,87,96,74,101,95,129,111,2025-09-03
4,9,하차,44,54,38,58,59,55,73,89,77,80,88,90,105,115,103,131,120,2025-09-03
3,8,하차,47,39,59,47,58,58,56,72,76,77,84,103,118,121,138,139,118,2025-09-03
4,4,승차,29,45,37,57,65,66,77,86,103,91,106,90,103,101,102,109,98,2025-09-03
1,7,하차,32,44,46,44,59,74,64,67,70,82,112,88,86,110,118,100,128,2025-09-03
2,8,승차,40,41,41,63,72,71,71,83,72,75,107,99,121,112,122,101,124,2025-09-03
4,9,승차,51,52,48,53,59,78,69,71,78,81,94,113,109,84,97,117,118,2025-09-03
1,5,승차,38,43,48,62,54,77,73,83,89,88,101,89,81,122,130,125,127,2025-09-03
1,3,승차,38,48,50,64,54,51,71,87,89,77,93,108,86,109,113,108,130,2025-09-03
3,4,하차,41,47,35,41,65,86,74,86,82,72,93,109,89,109,120,108,113,2025-09-03
3,6,하차,46,56,44,61,55,56,80,82,85,76,88,99,103,109,87,114,130,2025-09-03
4,5,하차,33,38,54,56,57,69,75,74,73,83,83,100,95,119,112,127,117,2025-09-03
2,9,승차,45,40,52,45,61,68,80,74,74,80,101,79,104,97,106,102,110,2025-09-03
1,3,하차,29,52,51,49,53,62,79,86,73,87,90,92,113,112,119,106,117,2025-09-03
4,2,하차,38,38,58,58,70,59,76,63,78,72,96,83,117,97,104,137,146,2025-09-03
1,6,하차,36,46,61,54,50,53,51,91,65,88,83,86,108,110,108,114,114,2025-09-03
1,7,하차,37,46,48,53,48,61,64,86,74,89,98,97,106,103,91,113,115,2025-09-03
2,5,승차,39,56,53,63,53,65,77,75,84,78,89,84,112,96,115,119,135,2025-09-03
2,1,승차,39,44,42,62,70,65,66,94,67,91,84,82,110,103,97,106,124,2025-09-03
4,3,하차,49,38,51,42,54,76,64,106,89,68,95,102,94,96,100,110,136,2025-09-03
2,3,승차,31,44,48,57,63,65,75,80,73,88,78,84,83,92,101,113,124,2025-09-03
2,4,하차,36,57,51,49,67,56,73,83,79,78,94,91,74,86,92,126,141,2025-09-03
4,6,하차,35,44,48,54,65,54,65,63,74,69,88,92,107,96,103,104,110,2025-09-03
2,5,하차,47,56,54,51,61,60,75,77,86,87,88,99,109,96,112,108,106,2025-09-03
3,1,승차,47,48,48,45,59,70,75,74,84,75,102,94,100,100,113,107,115,2025-09-03
1,6,하차,33,51,53,58,63,59,53,88,66,86,93,85,100,103,120,108,110,2025-09-03
1,9,승차,38,51,57,67,52,68,71,64,84,78,96,98,86,96,106,122,140,2025-09-03
1,1,승차,29,44,58,70,76,61,68,76,84,103,67,99,105,104,106,112,119,2025-09-03
1,8,하차,41,49,49,58,60,66,61,64,91,81,91,89,90,98,112,105,116,2025-09-03
4,8,승차,39,46,52,53,49,55,75,75,60,80,85,95,93,110,116,112,91,2025-09-03
1,3,승차,40,37,59,50,53,64,79,84,66,93,98,89,94,105,98,115,125,2025-09-03
1,9,하차,47,41,42,47,56,70,72,75,79,95,83,86,115,110,119,108,121,2025-09-03
1,8,승차,29,52,51,66,65,69,60,83,75,99,91,86,106,112,117,120,102,2025-09-03
1,3,승차,37,55,46,64,67,41,70,90,93,88,82,95,95,98,113,110,143,2025-09-03
3,5,하차,33,40,47,56,62,60,87,81,88,73,91,99,97,90,108,115,128,2025-09-03
1,3,하차,38,45,41,66,55,65,64,92,97,83,83,85,125,121,112,119,112,2025-09-03
3,5,승차,58,51,39,57,60,46,61,63,79,78,87,100,104,111,122,127,123,2025-09-03
4,9,하차,52,44,61,60,64,57,49,94,87,94,102,111,109,94,92,127,113,2025-09-03
2,4,하차,47,38,54,46,69,55,62,64,76,93,80,80,97,104,108,125,102,2025-09-03
1,6,승차,48,43,50,53,67,55,70,74,89,76,96,120,119,108,93,105,115,2025-09-03
2,3,승차,46,52,45,59,67,55,88,70,85,94,92,108,118,98,105,120,123,2025-09-03
2,3,하차,39,50,56,62,57,71,70,79,82,86,96,99,79,97,97,112,109,2025-09-03
4,5,승차,39,37,52,49,54,64,69,70,86,91,81,97,102,115,119,136,102,2025-09-03
2,8,하차,41,49,50,53,53,71,68,67,93,86,103,87,96,106,126,112,114,2025-09-03
3,8,하차,35,54,59,45,62,72,73,63,89,80,87,91,95,96,118,128,109,2025-09-03
2,3,승차,50,36,45,51,63,60,85,77,95,81,99,97,105,99,127,112,117,2025-09-03
2,8,승차,42,50,45,51,73,74,71,70,74,91,98,104,103,100,107,98,119,2025-09-03
2,8,하차,26,51,53,50,69,77,68,77,74,78,96,91,95,108,123,102,108,2025-09-03
1,3,하차,43,45,47,71,56,63,62,66,76,80,95,101,97,107,104,112,130,2025-09-03
1,2,하차,38,35,58,64,63,71,57,79,89,93,91,97,111,108,112,117,101,2025-09-03
3,2,하차,42,37,44,45,65,74,73,60,89,82,90,92,96,102,96,111,97,2025-09-03
3,9,승차,30,47,49,49,73,72,73,71,84,95,95,105,108,112,102,115,106,2025-09-03
1,7,하차,43,40,45,52,68,59,64,91,91,102,92,103,100,108,103,108,125,2025-09-03
3,6,승차,49,45,54,63,49,65,73,70,92,86,90,97,90,100,113,108,133,2025-09-03
1,7,승차,25,41,45,54,52,82,77,63,69,83,82,98,109,113,124,105,107,2025-09-03
4,8,하차,42,42,51,54,66,62,70,62,85,91,104,103,98,113,113,140,114,2025-09-03
2,1,승차,48,46,35,54,61,59,75,58,73,79,90,91,96,107,117,125,116,2025-09-03
2,8,승차,39,42,52,67,61,78,85,79,73,94,100,91,106,122,101,130,118,2025-09-03
3,3,하차,34,47,41,58,55,54,69,70,65,72,100,74,114,97,111,113,126,2025-09-03
1,3,승차,41,44,39,52,58,60,64,63,77,72,97,106,98,97,112,106,123,2025-09-03
1,6,승차,41,46,38,60,62,62,69,73,98,108,97,83,107,101,105,129,97,2025-09-03
3,4,하차,39,39,49,50,51,82,63,94,94,79,97,88,93,108,103,129,145,2025-09-03
1,4,하차,40,47,50,46,59,50,63,68,83,91,92,95,99,104,113,110,121,2025-09-03
4,4,하차,45,37,55,66,59,52,63,72,82,86,85,100,119,100,111,117,101,2025-09-03
2,9,하차,44,50,43,67,63,47,70,91,85,87,82,85,94,87,139,105,102,2025-09-03
3,8,하차,44,49,47,58,53,67,74,76,88,78,91,101,108,121,103,121,100,2025-09-03
3,3,하차,44,46,43,53,52,62,68,67,83,75,102,89,117,117,121,118,125,2025-09-03
1,1,하차,39,54,61,52,60,65,64,57,84,90,78,93,98,124,104,119,113,2025-09-03
3,1,승차,34,32,47,57,58,59,72,72,71,99,98,95,116,106,101,105,108,2025-09-03
4,1,승차,50,60,47,62,61,71,70,90,70,101,104,111,98,108,109,121,117,2025-09-03
1,4,하차,43,53,51,44,66,67,69,82,87,85,76,82,118,128,111,91,117,2025-09-03
1,6,승차,36,57,50,62,63,81,71,70,91,92,95,108,120,113,113,131,116,2025-09-03
1,4,승차,37,43,64,60,70,51,64,65,65,97,99,103,100,112,130,111,118,2025-09-03
1,3,하차,48,47,52,68,54,59,74,80,85,100,81,92,98,101,118,113,114,2025-09-03
4,8,승차,38,50,39,56,66,63,75,72,95,90,91,109,106,117,120,128,126,2025-09-03
1,8,하차,46,35,57,57,65,62,71,78,89,93,82,86,115,91,105,112,125,2025-09-03
3,6,승차,35,42,45,61,61,59,68,72,69,96,95,73,95,89,99,99,127,2025-09-03
4,9,하차,35,38,55,45,56,67,70,78,89,99,92,113,120,114,105,117,125,2025-09-03
2,1,승차,34,38,54,49,58,67,68,77,96,92,102,97,88,98,110,133,102,2025-09-03
2,8,승차,36,60,64,56,67,60,58,70,83,80,89,112,118,117,116,115,125,2025-09-03
3,6,승차,50,45,56,46,73,65,66,66,91,87,76,98,105,113,98,101,145,2025-09-03
3,1,하차,33,44,50,39,52,48,76,82,74,94,88,80,114,104,114,101,133,2025-09-03
4,4,승차,46,50,50,50,65,67,79,77,87,98,93,99,86,112,124,112,119,2025-09-03
2,5,승차,44,55,45,57,65,68,74,65,87,90,86,118,97,95,102,102,117,2025-09-03
2,7,하차,32,46,38,53,50,79,71,60,84,72,69,111,96,100,105,104,103,2025-09-03
2,8,하차,27,49,33,53,57,65,71,70,89,80,91,93,107,107,105,119,136,2025-09-03
2,9,승차,37,55,48,65,58,69,57,83,83,90,97,111,89,112,115,112,110,2025-09-03
2,6,승차,45,46,44,47,55,62,72,86,84,101,93,99,92,101,124,109,97,2025-09-03
1,9,승차,36,47,59,51,64,73,67,67,90,81,90,94,101,97,100,99,106,2025-09-03
3,4,승차,38,58,54,47,60,72,72,78,81,83,80,86,106,104,97,119,108,2025-09-03
1,8,하차,51,51,57,55,67,66,67,82,88,77,107,90,96,112,123,107,124,2025-09-03
2,3,승차,38,63,55,57,44,67,73,81,75,89,77,85,89,100,108,120,119,2025-09-03
4,4,승차,36,49,49,59,59,61,70,64,74,85,85,94,109,112,102,131,120,2025-09-03
4,4,하차,41,56,58,47,62,62,74,73,78,78,103,102,111,105,121,111,114,2025-09-03
2,6,승차,48,42,61,52,54,69,57,74,87,93,77,71,111,108,121,131,125,2025-09-03
2,9,승차,38,51,53,42,47,55,67,80,80,96,87,104,102,115,105,94,122,2025-09-03
4,6,승차,45,48,57,69,78,79,79,72,73,78,79,87,89,97,102,107,117,2025-09-03
1,1,하차,40,47,41,51,78,57,61,63,66,91,94,106,112,103,104,99,114,2025-09-03
1,5,하차,33,45,41,47,70,64,62,68,74,89,76,92,112,102,118,97,113,2025-09-03
2,9,승차,43,40,52,54,46,58,68,91,79,90,76,97,95,105,101,117,116,2025-09-03
1,5,승차,37,41,48,57,66,74,62,75,83,78,89,79,128,107,112,112,115,2025-09-03
4,6,하차,38,35,42,55,63,61,78,60,92,77,95,91,94,100,118,113,111,2025-09-03
1,3,승차,31,64,52,74,73,64,69,92,74,82,104,116,105,106,109,108,109,2025-09-03
2,8,승차,38,51,51,65,66,58,68,84,82,92,90,85,93,110,124,112,127,2025-09-03
4,4,하차,36,38,57,63,55,56,73,65,76,77,103,105,100,103,113,107,120,2025-09-03
1,4,하차,42,47,58,48,53,67,84,91,73,110,94,105,94,107,80,115,134,2025-09-03
3,5,하차,45,42,48,53,46,53,81,77,88,86,83,103,102,110,109,112,118,2025-09-03
4,9,승차,41,53,49,54,58,74,85,81,79,76,109,81,102,105,98,129,121,2025-09-03
4,8,승차,38,37,59,68,61,67,80,69,81,62,92,73,105,109,114,107,121,2025-09-03
3,7,승차,33,40,54,52,52,62,80,69,71,83,97,87,95,91,116,98,123,2025-09-03
3,5,승차,36,45,38,47,70,69,65,94,70,90,94,92,85,102,125,99,122,2025-09-03
4,9,하차,35,38,41,53,69,53,69,58,88,81,90,101,115,105,112,104,122,2025-09-03
3,9,승차,51,48,49,50,63,80,72,92,80,88,92,96,89,121,105,107,104,2025-09-03
2,2,승차,51,37,57,47,65,67,89,78,83,102,69,92,101,111,113,124,118,2025-09-03
2,4,하차,42,54,47,58,53,63,72,71,89,90,91,119,94,131,111,101,147,2025-09-03
2,8,하차,37,42,56,53,59,61,70,70,88,91,89,88,81,93,109,109,124,2025-09-03
4,1,승차,37,61,55,50,70,61,76,68,98,74,92,106,104,103,94,104,116,2025-09-03
3,5,하차,33,45,45,64,70,66,63,83,69,95,76,78,95,89,98,112,108,2025-09-03
3,8,하차,40,39,52,54,57,73,68,99,78,92,85,100,116,113,104,96,121,2025-09-03
1,2,승차,44,48,59,57,53,70,80,76,80,82,84,76,107,123,110,107,102,2025-09-03
1,2,승차,44,44,48,53,54,65,79,74,69,94,102,97,108,121,108,130,129,2025-09-03
3,8,승차,35,36,43,58,59,58,67,71,75,90,102,104,103,99,104,128,136,2025-09-03
3,9,승차,30,46,51,62,57,64,69,71,77,80,92,78,102,105,94,109,123,2025-09-03
3,7,하차,38,36,54,45,47,76,88,85,86,88,86,109,104,101,116,118,120,2025-09-03
4,8,하차,33,47,41,55,55,73,75,85,102,97,107,90,98,101,101,113,100,2025-09-03
3,5,승차,42,48,47,61,53,51,78,77,90,74,72,83,110,128,105,140,112,2025-09-03
1,1,승차,39,39,49,60,61,70,88,88,69,98,94,99,101,109,106,108,114,2025-09-03
4,4,하차,45,33,52,53,60,61,61,68,76,85,85,91,95,105,115,122,110,2025-09-03
3,2,승차,49,50,40,53,56,71,63,60,85,80,87,103,105,105,92,112,124,2025-09-03
1,3,승차,38,47,50,55,70,58,69,71,62,86,91,86,104,100,106,129,117,2025-09-03
4,3,승차,51,53,43,58,56,86,81,71,71,69,72,110,109,94,103,117,116,2025-09-03
3,9,승차,41,49,62,61,60,80,70,68,64,82,80,86,93,95,120,119,111,2025-09-03
3,4,하차,43,40,50,69,61,57,70,75,95,92,77,87,112,121,87,117,125,2025-09-03
3,2,승차,36,44,54,54,53,63,68,100,80,76,94,87,106,96,107,107,109,2025-09-03
4,3,하차,39,35,46,55,68,67,58,81,82,76,87,96,95,96,112,126,112,2025-09-03
1,3,승차,40,50,66,55,63,61,75,58,80,99,103,91,98,106,117,99,119,2025-09-03
1,7,승차,54,57,49,61,58,51,70,75,77,82,90,96,97,108,92,123,128,2025-09-03
2,8,하차,48,44,54,54,62,57,59,84,78,88,91,106,92,113,110,108,119,2025-09-03
3,6,승차,44,43,47,63,66,62,70,81,73,94,103,114,108,107,114,103,118,2025-09-03
2,4,하차,44,47,63,61,73,78,63,85,77,78,86,93,101,110,124,111,133,2025-09-03
2,6,승차,39,36,61,38,73,79,66,70,90,86,87,82,89,95,100,120,129,2025-09-03
1,1,승차,32,48,37,53,68,80,60,67,76,100,93,76,79,110,90,110,123,2025-09-03
4,8,승차,50,46,47,52,51,65,70,62,93,80,87,103,88,98,101,130,139,2025-09-03
4,1,승차,52,60,50,45,54,75,71,71,81,93,109,83,102,106,110,114,108,2025-09-03
1,5,승차,44,46,58,65,67,63,73,81,87,66,99,92,125,115,95,127,119,2025-09-03
4,2,하차,37,58,54,51,63,63,60,68,85,95,102,99,89,106,98,107,135,2025-09-03
2,6,하차,29,42,47,64,68,82,72,70,76,92,91,99,87,118,94,125,112,2025-09-03
3,9,승차,52,40,44,56,56,50,66,70,79,86,101,102,116,121,105,113,137,2025-09-03
1,5,승차,36,41,52,56,63,61,85,69,74,80,78,102,98,96,96,124,111,2025-09-03
3,4,하차,38,41,46,66,57,55,77,81,70,86,95,83,96,93,98,114,125,2025-09-03
4,2,하차,45,47,59,62,62,61,74,74,68,84,86,88,105,108,115,109,124,2025-09-03
3,3,승차,43,41,54,45,66,61,68,81,95,79,88,101,107,121,105,127,110,2025-09-03
4,6,승차,33,58,46,62,61,71,84,60,87,76,84,97,86,93,115,115,125,2025-09-03
4,8,하차,43,46,67,51,65,57,80,67,62,92,97,95,100,104,113,124,121,2025-09-03
2,8,승차,31,40,41,58,56,64,58,84,61,87,81,90,97,103,101,103,99,2025-09-03
4,5,하차,37,46,54,44,70,62,62,61,81,84,78,100,90,111,118,111,131,2025-09-03
2,5,승차,45,41,45,51,59,64,65,88,64,93,93,91,87,111,108,126,113,2025-09-03
2,3,하차,45,44,56,69,67,67,66,74,82,87,93,97,96,106,107,104,124,2025-09-03
2,7,하차,49,43,38,60,52,65,63,64,69,92,70,89,125,106,102,126,113,2025-09-03
1,6,승차,40,40,48,44,56,62,72,84,70,100,93,97,98,106,89,108,143,2025-09-03
1,1,하차,37,47,34,57,59,74,67,70,68,85,74,106,94,115,126,113,124,2025-09-03
4,4,승차,32,32,47,62,80,64,80,78,85,71,74,103,88,117,107,124,106,2025-09-03
2,6,승차,36,43,42,60,56,70,91,82,77,74,71,80,86,122,129,131,105,2025-09-03
1,6,승차,40,47,44,56,52,57,66,76,72,82,98,98,111,110,117,127,135,2025-09-03
2,3,승차,35,42,61,60,57,54,70,89,93,81,104,91,100,98,118,98,111,2025-09-03
3,6,하차,32,61,50,40,53,64,71,81,78,78,104,74,104,117,83,98,117,2025-09-03
3,6,승차,39,56,65,45,59,62,76,84,67,87,89,103,79,104,110,120,118,2025-09-03
3,9,승차,44,40,37,54,59,73,67,72,72,99,72,96,91,111,115,113,106,2025-09-03
4,9,승차,37,46,48,43,55,74,75,71,71,99,101,94,108,81,115,131,94,2025-09-03
2,2,승차,38,56,62,48,70,69,82,70,82,79,95,107,110,115,94,144,125,2025-09-03
3,4,하차,40,50,54,65,70,73,58,66,81,80,100,83,91,97,106,104,110,2025-09-03
1,9,승차,47,47,57,59,54,57,79,81,87,84,89,101,115,112,115,105,109,2025-09-03
3,4,하차,32,37,44,71,49,74,77,84,81,72,90,128,76,119,102,118,130,2025-09-03
3,8,하차,43,42,53,43,58,76,58,69,96,76,89,99,89,105,124,102,110,2025-09-03
3,3,하차,40,50,47,49,66,59,61,90,58,75,81,98,96,90,95,116,112,2025-09-03
4,3,승차,40,43,48,68,65,64,70,53,79,102,80,74,98,110,93,110,137,2025-09-03
1,9,승차,47,49,43,41,54,68,71,77,82,85,101,93,95,94,98,102,120,2025-09-03
2,8,승차,38,52,51,55,60,69,82,63,64,82,85,104,102,96,123,114,115,2025-09-03
1,1,승차,45,42,32,57,54,79,73,78,85,79,102,99,91,97,115,115,102,2025-09-03
2,2,하차,45,53,58,56,66,47,77,75,99,88,77,85,89,112,101,107,122,2025-09-03
4,3,하차,42,45,60,56,56,59,68,85,67,83,110,93,126,118,98,106,139,2025-09-03
4,2,승차,33,36,54,46,72,69,67,87,93,87,95,86,105,98,129,120,128,2025-09-03
4,3,승차,38,46,53,44,57,61,71,83,77,87,77,109,127,120,113,141,129,2025-09-03
4,8,승차,36,50,59,58,63,58,58,95,95,85,70,84,103,83,100,109,147,2025-09-03
2,6,승차,36,49,47,55,68,59,68,69,84,83,98,75,95,104,120,115,115,2025-09-03
3,7,승차,40,41,48,50,50,67,71,82,82,77,97,89,87,115,111,106,118,2025-09-03
2,6,승차,34,57,52,55,56,68,78,82,82,87,102,97,94,111,114,113,120,2025-09-03
1,1,승차,36,36,51,50,57,65,55,97,89,90,94,81,104,95,123,103,105,2025-09-03
4,3,하차,44,39,47,53,61,58,65,101,84,66,93,100,113,99,113,113,124,2025-09-03
4,1,하차,40,50,53,54,74,64,88,84,77,88,92,101,88,105,89,101,128,2025-09-03
1,9,하차,34,45,56,41,64,71,65,81,75,84,83,94,97,101,104,106,114,2025-09-03
2,9,하차,40,39,29,52,61,58,59,79,65,87,97,94,115,115,107,123,128,2025-09-03
3,5,승차,37,39,62,44,79,69,82,80,91,100,89,100,104,120,105,121,119,2025-09-03
3,4,승차,34,49,68,73,65,71,66,69,81,91,120,84,95,120,106,105,122,2025-09-03
1,9,승차,45,42,43,54,61,71,58,68,70,70,95,102,108,119,115,127,135,2025-09-03
3,9,승차,45,47,63,67,73,55,66,74,83,72,82,98,92,88,119,101,132,2025-09-03
2,3,승차,44,42,60,59,54,86,79,85,79,82,84,105,105,97,107,115,141,2025-09-03
2,5,하차,46,49,37,62,72,63,70,82,79,99,99,100,80,103,120,121,154,2025-09-03
1,3,승차,44,49,44,65,47,64,60,67,79,82,82,82,102,98,86,114,120,2025-09-03
2,2,하차,45,39,42,62,60,63,81,91,52,89,105,85,97,104,98,108,118,2025-09-03
4,1,승차,38,45,43,51,71,62,65,79,74,86,83,82,92,105,125,94,97,2025-09-03
1,2,하차,35,53,58,56,54,67,66,82,59,81,95,100,93,98,126,126,130,2025-09-03
2,8,승차,33,58,53,66,63,64,79,68,72,93,93,97,95,124,109,111,93,2025-09-03
1,8,하차,46,43,39,60,58,66,76,70,87,114,91,88,87,95,101,127,113,2025-09-03
3,3,승차,46,43,54,51,59,67,73,67,67,89,81,110,77,116,103,112,137,2025-09-03
2,7,승차,47,39,58,71,76,80,54,70,92,73,88,92,93,112,125,107,115,2025-09-03
4,7,승차,30,50,42,52,46,62,65,56,84,70,82,103,101,88,121,108,110,2025-09-03
2,2,승차,43,51,51,53,63,64,74,87,98,84,104,96,113,95,112,105,110,2025-09-03
1,9,하차,46,41,55,48,64,66,66,76,97,88,82,84,101,130,124,123,114,2025-09-03
1,3,승차,39,44,57,60,61,64,90,81,78,71,76,101,96,115,86,112,128,2025-09-03
2,2,하차,44,54,48,54,49,65,76,79,77,70,95,110,87,90,113,110,123,2025-09-03
4,3,승차,41,57,41,52,64,67,77,79,69,89,79,94,104,110,92,108,110,2025-09-03
4,2,하차,41,29,50,53,63,75,69,73,81,70,88,90,104,106,116,112,121,2025-09-03
4,8,승차,30,42,58,40,79,62,74,72,76,99,77,68,92,116,100,115,111,2025-09-03
1,5,승차,47,33,48,54,52,65,90,68,81,82,76,95,98,91,102,121,116,2025-09-03
2,3,하차,38,46,39,57,64,66,69,79,86,86,63,97,123,117,115,125,118,2025-09-03
3,5,승차,42,41,51,65,70,54,65,72,90,81,85,105,99,111,124,104,134,2025-09-03
1,8,승차,49,38,42,48,74,76,80,60,79,92,92,98,84,103,110,116,126,2025-09-03
4,7,하차,43,34,54,45,53,69,73,71,79,94,97,83,100,116,112,120,103,2025-09-03
2,6,승차,41,41,41,54,57,60,80,79,79,90,89,100,117,97,109,100,131,2025-09-03
4,1,하차,33,43,46,42,49,77,86,81,73,72,88,102,106,92,109,110,130,2025-09-03
3,1,승차,32,43,46,56,61,75,65,69,81,68,78,74,113,116,105,122,124,2025-09-03
4,1,하차,40,45,47,53,49,59,72,79,101,76,102,101,90,108,112,100,114,2025-09-03
4,8,하차,31,43,41,49,78,56,68,68,80,77,85,84,85,97,95,113,122,2025-09-03
3,8,하차,38,41,55,59,57,80,81,76,72,72,88,73,104,103,107,118,126,2025-09-03
2,7,하차,45,50,47,60,56,76,57,70,75,74,104,96,112,93,111,117,131,2025-09-03
1,6,승차,45,37,55,56,52,73,69,81,59,72,113,106,105,103,127,121,115,2025-09-03
2,4,승차,34,50,52,53,51,63,67,89,83,107,99,86,129,106,117,117,120,2025-09-03
3,1,하차,42,47,55,55,51,53,78,69,93,78,90,105,93,103,133,97,114,2025-09-03
4,9,승차,28,41,46,53,68,64,53,85,92,78,87,98,107,121,105,135,128,2025-09-03
2,1,승차,41,56,64,32,66,86,76,68,82,85,79,92,101,112,93,122,140,2025-09-03
1,4,승차,41,41,45,50,44,62,70,64,70,100,74,102,108,110,118,125,119,2025-09-03
3,3,하차,41,53,50,49,68,73,71,77,74,94,78,85,74,97,111,121,114,2025-09-03
2,7,승차,53,37,48,45,69,56,66,78,73,84,89,86,102,105,97,118,109,2025-09-03
1,5,승차,36,52,51,54,68,69,71,75,84,89,96,91,112,102,121,100,147,2025-09-03
3,5,하차,32,44,57,49,60,56,83,79,78,88,90,88,108,100,100,111,109,2025-09-03
1,4,승차,37,38,59,63,63,60,70,83,75,77,88,101,101,120,106,117,117,2025-09-03
3,1,하차,38,47,44,60,58,55,67,80,82,72,108,97,93,85,106,130,137,2025-09-03
4,5,하차,41,39,61,67,51,65,80,79,81,78,88,84,110,103,95,115,111,2025-09-03
2,4,하차,40,42,63,50,60,65,66,68,85,62,82,92,108,111,103,119,131,2025-09-03
1,8,승차,41,54,55,67,68,69,83,65,77,80,86,88,115,95,112,123,142,2025-09-03
3,2,승차,35,38,54,59,73,75,60,81,76,93,91,94,77,112,107,108,108,2025-09-03
1,8,하차,35,36,49,50,70,60,67,72,93,99,87,104,110,101,91,120,119,2025-09-03
1,1,하차,30,50,54,58,60,59,69,67,97,93,103,103,81,119,118,110,125,2025-09-03
2,4,하차,35,35,48,58,55,57,89,73,70,65,83,98,108,120,106,103,115,2025-09-03
4,3,하차,46,45,56,50,60,74,69,60,85,76,83,90,105,107,110,134,115,2025-09-03
1,5,하차,55,50,49,61,54,70,88,80,94,79,85,74,123,104,95,115,137,2025-09-03
3,5,하차,48,44,57,63,64,73,67,82,69,77,100,91,106,97,97,113,117,2025-09-03
3,5,승차,52,41,53,57,68,70,64,85,76,91,99,108,100,99,96,102,111,2025-09-03
4,4,하차,45,57,53,66,59,70,78,77,91,77,91,93,104,100,101,97,140,2025-09-03
3,8,하차,42,38,55,44,57,62,49,57,90,77,82,90,87,102,115,119,108,2025-09-03
4,3,하차,43,37,46,89,58,58,83,75,75,78,79,79,110,109,103,101,110,2025-09-03
3,4,승차,51,48,61,55,68,69,66,77,69,86,89,96,114,122,118,130,109,2025-09-03
2,1,승차,38,52,50,58,70,77,57,89,97,94,89,112,108,123,123,113,150,2025-09-03
1,7,승차,43,33,49,44,64,66,67,100,68,87,78,97,92,109,96,122,103,2025-09-03
2,1,승차,47,41,55,65,47,75,73,67,81,80,73,66,83,117,121,105,97,2025-09-03
1,2,하차,40,48,50,56,64,67,69,71,92,88,102,105,96,97,112,108,131,2025-09-03
1,7,승차,37,38,54,64,50,66,63,69,69,101,91,76,103,96,102,130,129,2025-09-03
1,1,하차,35,62,38,60,48,61,52,70,93,88,91,91,110,106,119,126,115,2025-09-03
2,3,하차,56,48,46,52,45,66,76,88,90,82,93,78,86,107,120,117,122,2025-09-03
1,6,하차,44,33,46,58,60,60,68,85,76,92,106,81,100,86,105,118,132,2025-09-03
2,6,하차,43,42,52,59,62,73,70,68,78,77,96,101,94,110,122,117,122,2025-09-03
4,6,하차,40,54,42,51,67,61,69,76,86,87,84,106,110,111,110,122,126,2025-09-03
3,2,하차,39,60,48,52,71,67,77,66,87,87,91,90,113,104,106,113,123,2025-09-03
3,2,승차,32,29,42,49,67,66,73,72,79,89,91,107,98,119,114,108,122,2025-09-03
1,6,승차,37,54,55,58,68,64,75,77,78,81,95,104,107,107,92,117,113,2025-09-03
2,5,승차,35,43,53,52,76,66,67,66,93,87,86,99,104,104,97,100,116,2025-09-03
3,7,승차,37,56,58,58,62,66,63,70,79,110,73,117,102,108,124,107,107,2025-09-03
2,7,승차,43,54,57,60,72,58,57,91,77,84,94,107,105,117,99,106,137,2025-09-03
2,5,하차,37,35,50,51,56,78,85,80,85,95,91,79,83,103,106,106,126,2025-09-03
1,8,승차,45,45,45,69,60,62,83,66,92,85,106,89,89,85,129,121,108,2025-09-03
3,6,승차,53,52,57,56,66,60,75,67,81,75,83,88,100,100,121,135,134,2025-09-03
1,5,승차,37,44,53,54,62,79,87,67,91,93,93,86,111,109,107,104,155,2025-09-03
1,4,하차,36,42,59,47,66,76,57,65,68,108,81,95,79,98,115,120,115,2025-09-03
3,7,하차,39,37,42,52,56,78,76,61,69,77,72,100,81,84,105,119,107,2025-09-03
3,4,하차,25,37,54,46,62,49,87,55,80,96,80,91,90,95,107,109,135,2025-09-03
4,5,승차,53,52,46,66,51,73,77,76,97,73,91,104,100,88,98,129,114,2025-09-03
4,5,승차,39,33,53,49,63,64,69,88,70,93,95,89,104,92,99,114,117,2025-09-03
2,1,승차,50,55,51,62,67,64,80,78,78,79,83,111,101,95,115,122,116,2025-09-03
3,1,승차,49,44,40,53,79,60,81,87,80,71,90,96,97,99,99,111,136,2025-09-03
4,3,승차,34,50,51,63,55,46,72,69,76,75,82,85,91,104,94,116,124,2025-09-03
2,3,하차,40,40,53,51,64,71,59,74,84,76,94,116,101,112,99,108,123,2025-09-03
2,2,승차,33,47,65,59,60,67,56,81,78,84,101,102,96,107,104,122,114,2025-09-03
2,2,하차,38,40,56,47,57,61,73,73,77,103,93,87,87,84,98,110,106,2025-09-03
4,6,승차,43,43,54,49,57,72,69,87,89,81,101,98,102,97,96,138,132,2025-09-03
3,1,하차,44,39,53,51,66,70,65,81,79,84,92,75,103,89,128,112,108,2025-09-03
1,6,하차,42,42,55,67,60,63,74,79,78,71,97,90,96,108,94,109,119,2025-09-03
2,5,하차,47,51,44,49,55,63,80,71,81,94,94,91,107,111,116,119,127,2025-09-03
4,6,하차,44,43,48,53,45,64,79,69,67,92,88,91,112,107,115,120,101,2025-09-03
4,5,승차,32,49,41,58,70,54,69,83,86,111,98,97,114,113,110,123,110,2025-09-03
1,7,승차,42,43,44,58,60,52,72,60,80,86,86,110,103,87,100,132,118,2025-09-03
1,1,승차,36,41,54,67,66,74,81,71,91,89,89,94,96,106,119,119,103,2025-09-03
4,3,하차,37,53,60,63,66,59,74,78,70,83,92,107,98,107,106,117,144,2025-09-03
3,6,승차,41,46,48,60,67,76,67,65,81,95,94,100,96,92,105,105,127,2025-09-03
1,1,승차,37,37,54,44,42,73,66,76,78,86,92,93,96,103,88,97,120,2025-09-03
4,7,승차,40,51,57,53,56,57,78,65,79,97,80,100,100,107,112,131,117,2025-09-03
1,4,승차,51,60,59,65,75,71,81,81,88,88,89,96,94,121,112,110,112,2025-09-03
3,3,하차,37,51,41,53,64,64,82,81,67,90,85,93,94,106,116,123,124,2025-09-03
2,9,하차,46,41,66,52,65,71,72,80,62,101,83,93,103,98,127,115,131,2025-09-03
1,1,승차,46,40,55,88,51,64,85,53,85,109,86,84,110,109,105,116,119,2025-09-03
3,8,승차,48,48,45,55,64,75,59,77,80,86,85,86,89,100,103,123,119,2025-09-03
4,1,승차,34,53,49,64,63,54,75,84,72,85,82,101,100,104,110,124,124,2025-09-03
1,5,하차,44,50,50,60,49,63,70,66,73,91,79,78,95,125,108,125,106,2025-09-03
1,8,하차,35,41,42,50,64,42,64,91,69,84,81,95,108,97,94,132,110,2025-09-03
4,6,하차,33,39,55,55,58,77,71,75,86,90,77,92,99,115,112,132,101,2025-09-03
2,7,승차,43,46,38,54,45,77,62,71,82,85,89,91,90,121,139,135,125,2025-09-03
4,8,하차,42,34,54,59,68,55,71,73,89,77,93,99,98,96,116,94,131,2025-09-03
1,6,하차,35,34,52,60,61,57,60,85,64,92,87,107,96,109,105,110,109,2025-09-03
4,6,하차,47,33,42,39,51,62,69,62,84,82,94,118,101,99,121,123,119,2025-09-03
3,6,하차,48,40,57,58,53,80,62,66,58,80,92,109,78,106,103,111,100,2025-09-03
4,5,하차,37,46,47,61,44,77,58,72,62,78,86,103,107,118,116,108,105,2025-09-03
1,8,승차,41,47,48,62,62,72,68,66,98,95,83,108,95,99,115,115,130,2025-09-03
4,2,승차,52,38,58,61,60,55,57,75,86,84,93,104,107,108,121,113,111,2025-09-03
2,7,승차,41,41,51,44,78,57,61,64,72,94,93,97,106,96,116,98,123,2025-09-03
4,4,승차,38,50,34,57,59,74,62,66,69,86,94,97,106,95,108,113,136,2025-09-03
2,1,하차,39,46,48,56,61,71,56,69,73,85,72,101,95,95,117,116,103,2025-09-03
3,5,승차,45,50,47,43,53,73,71,84,91,90,91,87,96,114,119,107,115,2025-09-03
2,3,승차,37,40,48,48,55,58,90,82,80,81,76,87,97,103,115,107,151,2025-09-03
4,4,승차,43,49,51,52,58,45,67,78,86,93,96,97,69,112,115,130,124,2025-09-03
1,7,하차,42,50,43,61,54,53,71,78,94,83,88,100,95,91,103,111,123,2025-09-03
2,5,승차,36,39,59,74,43,71,74,95,68,62,90,105,86,93,93,118,131,2025-09-03
3,4,하차,43,43,47,54,52,59,73,69,82,88,81,81,89,101,104,101,128,2025-09-03
2,1,하차,39,51,49,51,70,55,68,82,79,92,81,85,103,120,119,125,134,2025-09-03
2,6,하차,44,43,53,60,58,66,49,77,67,86,83,88,78,109,109,137,122,2025-09-03
2,6,승차,33,41,42,51,80,47,73,81,74,69,86,101,113,104,107,120,118,2025-09-03
3,7,하차,36,50,51,56,51,61,87,75,74,87,91,90,95,116,120,123,122,2025-09-03
4,1,승차,37,51,26,72,68,63,94,67,78,99,91,98,99,103,124,109,122,2025-09-03
2,4,승차,43,56,46,47,48,54,71,81,73,77,77,85,96,106,135,124,135,2025-09-03
2,9,승차,29,49,49,64,66,75,72,83,86,88,88,88,105,110,91,122,127,2025-09-03
1,6,하차,29,47,59,58,61,67,77,76,88,69,89,94,97,108,138,105,119,2025-09-03
3,2,하차,34,41,53,57,76,64,65,90,78,75,81,111,100,112,115,116,126,2025-09-03
2,4,승차,47,59,48,44,59,72,70,87,75,96,87,100,91,100,102,111,118,2025-09-03
3,6,하차,38,41,54,55,58,61,63,78,75,78,90,75,113,107,105,108,109,2025-09-03
2,4,하차,35,42,42,48,64,58,69,74,67,89,100,113,91,114,115,133,103,2025-09-03
4,7,하차,47,37,43,59,56,80,61,80,89,81,83,92,105,108,114,119,137,2025-09-03
4,3,승차,30,50,35,53,53,60,81,67,65,63,91,106,105,116,115,97,121,2025-09-03
2,6,하차,35,34,49,52,67,69,65,70,82,81,86,83,102,106,111,101,118,2025-09-03
4,4,하차,40,63,47,56,63,72,59,60,76,72,93,103,84,98,110,109,135,2025-09-03
2,3,승차,33,51,52,47,61,59,68,61,76,86,97,95,112,100,104,121,104,2025-09-03
4,3,하차,32,50,50,45,77,71,60,69,66,84,88,86,100,108,94,125,114,2025-09-03
1,2,승차,36,50,60,58,66,72,74,66,94,82,81,87,90,100,110,114,117,2025-09-03
1,3,하차,43,44,49,56,70,63,63,73,89,87,95,92,111,100,125,125,127,2025-09-03
1,1,하차,45,46,48,53,65,62,69,87,79,92,92,87,101,103,104,125,105,2025-09-03
3,3,하차,40,54,47,58,74,61,70,72,88,95,93,85,82,94,122,108,130,2025-09-03
3,9,하차,47,47,43,65,55,80,53,83,78,84,95,75,96,80,109,117,119,2025-09-03
1,4,하차,39,51,49,53,51,59,82,64,86,94,73,113,91,98,128,118,122,2025-09-03
3,3,하차,41,51,49,55,50,78,74,70,63,91,92,89,95,100,124,119,111,2025-09-03
4,8,승차,44,45,50,56,61,66,72,68,75,84,81,103,97,104,110,93,116,2025-09-03
2,1,하차,39,43,61,58,57,60,82,77,80,81,112,79,108,125,112,105,122,2025-09-03
2,5,하차,36,56,38,51,71,55,87,85,76,82,87,86,108,102,111,128,122,2025-09-03
2,1,하차,41,46,47,55,63,55,83,78,86,78,96,96,96,98,121,117,126,2025-09-03
1,7,승차,43,48,46,55,50,63,70,66,84,88,81,99,96,117,115,109,119,2025-09-03
3,5,승차,39,51,51,55,72,63,65,74,74,74,91,94,112,88,115,123,120,2025-09-03
4,2,승차,43,41,42,60,61,60,80,69,76,83,117,101,85,104,90,115,128,2025-09-03
4,1,하차,49,42,67,48,56,68,68,67,88,88,96,82,83,94,104,109,113,2025-09-03
1,7,하차,40,59,56,59,55,61,77,76,74,102,93,104,115,96,116,130,117,2025-09-03
4,1,승차,43,37,49,60,51,95,65,62,72,96,92,101,103,97,128,137,111,2025-09-03
4,3,승차,43,54,51,49,60,67,86,73,86,85,94,100,91,109,114,121,133,2025-09-03
4,6,승차,51,40,59,57,58,68,68,79,73,80,84,101,105,106,121,138,137,2025-09-03
4,6,하차,39,47,50,61,63,61,83,76,72,89,97,91,105,98,96,120,110,2025-09-03
3,7,승차,33,43,51,50,56,71,80,84,85,93,89,79,113,100,108,113,134,2025-09-03
4,1,하차,29,50,44,51,70,69,75,70,82,92,97,110,110,113,104,105,129,2025-09-03
2,7,하차,35,47,45,51,60,62,78,64,84,81,84,101,118,90,118,111,125,2025-09-03
1,2,하차,42,42,40,75,58,62,67,68,99,80,94,98,116,114,97,114,125,2025-09-03
3,6,승차,45,50,53,54,61,78,64,82,63,102,100,79,103,98,86,119,109,2025-09-03
4,8,하차,51,50,42,59,66,55,74,61,84,80,87,100,111,91,126,107,105,2025-09-03
3,5,승차,44,54,50,52,57,71,83,75,88,90,92,88,94,112,108,103,106,2025-09-03
4,3,승차,50,42,48,50,66,66,58,65,93,77,80,87,96,104,98,124,126,2025-09-03
2,8,승차,41,30,41,56,57,59,64,68,60,83,86,103,90,103,115,117,119,2025-09-03
1,8,승차,46,45,48,53,60,74,78,71,73,92,89,76,98,109,128,125,111,2025-09-03
4,4,하차,42,37,47,46,68,68,61,69,74,72,82,92,115,95,103,117,123,2025-09-03
4,8,하차,37,38,59,53,47,67,83,82,80,68,80,78,84,104,118,110,133,2025-09-03
4,5,하차,42,50,47,42,69,68,83,66,71,87,86,72,100,99,105,124,141,2025-09-03
4,5,하차,35,46,53,41,61,76,58,58,67,95,95,81,89,112,114,115,122,2025-09-03
1,3,승차,42,34,47,40,53,56,59,81,59,89,95,81,110,112,103,118,123,2025-09-03
1,7,승차,33,42,43,56,49,69,78,65,83,90,84,92,101,92,107,107,113,2025-09-03
2,9,승차,33,41,51,48,55,51,82,76,72,105,86,104,116,99,111,113,116,2025-09-03
1,9,승차,43,44,52,62,74,73,74,73,86,82,83,95,105,103,100,125,129,2025-09-03
4,1,하차,51,44,51,51,78,62,66,75,70,78,103,88,108,113,143,117,131,2025-09-03
2,1,승차,36,50,47,60,62,54,64,83,89,82,76,87,107,108,116,98,137,2025-09-03
2,5,하차,34,53,44,51,54,77,58,68,68,105,74,97,75,95,117,122,105,2025-09-03
2,1,승차,44,58,48,59,62,79,70,75,80,96,99,93,114,105,154,85,108,2025-09-03
4,4,승차,51,49,50,56,58,77,78,78,74,86,93,97,108,93,108,117,115,2025-09-03
3,1,승차,33,51,50,65,73,78,73,84,75,94,97,98,99,95,105,125,119,2025-09-03
4,2,승차,44,46,46,58,56,63,67,84,85,78,85,93,92,111,121,109,116,2025-09-03
1,2,하차,41,54,54,55,48,80,66,77,93,76,78,116,92,117,126,103,126,2025-09-03
1,4,하차,44,40,45,51,67,73,75,67,81,97,98,101,80,104,95,133,108,2025-09-03
4,8,하차,41,51,39,49,64,63,78,67,69,82,107,104,139,109,100,125,114,2025-09-03
4,2,하차,47,46,40,46,68,64,72,76,73,105,90,112,113,110,93,124,109,2025-09-03
2,9,승차,29,56,50,58,55,69,74,76,77,75,102,108,92,101,106,125,123,2025-09-03
4,9,승차,46,48,36,52,59,51,74,83,87,69,75,97,109,89,110,117,114,2025-09-03
2,2,하차,60,51,59,48,55,79,66,60,75,85,92,100,92,96,118,107,129,2025-09-03
1,1,하차,35,49,39,59,45,60,66,69,94,73,81,94,101,106,112,107,109,2025-09-03
2,9,승차,42,36,41,52,57,75,81,72,75,71,83,105,93,111,120,96,117,2025-09-03
4,2,승차,47,34,65,49,77,68,69,74,81,82,80,81,121,84,93,121,145,2025-09-03
1,8,하차,38,43,58,49,59,84,64,68,78,84,79,116,102,99,89,123,102,2025-09-03
3,3,하차,36,44,48,59,53,62,71,96,78,90,99,98,99,98,113,118,117,2025-09-03
2,1,하차,45,45,51,48,72,59,61,67,93,88,97,109,111,111,121,99,126,2025-09-03
1,1,승차,40,39,35,57,61,74,65,83,74,93,84,105,85,91,112,113,103,2025-09-03
2,2,하차,43,49,51,52,53,53,73,77,97,85,78,113,98,109,110,110,137,2025-09-03
1,7,하차,48,40,48,46,74,64,78,73,85,82,94,92,85,114,131,98,117,2025-09-03
1,6,하차,47,48,51,62,48,80,66,75,72,97,94,89,85,92,99,118,130,2025-09-03
2,2,하차,42,46,43,54,62,72,88,73,83,99,77,87,103,107,114,120,125,2025-09-03
3,4,하차,32,48,43,64,47,51,67,71,74,80,90,92,86,102,109,122,119,2025-09-03
1,2,승차,39,50,54,59,72,60,75,79,79,96,80,77,96,96,105,93,111,2025-09-03
1,1,하차,43,52,61,61,51,60,68,79,84,89,76,87,107,103,122,111,121,2025-09-03
1,3,승차,36,42,56,62,56,54,60,79,68,82,76,95,100,118,94,125,115,2025-09-03
3,4,하차,33,39,64,62,54,54,88,88,80,89,91,89,102,108,111,120,140,2025-09-03
3,5,하차,45,38,42,64,66,64,59,71,97,83,92,101,110,103,101,123,114,2025-09-03
4,5,하차,38,40,47,66,53,56,73,71,76,88,92,85,92,97,112,103,144,2025-09-03
2,7,승차,42,37,45,52,59,62,79,80,82,81,81,95,90,106,111,111,116,2025-09-03
3,8,승차,42,60,49,53,60,68,57,78,78,92,82,103,93,90,124,123,124,2025-09-03
2,9,승차,32,43,60,56,65,77,68,73,65,60,89,91,109,125,103,129,101,2025-09-03
4,7,하차,36,47,48,43,45,53,74,76,94,78,83,83,114,108,113,119,130,2025-09-03
2,5,하차,39,43,45,48,57,62,75,92,82,91,87,93,97,100,125,109,106,2025-09-03
3,9,승차,34,47,42,53,66,55,61,76,86,83,101,108,110,108,100,104,117,2025-09-03
2,8,승차,41,44,37,58,68,86,73,87,83,87,99,102,102,94,114,116,133,2025-09-03
3,9,하차,42,40,52,55,60,57,61,71,74,86,96,82,96,97,93,109,127,2025-09-03
2,8,승차,34,53,47,60,55,66,57,65,74,95,94,77,101,120,132,116,113,2025-09-03
3,6,하차,37,40,52,57,75,60,66,84,82,72,75,84,91,108,117,106,118,2025-09-03
3,4,승차,38,43,38,55,53,58,72,73,83,92,103,84,101,108,103,117,112,2025-09-03
2,9,승차,40,44,60,40,69,55,71,71,93,79,95,100,91,111,116,112,98,2025-09-03
4,9,승차,46,51,57,68,56,68,82,67,84,96,91,83,86,105,102,130,125,2025-09-03
1,9,하차,49,48,48,52,52,69,53,85,86,78,99,106,102,97,118,129,117,2025-09-03
4,3,하차,32,42,52,60,65,60,72,74,84,85,85,91,101,102,103,128,116,2025-09-03
2,3,승차,30,51,56,50,51,57,67,92,79,80,89,80,100,110,109,131,123,2025-09-03
4,6,하차,43,48,55,64,65,58,80,70,85,88,80,92,106,110,98,122,108,2025-09-03
3,6,하차,44,49,50,53,64,70,70,74,68,90,102,95,95,112,105,120,116,2025-09-03
1,6,하차,43,52,45,40,67,57,74,64,80,88,90,97,102,87,105,107,122,2025-09-03
2,5,하차,36,47,52,63,71,58,68,64,74,91,83,105,107,79,111,107,103,2025-09-03
2,5,승차,40,38,43,47,61,54,57,83,89,72,72,79,93,98,102,100,127,2025-09-03
2,2,하차,41,35,43,67,71,66,57,84,73,85,87,94,109,110,115,112,128,2025-09-03
1,7,하차,37,53,41,62,59,63,78,72,81,99,94,99,92,103,107,102,130,2025-09-03
3,4,승차,45,32,54,58,60,72,73,88,72,86,93,108,100,88,107,116,123,2025-09-03
2,3,하차,42,55,69,47,72,65,74,72,69,89,93,86,93,117,113,132,111,2025-09-03
4,8,하차,32,56,60,53,57,61,72,83,62,77,98,94,86,87,113,112,122,2025-09-03
2,4,하차,44,43,47,46,74,58,47,67,78,88,106,72,89,94,91,104,102,2025-09-03
2,4,승차,32,48,60,49,56,63,63,78,80,106,97,82,107,89,127,108,114,2025-09-03
2,8,승차,30,42,61,51,58,69,89,56,79,93,89,93,115,82,105,109,102,2025-09-03
2,1,하차,39,49,46,57,55,78,72,60,85,77,76,82,103,103,88,113,115,2025-09-03
3,9,하차,36,43,62,51,63,67,88,78,73,82,94,95,97,110,123,113,111,2025-09-03
4,7,승차,39,52,38,52,71,79,83,84,84,72,96,90,80,112,124,124,116,2025-09-03
3,2,승차,49,42,47,61,53,66,72,77,76,59,91,104,85,113,111,130,111,2025-09-03
4,6,승차,39,39,47,44,48,71,76,61,65,83,86,90,99,111,100,113,137,2025-09-03
2,8,하차,38,40,62,51,57,80,67,73,86,102,97,109,97,120,127,128,112,2025-09-03
1,5,하차,39,34,55,61,51,52,66,79,80,74,90,100,120,101,110,103,113,2025-09-03
3,6,승차,32,49,49,60,49,73,59,82,69,81,109,104,81,133,114,116,115,2025-09-03
1,8,하차,43,49,46,49,64,66,64,68,89,87,87,117,105,108,121,119,110,2025-09-03
3,6,하차,39,51,54,75,40,54,58,69,77,94,88,93,100,97,115,116,111,2025-09-03
2,9,하차,35,43,46,54,79,73,71,88,69,87,79,107,101,109,110,128,116,2025-09-03
3,9,하차,41,41,45,65,54,74,60,78,86,78,78,113,85,112,121,116,122,2025-09-03
2,9,하차,46,47,43,44,57,57,62,73,76,85,79,94,99,116,103,111,99,2025-09-03
3,6,하차,33,43,34,59,76,74,70,80,82,84,92,101,100,115,98,133,119,2025-09-03
2,9,하차,49,48,58,46,58,70,76,70,88,69,100,103,109,105,86,111,126,2025-09-03
2,3,승차,47,57,53,55,60,59,87,84,81,82,94,84,86,101,103,120,134,2025-09-03
4,5,승차,46,57,49,76,52,64,75,62,96,94,88,100,107,118,95,120,104,2025-09-03
2,2,승차,46,45,45,67,51,63,70,75,100,88,124,83,131,82,94,136,98,2025-09-03
4,8,승차,41,47,48,45,52,80,73,74,74,92,95,94,89,105,112,113,111,2025-09-03
2,4,승차,51,51,58,65,59,58,95,79,96,86,87,96,99,114,104,101,109,2025-09-03
1,6,승차,48,42,56,56,50,76,74,74,76,75,86,79,101,95,107,107,125,2025-09-03
2,6,승차,28,58,50,49,52,74,68,63,81,81,78,86,102,114,117,127,133,2025-09-03
1,5,승차,40,40,63,42,52,64,68,63,91,84,101,90,95,110,94,121,125,2025-09-03
1,1,승차,38,50,62,46,69,68,62,79,83,88,101,84,97,108,104,133,121,2025-09-03
2,7,하차,38,43,41,54,63,66,68,70,82,91,84,88,93,112,96,117,123,2025-09-03
1,8,하차,33,42,46,58,67,78,74,74,92,97,103,81,104,81,104,103,135,2025-09-03
4,1,승차,42,40,70,59,59,58,79,83,78,92,97,103,104,104,129,122,110,2025-09-03
3,7,하차,45,50,54,64,62,52,70,82,69,81,80,84,81,119,106,102,106,2025-09-03
2,4,하차,43,41,63,65,42,69,64,90,92,91,84,70,88,108,130,112,124,2025-09-03
1,6,승차,31,53,52,46,62,60,75,71,72,100,80,93,94,100,108,102,106,2025-09-03
2,9,승차,43,42,41,68,63,65,76,79,85,77,110,89,95,103,112,135,109,2025-09-03
4,5,승차,39,49,43,70,69,69,69,79,95,78,69,92,96,109,117,108,134,2025-09-03
2,8,하차,37,49,48,47,56,74,51,88,90,72,102,99,98,108,112,139,111,2025-09-03
2,5,하차,52,59,46,53,64,70,75,71,74,99,90,97,91,107,121,108,130,2025-09-03
1,2,승차,36,39,49,41,64,59,94,73,77,103,94,102,90,101,108,109,116,2025-09-03
4,4,하차,45,51,51,69,39,70,64,76,84,87,98,107,95,109,107,124,133,2025-09-03
3,2,하차,21,52,48,59,58,73,66,73,95,76,83,96,108,99,105,104,117,2025-09-03
3,7,하차,37,44,53,52,48,61,63,77,78,74,83,99,93,100,128,113,123,2025-09-03
1,7,승차,46,49,44,54,55,64,64,70,79,78,75,96,102,110,109,103,127,2025-09-03
2,3,하차,47,47,45,55,57,54,78,64,85,67,89,86,104,98,114,104,112,2025-09-03
1,7,하차,42,41,49,47,53,71,69,70,83,86,89,93,100,100,122,99,126,2025-09-03
1,1,하차,37,50,48,54,61,54,73,72,90,86,84,103,96,109,97,125,104,2025-09-03
1,1,하차,42,57,55,47,67,72,60,67,82,79,90,96,109,103,104,116,119,2025-09-03
2,9,하차,45,53,47,64,62,61,62,76,81,82,77,76,110,107,110,111,119,2025-09-03
4,6,하차,40,51,60,62,60,50,65,53,78,78,73,77,106,114,119,127,117,2025-09-03
1,5,하차,42,45,54,47,76,74,69,78,86,91,95,113,95,119,116,115,131,2025-09-03
2,6,승차,53,47,68,50,70,70,65,89,61,80,85,89,98,103,123,112,107,2025-09-03
4,6,승차,46,40,60,55,64,62,65,76,88,86,66,110,94,104,115,105,110,2025-09-03
1,1,하차,43,46,52,55,70,64,81,68,72,95,104,94,111,101,101,112,129,2025-09-03
3,5,승차,29,38,51,54,71,68,78,79,73,90,79,93,99,124,112,110,113,2025-09-03
4,9,하차,50,38,44,58,59,67,70,61,77,107,79,108,98,110,110,109,111,2025-09-03
1,4,하차,35,48,70,61,61,70,74,79,64,70,79,73,101,83,125,100,116,2025-09-03
4,3,하차,42,46,50,52,67,66,73,61,85,77,93,102,107,123,109,103,129,2025-09-03
4,1,승차,55,44,48,55,64,68,69,74,73,76,80,95,88,108,110,133,125,2025-09-03
4,2,하차,37,48,58,52,59,76,84,74,52,95,90,112,95,104,119,127,106,2025-09-03
4,3,하차,46,40,40,60,71,62,87,76,93,82,77,84,86,113,110,100,105,2025-09-03
4,4,승차,37,53,46,60,51,55,73,72,73,98,95,84,90,112,112,118,136,2025-09-03
4,7,승차,45,36,54,59,53,67,80,68,71,75,82,95,100,89,91,119,132,2025-09-03
1,6,하차,36,34,44,70,57,70,89,83,83,98,84,102,118,112,115,104,134,2025-09-03
3,8,승차,53,39,50,59,54,66,65,62,73,95,91,89,91,110,114,120,132,2025-09-03
2,9,승차,45,43,42,49,46,86,72,78,80,96,98,81,91,88,93,119,144,2025-09-03
4,6,하차,42,42,50,54,53,78,68,77,76,89,88,97,89,91,107,121,102,2025-09-03
2,7,하차,38,39,54,54,53,79,76,85,74,86,90,81,85,98,121,118,129,2025-09-03
1,4,하차,36,44,48,54,57,68,76,72,81,78,93,79,108,98,100,132,125,2025-09-03
4,2,승차,38,39,46,60,65,61,72,69,66,87,80,108,108,102,113,117,120,2025-09-03
3,9,승차,52,50,48,43,51,59,78,83,88,87,77,92,108,107,116,100,132,2025-09-03
2,9,승차,47,49,47,48,75,65,83,73,79,86,106,104,98,125,107,121,131,2025-09-03
4,4,하차,34,54,59,51,65,68,67,83,89,87,70,98,120,99,99,124,99,2025-09-03
1,3,승차,34,45,57,41,55,77,77,65,78,74,92,81,112,106,142,112,139,2025-09-03
3,6,승차,29,42,54,68,80,57,59,79,72,89,79,107,104,107,106,111,122,2025-09-03
2,3,하차,46,47,53,50,63,64,70,79,64,89,83,106,75,96,111,111,127,2025-09-03
2,1,하차,39,50,40,58,67,66,77,67,75,71,99,92,94,92,134,135,104,2025-09-03
4,4,하차,36,36,35,53,66,67,70,83,81,88,104,89,95,118,98,120,134,2025-09-03
3,1,승차,36,59,50,53,50,63,88,68,90,85,95,100,99,118,110,111,131,2025-09-03
3,2,하차,47,37,68,52,72,65,75,76,69,84,87,90,123,111,114,111,117,2025-09-03
3,3,승차,46,42,54,56,66,65,65,77,79,85,76,88,98,96,103,115,112,2025-09-03
3,8,승차,37,47,43,57,61,54,80,86,75,84,84,96,93,113,109,110,121,2025-09-03
1,4,하차,36,42,45,55,63,59,64,68,81,78,71,97,101,93,105,118,117,2025-09-03
3,4,하차,40,48,48,62,49,60,86,71,95,74,97,93,97,118,103,128,143,2025-09-03
2,9,하차,32,42,57,38,73,58,63,68,80,88,108,91,101,102,144,132,105,2025-09-03
2,7,하차,54,50,39,45,67,47,65,64,89,74,83,85,104,101,104,107,119,2025-09-03
1,2,하차,45,59,40,63,72,69,69,64,86,76,87,104,104,84,84,125,115,2025-09-03
2,3,승차,45,55,53,59,61,82,81,74,86,74,86,102,94,99,107,98,129,2025-09-03
2,4,승차,51,44,41,64,52,69,53,81,77,92,94,88,105,90,108,112,137,2025-09-03
3,4,승차,36,38,55,59,52,63,70,75,69,97,95,97,97,115,105,135,103,2025-09-03
2,8,하차,42,46,47,54,69,69,62,99,97,83,89,105,105,107,111,109,119,2025-09-03
1,6,승차,35,30,63,59,55,60,69,79,75,82,74,106,110,100,103,116,138,2025-09-03
3,3,하차,48,37,47,53,70,59,65,72,92,93,109,85,109,113,113,102,121,2025-09-03
4,9,하차,36,54,54,52,63,62,90,63,75,98,102,90,100,108,95,117,142,2025-09-03
3,8,승차,41,46,57,51,53,72,84,76,87,67,82,92,98,111,102,101,121,2025-09-03
1,9,승차,41,44,53,61,49,86,62,77,100,80,88,101,101,106,101,102,119,2025-09-03
3,5,하차,44,50,39,58,50,64,69,91,91,83,99,92,104,107,117,126,148,2025-09-03
3,3,승차,36,58,51,51,71,59,80,66,71,75,94,106,105,115,96,119,115,2025-09-03
1,4,하차,42,48,48,59,54,67,63,70,85,73,96,86,101,103,121,107,113,2025-09-03
3,5,승차,34,42,43,41,70,69,81,82,81,80,102,96,99,125,103,109,115,2025-09-03
1,9,승차,41,36,50,46,58,47,67,70,80,82,92,86,86,90,107,108,108,2025-09-03
1,9,승차,35,55,60,58,53,47,66,81,73,83,91,107,85,98,127,131,118,2025-09-03
4,3,승차,40,48,50,50,74,69,63,89,74,81,98,86,105,91,108,111,125,2025-09-03
2,7,승차,43,52,46,46,61,65,67,89,80,86,104,95,101,118,131,109,118,2025-09-03
2,6,하차,53,51,58,43,56,76,71,68,90,82,89,102,113,110,121,121,140,2025-09-03
3,4,승차,44,43,31,60,51,65,73,60,74,77,84,103,103,102,95,113,121,2025-09-03
3,5,승차,38,63,59,69,58,70,79,78,85,85,97,90,108,93,115,117,123,2025-09-03
4,2,승차,34,45,53,50,64,71,79,79,101,66,84,94,118,105,102,112,107,2025-09-03
4,7,하차,40,40,42,56,55,51,75,63,68,103,95,88,91,110,102,118,141,2025-09-03
4,4,하차,50,57,48,58,61,52,81,77,81,81,77,75,99,116,118,112,136,2025-09-03
1,2,하차,36,46,45,53,54,58,74,80,91,75,108,112,91,100,116,96,115,2025-09-03
4,6,하차,36,47,26,53,59,64,72,79,60,92,106,98,99,111,105,141,120,2025-09-03
4,2,하차,47,55,49,46,63,63,66,79,95,77,98,78,104,124,119,117,117,2025-09-03
3,2,승차,30,53,69,51,64,73,61,74,66,91,89,98,88,96,104,124,119,2025-09-03
4,7,승차,37,43,56,49,59,63,80,87,67,78,81,78,105,109,115,99,136,2025-09-03
1,1,승차,35,54,44,51,56,69,57,61,84,91,108,78,94,96,107,121,119,2025-09-03
1,7,하차,36,29,52,48,62,56,57,70,72,83,92,99,93,106,110,121,134,2025-09-03
3,5,하차,40,42,56,71,67,67,67,70,91,109,83,107,104,122,107,119,124,2025-09-03
4,1,승차,44,41,57,71,53,62,79,74,102,95,88,87,98,102,98,106,110,2025-09-03
4,6,하차,32,46,54,61,45,72,71,79,68,90,82,93,87,120,131,104,122,2025-09-03
1,7,하차,40,52,52,48,63,61,68,88,77,80,95,85,84,109,120,106,122,2025-09-03
4,1,하차,37,40,38,57,61,70,58,75,78,94,78,95,98,94,100,119,136,2025-09-03
4,9,승차,33,54,43,46,51,63,60,80,77,80,87,97,113,113,125,106,116,2025-09-03
4,7,승차,46,38,65,56,49,63,76,75,76,86,105,99,103,100,116,107,109,2025-09-03
2,1,하차,29,52,49,53,73,72,68,48,61,90,95,85,97,105,105,102,130,2025-09-03
3,3,하차,43,22,44,57,50,59,71,66,72,84,106,86,114,132,122,118,117,2025-09-03
2,5,하차,31,35,54,41,66,66,57,62,73,95,96,95,108,111,111,112,95,2025-09-03
3,4,하차,37,46,47,40,64,81,61,87,71,88,91,79,90,82,111,111,113,2025-09-03
1,2,승차,43,37,47,49,52,62,72,75,91,98,103,96,109,98,107,114,129,2025-09-03
4,1,하차,44,46,49,39,63,69,73,61,76,97,92,81,100,120,124,117,111,2025-09-03
3,4,승차,40,42,39,51,46,59,79,55,83,83,86,101,110,113,115,121,120,2025-09-03
2,7,승차,59,55,40,45,66,73,79,88,89,98,96,112,100,99,99,125,124,2025-09-03
4,4,승차,38,38,49,40,61,64,74,81,90,90,96,106,99,120,100,108,112,2025-09-03
1,9,하차,32,35,56,57,51,70,83,90,78,73,84,92,91,114,102,111,110,2025-09-03
3,8,승차,40,50,49,56,58,63,66,93,64,82,92,93,86,120,110,130,138,2025-09-03
3,8,승차,29,51,65,51,51,70,80,73,88,90,89,90,88,122,105,115,118,2025-09-03
3,5,하차,42,35,41,46,64,60,69,73,72,95,86,102,89,101,109,123,111,2025-09-03
4,1,하차,31,47,49,49,57,55,94,84,88,96,88,103,89,109,101,101,128,2025-09-03
2,9,하차,37,41,47,51,52,81,75,63,70,88,105,106,102,103,112,102,123,2025-09-03
2,2,승차,41,59,46,55,52,65,76,74,68,87,93,92,103,108,111,121,111,2025-09-03
3,6,하차,37,40,51,68,65,66,75,72,79,79,95,84,94,114,112,121,117,2025-09-03
1,5,승차,50,50,61,60,46,58,73,75,79,91,96,88,102,107,106,104,109,2025-09-03
1,8,승차,34,36,54,56,53,55,80,75,75,87,89,112,111,91,123,97,116,2025-09-03
2,3,하차,42,48,43,51,62,73,61,72,82,84,85,79,115,117,111,104,123,2025-09-03
1,6,승차,33,42,45,50,69,54,68,101,74,83,73,108,108,107,125,120,107,2025-09-03
2,6,승차,34,46,62,50,66,67,76,69,79,81,89,103,95,92,97,92,111,2025-09-03
3,3,승차,36,51,43,55,54,58,72,72,79,88,80,84,116,114,100,109,115,2025-09-03
2,7,승차,36,48,53,66,77,72,76,68,83,86,88,98,88,83,104,108,109,2025-09-03
2,4,하차,40,47,57,67,59,66,69,57,76,83,85,87,97,101,116,112,113,2025-09-03
3,5,승차,45,46,40,52,61,76,79,82,83,87,83,99,95,105,121,121,104,2025-09-03
1,9,하차,38,48,43,55,52,68,74,66,70,73,93,90,93,116,108,129,128,2025-09-03
2,6,승차,42,33,59,52,49,76,58,66,81,92,91,86,81,103,120,138,105,2025-09-03
2,4,승차,47,49,62,64,53,56,87,69,79,86,96,100,73,115,118,122,99,2025-09-03
3,8,하차,32,51,63,54,51,51,77,65,63,89,82,96,122,112,114,103,98,2025-09-03
1,9,승차,36,45,51,50,60,58,68,86,69,82,92,106,103,116,121,107,114,2025-09-03
2,5,승차,42,50,49,54,55,59,73,90,77,74,76,76,104,106,90,126,132,2025-09-03
3,2,승차,52,48,56,60,72,80,75,63,100,99,75,92,106,117,114,135,112,2025-09-03
2,6,승차,43,49,57,52,69,67,75,81,83,87,68,85,95,107,113,109,126,2025-09-03
4,8,승차,32,51,43,53,61,75,73,87,75,58,68,92,106,110,121,127,127,2025-09-03
3,5,승차,44,47,32,59,66,63,72,70,86,89,89,97,85,109,108,119,127,2025-09-03
1,1,하차,40,54,52,32,51,72,64,86,97,90,101,90,82,117,94,125,106,2025-09-03
1,8,하차,43,39,63,76,56,77,81,62,65,77,86,81,97,126,123,116,135,2025-09-03
1,9,하차,38,40,60,60,67,67,62,63,85,91,90,91,97,100,90,118,92,2025-09-03
1,1,승차,40,38,52,63,55,57,70,77,84,91,104,110,86,119,125,131,111,2025-09-03
2,8,승차,44,51,45,58,55,55,74,57,80,92,76,96,93,134,126,92,132,2025-09-03
2,2,승차,43,53,43,66,58,71,66,73,81,99,94,97,98,100,136,112,120,2025-09-03
1,4,하차,38,47,55,51,71,64,79,78,77,83,97,84,96,100,104,121,134,2025-09-03
1,2,승차,39,53,49,53,67,65,73,72,79,97,86,92,111,113,96,112,121,2025-09-03
1,2,하차,36,43,48,55,55,71,76,82,83,80,96,86,110,107,109,117,134,2025-09-03
2,3,승차,31,35,59,50,64,53,65,65,82,100,90,81,86,73,101,133,110,2025-09-03
1,8,승차,31,46,49,71,59,70,53,81,85,75,94,93,97,99,112,125,100,2025-09-03
1,4,승차,32,35,43,46,57,67,97,78,70,69,96,94,100,121,105,116,134,2025-09-03
4,7,하차,49,49,56,62,60,54,62,71,71,90,83,102,97,107,111,112,92,2025-09-03
4,3,승차,51,46,39,68,53,60,68,79,80,79,93,83,105,83,108,122,128,2025-09-03
1,3,하차,47,43,50,55,58,63,55,74,82,63,99,76,103,107,105,117,105,2025-09-03
3,2,승차,39,40,46,67,65,69,74,78,79,82,78,99,90,95,117,120,123,2025-09-03
1,6,승차,36,36,50,55,56,48,77,73,56,78,82,108,101,86,130,130,116,2025-09-03
4,6,하차,49,46,42,51,58,56,72,88,84,82,95,86,106,112,113,98,116,2025-09-03
3,1,승차,39,41,52,51,64,49,69,62,84,101,96,83,95,116,112,106,129,2025-09-03
3,7,승차,48,53,49,48,61,77,75,78,81,65,91,106,105,89,121,121,140,2025-09-03
1,4,승차,28,44,51,47,64,78,69,79,78,68,75,88,102,93,107,105,123,2025-09-03
4,3,승차,45,42,48,57,58,64,79,81,87,94,89,81,108,105,117,131,111,2025-09-03
4,8,하차,36,47,44,56,55,46,59,83,74,73,92,98,92,100,115,111,119,2025-09-03
3,2,하차,28,39,47,60,76,61,73,80,87,79,80,99,93,101,116,85,125,2025-09-03
1,9,승차,35,50,39,61,61,57,63,78,73,84,79,103,90,102,112,113,123,2025-09-03
2,8,승차,39,48,57,49,57,65,62,81,57,85,85,88,95,119,105,112,128,2025-09-03
2,8,하차,52,43,51,55,58,69,60,83,75,77,107,84,82,105,118,119,108,2025-09-03
4,3,승차,44,39,53,45,53,64,80,52,77,57,76,105,113,109,117,102,126,2025-09-03
2,4,하차,34,47,46,41,57,72,67,78,81,82,82,105,105,95,109,131,127,2025-09-03
4,2,승차,43,64,54,47,60,65,65,89,81,87,81,86,91,105,107,128,115,2025-09-03
4,2,하차,35,42,43,45,59,68,71,81,87,86,87,94,103,106,102,128,117,2025-09-03
4,4,하차,36,41,61,66,58,63,55,66,70,92,87,103,83,116,120,107,113,2025-09-03
2,6,하차,38,47,45,52,66,72,68,74,100,79,106,96,95,96,103,113,126,2025-09-03
4,5,하차,34,49,43,55,64,66,72,72,80,72,88,84,87,103,115,123,121,2025-09-03
3,1,승차,34,48,57,66,71,75,73,76,73,80,95,92,89,104,128,106,134,2025-09-03
1,1,승차,37,49,50,54,56,75,75,67,86,81,95,84,110,113,105,100,125,2025-09-03
1,6,하차,38,43,51,52,69,59,69,78,85,80,88,85,95,101,105,104,118,2025-09-03
4,3,하차,55,55,50,55,58,59,78,77,83,102,90,91,101,130,118,110,142,2025-09-03
1,3,하차,42,42,62,44,67,54,68,72,88,78,90,88,92,100,110,98,123,2025-09-03
2,7,하차,34,43,55,70,55,70,69,61,72,84,96,100,119,107,113,108,117,2025-09-03
2,1,승차,37,50,44,49,71,67,79,77,75,81,84,113,108,105,106,110,110,2025-09-03
1,1,하차,36,38,47,58,59,57,63,83,80,63,96,81,97,107,110,114,114,2025-09-03
2,3,하차,28,49,56,47,61,51,63,68,82,87,82,90,103,99,105,117,131,2025-09-03
1,8,하차,35,36,57,61,54,71,77,68,77,76,81,103,87,86,110,104,130,2025-09-03
1,1,하차,39,38,57,57,73,71,73,82,77,94,79,102,101,101,122,92,109,2025-09-03
1,4,하차,54,32,48,47,63,69,80,84,79,72,91,100,108,119,102,108,133,2025-09-03
4,9,하차,41,37,56,53,62,69,71,97,90,71,86,113,108,95,103,118,131,2025-09-03
1,4,하차,44,42,42,56,70,57,92,71,90,95,82,99,98,96,104,127,105,2025-09-03
4,8,승차,48,43,43,46,67,71,63,74,79,82,80,91,106,97,106,98,116,2025-09-03
1,7,하차,48,50,58,47,74,77,46,99,79,89,87,82,94,90,119,121,123,2025-09-03
1,3,하차,32,39,47,47,66,60,74,69,77,77,81,87,113,99,75,103,109,2025-09-03
1,7,하차,38,46,56,65,64,80,72,72,80,105,94,105,103,128,97,102,121,2025-09-03
2,7,승차,45,35,59,46,60,61,63,76,80,100,97,86,90,91,109,111,103,2025-09-03
4,3,승차,40,50,42,58,54,79,67,64,73,75,99,93,110,92,106,123,117,2025-09-03
4,2,승차,49,47,60,56,58,70,65,82,73,84,84,94,94,104,89,133,130,2025-09-03
1,9,하차,45,43,43,50,58,53,76,70,82,83,89,88,88,108,107,115,126,2025-09-03
1,1,하차,31,44,46,62,64,59,65,82,82,87,91,101,110,94,133,134,127,2025-09-03
2,7,하차,30,38,53,60,54,63,63,83,66,87,88,79,90,90,106,136,134,2025-09-03
2,4,승차,54,51,44,50,54,47,69,77,87,69,95,95,80,104,103,124,125,2025-09-03
2,2,하차,48,38,41,48,56,72,76,76,90,85,87,87,98,98,113,110,104,2025-09-03
4,2,승차,38,48,50,43,67,70,71,86,74,84,86,107,100,91,113,132,123,2025-09-03
4,8,승차,55,40,54,58,74,66,70,68,86,85,83,96,115,105,99,111,116,2025-09-03
4,7,승차,42,50,47,61,59,68,59,75,85,84,91,102,105,131,115,101,114,2025-09-03
1,7,승차,36,44,49,56,56,60,50,59,70,69,86,80,86,105,118,106,147,2025-09-03
4,5,승차,41,48,59,65,51,66,67,81,75,87,91,93,109,94,123,97,129,2025-09-03
3,8,하차,42,53,53,54,61,63,62,68,92,91,99,86,91,119,105,103,119,2025-09-03
3,2,하차,50,28,55,56,55,81,45,73,90,104,104,103,89,85,130,101,128,2025-09-03
2,2,승차,48,45,57,69,69,68,63,77,76,85,102,104,82,107,103,118,130,2025-09-03
4,5,하차,48,49,65,58,65,67,84,76,86,91,106,99,87,108,102,108,121,2025-09-03
3,1,하차,32,48,56,48,51,68,67,61,77,74,101,98,111,96,90,136,124,2025-09-03
2,6,승차,35,59,49,52,64,53,68,75,83,78,93,91,102,109,103,108,91,2025-09-03
4,4,승차,47,50,43,64,56,73,70,70,81,77,87,105,80,94,85,114,121,2025-09-03
1,6,하차,55,49,54,65,57,65,61,69,87,100,99,95,101,110,111,124,121,2025-09-03
3,7,하차,45,57,47,57,58,72,70,70,84,89,96,101,98,104,125,105,102,2025-09-03
1,3,하차,43,46,44,41,66,71,62,66,70,81,78,97,102,106,131,131,121,2025-09-03
4,8,하차,47,51,40,62,65,76,68,71,76,99,90,81,107,103,101,109,124,2025-09-03
3,7,승차,43,50,54,55,62,57,75,84,89,82,107,106,116,119,122,109,121,2025-09-03
4,1,하차,42,39,51,62,68,71,73,77,79,88,102,90,93,102,107,113,120,2025-09-03
1,6,승차,36,41,48,48,50,70,71,78,83,84,80,96,100,97,110,126,116,2025-09-03
3,7,승차,43,43,29,53,54,62,58,77,75,82,89,91,92,106,115,119,128,2025-09-03
1,4,하차,47,51,54,40,64,72,79,78,71,78,94,77,114,98,123,116,136,2025-09-03
4,2,하차,43,44,44,58,65,70,61,62,88,88,94,104,99,106,110,108,111,2025-09-03
4,9,하차,37,62,43,40,55,71,68,67,64,92,94,102,122,98,127,106,128,2025-09-03
1,7,승차,29,40,52,48,72,56,66,88,75,75,95,87,107,105,115,117,125,2025-09-03
3,1,승차,46,53,56,62,48,58,71,79,77,82,78,107,106,102,136,128,123,2025-09-03
1,8,승차,36,36,43,48,56,66,79,80,94,87,88,109,87,115,109,106,116,2025-09-03
4,3,승차,45,44,43,46,55,75,66,70,84,99,105,91,110,118,107,116,108,2025-09-03
1,4,하차,51,43,48,57,55,66,75,74,86,85,70,93,111,118,111,110,121,2025-09-03
4,5,승차,42,32,48,59,57,74,64,92,81,70,89,86,103,114,107,101,124,2025-09-03
1,1,승차,30,52,58,60,47,54,80,74,86,78,86,99,96,96,104,134,128,2025-09-03
3,6,하차,34,37,47,60,54,64,74,73,89,118,95,98,106,118,124,114,122,2025-09-03
3,6,승차,56,45,52,55,74,57,73,74,71,87,94,105,91,105,104,107,112,2025-09-03
1,2,승차,29,50,55,57,39,56,60,71,87,96,97,102,115,105,113,108,133,2025-09-03
1,6,하차,46,46,35,56,56,58,83,86,85,99,93,85,77,100,117,113,133,2025-09-03
3,8,승차,44,46,55,59,56,81,69,75,72,86,84,96,107,79,124,97,114,2025-09-03
4,6,승차,33,43,61,52,40,60,92,77,69,103,100,88,100,90,106,114,106,2025-09-03
3,4,승차,42,46,48,46,65,48,79,75,78,76,89,98,107,99,112,111,129,2025-09-03
4,4,승차,38,48,33,58,55,74,59,65,79,58,92,92,106,97,120,111,127,2025-09-03
1,9,하차,51,37,52,58,61,58,69,86,83,83,85,97,106,111,96,99,133,2025-09-03
1,6,승차,62,40,56,62,59,68,64,79,92,85,84,81,72,96,127,111,114,2025-09-03
4,8,하차,40,46,53,70,57,64,62,80,77,77,84,89,115,93,123,127,100,2025-09-03
1,8,승차,46,45,50,47,56,72,83,73,74,76,92,97,98,127,110,94,135,2025-09-03
4,7,하차,28,40,54,46,77,79,74,78,81,80,96,92,94,120,115,125,125,2025-09-03
2,3,하차,43,41,53,51,77,62,86,65,91,94,83,98,98,103,103,117,117,2025-09-03
3,1,하차,35,44,42,46,54,61,64,77,60,94,87,107,102,108,106,109,127,2025-09-03
2,5,승차,32,46,59,45,60,72,61,72,86,89,80,94,116,124,114,131,121,2025-09-03
4,2,승차,43,45,58,57,57,53,76,79,74,92,87,96,95,100,117,123,121,2025-09-03
3,2,승차,31,60,65,46,68,70,80,87,78,81,108,116,106,115,116,115,113,2025-09-03
4,7,하차,41,47,62,48,46,59,75,84,70,89,95,90,91,119,122,108,98,2025-09-03
3,3,승차,37,53,41,47,60,63,76,84,95,77,83,90,98,105,105,100,115,2025-09-03
3,8,승차,32,60,63,62,64,63,72,81,66,92,79,84,104,98,101,112,122,2025-09-03
3,9,승차,42,45,51,60,54,61,69,95,92,82,100,111,89,98,125,110,106,2025-09-03
3,8,승차,38,45,55,50,62,55,69,84,79,81,86,79,98,100,114,99,108,2025-09-03
4,6,하차,39,41,51,55,71,71,74,87,78,85,96,88,88,93,102,139,129,2025-09-03
3,5,하차,44,57,55,60,46,67,70,62,83,79,94,88,103,95,107,108,100,2025-09-03
3,3,승차,35,44,45,46,56,70,68,67,92,78,88,83,88,90,102,115,111,2025-09-03
2,3,승차,41,52,53,61,59,59,84,80,73,92,80,97,95,107,127,114,101,2025-09-03
1,7,승차,34,45,45,44,51,60,76,71,69,90,106,104,118,122,113,98,111,2025-09-03
1,5,하차,37,48,55,58,56,80,71,65,79,105,93,86,105,94,102,122,125,2025-09-03
2,6,승차,36,49,58,52,61,71,74,72,80,80,103,89,117,97,103,113,119,2025-09-03
2,6,하차,50,43,61,53,49,71,67,65,87,86,91,108,83,110,96,118,130,2025-09-03
4,9,하차,40,42,57,46,45,52,81,60,92,79,98,94,91,102,115,138,116,2025-09-03
4,1,승차,27,49,47,52,48,53,71,95,67,85,81,112,109,105,104,134,121,2025-09-03
4,8,승차,38,56,55,45,65,69,72,74,70,88,87,79,113,112,116,103,132,2025-09-03
2,5,승차,44,33,52,55,52,71,61,75,82,90,109,86,102,105,110,116,120,2025-09-03
2,6,하차,44,34,33,49,61,77,81,76,82,96,98,77,115,91,115,109,132,2025-09-03
3,6,하차,33,58,43,62,64,60,66,70,75,105,76,100,119,106,96,117,108,2025-09-03
4,1,승차,47,50,51,41,57,57,70,82,94,95,91,95,102,112,82,129,121,2025-09-03
4,3,하차,41,43,53,46,59,63,71,78,85,85,82,92,90,116,113,133,106,2025-09-03
4,6,승차,51,57,43,49,55,65,80,74,83,95,91,100,104,104,126,126,114,2025-09-03
1,9,승차,41,46,53,58,50,78,60,87,73,96,92,108,87,115,109,118,94,2025-09-03
3,6,하차,37,35,38,52,65,59,71,71,93,92,83,95,98,95,119,131,129,2025-09-03
4,6,하차,39,39,41,59,67,62,53,68,83,63,94,99,96,110,111,137,127,2025-09-03
4,1,하차,40,45,46,42,69,84,79,68,94,82,90,87,95,98,118,108,108,2025-09-03
4,9,하차,43,48,52,53,57,59,76,65,70,75,107,105,111,114,104,130,115,2025-09-03
1,4,승차,38,32,65,59,65,70,96,73,82,105,90,83,80,91,135,130,99,2025-09-03
1,2,승차,36,43,48,57,56,62,70,72,87,78,94,96,109,105,101,105,128,2025-09-03
2,1,승차,53,53,43,62,66,68,63,64,71,85,90,95,114,104,109,109,106,2025-09-03
3,3,하차,41,54,49,48,53,58,59,69,71,87,81,89,106,97,111,119,120,2025-09-03
2,3,승차,42,42,51,43,60,58,82,78,84,83,100,91,105,110,122,119,113,2025-09-03
3,5,하차,49,39,54,51,57,52,65,76,80,64,93,89,101,108,119,131,139,2025-09-03
1,1,하차,43,56,60,69,51,57,68,71,95,85,98,98,91,120,125,114,113,2025-09-03
4,7,하차,28,46,45,58,54,74,83,74,88,88,92,106,90,102,114,124,110,2025-09-03
2,1,승차,57,51,58,68,56,61,75,73,90,77,96,111,98,93,106,121,103,2025-09-03
4,4,하차,38,57,60,55,71,63,72,62,94,68,85,92,95,101,117,125,122,2025-09-03
2,6,하차,42,41,46,59,65,60,77,68,94,91,84,95,110,104,126,129,135,2025-09-03
1,1,하차,44,62,48,42,52,57,75,83,89,92,105,89,103,104,118,96,114,2025-09-03
1,7,하차,50,51,45,54,55,54,56,70,77,90,102,101,105,122,126,110,128,2025-09-03
1,7,하차,38,46,54,47,52,70,78,85,79,85,92,110,111,89,116,110,131,2025-09-03
2,3,하차,46,59,53,55,80,58,82,58,86,98,100,114,90,132,99,121,110,2025-09-03
3,4,하차,39,46,57,52,51,68,87,71,90,66,80,95,109,98,105,125,120,2025-09-03
2,6,하차,36,44,53,64,62,67,62,82,77,87,80,81,98,95,98,100,108,2025-09-03
3,7,하차,45,43,41,57,61,70,75,73,94,88,82,78,120,97,99,104,109,2025-09-03
2,4,하차,36,38,50,67,53,55,68,62,75,77,72,94,98,107,95,144,131,2025-09-03
2,9,하차,51,44,50,66,80,46,60,93,82,76,118,97,106,116,114,113,132,2025-09-03
1,9,하차,46,54,51,56,62,56,70,76,68,108,88,92,87,89,136,96,123,2025-09-03
4,9,승차,40,49,38,57,74,60,60,74,82,83,97,102,114,103,112,111,130,2025-09-03
4,6,승차,36,49,44,53,60,71,56,80,91,87,87,84,90,131,115,106,120,2025-09-03
3,2,하차,44,41,60,54,57,66,60,74,88,82,81,83,98,100,105,109,119,2025-09-03
4,2,하차,40,45,54,56,57,74,75,85,76,82,103,95,95,100,134,101,120,2025-09-03
2,4,하차,39,45,51,57,64,62,63,71,69,68,95,96,99,100,96,124,123,2025-09-03
2,9,승차,31,40,54,46,59,66,58,70,75,88,77,83,86,120,108,114,118,2025-09-03
1,3,승차,36,36,48,40,58,55,65,71,76,71,115,79,98,110,134,108,108,2025-09-03
1,6,승차,40,44,49,45,59,65,65,75,80,86,85,96,107,84,115,127,143,2025-09-03
4,2,하차,41,33,46,64,64,60,74,66,91,94,83,106,96,105,124,111,111,2025-09-03
3,1,하차,33,46,55,46,51,74,61,73,61,76,92,101,99,123,103,136,112,2025-09-03
4,5,하차,39,49,53,66,64,55,74,67,82,94,83,117,87,90,104,120,113,2025-09-03
4,8,하차,53,44,45,61,66,55,60,74,85,83,93,86,88,93,113,101,137,2025-09-03
4,2,승차,43,49,54,54,70,58,68,69,82,91,85,84,90,108,118,120,137,2025-09-03
4,9,하차,34,35,45,68,56,59,71,62,97,82,87,92,85,100,125,112,114,2025-09-03
2,8,승차,39,48,63,54,65,73,66,73,79,85,97,108,103,96,112,103,102,2025-09-03
3,3,승차,40,44,50,60,50,60,76,81,82,70,101,88,111,113,104,109,142,2025-09-03
2,1,하차,28,43,49,67,75,71,82,80,82,82,86,92,99,94,119,134,122,2025-09-03
3,4,승차,35,51,54,58,67,70,56,94,70,87,85,99,111,104,111,110,108,2025-09-03
1,8,승차,47,47,47,51,68,64,58,65,76,90,86,92,108,106,104,104,129,2025-09-03
4,3,승차,43,45,49,64,56,56,55,76,94,85,89,111,78,116,108,122,113,2025-09-03
2,2,승차,37,44,44,56,55,58,62,90,87,91,93,94,98,105,100,115,140,2025-09-03
3,7,하차,42,27,57,56,66,72,67,86,97,84,90,88,108,113,106,119,134,2025-09-03
1,4,하차,34,55,45,60,58,68,71,82,85,90,87,83,96,117,124,114,119,2025-09-03
1,6,승차,38,55,42,60,48,75,66,91,68,90,94,90,105,106,120,128,108,2025-09-03
4,5,하차,41,54,45,61,60,65,76,62,76,92,95,86,109,106,106,103,119,2025-09-03
3,2,승차,36,52,39,51,70,67,57,78,93,92,85,89,94,116,120,107,112,2025-09-03
2,2,하차,37,50,41,55,66,68,87,79,89,122,74,89,97,110,110,104,120,2025-09-03
4,9,하차,42,52,58,55,59,71,82,88,70,71,78,94,101,106,121,119,131,2025-09-03
2,2,하차,42,44,42,57,59,73,71,77,65,65,101,106,99,113,99,116,129,2025-09-03
1,8,하차,37,27,37,67,62,53,64,65,88,72,101,84,98,123,108,118,111,2025-09-03
2,8,하차,37,44,58,50,49,68,77,85,60,75,72,95,90,106,119,135,112,2025-09-03
2,1,승차,35,52,54,61,49,76,52,84,89,89,89,97,90,111,113,120,127,2025-09-03
4,1,하차,50,35,49,62,51,60,61,61,74,81,78,83,101,114,141,113,134,2025-09-03
2,4,승차,20,54,51,64,62,62,66,79,92,101,88,99,108,109,119,127,116,2025-09-03
4,2,승차,32,46,48,58,55,72,83,79,77,85,87,79,93,106,97,110,108,2025-09-03
1,1,하차,45,36,49,49,68,50,79,77,75,89,90,64,84,102,106,113,125,2025-09-03
4,9,승차,43,55,51,41,46,65,57,71,87,90,90,92,93,105,91,144,120,2025-09-03
4,3,하차,36,62,48,55,62,83,57,67,90,84,81,99,95,105,83,104,131,2025-09-03
3,1,승차,36,46,58,53,50,67,61,85,72,93,84,86,84,95,120,124,109,2025-09-03
2,2,승차,42,54,48,65,56,60,71,75,65,92,81,107,95,90,110,113,131,2025-09-03
1,8,하차,32,42,38,47,48,58,63,93,76,75,74,72,95,97,122,126,107,2025-09-03
4,5,하차,35,42,55,66,63,67,98,76,88,93,87,90,86,123,101,104,113,2025-09-03
1,7,하차,47,53,60,70,52,67,70,88,91,92,77,111,93,111,102,108,118,2025-09-03
3,6,하차,40,43,46,47,52,73,64,81,73,82,84,98,97,100,107,109,109,2025-09-03
2,1,승차,47,41,54,61,57,44,85,81,79,64,107,96,109,105,102,107,111,2025-09-03
4,6,하차,47,34,54,61,57,64,62,65,71,82,96,81,99,98,127,102,116,2025-09-03
2,7,승차,43,35,56,56,69,58,82,79,70,68,108,88,100,99,100,117,110,2025-09-03
3,4,승차,46,54,63,55,64,67,68,78,94,98,70,109,95,129,127,124,131,2025-09-03
3,8,승차,45,47,57,48,68,64,72,93,86,70,85,84,93,116,121,92,108,2025-09-03
1,8,승차,42,50,51,56,57,58,60,73,81,75,96,96,102,125,109,115,127,2025-09-03
4,7,승차,31,41,47,56,67,51,73,70,75,90,84,103,96,103,118,118,110,2025-09-03
1,2,승차,41,29,55,54,51,55,62,90,74,86,85,93,102,95,93,119,118,2025-09-03
3,6,하차,36,48,52,52,62,68,59,63,90,78,95,101,80,110,117,119,129,2025-09-03
2,6,승차,51,33,45,59,47,71,61,93,86,72,93,100,100,100,119,132,125,2025-09-03
1,7,승차,41,45,49,48,61,55,69,58,71,88,84,114,119,113,122,131,123,2025-09-03
1,6,승차,39,41,55,57,57,63,67,85,77,70,95,86,70,96,114,135,122,2025-09-03
2,2,하차,43,38,61,67,54,75,78,71,75,76,95,114,97,105,114,109,106,2025-09-03
1,8,하차,48,38,50,52,55,66,64,85,75,98,85,103,110,101,106,121,115,2025-09-03
2,4,승차,37,41,41,53,56,77,62,89,86,86,84,97,92,103,87,104,127,2025-09-03
4,9,하차,40,43,54,60,55,60,73,82,72,86,84,99,81,99,113,110,115,2025-09-03
2,8,승차,38,40,46,46,48,61,72,70,86,87,74,79,91,106,105,117,137,2025-09-03
4,3,하차,34,49,49,60,69,75,67,77,71,84,102,92,113,100,90,146,117,2025-09-03
2,3,승차,46,46,63,63,45,61,57,84,70,79,87,99,97,95,114,114,116,2025-09-03
3,8,하차,39,28,46,54,62,63,79,81,87,103,82,111,118,104,87,115,105,2025-09-03
3,2,하차,42,41,62,57,60,69,64,70,77,94,84,97,104,108,98,79,127,2025-09-03
4,9,하차,40,45,51,44,61,68,72,85,69,101,94,77,97,100,112,124,139,2025-09-03
4,4,승차,40,52,67,53,44,64,68,64,81,85,87,106,86,102,103,142,136,2025-09-03
3,6,승차,43,42,47,69,63,80,73,72,94,92,78,96,112,118,105,114,125,2025-09-03
4,3,승차,51,42,51,61,68,69,68,94,73,82,105,93,109,102,112,128,117,2025-09-03
2,3,하차,41,35,50,48,53,64,66,73,70,78,79,109,123,102,116,118,108,2025-09-03
2,3,하차,44,52,64,50,78,65,64,75,89,69,83,87,82,105,115,100,116,2025-09-03
3,2,승차,39,42,51,42,65,68,72,70,67,74,100,92,94,91,109,117,132,2025-09-03
1,8,하차,35,41,46,63,44,65,58,68,91,84,103,90,125,109,88,131,108,2025-09-03
2,9,승차,27,31,49,46,54,69,56,66,79,87,69,86,83,117,119,129,115,2025-09-03
4,8,승차,27,44,49,45,60,72,58,80,83,82,89,84,102,112,108,101,114,2025-09-03
1,3,승차,42,40,45,63,71,68,70,63,69,81,84,92,85,98,118,100,109,2025-09-03
1,7,승차,41,60,53,56,48,59,81,78,71,71,95,102,103,120,100,109,123,2025-09-03
2,2,하차,46,36,55,52,56,54,66,71,89,72,84,90,105,107,118,121,105,2025-09-03
2,4,하차,35,50,56,58,50,75,70,70,90,90,92,91,89,99,105,111,122,2025-09-03
1,6,하차,38,50,43,45,62,60,77,73,84,100,99,101,108,93,144,116,119,2025-09-03
1,5,승차,53,43,63,57,72,55,63,84,100,66,96,92,86,107,102,109,121,2025-09-03
3,9,하차,46,47,52,54,63,59,63,80,94,90,86,97,102,103,93,121,127,2025-09-03
4,4,승차,35,36,53,68,65,63,76,73,92,91,83,98,106,121,107,112,105,2025-09-03
3,5,승차,33,62,37,52,43,59,64,64,80,73,104,105,103,104,116,118,122,2025-09-03
2,4,승차,45,35,45,50,55,59,70,71,80,84,90,109,87,101,118,111,135,2025-09-03
3,8,승차,48,39,67,68,54,62,64,76,72,80,94,108,82,104,109,121,100,2025-09-03
3,8,승차,33,43,48,61,63,70,63,75,79,93,85,113,116,110,110,120,124,2025-09-03
3,3,승차,35,49,52,62,56,61,54,70,89,74,91,105,110,122,119,115,112,2025-09-03
3,1,하차,48,53,51,60,50,58,71,68,89,66,83,80,102,104,106,112,126,2025-09-03
4,6,하차,45,45,60,54,46,57,73,75,73,76,100,95,96,113,94,102,98,2025-09-03
4,2,하차,42,38,48,41,66,68,62,76,78,79,83,84,101,100,105,99,148,2025-09-03
1,2,하차,31,41,47,51,61,56,64,82,75,87,84,94,94,102,109,100,129,2025-09-03
2,3,승차,40,41,52,58,49,77,66,66,75,83,91,94,100,117,113,125,135,2025-09-03
3,8,승차,57,41,53,64,63,67,78,85,85,91,95,106,97,102,107,114,112,2025-09-03
1,3,하차,38,46,63,45,70,47,79,67,78,71,94,93,101,99,121,133,121,2025-09-03
1,7,하차,38,43,47,49,54,59,60,67,75,90,89,94,99,123,117,113,125,2025-09-03
1,9,하차,30,40,61,56,62,64,58,75,84,91,85,106,84,127,102,128,130,2025-09-03
4,8,하차,35,52,46,62,65,54,73,80,71,82,89,109,94,104,121,115,136,2025-09-03
3,1,하차,30,35,40,51,65,59,53,67,70,84,85,92,85,97,98,125,119,2025-09-03
3,7,하차,42,44,65,59,59,68,63,73,86,83,93,101,91,96,117,108,111,2025-09-03
2,7,하차,46,48,37,58,48,79,73,62,77,82,90,89,90,106,115,115,114,2025-09-03
3,8,하차,28,45,39,48,64,63,72,79,89,90,79,101,116,110,109,119,98,2025-09-03
3,5,승차,35,57,64,51,50,62,83,77,78,74,85,105,80,119,122,125,122,2025-09-03
1,9,승차,38,36,43,55,69,62,82,62,70,87,84,82,112,81,100,116,118,2025-09-03
2,9,승차,35,51,61,73,62,49,71,77,81,91,87,97,87,116,110,115,114,2025-09-03
3,8,승차,31,49,54,71,61,60,69,75,96,62,93,109,87,110,113,121,92,2025-09-03
4,6,하차,32,44,47,53,40,64,62,69,90,91,96,100,102,121,128,106,140,2025-09-03
3,6,승차,34,45,61,59,58,66,73,71,72,93,85,106,86,103,108,114,122,2025-09-03
1,1,하차,31,44,52,52,73,72,69,82,81,88,94,101,102,115,104,111,120,2025-09-03
4,6,승차,27,51,65,49,56,65,57,75,81,85,84,92,96,110,111,89,137,2025-09-03
1,4,하차,39,43,50,52,54,79,65,67,75,64,83,85,104,107,102,115,122,2025-09-03
3,4,하차,44,47,52,69,41,65,72,77,87,87,85,86,110,102,131,121,121,2025-09-03
4,2,승차,33,41,39,52,59,55,75,79,69,85,91,96,116,102,107,124,137,2025-09-03
2,4,승차,38,47,37,40,60,56,66,70,107,87,90,95,109,97,89,112,122,2025-09-03
2,5,하차,37,40,40,58,62,77,72,77,65,89,92,110,118,96,111,96,108,2025-09-03
4,5,하차,46,37,44,57,60,73,62,77,82,80,85,96,89,109,117,111,128,2025-09-03
4,5,하차,36,39,47,63,54,68,61,67,84,83,102,99,99,106,109,114,134,2025-09-03
1,4,승차,38,36,55,56,60,71,60,77,87,88,104,109,113,95,104,97,105,2025-09-03
4,1,승차,43,46,46,47,58,75,66,67,64,100,90,92,107,108,98,94,115,2025-09-03
1,8,하차,28,51,49,45,61,64,75,79,71,99,90,88,103,108,108,114,117,2025-09-03
3,3,승차,64,47,46,54,49,76,59,63,98,77,78,93,101,105,106,97,120,2025-09-03
1,2,하차,30,43,56,68,60,72,66,88,69,94,100,90,94,111,109,110,106,2025-09-03
4,9,승차,50,42,58,52,58,65,71,71,74,85,86,96,96,100,95,124,119,2025-09-03
4,7,승차,31,42,49,51,63,65,77,92,81,85,91,91,106,98,118,91,125,2025-09-03
3,9,승차,45,54,44,72,40,68,70,76,84,88,85,97,112,101,118,117,110,2025-09-03
4,2,승차,38,46,56,49,69,54,75,67,71,74,80,99,98,116,110,117,108,2025-09-03
4,9,승차,40,42,46,50,67,71,76,74,66,86,90,89,121,108,123,110,125,2025-09-03
2,9,하차,31,35,40,62,59,65,78,78,78,105,94,97,108,95,100,120,102,2025-09-03
2,9,하차,46,48,44,52,57,64,68,76,69,74,98,99,88,107,98,142,113,2025-09-03
3,4,승차,45,54,47,54,64,60,86,77,83,86,89,81,100,94,100,128,126,2025-09-03
1,3,하차,49,43,49,58,80,66,62,76,87,87,89,100,108,105,114,124,112,2025-09-03
2,6,하차,35,51,60,57,61,61,69,67,76,101,95,105,97,110,115,100,111,2025-09-03
1,3,승차,41,37,57,57,56,65,84,76,93,82,88,84,98,106,111,124,126,2025-09-03
4,9,하차,42,44,53,51,70,50,57,71,84,69,81,99,111,93,112,111,127,2025-09-03
2,3,승차,46,42,60,55,60,78,68,70,74,102,80,108,96,112,94,93,122,2025-09-03
3,2,하차,34,43,58,35,55,57,60,71,89,97,76,86,105,86,102,107,101,2025-09-03
3,8,하차,48,32,52,74,51,68,77,63,84,107,98,104,90,111,113,132,123,2025-09-03
3,6,하차,44,45,43,60,53,72,84,67,82,71,83,83,88,105,129,102,109,2025-09-03
2,8,하차,41,37,54,52,72,67,74,73,77,82,99,88,97,100,113,124,111,2025-09-03
1,7,하차,31,44,50,64,56,64,68,74,61,91,89,87,98,104,116,95,136,2025-09-03
4,3,하차,31,40,29,47,58,67,69,54,80,81,77,112,78,124,138,121,124,2025-09-03
1,8,하차,37,45,41,67,59,65,84,69,72,75,77,105,81,112,107,113,109,2025-09-03
1,1,승차,50,33,32,65,68,69,87,68,70,101,88,96,96,117,102,108,121,2025-09-03
4,1,승차,40,40,45,65,65,73,61,74,72,76,86,103,121,132,107,116,111,2025-09-03
4,8,승차,40,53,61,62,66,64,73,65,76,91,89,85,99,96,95,123,116,2025-09-03
2,9,승차,41,50,38,53,57,68,71,76,75,112,106,90,91,99,106,101,122,2025-09-03
2,6,하차,41,54,57,52,60,67,69,72,89,92,97,102,92,96,118,119,127,2025-09-03
2,5,하차,38,34,56,46,51,70,65,76,77,106,76,117,86,93,119,116,116,2025-09-03
2,2,하차,35,41,47,49,51,59,75,70,85,80,84,91,105,107,117,111,106,2025-09-03
2,9,승차,37,42,45,55,52,62,66,79,82,81,82,108,96,122,98,104,113,2025-09-03
4,6,승차,53,51,43,52,54,74,73,59,82,70,90,79,103,111,105,110,137,2025-09-03
1,8,승차,45,43,40,55,70,49,68,71,74,81,78,95,89,104,98,131,112,2025-09-03
2,9,하차,54,39,49,40,67,72,70,84,92,81,102,93,118,104,109,101,125,2025-09-03
2,9,승차,36,46,52,57,60,69,73,68,92,75,87,127,108,111,139,96,118,2025-09-03
1,8,하차,42,42,45,47,53,66,73,90,85,72,103,109,103,99,106,115,107,2025-09-03
2,8,승차,45,47,45,68,51,81,54,77,80,96,93,90,99,103,112,96,123,2025-09-03
1,3,하차,42,39,54,53,69,64,80,81,74,75,98,93,93,103,103,126,141,2025-09-03
1,3,승차,48,44,51,55,40,63,63,76,82,98,98,110,117,103,117,113,114,2025-09-03
4,2,하차,42,44,41,58,71,68,73,80,71,79,71,86,87,105,110,121,100,2025-09-03
3,1,승차,35,42,57,52,61,66,72,69,71,74,90,92,89,118,114,94,127,2025-09-03
4,4,승차,37,52,48,53,61,63,72,68,68,95,100,93,91,102,97,104,117,2025-09-03
3,2,하차,32,40,44,54,69,64,69,78,85,84,111,103,106,119,106,108,111,2025-09-03
3,2,하차,39,40,55,62,59,69,64,77,77,79,77,83,82,103,124,118,127,2025-09-03
3,5,승차,50,44,50,50,62,59,84,77,90,76,79,81,103,82,100,113,124,2025-09-03
2,4,하차,34,38,44,57,65,47,68,90,97,76,97,85,96,112,100,101,123,2025-09-03
4,1,승차,32,46,59,53,74,55,55,65,84,77,101,93,86,101,105,130,109,2025-09-03
3,9,하차,38,41,53,49,62,64,74,76,77,94,93,95,107,103,115,112,135,2025-09-03
1,4,승차,33,50,50,61,63,77,65,73,84,82,94,96,103,108,119,118,119,2025-09-03
2,5,하차,46,45,52,66,55,64,76,84,84,90,94,102,101,114,104,113,104,2025-09-03
4,7,승차,36,46,46,63,55,66,72,71,99,102,103,92,106,114,116,100,112,2025-09-03
3,2,승차,45,45,59,47,70,60,81,81,99,79,86,103,123,82,110,109,122,2025-09-03
1,8,승차,33,50,51,60,74,71,64,74,94,110,87,88,77,103,117,115,131,2025-09-03
4,2,하차,49,51,40,59,51,53,80,68,67,95,92,97,95,89,116,117,111,2025-09-03
4,5,승차,45,48,49,46,57,55,84,90,74,75,83,78,111,91,127,122,123,2025-09-03
2,2,하차,37,43,48,58,61,64,74,69,70,88,87,89,108,91,109,122,140,2025-09-03
4,2,하차,48,37,61,51,64,55,76,67,65,94,97,109,120,113,117,116,113,2025-09-03
2,4,하차,39,34,45,62,50,70,69,72,82,81,97,103,92,104,101,109,116,2025-09-03
3,4,승차,39,44,49,61,77,59,58,67,81,81,113,91,82,95,94,130,125,2025-09-03
2,8,하차,29,33,57,47,59,70,64,67,74,97,91,89,109,117,104,89,116,2025-09-03
1,6,하차,40,43,54,58,50,78,68,87,88,81,100,83,115,112,100,129,145,2025-09-03
2,8,하차,34,43,47,59,61,63,55,66,87,73,73,90,93,113,101,94,117,2025-09-03
1,7,승차,45,56,48,64,54,72,69,74,60,108,80,81,100,91,123,124,132,2025-09-03
2,4,하차,33,36,44,45,51,65,72,73,68,84,101,129,100,100,103,117,112,2025-09-03
4,2,하차,40,45,57,57,53,74,78,53,71,96,88,81,110,99,117,95,120,2025-09-03
3,9,하차,39,46,43,55,55,70,73,81,70,85,88,106,86,104,118,90,110,2025-09-03
1,2,하차,40,34,52,42,54,62,75,69,94,88,107,91,86,107,111,106,118,2025-09-03
2,1,승차,37,41,45,59,48,64,68,71,84,78,83,100,88,113,104,120,124,2025-09-03
2,8,승차,40,56,68,50,68,65,80,77,91,86,101,102,104,107,96,130,114,2025-09-03
2,9,하차,40,43,46,74,50,66,77,65,77,87,68,97,80,94,112,123,123,2025-09-03
4,1,하차,37,52,39,62,59,72,48,72,72,76,85,100,92,115,115,98,108,2025-09-03
4,7,하차,43,49,61,56,60,64,67,63,90,88,98,90,110,101,108,123,123,2025-09-03
1,2,하차,40,53,50,50,53,62,69,77,72,85,93,85,96,108,108,122,125,2025-09-03
1,6,승차,31,45,49,53,65,66,66,70,78,91,96,95,106,113,112,115,113,2025-09-03
4,5,승차,51,44,69,54,78,59,77,67,74,71,83,94,100,100,98,103,125,2025-09-03
1,1,승차,38,53,47,49,58,81,64,58,76,93,91,78,110,90,119,107,133,2025-09-03
3,2,승차,39,31,81,47,59,49,79,86,70,86,99,99,114,88,102,102,130,2025-09-03
3,2,하차,32,43,42,49,58,68,67,75,84,88,92,109,82,98,122,95,102,2025-09-03
4,6,하차,49,42,51,66,51,75,79,75,71,76,112,92,110,96,118,109,123,2025-09-03
1,1,승차,40,46,59,43,61,74,61,72,103,81,92,97,79,114,99,121,124,2025-09-03
2,4,승차,42,40,51,62,62,62,50,62,82,81,86,88,97,96,120,106,140,2025-09-03
3,5,하차,41,51,36,69,61,65,60,75,81,89,88,76,113,95,100,125,122,2025-09-03
4,2,하차,36,47,52,70,54,71,67,81,87,86,72,86,99,120,116,117,127,2025-09-03
1,2,하차,38,52,43,51,61,69,66,66,76,68,93,87,90,99,113,116,124,2025-09-03
4,7,하차,49,41,59,56,64,67,74,49,71,84,107,103,96,94,102,129,126,2025-09-03
2,7,하차,53,41,45,53,62,62,71,87,79,78,100,80,107,119,111,117,108,2025-09-03
3,6,승차,44,38,51,41,61,76,62,74,67,66,77,109,109,87,121,115,120,2025-09-03
4,1,승차,29,50,57,59,79,54,67,76,98,65,74,103,102,130,112,106,115,2025-09-03
4,3,하차,36,36,52,47,49,59,74,64,80,89,112,100,121,113,111,113,128,2025-09-03
4,9,하차,37,47,58,65,53,69,79,63,71,100,81,97,100,97,112,121,103,2025-09-03
2,1,승차,33,41,65,64,70,63,67,84,90,85,88,92,78,112,119,113,110,2025-09-03
4,2,하차,27,33,51,55,63,67,62,69,76,82,88,87,93,98,119,128,112,2025-09-03
2,8,승차,33,43,54,50,63,74,78,58,73,101,106,92,76,91,120,122,107,2025-09-03
2,7,승차,49,45,59,53,67,65,76,67,76,75,85,101,104,103,115,107,138,2025-09-03
2,9,승차,37,42,49,61,65,78,66,81,92,88,87,118,100,108,119,121,125,2025-09-03
3,4,승차,38,39,71,66,57,64,80,82,71,82,90,105,109,106,130,97,122,2025-09-03
3,4,하차,40,40,45,53,77,58,58,80,75,86,96,100,103,115,120,101,102,2025-09-03
4,7,하차,24,45,50,46,58,65,75,64,68,66,85,84,118,99,113,113,126,2025-09-03
4,1,승차,45,48,47,62,62,58,71,76,80,84,100,90,99,111,97,130,132,2025-09-03
3,9,하차,55,38,43,68,66,61,56,89,78,87,104,84,96,94,96,119,131,2025-09-03
1,2,하차,44,44,53,74,63,67,75,69,72,87,89,107,98,117,99,108,118,2025-09-03
3,1,하차,43,47,36,46,65,56,77,81,87,80,84,110,95,84,102,125,121,2025-09-03
2,7,하차,48,50,46,59,60,58,77,74,83,95,81,89,92,116,116,108,125,2025-09-03
3,6,승차,51,41,68,55,39,58,65,64,62,98,105,89,112,99,107,123,125,2025-09-03
2,3,하차,43,32,48,57,68,59,66,70,76,95,89,112,103,82,111,97,131,2025-09-03
4,1,승차,48,39,63,45,47,64,67,74,81,82,86,81,114,106,109,124,130,2025-09-03
1,5,승차,49,48,56,47,66,72,71,77,90,84,84,83,99,134,102,122,111,2025-09-03
4,4,하차,35,47,45,67,60,64,66,60,74,93,101,100,103,114,117,120,103,2025-09-03
2,5,승차,36,39,51,53,58,55,77,77,89,88,103,86,114,108,114,121,110,2025-09-03
2,1,하차,56,37,57,58,57,74,82,60,88,58,98,115,99,122,112,107,139,2025-09-03
2,1,하차,35,62,59,54,52,65,48,65,86,85,79,84,95,119,124,111,124,2025-09-03
1,5,승차,48,55,52,51,66,57,84,69,79,101,111,107,82,102,121,118,126,2025-09-03
3,6,하차,37,43,34,49,55,65,59,72,89,63,86,99,91,116,107,100,111,2025-09-03
4,5,승차,43,34,55,55,59,73,71,61,92,101,78,99,95,101,106,118,130,2025-09-03
4,2,승차,42,36,47,66,63,62,57,69,80,93,84,88,85,128,107,102,107,2025-09-03
3,9,하차,46,57,50,52,71,65,72,68,72,87,73,82,102,105,128,118,111,2025-09-03
4,5,하차,49,37,55,59,59,61,68,59,86,81,75,103,104,111,126,110,118,2025-09-03
1,5,하차,33,36,48,57,59,62,72,85,72,76,104,103,107,103,120,144,134,2025-09-03
4,9,승차,35,50,43,54,60,63,65,68,71,84,84,110,86,89,106,116,121,2025-09-03
2,3,하차,53,52,47,65,59,64,85,59,82,89,89,89,103,100,91,110,103,2025-09-03
3,5,승차,41,53,49,63,54,63,57,76,85,75,95,94,98,114,127,107,125,2025-09-03
1,5,승차,49,41,47,61,54,61,72,74,76,100,105,96,114,82,105,131,141,2025-09-03
3,2,하차,31,48,43,56,60,61,71,78,72,80,82,86,101,95,97,121,135,2025-09-03
1,4,하차,39,36,53,55,64,68,61,67,85,66,94,103,106,99,98,111,112,2025-09-03
2,2,하차,44,41,37,55,55,68,73,62,92,91,100,105,68,120,104,119,115,2025-09-03
3,5,승차,34,45,46,59,61,71,65,83,79,71,85,97,90,106,106,120,133,2025-09-03
4,2,하차,38,48,55,48,61,66,85,69,107,89,78,90,95,118,87,120,118,2025-09-03
1,9,승차,43,35,42,53,62,80,66,83,94,76,96,99,89,86,111,100,127,2025-09-03
3,6,하차,48,45,62,53,57,65,46,70,73,77,81,97,114,120,105,123,107,2025-09-03
4,8,하차,51,56,52,56,59,53,84,80,80,85,98,99,90,92,105,116,130,2025-09-03
3,9,승차,30,54,49,49,60,50,70,96,97,89,87,91,98,107,85,133,113,2025-09-03
3,8,승차,44,49,40,55,56,54,72,80,78,82,91,92,115,97,111,123,97,2025-09-03
3,5,하차,47,47,52,47,49,69,72,76,66,83,84,109,101,100,100,107,132,2025-09-03
1,5,하차,39,50,40,52,57,63,79,81,78,93,84,106,110,108,109,89,121,2025-09-03
4,6,하차,37,40,51,48,56,57,70,70,66,73,99,102,82,106,99,108,116,2025-09-03
2,1,하차,37,42,54,52,68,77,66,64,90,74,81,99,108,93,120,137,122,2025-09-03
1,8,하차,49,39,46,48,59,77,70,71,101,101,88,93,92,105,115,126,88,2025-09-03
1,2,승차,51,40,46,57,60,60,79,67,67,96,71,85,87,120,110,111,141,2025-09-03
1,6,승차,38,42,55,53,57,68,78,86,70,81,76,91,112,86,125,122,106,2025-09-03
2,9,승차,50,51,58,48,61,65,64,84,78,95,89,91,100,95,112,104,123,2025-09-03
4,3,승차,41,37,48,56,62,62,66,66,71,79,76,95,92,111,113,99,126,2025-09-03
4,2,하차,39,57,57,44,63,60,65,68,92,74,106,115,96,100,113,117,140,2025-09-03
4,5,승차,36,34,40,44,71,69,70,73,88,73,104,70,104,113,120,106,117,2025-09-03
3,9,승차,51,27,50,59,48,60,66,86,76,73,92,87,120,90,99,106,108,2025-09-03
3,6,승차,47,44,37,55,63,59,57,68,86,94,107,94,86,114,125,117,126,2025-09-03
3,8,하차,60,45,55,59,58,59,76,76,70,80,113,77,94,96,106,129,103,2025-09-03
2,8,승차,42,46,41,58,57,68,79,75,83,77,104,87,94,109,108,116,133,2025-09-03
3,7,하차,46,45,41,54,64,70,73,79,73,96,94,92,109,97,107,114,140,2025-09-03
2,5,승차,38,43,42,51,74,56,81,58,94,82,95,101,89,90,116,123,108,2025-09-03
4,2,하차,36,35,49,56,59,62,74,72,86,95,80,91,92,125,90,111,130,2025-09-03
3,5,승차,38,34,57,57,63,58,79,91,85,88,89,96,108,105,119,107,111,2025-09-03
3,7,하차,31,46,50,57,58,68,77,66,77,90,84,96,121,127,99,116,134,2025-09-03
1,7,승차,47,41,41,47,60,62,60,88,88,84,86,86,91,106,100,100,119,2025-09-03
2,2,하차,41,44,40,65,65,66,80,85,74,80,93,89,90,110,134,101,108,2025-09-03
4,7,하차,32,44,48,57,63,68,69,81,77,90,80,103,101,116,115,118,129,2025-09-03
1,6,승차,34,38,55,53,52,63,77,67,97,94,88,102,88,113,115,110,130,2025-09-03
1,7,하차,40,48,45,47,57,55,88,68,88,100,88,106,90,97,127,109,119,2025-09-03
4,8,하차,54,46,49,52,57,67,69,74,82,83,81,80,90,95,103,117,104,2025-09-03
1,4,승차,43,43,45,55,74,59,59,70,95,92,84,106,101,115,143,129,130,2025-09-03
2,1,승차,44,41,42,60,72,65,70,65,78,85,73,89,105,108,102,111,112,2025-09-03
2,8,하차,43,39,45,52,63,71,79,76,82,101,93,93,97,84,117,136,128,2025-09-03
3,8,승차,46,56,53,50,71,69,75,71,80,86,98,88,120,98,112,121,111,2025-09-03
1,3,승차,45,50,47,59,58,84,71,76,88,80,85,121,117,94,112,123,126,2025-09-03
3,3,승차,48,49,46,53,53,73,61,95,83,79,97,83,98,99,110,103,123,2025-09-03
1,5,하차,38,38,39,41,69,55,73,72,68,82,86,77,100,113,111,117,109,2025-09-03
2,3,하차,43,47,46,54,47,68,77,78,91,74,95,88,105,82,106,105,118,2025-09-03
2,5,하차,30,47,40,52,59,59,63,78,90,81,105,101,100,117,117,102,119,2025-09-03
2,8,하차,43,39,44,45,58,65,54,62,85,78,97,71,89,102,131,130,133,2025-09-03
1,1,하차,45,57,42,60,59,69,64,65,76,80,103,94,106,124,112,106,124,2025-09-03
2,2,하차,45,37,51,45,62,54,84,74,85,83,88,108,91,95,138,99,134,2025-09-03
1,2,하차,39,46,50,52,57,57,68,64,82,91,81,90,108,111,91,103,105,2025-09-03
3,4,승차,41,36,54,50,58,55,64,67,77,77,105,94,110,111,113,108,129,2025-09-03
1,9,하차,42,57,65,44,65,56,67,81,83,101,72,94,90,110,115,110,127,2025-09-03
3,2,하차,38,59,49,64,54,80,77,74,87,94,86,87,109,76,103,126,121,2025-09-03
1,9,승차,42,44,39,58,63,72,67,67,85,103,95,108,108,116,115,117,155,2025-09-03
3,7,승차,41,48,51,55,73,93,75,85,71,75,84,108,114,101,105,114,120,2025-09-03
2,8,승차,41,41,32,53,67,77,69,80,86,93,108,102,99,89,105,115,111,2025-09-03
3,1,하차,45,46,55,45,53,70,72,80,82,102,95,97,101,104,94,93,139,2025-09-03
2,5,승차,31,42,43,43,54,62,57,72,72,77,86,103,83,113,105,115,116,2025-09-03
2,9,하차,35,49,56,60,62,58,68,71,83,85,87,85,93,112,108,123,100,2025-09-03
3,4,하차,39,44,59,65,60,58,66,60,80,79,83,94,118,99,136,109,112,2025-09-03
1,2,하차,33,40,59,52,62,72,72,69,87,82,91,97,114,103,114,118,116,2025-09-03
1,6,승차,42,43,39,51,58,75,76,67,71,99,73,68,127,113,85,131,117,2025-09-03
4,2,승차,35,35,44,51,61,49,66,77,83,91,105,110,98,106,113,133,121,2025-09-03
1,3,하차,38,41,52,54,65,57,61,63,78,75,86,84,100,96,89,114,133,2025-09-03
4,8,하차,40,51,49,52,61,64,69,76,92,74,94,103,124,99,113,118,126,2025-09-03
1,3,하차,36,47,44,51,59,77,62,72,69,94,92,110,105,116,107,128,105,2025-09-03
1,2,승차,44,43,46,57,53,61,64,66,95,80,81,82,97,87,123,116,127,2025-09-03
2,6,하차,46,49,57,36,69,63,73,84,70,65,70,101,91,118,122,103,128,2025-09-03
4,3,승차,39,50,41,42,67,81,68,68,85,77,78,107,105,108,109,98,110,2025-09-03
1,1,하차,36,52,49,57,58,76,70,73,84,87,79,83,105,116,107,128,120,2025-09-03
4,3,승차,33,43,47,61,62,66,68,74,73,104,96,80,93,94,100,118,116,2025-09-03
2,6,하차,53,45,40,45,58,60,70,71,88,84,100,102,99,116,93,123,135,2025-09-03
2,3,승차,33,56,47,51,76,63,71,64,76,73,97,93,103,106,123,124,118,2025-09-03
4,9,승차,32,39,43,50,59,61,64,82,87,71,72,76,78,102,106,89,127,2025-09-03
2,7,승차,39,43,46,57,75,77,61,69,73,73,81,106,116,98,108,95,139,2025-09-03
3,5,승차,44,55,41,50,51,58,72,70,97,64,85,103,109,97,118,115,111,2025-09-03
3,2,승차,44,45,59,60,48,60,60,81,58,76,87,94,95,119,124,123,114,2025-09-03
2,9,승차,30,51,46,60,63,67,64,54,82,90,95,101,107,107,127,112,115,2025-09-03
3,5,하차,41,45,55,67,59,57,77,93,81,74,94,88,98,100,121,119,128,2025-09-03
1,7,하차,38,40,48,47,64,78,58,77,74,93,80,86,110,101,98,107,103,2025-09-03
4,9,하차,30,49,39,47,60,59,73,78,65,89,87,97,102,109,113,112,124,2025-09-03
1,4,하차,51,41,64,64,59,64,70,66,76,96,84,87,94,104,100,112,139,2025-09-03
4,9,승차,44,38,59,48,59,69,91,72,69,87,109,126,99,93,107,123,121,2025-09-03
2,1,하차,35,39,41,42,57,75,65,70,77,90,84,91,108,105,117,112,115,2025-09-03
1,6,승차,36,40,55,52,48,45,74,68,78,118,81,99,112,103,110,108,120,2025-09-03
2,2,승차,35,46,43,62,60,51,91,79,69,73,110,99,89,104,113,105,136,2025-09-03
2,8,승차,43,37,52,63,62,78,74,74,68,85,94,105,105,99,104,101,100,2025-09-03
4,5,하차,30,48,45,51,57,80,72,78,94,80,98,94,100,109,123,114,142,2025-09-03
4,3,승차,40,57,59,59,51,76,70,88,64,97,95,99,87,116,122,117,119,2025-09-03
4,2,하차,40,42,44,62,56,67,64,77,84,97,107,85,105,98,99,108,126,2025-09-03
1,8,하차,46,54,41,58,61,75,69,70,95,86,93,110,98,113,108,115,128,2025-09-03
3,7,하차,28,41,50,48,75,74,75,82,75,67,91,85,103,109,119,111,122,2025-09-03
4,9,하차,35,53,56,54,63,53,74,87,57,94,95,97,93,98,121,102,129,2025-09-03
4,8,하차,43,41,53,61,52,53,73,66,73,84,89,92,85,113,94,99,137,2025-09-03
1,4,승차,37,32,49,65,65,65,66,67,87,82,94,117,97,99,129,116,113,2025-09-03
4,2,승차,44,46,46,57,58,70,64,80,80,95,78,79,114,107,109,116,121,2025-09-03
1,2,하차,40,43,46,51,59,63,63,73,81,79,108,117,104,110,119,111,137,2025-09-03
2,2,승차,34,40,65,53,53,62,75,60,91,79,102,85,91,116,112,108,111,2025-09-03
4,6,하차,36,52,52,53,70,55,74,63,79,77,89,103,110,126,126,134,132,2025-09-03
4,7,승차,42,36,50,62,66,73,84,77,76,87,88,99,102,117,98,128,116,2025-09-03
2,6,승차,41,50,58,52,67,61,62,88,83,95,91,101,113,121,87,122,118,2025-09-03
2,2,승차,36,41,51,44,65,64,80,76,76,99,74,88,96,114,123,103,116,2025-09-03
2,4,승차,42,23,38,61,62,64,83,74,76,89,71,90,107,85,131,126,115,2025-09-03
4,3,승차,35,36,54,52,62,67,56,83,73,84,97,96,110,101,122,115,147,2025-09-03
3,4,승차,51,49,48,48,66,60,82,85,74,91,100,111,108,106,95,106,114,2025-09-03
3,5,승차,29,51,60,48,68,48,71,75,92,81,98,100,94,103,85,113,106,2025-09-03
3,7,승차,39,46,53,64,56,66,60,83,82,89,98,100,91,106,124,119,123,2025-09-03
4,9,승차,40,49,44,50,59,57,67,67,63,78,85,94,87,106,113,124,131,2025-09-03
2,2,승차,34,41,61,57,58,62,70,71,85,103,90,93,106,94,127,106,129,2025-09-03
4,8,승차,33,42,51,48,55,68,61,65,82,83,89,104,90,106,106,111,123,2025-09-03
2,3,승차,34,49,50,60,74,56,73,72,80,81,70,93,100,128,116,116,115,2025-09-03
4,9,승차,46,44,48,49,51,61,73,67,75,75,89,97,101,95,119,112,116,2025-09-03
4,4,하차,49,50,60,48,52,77,78,82,88,86,89,89,132,123,107,110,119,2025-09-03
2,3,승차,42,43,52,48,58,72,72,75,86,85,96,85,98,105,113,130,102,2025-09-03
3,6,승차,47,55,46,56,65,63,66,68,66,84,82,103,106,111,106,107,111,2025-09-03
2,9,승차,50,43,39,52,61,62,54,73,79,72,92,101,76,102,92,117,147,2025-09-03
1,7,승차,37,38,50,46,62,52,75,91,95,77,107,88,118,81,129,119,119,2025-09-03
1,4,승차,46,33,52,69,63,64,71,76,61,73,86,99,106,103,104,119,112,2025-09-03
2,3,승차,42,39,53,55,62,57,69,64,79,77,71,94,114,113,93,132,118,2025-09-03
4,4,하차,41,39,53,71,54,62,62,94,71,81,91,111,100,112,126,119,118,2025-09-03
1,3,하차,38,50,42,47,61,72,83,68,69,80,99,94,99,96,99,103,133,2025-09-03
1,3,하차,46,63,52,58,63,49,95,66,88,95,84,91,101,119,103,127,119,2025-09-03
4,9,승차,43,43,45,55,51,59,60,86,74,76,94,109,113,103,102,115,112,2025-09-03
4,4,승차,35,42,40,46,58,66,66,73,71,72,99,83,100,86,91,94,110,2025-09-03
3,9,승차,38,47,54,55,68,54,69,98,80,80,107,99,97,84,87,112,122,2025-09-03
4,5,하차,36,32,54,56,65,76,72,91,97,87,89,110,89,86,118,111,107,2025-09-03
2,7,승차,47,48,53,63,48,75,70,78,81,84,93,110,104,131,104,121,116,2025-09-03
2,5,승차,38,36,49,44,69,67,70,81,81,86,77,83,124,112,128,123,113,2025-09-03
3,1,하차,41,47,53,51,68,64,55,81,84,90,81,90,95,105,108,121,120,2025-09-03
1,2,하차,37,48,54,54,66,57,67,86,70,83,91,86,88,99,121,116,105,2025-09-03
1,5,승차,38,47,55,49,71,74,75,72,74,88,69,103,90,104,105,128,125,2025-09-03
4,6,승차,50,36,46,64,52,52,61,61,87,87,73,106,95,107,133,115,101,2025-09-03
2,7,승차,33,39,55,57,59,64,68,88,85,81,83,91,102,102,101,121,107,2025-09-03
1,2,승차,26,52,56,52,63,61,70,75,88,89,106,88,110,107,110,112,114,2025-09-03
3,9,하차,46,47,43,55,60,71,75,104,75,82,91,105,103,114,103,115,127,2025-09-03
3,6,승차,37,55,53,58,63,75,74,81,77,84,73,76,88,104,89,119,125,2025-09-03
2,2,승차,26,47,54,57,64,74,63,80,76,82,92,95,83,120,106,111,129,2025-09-03
3,2,하차,30,48,39,51,69,68,67,70,87,82,85,81,101,114,111,121,130,2025-09-03
3,3,승차,38,49,48,52,59,65,65,73,71,79,90,108,105,105,112,107,123,2025-09-03
2,1,승차,33,53,47,53,59,65,74,69,80,77,81,124,86,114,128,103,121,2025-09-03
4,9,하차,38,37,58,62,52,89,66,69,78,87,100,95,82,106,123,110,137,2025-09-03
4,4,하차,43,55,45,46,56,75,69,70,75,94,90,82,93,100,120,111,101,2025-09-03
3,5,승차,41,43,46,64,62,64,54,74,95,68,103,97,103,100,109,106,111,2025-09-03
4,7,하차,34,42,45,65,72,69,73,77,101,81,82,84,101,88,107,110,126,2025-09-03
4,1,하차,47,46,45,54,70,58,66,72,80,88,83,108,118,90,105,111,116,2025-09-03
3,3,승차,44,35,43,68,61,62,74,84,88,107,102,81,103,100,107,124,137,2025-09-03
4,3,하차,42,50,50,46,75,51,67,74,83,90,114,91,111,96,96,125,126,2025-09-03
3,2,승차,37,47,47,58,80,60,87,75,65,83,87,94,88,97,109,128,101,2025-09-03
1,8,승차,36,53,46,46,51,61,64,96,68,79,91,88,106,112,91,115,135,2025-09-03
2,5,승차,46,49,48,67,68,63,74,63,93,84,84,85,88,109,107,119,128,2025-09-03
2,1,승차,39,42,53,48,67,51,63,83,81,82,89,101,107,126,128,129,96,2025-09-03
4,2,하차,34,48,46,65,61,72,82,71,86,76,81,82,108,120,88,117,122,2025-09-03
4,1,승차,39,49,45,46,64,74,88,92,89,86,83,88,98,98,105,116,118,2025-09-03
4,6,승차,39,47,68,66,59,66,61,89,83,74,76,92,103,93,88,132,116,2025-09-03
2,9,승차,34,40,42,42,66,62,69,77,73,93,95,101,107,110,108,106,122,2025-09-03
1,7,승차,38,41,57,48,54,66,72,68,73,76,102,89,84,90,120,137,110,2025-09-03
1,5,하차,35,52,54,60,56,76,62,68,95,79,94,69,112,128,110,110,134,2025-09-03
2,3,하차,42,49,47,57,61,69,54,57,76,92,87,87,103,106,119,122,112,2025-09-03
1,8,하차,38,47,42,67,60,73,72,78,69,94,85,100,96,96,118,91,104,2025-09-03
2,4,승차,47,35,54,48,45,49,70,79,80,101,92,95,104,101,105,107,129,2025-09-03
1,9,하차,50,40,49,55,54,60,66,67,89,75,88,103,90,112,84,133,93,2025-09-03
3,5,하차,43,57,62,54,71,76,69,73,69,88,79,94,93,104,113,149,104,2025-09-03
3,6,승차,43,44,53,57,58,67,52,83,82,72,88,85,88,112,108,109,128,2025-09-03
2,5,하차,53,42,45,61,67,60,63,83,85,86,69,92,90,99,105,105,122,2025-09-03
1,7,승차,34,54,43,55,69,73,66,79,77,67,113,96,85,92,111,106,120,2025-09-03
4,7,하차,45,38,61,54,60,60,71,65,93,76,91,101,87,118,108,117,122,2025-09-03
1,1,하차,30,47,58,62,68,66,75,83,83,76,72,108,99,123,93,140,130,2025-09-03
3,2,하차,32,39,41,54,60,62,70,73,66,67,87,97,96,97,99,96,115,2025-09-03
3,7,하차,39,44,60,59,62,55,63,70,87,92,74,82,87,105,110,117,132,2025-09-03
1,8,승차,46,44,49,58,75,71,89,70,75,90,84,97,109,107,110,114,106,2025-09-03
1,4,승차,37,44,34,53,69,60,68,72,73,84,73,84,107,109,106,103,110,2025-09-03
4,6,하차,31,44,40,58,61,72,71,89,87,93,101,106,111,97,133,129,113,2025-09-03
4,3,승차,37,40,48,52,50,63,70,81,85,85,80,91,96,112,116,112,120,2025-09-03
1,7,하차,49,42,45,49,55,58,75,72,66,74,109,82,103,99,124,110,128,2025-09-03
1,3,하차,39,49,49,54,58,81,81,68,85,81,86,78,110,98,103,99,125,2025-09-03
1,7,하차,44,43,59,53,55,68,60,71,73,85,94,94,81,103,103,117,100,2025-09-03
1,8,하차,51,52,39,44,66,70,60,77,95,101,83,92,105,118,100,107,111,2025-09-03
2,3,하차,43,46,48,50,64,77,72,71,91,86,100,87,111,94,113,115,136,2025-09-03
1,2,하차,47,44,46,44,75,69,61,73,78,90,104,101,95,103,97,99,113,2025-09-03
4,6,승차,47,33,43,40,62,66,61,60,80,78,85,95,116,113,114,111,123,2025-09-03
3,4,승차,36,52,55,58,62,57,74,77,87,91,76,90,102,123,102,112,94,2025-09-03
2,8,하차,29,47,51,63,56,58,74,67,75,82,84,96,98,80,114,129,101,2025-09-03
1,2,승차,36,53,41,60,67,67,62,83,88,76,79,96,93,105,90,124,110,2025-09-03
3,4,하차,27,47,55,49,65,67,76,64,88,90,89,94,98,112,106,116,126,2025-09-03
2,2,승차,35,45,40,63,55,63,74,83,77,120,84,87,104,109,125,110,116,2025-09-03
3,2,승차,31,46,57,62,52,61,66,83,87,73,77,86,88,111,100,117,131,2025-09-03
1,2,승차,53,47,45,51,62,61,68,78,88,83,89,104,102,106,106,101,106,2025-09-03
1,1,하차,41,36,49,44,48,54,64,72,89,101,101,113,106,100,112,116,131,2025-09-03
4,4,승차,37,49,41,59,63,67,78,85,86,80,87,93,89,111,106,127,116,2025-09-03
1,2,하차,40,47,51,62,53,63,65,86,84,92,97,82,100,89,109,112,119,2025-09-03
1,9,하차,37,42,40,51,65,54,85,87,85,101,98,93,109,89,104,105,118,2025-09-03
2,9,하차,33,35,54,50,62,74,61,72,86,96,120,90,96,96,117,95,141,2025-09-03
4,7,승차,43,45,52,62,51,68,69,72,78,74,68,77,94,112,112,135,123,2025-09-03
2,6,승차,44,60,53,57,67,74,74,66,78,90,82,88,101,100,105,101,137,2025-09-03
3,3,승차,43,34,52,48,50,62,75,78,73,85,89,102,112,113,102,114,114,2025-09-03
1,7,하차,46,42,56,59,56,70,59,67,80,85,88,99,78,107,109,111,103,2025-09-03
3,1,하차,41,57,56,57,76,59,73,78,91,81,84,116,98,108,104,121,118,2025-09-03
2,9,승차,33,46,35,67,52,61,63,76,79,81,90,89,93,94,121,119,117,2025-09-03
1,4,하차,37,40,49,48,57,64,74,70,93,75,93,92,86,111,119,102,119,2025-09-03
1,6,승차,35,55,58,44,65,71,72,70,82,75,89,95,100,98,109,104,116,2025-09-03
2,6,승차,37,45,52,53,68,66,68,76,93,87,112,91,119,103,136,98,126,2025-09-03
2,3,승차,41,52,60,65,52,60,63,73,77,90,85,99,98,114,92,93,117,2025-09-03
2,4,승차,27,57,45,61,53,68,82,72,82,93,78,89,94,95,117,117,129,2025-09-03
2,3,하차,39,38,55,45,64,64,70,60,89,78,95,98,115,119,116,112,125,2025-09-03
2,6,승차,34,41,58,60,74,62,78,61,82,94,98,99,104,94,95,111,134,2025-09-03
1,1,승차,48,43,53,61,72,41,57,72,74,76,92,99,88,103,103,115,113,2025-09-03
2,8,승차,44,43,42,61,64,74,65,82,81,85,92,87,117,103,111,120,122,2025-09-03
1,8,승차,41,40,52,56,72,72,65,71,75,74,69,98,100,95,102,124,107,2025-09-03
1,9,승차,39,44,43,69,53,66,76,67,67,86,98,127,105,102,129,114,123,2025-09-03
2,6,승차,54,33,51,59,50,70,84,79,78,95,99,78,93,91,114,118,126,2025-09-03
2,1,승차,46,51,49,53,46,68,70,79,81,102,100,72,92,104,101,109,108,2025-09-03
4,3,하차,29,64,62,46,56,81,64,67,88,81,86,90,96,113,90,106,117,2025-09-03
1,1,하차,33,41,35,57,62,68,58,77,84,76,88,99,96,103,101,102,134,2025-09-03
2,5,하차,52,40,44,65,60,74,65,88,66,92,91,74,113,111,115,124,115,2025-09-03
2,3,하차,29,45,57,53,53,61,73,72,78,94,102,93,81,113,95,96,121,2025-09-03
2,2,승차,44,44,47,56,54,67,66,91,88,92,74,135,98,103,109,84,121,2025-09-03
4,3,하차,35,44,58,49,63,60,73,82,95,103,87,98,107,97,111,113,101,2025-09-03
4,9,하차,39,31,65,56,61,62,75,65,88,91,82,81,96,104,119,129,134,2025-09-03
3,8,하차,44,47,51,45,66,58,78,85,62,85,76,105,102,95,112,126,131,2025-09-03
1,3,승차,42,46,63,56,51,70,62,80,83,81,93,89,91,103,102,125,124,2025-09-03
3,2,하차,41,39,72,61,54,62,84,77,96,79,92,95,104,103,107,118,110,2025-09-03
2,5,하차,43,54,47,63,58,74,68,73,88,81,93,103,103,102,111,106,121,2025-09-03
4,1,승차,35,45,40,56,65,64,64,72,72,88,95,94,110,104,116,101,123,2025-09-03
4,4,하차,39,41,57,63,65,62,71,86,77,74,64,97,116,111,108,112,122,2025-09-03
3,8,승차,27,43,36,58,58,67,78,79,79,85,77,91,87,125,102,122,130,2025-09-03
4,1,하차,41,44,44,56,58,73,75,75,68,77,98,85,94,85,105,120,113,2025-09-03
2,5,승차,40,38,64,65,49,70,62,56,87,92,95,81,96,116,108,115,128,2025-09-03
4,4,하차,45,43,45,65,74,83,63,63,100,81,85,91,93,90,113,103,114,2025-09-03
3,6,하차,30,45,56,64,63,64,77,78,82,92,95,92,124,111,108,122,109,2025-09-03
2,7,하차,41,44,41,52,65,59,78,63,91,91,107,89,120,113,95,116,124,2025-09-03
3,9,승차,50,39,54,41,58,64,83,88,83,84,94,94,91,103,110,119,129,2025-09-03
4,1,하차,38,59,43,56,50,72,74,64,93,91,102,81,78,102,113,109,124,2025-09-03
3,4,승차,36,47,48,49,64,74,66,66,87,106,86,79,91,111,107,131,125,2025-09-03
3,6,승차,28,49,32,55,76,65,67,79,72,98,73,100,107,109,107,100,112,2025-09-03
1,7,승차,42,52,52,60,61,70,67,78,76,81,107,99,95,111,98,112,121,2025-09-03
4,7,승차,45,53,48,59,65,60,78,79,67,76,100,97,111,108,101,131,124,2025-09-03
4,8,하차,46,53,52,55,67,76,72,67,74,73,102,78,108,98,103,107,124,2025-09-03
3,8,하차,37,51,54,51,60,64,64,80,84,71,92,88,104,98,115,124,105,2025-09-03
1,8,하차,55,48,55,41,65,73,74,68,70,103,89,107,103,118,104,114,118,2025-09-03
4,8,승차,34,42,58,47,66,74,74,76,84,69,81,106,74,101,114,120,103,2025-09-03
2,8,하차,39,49,51,61,56,67,75,73,90,66,82,100,107,109,129,123,128,2025-09-03
3,6,승차,44,39,53,55,66,67,76,95,78,74,94,108,110,93,101,112,122,2025-09-03
4,9,승차,42,38,50,42,52,58,77,66,90,74,91,95,107,99,103,108,123,2025-09-03
2,3,승차,37,56,43,56,83,60,60,94,79,81,92,100,94,111,117,103,111,2025-09-03
4,6,하차,48,44,43,52,62,63,66,85,72,82,90,96,108,96,119,125,122,2025-09-03
2,5,하차,31,47,45,56,69,58,67,89,90,97,78,101,85,99,118,120,127,2025-09-03
3,8,승차,42,35,57,55,63,63,80,74,83,92,94,80,98,107,120,129,123,2025-09-03
4,4,하차,42,41,42,44,49,72,76,75,85,91,92,87,97,99,97,109,104,2025-09-03
4,4,하차,35,46,47,48,59,65,63,73,74,80,85,90,92,115,111,121,124,2025-09-03
1,5,승차,34,50,44,65,70,56,63,76,85,88,106,89,93,95,109,110,128,2025-09-03
3,6,승차,29,41,59,46,52,72,93,77,80,90,91,93,92,107,103,94,134,2025-09-03
2,4,하차,38,40,56,59,57,59,64,64,100,94,77,88,114,102,121,111,108,2025-09-03
4,2,승차,38,60,62,52,58,61,60,67,85,73,87,91,99,112,121,101,119,2025-09-03
4,2,승차,39,37,57,57,69,56,46,71,80,84,89,108,97,106,108,118,109,2025-09-03
2,3,하차,44,39,50,52,59,73,69,68,75,82,89,90,94,113,114,111,123,2025-09-03
3,2,하차,36,46,53,49,51,75,86,67,71,88,78,89,101,121,86,109,120,2025-09-03
1,1,승차,32,47,54,59,61,60,72,74,72,73,92,99,128,103,115,101,107,2025-09-03
1,8,하차,31,55,51,61,73,70,86,72,69,79,87,99,111,100,114,112,119,2025-09-03
4,5,승차,34,42,55,59,57,66,84,75,68,75,92,89,96,119,114,135,112,2025-09-03
2,1,승차,45,45,53,58,56,67,63,79,82,78,89,81,97,107,126,112,111,2025-09-03
4,9,하차,48,57,45,52,52,67,65,84,73,87,122,92,115,92,107,113,126,2025-09-03
2,8,승차,44,37,43,60,44,72,68,79,76,81,83,88,94,95,97,110,138,2025-09-03
1,4,승차,49,57,54,53,59,48,71,77,84,87,88,92,96,109,103,121,135,2025-09-03
3,8,승차,44,45,60,49,60,73,66,74,98,81,93,96,92,113,127,133,112,2025-09-03
2,7,하차,44,45,37,51,75,88,71,70,70,76,73,103,89,100,92,124,117,2025-09-03
1,7,하차,42,45,47,55,53,74,68,68,83,75,83,91,87,96,102,115,144,2025-09-03
4,1,하차,36,44,51,46,54,79,62,66,85,97,90,103,99,102,90,90,117,2025-09-03
2,6,승차,54,45,43,41,49,81,72,97,79,79,107,115,109,112,110,121,132,2025-09-03
3,4,승차,41,39,47,63,73,75,64,71,72,83,76,89,101,106,108,118,117,2025-09-03
4,2,하차,49,36,47,55,55,72,87,89,72,75,94,76,93,114,106,124,130,2025-09-03
4,7,하차,49,48,42,57,49,58,79,69,79,75,91,90,97,108,104,113,119,2025-09-03
1,9,하차,29,52,51,58,76,69,66,89,85,102,90,98,82,106,103,113,128,2025-09-03
2,5,승차,63,49,52,48,60,70,84,91,78,87,78,107,106,105,111,86,109,2025-09-03
4,8,하차,39,47,60,52,59,56,75,78,74,70,80,121,99,97,120,117,111,2025-09-03
3,5,승차,43,37,42,53,59,59,51,79,88,87,90,103,103,99,112,129,132,2025-09-03
2,7,하차,38,49,54,65,58,58,71,85,89,102,88,104,107,91,110,106,124,2025-09-03
3,7,승차,41,46,52,52,45,68,65,71,71,91,97,94,94,89,124,140,113,2025-09-03
4,9,승차,44,46,55,52,61,66,70,64,82,92,95,88,110,103,120,121,120,2025-09-03
3,3,하차,39,40,53,43,56,67,55,84,82,103,88,113,101,100,97,101,95,2025-09-03
1,1,승차,45,42,52,64,54,64,73,55,75,83,98,100,104,89,93,108,109,2025-09-03
3,2,하차,49,40,52,37,61,63,76,73,72,76,104,93,110,98,107,123,130,2025-09-03
2,6,승차,43,42,48,59,49,50,71,72,87,88,83,86,105,111,104,104,100,2025-09-03
3,9,승차,39,44,51,55,62,63,53,77,65,82,95,84,96,102,127,124,120,2025-09-03
3,3,하차,37,46,62,50,60,60,63,70,73,83,85,93,101,97,95,97,128,2025-09-03
1,2,승차,38,43,70,65,60,59,69,75,85,80,95,87,94,104,122,117,156,2025-09-03
3,1,하차,44,56,50,59,71,58,77,72,71,79,90,96,82,96,97,113,135,2025-09-03
3,2,하차,36,47,44,53,61,59,78,81,81,86,85,108,71,103,107,112,118,2025-09-03
4,3,하차,41,40,43,50,49,52,65,70,77,71,99,101,112,135,121,116,125,2025-09-03
4,7,승차,41,45,44,73,57,77,73,96,79,76,82,89,102,99,106,125,135,2025-09-03
2,2,승차,48,54,51,52,60,63,63,66,87,84,96,102,119,112,115,123,112,2025-09-03
4,5,승차,33,46,47,57,47,62,75,68,93,75,91,78,91,108,111,116,110,2025-09-03
4,2,하차,43,45,46,71,56,65,65,76,78,77,69,85,80,96,100,125,132,2025-09-03
4,7,하차,37,47,57,45,40,70,69,64,88,62,98,92,88,110,102,108,130,2025-09-03
4,8,승차,27,44,43,55,59,77,65,59,84,75,78,80,105,113,114,113,132,2025-09-03
1,8,승차,37,53,45,52,60,63,63,72,97,71,93,106,99,113,108,118,124,2025-09-03
4,8,하차,47,58,44,54,74,55,81,77,85,73,87,87,97,109,126,119,108,2025-09-03
1,9,승차,41,44,53,50,59,61,62,68,96,102,79,103,101,109,101,129,125,2025-09-03
1,1,하차,39,45,56,60,53,60,79,77,84,81,83,97,84,102,110,124,111,2025-09-03
4,1,승차,56,55,48,62,64,49,70,92,84,95,91,100,105,99,107,110,108,2025-09-03
3,2,하차,44,38,46,39,66,76,76,60,92,88,78,95,103,96,112,115,126,2025-09-03
1,6,승차,47,39,49,56,55,65,77,75,96,94,86,113,109,108,113,101,124,2025-09-03
3,1,승차,43,43,53,47,59,68,79,82,74,98,83,98,101,99,110,116,121,2025-09-03
3,5,하차,32,48,51,52,61,68,63,74,93,85,93,103,101,102,110,131,123,2025-09-03
4,5,하차,52,48,60,50,58,61,76,68,86,72,103,94,84,128,95,104,126,2025-09-03
2,4,하차,44,39,61,55,51,62,66,61,82,101,72,81,101,110,109,109,115,2025-09-03
4,5,승차,37,44,53,58,69,68,72,71,88,77,86,84,109,79,97,113,122,2025-09-03
2,1,하차,33,57,61,63,48,59,75,70,80,95,88,90,119,113,105,122,115,2025-09-03
2,6,하차,41,55,49,52,60,69,73,70,77,98,79,84,91,102,107,121,128,2025-09-03
4,7,승차,43,39,54,52,58,67,70,84,82,101,85,98,109,98,112,130,119,2025-09-03
4,8,하차,35,35,52,53,72,64,64,67,78,85,97,80,107,122,102,115,128,2025-09-03
2,2,하차,44,39,48,58,74,67,68,68,107,92,91,97,93,103,121,115,126,2025-09-03
4,7,하차,38,52,49,59,58,72,51,75,93,97,86,94,95,89,124,100,122,2025-09-03
2,6,승차,39,43,43,58,59,72,71,67,77,80,94,94,107,115,96,130,103,2025-09-03
3,9,승차,46,42,46,63,57,65,88,93,105,79,68,72,114,100,109,103,156,2025-09-03
4,8,승차,41,47,46,83,67,61,69,76,94,99,98,101,97,103,102,97,123,2025-09-03
3,4,하차,52,43,58,58,38,67,58,61,91,87,77,83,89,102,123,121,134,2025-09-03
1,9,승차,43,53,42,65,64,77,67,75,77,80,85,90,115,128,111,117,107,2025-09-03
3,1,하차,48,47,50,48,43,75,70,82,71,68,88,98,102,106,105,103,117,2025-09-03
3,6,하차,42,44,43,60,63,56,88,56,76,80,95,85,98,95,98,99,131,2025-09-03
2,8,하차,32,48,39,55,47,66,66,71,81,87,99,90,113,114,116,96,111,2025-09-03
3,4,승차,28,43,43,46,69,57,72,83,78,79,95,100,102,111,107,106,108,2025-09-03
4,2,승차,50,45,53,54,55,65,74,67,87,90,84,97,107,104,99,105,133,2025-09-03
2,2,하차,41,53,66,68,64,68,71,67,76,80,76,86,112,104,106,116,134,2025-09-03
1,1,하차,41,57,42,57,75,57,70,87,62,80,89,97,95,105,102,133,127,2025-09-03
4,5,승차,39,36,49,54,80,77,64,84,70,86,89,84,113,108,115,117,106,2025-09-03
1,6,승차,38,50,34,59,59,61,69,99,69,106,95,82,90,121,112,117,117,2025-09-03
3,4,승차,39,38,60,56,56,63,65,92,81,94,82,86,110,100,97,116,117,2025-09-03
4,4,하차,38,36,46,63,60,87,60,74,89,87,117,120,102,86,122,104,113,2025-09-03
4,5,승차,40,41,49,44,73,65,65,72,91,85,83,80,120,111,101,112,105,2025-09-03
1,5,승차,41,44,45,56,50,63,77,70,83,72,89,108,107,120,111,110,122,2025-09-03
4,9,승차,38,45,46,49,64,65,75,78,75,94,85,94,92,104,103,106,132,2025-09-03
4,8,하차,42,43,49,65,60,52,98,67,84,81,74,92,93,92,103,90,114,2025-09-03
4,9,승차,60,36,47,61,57,56,67,73,70,93,96,98,99,100,99,102,128,2025-09-03
3,3,하차,44,43,57,57,55,69,66,83,68,89,84,94,102,115,109,116,109,2025-09-03
1,3,하차,33,63,53,50,61,51,80,80,68,96,101,82,95,104,137,121,116,2025-09-03
4,1,하차,41,52,37,42,65,56,62,73,85,82,95,113,81,105,122,120,111,2025-09-03
2,6,승차,48,49,48,75,61,53,85,65,73,95,101,102,121,107,113,101,106,2025-09-03
2,4,승차,37,43,47,54,63,68,58,75,90,83,87,90,101,92,90,116,118,2025-09-03
2,8,승차,58,44,50,60,67,63,79,70,77,92,102,83,80,116,96,105,101,2025-09-03
2,2,하차,29,40,51,52,56,68,62,69,77,82,84,98,102,117,105,119,131,2025-09-03
3,2,승차,49,45,45,53,56,62,67,63,66,81,94,102,118,92,107,108,107,2025-09-03
4,7,하차,26,37,50,45,67,53,64,76,74,94,111,88,97,96,109,103,118,2025-09-03
1,5,승차,37,46,66,68,61,61,67,78,81,84,100,77,95,99,110,132,122,2025-09-03
4,1,승차,39,48,38,47,62,58,84,78,77,69,107,88,94,134,111,104,123,2025-09-03
3,7,승차,37,56,45,56,51,68,65,81,73,67,77,113,100,101,112,111,135,2025-09-03
2,7,승차,46,45,35,54,70,74,85,71,68,77,83,95,105,109,110,101,122,2025-09-03
3,6,하차,39,36,44,56,72,65,76,74,86,88,111,78,93,102,97,108,133,2025-09-03
4,4,하차,48,41,45,68,54,56,75,56,63,90,76,100,99,94,110,125,124,2025-09-03
1,8,하차,43,43,50,54,52,73,69,71,78,83,84,77,104,91,112,100,121,2025-09-03
3,2,하차,42,50,51,62,60,61,65,79,91,76,92,106,101,109,123,130,113,2025-09-03
1,2,승차,22,38,58,55,64,72,59,79,91,83,85,97,73,114,113,118,121,2025-09-03
3,2,하차,45,32,47,62,69,59,50,71,73,99,77,94,100,111,113,135,110,2025-09-03
1,3,하차,41,44,47,53,53,70,53,56,76,89,82,98,90,113,102,124,127,2025-09-03
1,6,하차,33,38,42,61,64,52,61,72,95,86,86,89,100,112,132,108,137,2025-09-03
2,1,승차,35,45,43,53,59,71,77,70,77,89,86,96,100,98,111,125,134,2025-09-03
1,2,하차,45,39,57,48,68,59,55,80,63,91,77,89,80,100,124,110,127,2025-09-03
2,2,하차,42,46,49,58,70,66,63,75,102,78,93,87,95,121,117,109,109,2025-09-03
4,1,승차,37,34,43,65,76,55,72,81,89,83,79,105,118,121,107,111,109,2025-09-03
4,3,승차,37,57,58,55,60,60,73,72,83,75,85,100,91,119,125,137,110,2025-09-03
2,7,하차,45,43,55,57,57,75,68,80,63,76,100,83,110,102,126,121,119,2025-09-03
2,1,하차,43,40,39,61,67,57,75,68,84,104,85,95,117,100,103,119,118,2025-09-03
3,7,승차,36,48,47,55,59,62,58,74,79,80,103,94,86,102,110,114,128,2025-09-03
3,5,하차,42,42,53,58,62,64,63,75,78,82,91,95,102,110,114,108,110,2025-09-03
3,9,승차,50,38,54,54,60,55,82,84,85,86,94,89,113,86,115,137,118,2025-09-03
4,2,하차,43,34,54,55,64,63,58,71,84,87,73,95,117,96,117,122,121,2025-09-03
3,1,하차,29,42,42,55,67,67,67,79,98,85,85,89,94,115,110,109,102,2025-09-03
1,9,하차,36,49,49,67,60,69,73,68,100,79,88,104,111,115,118,103,108,2025-09-03
1,8,하차,54,46,53,64,68,58,63,68,91,90,94,66,96,121,117,117,131,2025-09-03
3,6,하차,46,48,50,70,79,60,66,90,65,94,84,71,98,101,144,116,117,2025-09-03
1,5,승차,39,41,47,69,50,56,58,82,80,73,88,95,99,118,107,105,121,2025-09-03
4,8,승차,35,39,36,48,59,63,74,76,71,77,106,84,98,106,96,112,116,2025-09-03
1,8,하차,40,38,38,54,40,57,52,66,78,85,99,98,86,120,111,114,133,2025-09-03
4,5,하차,44,52,72,48,53,71,60,75,82,96,80,82,95,95,106,118,122,2025-09-03
2,7,하차,41,30,56,57,46,67,72,73,83,78,90,80,84,88,99,109,111,2025-09-03
2,1,승차,26,48,57,48,52,51,79,85,83,84,91,92,101,96,119,126,104,2025-09-03
2,4,승차,33,36,38,47,60,64,69,86,79,82,85,98,103,98,118,136,141,2025-09-03
2,2,승차,37,45,52,58,60,71,85,57,76,85,85,103,107,122,136,122,111,2025-09-03
1,3,승차,40,39,49,54,58,77,65,76,78,103,97,89,96,103,134,116,124,2025-09-03
3,1,승차,37,45,55,57,53,70,66,67,68,86,94,104,84,112,100,104,112,2025-09-03
1,2,승차,46,37,56,57,46,58,75,86,90,90,76,96,109,100,101,134,108,2025-09-03
4,1,승차,36,57,40,61,58,56,72,72,79,95,91,94,107,116,119,120,122,2025-09-03
1,8,승차,29,47,54,62,56,57,72,74,79,88,87,93,89,122,118,123,120,2025-09-03
1,4,하차,42,44,44,69,56,51,83,69,92,77,92,114,79,111,91,108,139,2025-09-03
4,3,승차,33,47,67,55,62,76,55,79,74,92,89,98,98,107,145,118,147,2025-09-03
2,1,승차,41,48,44,69,64,77,78,71,77,66,92,100,102,105,107,129,112,2025-09-03
2,2,승차,38,48,49,65,47,69,64,72,78,81,87,109,87,88,89,127,124,2025-09-03
2,3,승차,36,47,49,68,50,73,51,91,77,90,91,102,93,107,124,108,126,2025-09-03
3,3,하차,36,60,36,33,56,53,76,79,94,79,90,93,103,93,97,105,113,2025-09-03
4,6,승차,37,46,41,36,59,63,75,65,61,80,83,87,116,112,133,105,127,2025-09-03
4,8,하차,44,40,45,53,71,63,64,74,76,78,88,89,103,98,98,103,130,2025-09-03
1,6,하차,36,41,55,54,59,62,63,75,94,91,73,80,109,108,104,118,121,2025-09-03
3,2,하차,36,50,47,50,73,65,74,91,71,81,93,89,103,112,108,115,112,2025-09-03
2,2,승차,38,45,54,52,51,60,80,71,71,83,91,103,100,110,108,123,118,2025-09-03
3,7,승차,26,49,50,51,61,77,59,77,77,74,73,90,108,111,117,123,142,2025-09-03
4,1,승차,47,55,51,66,64,70,80,80,84,83,83,101,102,116,125,120,129,2025-09-03
4,1,하차,32,46,49,64,53,59,65,59,90,83,104,91,91,92,121,125,114,2025-09-03
1,7,하차,37,45,57,42,59,68,80,78,79,99,79,86,99,103,110,119,131,2025-09-03
1,9,하차,44,37,35,67,72,62,74,78,70,108,94,100,80,121,109,107,119,2025-09-03
4,5,하차,36,43,57,49,72,55,85,75,66,89,85,86,99,109,95,123,117,2025-09-03
2,1,승차,39,42,60,61,67,74,76,70,88,78,93,102,96,94,95,122,119,2025-09-03
2,5,승차,34,45,46,66,72,55,79,68,70,87,102,90,112,114,118,110,121,2025-09-03
3,1,승차,47,41,42,58,41,77,87,84,82,88,91,93,101,88,113,132,109,2025-09-03
4,9,하차,37,43,38,49,75,57,70,91,78,93,102,107,100,104,96,131,113,2025-09-03
4,4,하차,31,46,48,67,48,69,79,82,82,76,90,79,111,110,108,103,104,2025-09-03
2,9,승차,31,37,37,44,66,73,67,77,77,111,93,82,111,100,122,102,119,2025-09-03
2,2,승차,46,42,49,49,61,55,49,86,74,86,93,93,102,95,105,124,116,2025-09-03
4,7,하차,40,56,51,44,65,58,75,87,98,93,72,92,102,98,104,109,119,2025-09-03
1,2,승차,34,50,55,50,67,68,61,63,74,81,93,113,104,100,110,109,117,2025-09-03
4,4,승차,36,55,57,58,71,68,64,67,85,93,82,109,91,80,96,133,105,2025-09-03
4,6,하차,32,40,57,73,57,56,79,68,88,97,90,91,94,130,101,117,139,2025-09-03
2,2,하차,52,41,52,57,56,63,73,78,75,77,88,104,93,100,109,121,127,2025-09-03
2,2,하차,37,49,46,71,76,53,72,74,79,72,77,84,94,101,102,104,111,2025-09-03
1,2,승차,37,47,49,46,57,77,77,60,63,78,85,88,93,117,116,135,136,2025-09-03
1,3,하차,50,41,56,63,60,72,65,68,86,71,77,105,108,117,105,125,121,2025-09-03
3,5,승차,30,48,53,67,68,58,68,78,67,93,86,88,110,94,95,113,105,2025-09-03
4,9,승차,39,58,43,39,47,58,64,67,83,89,73,94,95,116,122,130,108,2025-09-03
2,6,하차,39,45,59,57,64,75,86,79,81,88,86,94,116,112,105,128,130,2025-09-03
1,9,승차,38,66,60,64,56,62,63,76,89,98,85,73,91,92,110,121,143,2025-09-03
3,5,하차,37,42,56,65,54,59,84,84,80,69,81,80,98,108,118,111,128,2025-09-03
3,6,하차,39,42,59,58,60,59,78,89,81,72,99,95,97,109,113,109,107,2025-09-03
2,8,승차,39,30,47,70,60,57,56,80,78,80,83,93,91,102,103,100,117,2025-09-03
2,3,승차,45,47,55,54,78,72,59,81,91,80,107,105,102,105,109,122,128,2025-09-03
3,2,하차,48,40,41,51,70,60,69,64,78,78,93,91,107,76,116,104,113,2025-09-03
1,3,하차,46,51,54,68,59,70,74,67,84,74,86,90,109,99,124,125,107,2025-09-04
3,9,하차,40,42,61,58,60,72,72,75,77,99,105,117,101,97,102,123,103,2025-09-04
4,6,하차,36,45,42,62,69,59,71,67,58,88,88,96,97,97,116,129,121,2025-09-04
4,4,하차,42,50,57,44,64,46,66,74,96,83,84,98,106,99,109,119,124,2025-09-04
2,3,하차,42,41,49,50,57,64,83,86,82,88,101,81,93,103,108,119,132,2025-09-04
1,2,승차,24,47,46,73,58,61,59,82,96,101,79,102,101,98,110,134,134,2025-09-04
1,4,승차,33,48,53,52,43,55,72,73,79,93,96,98,101,107,105,113,123,2025-09-04
4,9,승차,40,48,44,63,63,61,64,70,81,88,82,82,100,102,95,126,114,2025-09-04
3,4,승차,35,51,53,50,75,67,74,75,83,94,106,103,105,101,86,112,109,2025-09-04
2,5,하차,49,46,56,64,64,50,65,68,76,83,79,99,97,115,106,124,123,2025-09-04
3,8,승차,43,53,55,53,59,74,90,73,87,80,97,105,90,97,106,109,122,2025-09-04
3,2,승차,45,37,46,55,56,77,76,90,84,72,85,107,76,97,103,121,121,2025-09-04
3,3,하차,44,45,53,56,61,66,70,76,87,101,107,100,91,109,91,99,119,2025-09-04
1,6,승차,52,47,47,40,49,76,77,70,78,85,95,88,106,96,117,134,127,2025-09-04
4,7,하차,46,50,54,65,55,69,68,76,74,83,90,104,107,103,116,121,133,2025-09-04
1,4,하차,40,45,42,56,48,60,58,66,85,74,77,92,112,102,109,114,114,2025-09-04
4,1,하차,52,40,52,74,63,59,83,84,80,89,97,104,100,89,96,114,123,2025-09-04
2,7,하차,43,31,62,60,40,80,82,65,67,97,87,100,107,113,98,113,108,2025-09-04
2,9,하차,41,45,56,51,59,63,73,67,80,88,88,96,96,111,108,105,122,2025-09-04
3,1,승차,38,46,45,51,55,60,53,75,68,88,95,99,99,90,100,104,120,2025-09-04
4,1,승차,39,37,46,58,61,68,59,66,64,76,103,79,97,101,116,107,121,2025-09-04
4,1,승차,42,52,53,47,57,58,81,69,76,74,103,87,110,118,109,102,111,2025-09-04
4,7,하차,40,38,58,60,47,64,66,77,79,91,92,101,94,112,104,106,124,2025-09-04
3,9,승차,37,56,47,55,71,57,58,83,63,92,101,90,102,98,109,103,132,2025-09-04
3,3,승차,28,48,49,55,48,55,61,77,79,77,80,90,100,118,127,115,121,2025-09-04
2,8,승차,30,39,46,58,69,71,59,75,88,76,110,94,114,98,113,107,116,2025-09-04
1,9,승차,46,42,47,52,52,62,69,77,77,99,101,78,94,115,114,109,121,2025-09-04
4,3,하차,44,51,41,57,65,50,63,73,66,84,80,108,113,119,124,124,105,2025-09-04
4,3,승차,35,51,56,58,71,75,77,91,80,85,70,98,108,96,121,117,124,2025-09-04
1,1,하차,33,39,56,54,58,59,62,78,72,85,83,74,95,98,105,96,132,2025-09-04
4,2,하차,48,45,51,61,56,55,67,76,102,90,89,102,93,106,117,121,130,2025-09-04
3,7,승차,37,40,58,52,54,74,77,66,94,74,91,85,98,105,106,136,127,2025-09-04
3,3,하차,41,42,55,52,53,68,76,78,81,75,82,112,82,95,112,118,138,2025-09-04
4,7,하차,48,37,48,64,61,75,68,84,76,67,83,107,98,89,113,104,128,2025-09-04
3,5,하차,49,45,66,46,64,58,72,61,87,77,79,89,98,105,104,119,112,2025-09-04
3,8,하차,55,40,39,60,71,62,50,94,83,96,82,87,89,117,95,106,118,2025-09-04
4,5,하차,27,52,54,51,60,69,72,67,68,84,92,90,102,111,102,116,111,2025-09-04
2,3,하차,50,40,66,52,67,63,63,68,85,89,93,99,98,94,117,117,108,2025-09-04
1,9,하차,42,43,49,62,68,71,49,74,80,81,89,95,109,102,107,119,113,2025-09-04
3,7,승차,37,27,47,55,50,72,60,85,89,88,98,106,106,100,104,125,129,2025-09-04
2,5,승차,41,44,47,68,66,62,65,86,93,80,93,99,71,108,92,99,103,2025-09-04
3,7,하차,35,37,61,71,69,53,76,72,83,90,86,96,83,105,110,108,118,2025-09-04
3,9,하차,53,50,56,65,63,64,61,68,80,76,89,87,112,87,107,120,117,2025-09-04
1,5,승차,32,44,60,60,64,60,68,83,80,78,84,87,95,99,104,123,114,2025-09-04
3,7,승차,45,47,61,49,60,69,70,76,82,79,92,104,104,106,116,115,136,2025-09-04
1,9,승차,39,46,56,57,56,63,74,85,83,91,106,77,108,95,92,113,127,2025-09-04
1,1,승차,40,50,60,37,59,54,84,70,90,89,95,85,94,97,123,120,121,2025-09-04
1,4,하차,37,44,51,55,57,65,71,80,74,76,94,99,106,100,118,103,113,2025-09-04
2,1,하차,38,44,48,54,61,64,57,71,83,91,91,81,107,106,119,120,132,2025-09-04
4,8,승차,47,35,58,56,42,71,83,83,76,69,109,105,104,93,98,98,101,2025-09-04
2,3,승차,45,38,62,56,52,68,77,66,67,83,94,107,86,108,106,114,122,2025-09-04
4,2,승차,46,38,68,42,57,62,87,80,76,85,78,80,99,116,111,125,116,2025-09-04
4,4,승차,35,64,52,50,56,89,85,80,80,108,83,112,112,105,89,115,108,2025-09-04
1,3,하차,45,51,49,60,70,81,59,59,94,79,79,81,95,115,114,115,136,2025-09-04
3,5,승차,43,31,47,54,61,75,80,61,78,92,82,102,122,113,103,130,112,2025-09-04
1,8,승차,43,42,58,51,55,62,69,72,76,80,110,96,96,113,117,114,121,2025-09-04
3,8,승차,47,54,39,38,66,73,71,66,81,78,90,108,98,105,98,123,106,2025-09-04
4,7,하차,53,41,54,54,61,69,69,69,87,72,89,99,100,111,114,110,147,2025-09-04
1,8,하차,39,44,38,58,55,61,57,69,68,81,81,87,102,112,107,105,121,2025-09-04
3,5,하차,37,52,52,56,57,60,84,78,84,92,115,104,91,119,96,108,126,2025-09-04
2,6,승차,47,47,55,51,63,53,65,84,77,83,97,86,93,100,98,101,126,2025-09-04
3,8,승차,40,50,43,58,55,58,56,85,84,83,102,92,97,114,99,125,104,2025-09-04
1,1,승차,27,46,46,59,53,64,75,61,71,79,95,89,96,96,99,120,124,2025-09-04
2,6,하차,49,45,57,52,63,68,59,76,94,93,78,91,112,114,102,117,119,2025-09-04
3,6,하차,33,41,53,49,55,59,92,60,89,76,88,111,109,93,97,109,119,2025-09-04
3,5,승차,50,46,43,57,59,77,68,74,72,85,74,102,110,111,138,115,119,2025-09-04
3,4,승차,58,42,39,60,66,62,63,73,94,80,83,104,102,128,107,120,128,2025-09-04
3,1,하차,49,47,58,61,52,71,67,71,71,73,82,90,110,88,132,102,122,2025-09-04
3,8,승차,45,45,39,54,66,67,74,65,81,89,105,96,87,101,108,104,113,2025-09-04
2,6,승차,41,43,55,58,58,66,75,79,75,79,74,105,99,91,110,107,117,2025-09-04
4,3,승차,44,56,43,65,61,57,79,76,64,96,99,88,113,121,114,125,120,2025-09-04
2,3,하차,43,48,62,46,57,67,70,77,73,87,93,102,101,89,109,110,131,2025-09-04
2,6,승차,37,31,35,41,53,67,76,61,89,76,97,97,110,106,118,108,124,2025-09-04
2,7,승차,46,46,38,60,60,65,75,76,69,105,103,99,93,107,106,116,111,2025-09-04
4,8,승차,45,52,43,55,64,74,54,81,89,88,83,85,95,119,120,131,128,2025-09-04
1,5,승차,40,44,45,51,57,63,60,62,76,86,98,96,117,90,95,141,135,2025-09-04
4,6,하차,39,46,51,39,49,64,60,65,77,87,100,79,94,101,116,116,129,2025-09-04
2,1,하차,37,55,36,65,57,73,84,77,76,75,86,86,98,98,95,113,130,2025-09-04
3,6,하차,33,46,43,58,60,73,98,64,77,94,88,95,99,119,98,123,111,2025-09-04
3,9,승차,41,50,47,60,56,66,76,75,82,76,96,95,107,98,110,101,113,2025-09-04
2,4,하차,42,47,57,61,48,63,66,81,70,93,80,97,96,126,128,126,109,2025-09-04
3,1,승차,44,37,43,57,52,71,66,79,71,83,88,95,98,98,94,98,132,2025-09-04
2,9,하차,38,41,65,60,58,61,70,76,82,67,104,128,88,95,110,114,114,2025-09-04
3,4,승차,42,36,62,58,62,58,70,69,89,77,88,80,108,107,101,111,133,2025-09-04
4,2,하차,37,35,49,49,52,66,67,79,86,88,81,74,98,105,125,105,112,2025-09-04
1,1,하차,33,44,45,43,50,72,76,81,91,87,82,104,98,107,117,112,124,2025-09-04
1,3,하차,41,38,56,61,58,71,77,62,108,82,92,99,114,106,90,116,132,2025-09-04
4,7,승차,44,47,48,66,58,60,75,69,74,78,86,99,98,113,123,133,114,2025-09-04
4,2,승차,38,43,61,59,73,54,77,72,79,77,90,96,98,104,127,106,90,2025-09-04
2,9,승차,44,49,45,60,56,82,75,90,99,83,100,110,107,107,95,101,131,2025-09-04
2,2,하차,33,45,45,52,67,56,72,84,73,75,81,79,108,105,94,97,128,2025-09-04
2,5,승차,40,44,55,52,60,65,77,80,85,68,83,106,95,108,105,105,90,2025-09-04
3,8,승차,35,45,47,57,60,73,72,73,97,63,81,94,107,110,121,104,113,2025-09-04
2,8,승차,39,50,47,59,53,80,66,80,84,88,84,96,104,117,92,112,84,2025-09-04
4,3,승차,49,37,60,41,61,64,72,70,94,88,91,91,97,117,105,103,137,2025-09-04
1,2,승차,39,32,41,56,60,61,76,87,81,81,88,98,113,128,97,112,105,2025-09-04
3,9,승차,41,53,44,54,65,80,63,92,95,81,93,98,106,104,115,127,127,2025-09-04
2,3,하차,39,38,48,60,62,50,55,67,79,81,100,103,105,130,107,98,139,2025-09-04
3,8,하차,45,51,53,63,66,59,73,80,83,92,97,80,94,110,99,99,130,2025-09-04
3,2,승차,43,51,46,45,63,67,74,80,89,76,104,89,96,126,103,113,123,2025-09-04
2,3,하차,36,50,45,34,45,70,67,74,76,100,96,88,119,102,95,114,129,2025-09-04
3,1,하차,44,41,40,53,54,72,63,77,79,87,78,98,92,111,86,94,125,2025-09-04
1,6,승차,38,57,47,62,69,72,71,79,87,96,81,105,99,91,102,120,117,2025-09-04
4,7,승차,37,55,55,62,56,51,62,71,85,103,84,98,96,107,91,131,142,2025-09-04
4,4,하차,40,43,61,60,57,56,63,79,74,94,81,95,99,127,94,115,142,2025-09-04
1,1,승차,36,44,50,48,66,71,60,74,83,96,103,92,97,107,111,120,122,2025-09-04
3,3,하차,47,50,49,52,53,77,69,69,70,82,92,103,90,101,134,120,131,2025-09-04
2,9,하차,40,58,57,58,77,81,57,84,95,95,90,77,104,118,120,119,126,2025-09-04
3,5,하차,36,42,47,56,51,69,73,71,80,88,88,91,112,102,109,125,113,2025-09-04
1,6,승차,39,49,53,58,68,63,77,71,64,79,84,82,110,112,103,109,126,2025-09-04
3,4,하차,42,62,45,62,77,71,60,64,84,90,90,97,95,107,95,104,123,2025-09-04
4,1,승차,43,44,53,62,58,70,82,82,99,86,77,106,86,107,107,120,133,2025-09-04
3,5,승차,27,48,54,60,52,67,76,91,85,80,80,92,95,101,104,123,111,2025-09-04
1,5,승차,30,41,56,60,63,69,69,90,93,78,94,97,79,114,125,113,94,2025-09-04
4,5,승차,35,46,64,55,68,61,79,82,85,81,87,107,100,98,110,100,95,2025-09-04
3,6,승차,33,38,60,48,59,67,64,83,72,76,89,99,91,118,123,122,144,2025-09-04
3,2,하차,35,37,54,52,64,83,67,72,69,70,92,103,89,82,112,123,117,2025-09-04
4,1,승차,38,56,51,49,53,58,65,83,78,94,91,94,97,97,108,99,125,2025-09-04
2,2,승차,31,53,55,47,59,70,87,100,84,86,84,99,87,92,126,95,123,2025-09-04
4,6,승차,48,42,63,50,47,61,65,71,83,76,77,85,93,99,102,102,122,2025-09-04
2,5,승차,44,41,52,38,57,73,79,72,91,85,80,86,106,112,101,112,127,2025-09-04
1,5,승차,44,50,51,62,50,84,62,78,62,79,106,87,106,102,100,126,114,2025-09-04
1,6,하차,32,49,49,56,70,65,73,78,80,99,86,97,93,103,95,114,97,2025-09-04
4,7,승차,32,43,53,47,57,68,73,73,98,75,113,88,88,112,113,106,126,2025-09-04
4,9,승차,37,41,45,50,61,52,81,71,93,72,74,96,80,119,97,103,113,2025-09-04
1,7,하차,41,50,45,62,62,69,75,88,77,97,104,91,89,109,101,109,118,2025-09-04
2,2,승차,33,49,36,47,55,69,67,81,63,74,82,92,114,106,112,118,115,2025-09-04
1,6,하차,53,45,57,54,65,53,70,86,81,91,92,93,87,109,111,115,111,2025-09-04
4,9,하차,46,43,41,71,62,64,76,72,90,70,99,101,107,102,115,122,117,2025-09-04
1,7,하차,39,44,44,49,62,73,66,89,74,85,88,95,102,100,97,107,99,2025-09-04
4,2,하차,48,35,53,53,67,61,78,87,64,90,88,96,74,103,105,103,125,2025-09-04
4,3,승차,36,46,41,52,77,58,53,72,79,87,88,92,88,110,126,133,116,2025-09-04
1,8,승차,40,45,52,56,56,83,86,71,80,81,93,89,106,121,127,122,122,2025-09-04
2,9,하차,40,46,58,59,55,52,72,84,91,93,84,101,104,90,102,118,113,2025-09-04
3,4,하차,45,47,54,49,56,66,66,68,70,83,91,93,104,82,103,112,113,2025-09-04
1,9,승차,40,45,49,56,68,79,60,72,75,82,81,103,102,100,111,132,112,2025-09-04
3,2,하차,45,55,70,48,65,72,81,61,69,60,92,98,81,98,97,94,131,2025-09-04
1,5,하차,49,47,51,64,52,66,72,69,82,83,97,99,95,90,110,109,129,2025-09-04
3,2,하차,47,41,63,57,70,79,51,70,83,89,81,92,111,104,87,114,138,2025-09-04
2,1,승차,46,40,49,58,44,76,66,94,83,88,107,94,95,120,117,101,109,2025-09-04
2,5,하차,42,55,39,59,66,77,62,78,103,83,103,104,120,112,125,104,137,2025-09-04
1,2,승차,46,42,49,42,63,65,74,56,78,90,70,101,92,98,98,102,96,2025-09-04
4,7,승차,40,40,49,58,62,62,76,78,74,87,91,102,97,116,112,101,120,2025-09-04
3,8,승차,38,50,45,49,64,73,74,79,84,75,88,99,88,110,107,111,121,2025-09-04
4,2,하차,36,33,63,38,62,49,70,74,73,105,89,89,101,101,118,103,117,2025-09-04
4,7,하차,36,42,51,53,72,74,72,64,67,97,88,85,90,96,114,99,108,2025-09-04
4,4,승차,41,55,50,45,42,67,77,81,68,72,70,93,99,104,123,114,127,2025-09-04
2,1,승차,53,49,39,63,86,64,70,79,90,92,88,75,121,107,111,131,119,2025-09-04
1,3,승차,32,53,61,48,55,67,75,72,90,70,94,100,110,107,100,123,116,2025-09-04
1,1,하차,44,40,49,61,72,72,76,95,96,91,105,100,115,105,110,125,108,2025-09-04
2,5,하차,52,45,39,55,66,53,61,79,76,77,89,96,102,85,88,112,122,2025-09-04
2,8,승차,40,46,43,42,64,62,78,87,77,95,74,122,101,99,118,122,113,2025-09-04
1,1,승차,46,50,47,57,79,48,51,73,66,87,79,99,98,110,119,117,94,2025-09-04
4,9,하차,37,44,49,53,55,66,73,63,93,86,93,91,100,98,109,101,122,2025-09-04
3,3,승차,31,42,55,50,49,61,56,78,85,86,96,93,123,92,120,107,121,2025-09-04
3,5,하차,37,34,44,52,55,77,77,88,90,89,82,109,100,114,110,111,104,2025-09-04
3,9,하차,51,54,48,52,66,66,63,66,97,81,82,79,105,97,120,114,145,2025-09-04
4,5,승차,43,41,43,48,64,66,68,76,70,96,89,102,106,95,118,121,125,2025-09-04
1,9,승차,42,52,45,44,51,64,67,63,81,75,81,82,93,108,102,108,117,2025-09-04
2,8,하차,39,41,35,57,56,77,76,71,68,81,98,101,92,116,125,129,120,2025-09-04
1,7,하차,42,48,43,63,66,66,70,87,82,99,103,96,103,103,125,99,109,2025-09-04
4,1,하차,36,49,46,49,54,73,59,79,78,84,93,89,90,122,109,99,109,2025-09-04
2,4,하차,40,47,62,58,57,57,75,77,87,88,75,89,102,123,91,111,110,2025-09-04
4,9,하차,36,52,58,48,56,71,79,83,95,81,80,89,88,93,112,111,112,2025-09-04
3,8,승차,45,38,68,53,62,61,60,83,90,62,92,99,112,100,150,118,100,2025-09-04
3,4,하차,44,45,44,52,59,69,79,87,95,86,90,87,89,112,107,123,121,2025-09-04
4,1,하차,48,43,52,64,60,68,60,84,83,87,84,92,101,107,102,126,122,2025-09-04
2,4,하차,51,51,54,55,66,72,59,69,87,78,89,82,121,116,109,114,125,2025-09-04
2,3,승차,41,44,52,63,69,61,70,79,76,76,85,104,113,103,104,104,122,2025-09-04
1,6,승차,37,54,38,61,67,47,77,77,77,80,89,87,105,98,98,115,126,2025-09-04
3,5,하차,36,53,58,61,69,58,64,67,79,88,104,99,78,112,101,113,131,2025-09-04
1,5,하차,43,41,32,38,45,77,65,72,70,80,98,99,93,108,107,130,106,2025-09-04
1,2,승차,34,44,52,48,45,66,67,77,62,73,94,96,85,115,115,128,134,2025-09-04
4,3,승차,51,48,43,48,68,61,58,74,66,78,92,108,110,121,133,118,111,2025-09-04
4,6,승차,42,49,44,48,53,60,77,65,70,89,95,102,118,102,124,106,103,2025-09-04
1,2,승차,37,40,46,52,56,63,75,71,80,96,79,98,99,102,111,124,114,2025-09-04
3,4,하차,47,42,37,64,53,58,87,73,75,80,91,97,107,109,109,107,129,2025-09-04
4,2,승차,43,35,56,64,51,59,71,81,80,102,85,93,114,99,117,139,120,2025-09-04
1,9,하차,49,60,32,60,62,64,64,68,78,105,91,105,86,89,116,109,137,2025-09-04
1,3,하차,47,46,68,43,58,74,63,74,65,78,116,98,97,110,105,95,102,2025-09-04
1,6,승차,44,40,42,49,51,59,64,81,88,86,93,93,93,103,112,120,117,2025-09-04
1,1,승차,27,44,53,35,57,67,75,74,75,76,80,90,101,120,110,114,116,2025-09-04
1,3,승차,38,56,53,45,56,55,79,75,68,81,93,91,95,113,102,98,102,2025-09-04
1,8,승차,39,55,46,51,69,60,60,85,84,85,86,82,93,105,106,131,120,2025-09-04
4,5,하차,50,46,43,45,49,73,70,59,83,78,84,96,100,101,139,115,121,2025-09-04
3,8,하차,50,46,57,58,64,66,74,75,78,93,78,90,95,100,123,93,112,2025-09-04
1,2,하차,32,45,57,52,60,64,75,76,84,92,107,82,106,97,108,110,121,2025-09-04
2,7,승차,46,43,57,52,47,69,80,70,76,105,84,96,99,109,110,121,110,2025-09-04
4,9,하차,32,43,51,60,57,62,67,83,72,82,83,75,109,109,104,116,120,2025-09-04
4,7,승차,53,53,45,58,67,48,76,80,85,100,84,83,105,99,123,113,125,2025-09-04
1,3,하차,30,42,48,62,57,67,68,65,83,70,89,75,90,107,90,99,124,2025-09-04
4,7,승차,46,42,50,71,69,68,85,80,72,77,84,83,95,92,112,131,109,2025-09-04
1,8,하차,51,44,71,60,63,64,57,89,78,70,98,90,106,96,127,128,128,2025-09-04
3,1,하차,27,54,48,50,62,73,71,71,77,85,87,94,115,102,122,109,108,2025-09-04
3,3,승차,43,43,59,57,57,62,69,61,71,82,97,99,97,91,115,116,130,2025-09-04
4,5,하차,41,34,44,55,54,66,66,69,84,88,94,99,112,101,109,111,98,2025-09-04
4,6,하차,32,51,41,56,50,61,77,60,87,65,86,92,104,117,100,116,139,2025-09-04
2,3,승차,42,52,59,48,65,61,90,80,87,77,101,98,109,107,106,118,120,2025-09-04
4,4,승차,36,51,43,57,58,64,55,78,75,74,97,109,95,86,121,112,135,2025-09-04
2,5,승차,46,42,58,59,58,63,61,77,71,94,92,103,100,107,112,107,124,2025-09-04
3,3,승차,43,56,56,59,57,60,64,71,82,79,87,92,100,113,114,114,152,2025-09-04
3,4,승차,44,34,48,57,67,62,73,71,73,80,86,86,99,114,107,132,113,2025-09-04
1,5,하차,32,41,41,57,56,68,77,72,80,87,65,96,107,103,105,123,124,2025-09-04
3,2,승차,37,42,42,48,65,85,64,77,76,87,88,86,77,124,120,118,104,2025-09-04
2,9,하차,40,41,51,69,63,63,69,73,76,86,96,93,106,101,92,121,132,2025-09-04
4,8,하차,45,43,58,47,62,52,66,77,78,95,88,90,92,103,121,116,134,2025-09-04
1,6,승차,46,44,47,47,71,63,74,76,79,81,71,104,96,104,111,124,114,2025-09-04
2,3,하차,34,48,44,63,57,51,54,88,79,77,80,94,100,108,101,119,115,2025-09-04
4,2,하차,42,37,47,58,53,68,90,75,75,97,90,87,100,105,115,120,100,2025-09-04
1,7,승차,50,42,54,49,65,63,69,84,77,89,90,95,91,102,106,121,119,2025-09-04
3,8,하차,36,50,65,54,56,64,73,74,75,74,108,106,91,101,109,115,107,2025-09-04
2,1,승차,50,33,54,66,49,70,64,66,83,93,73,98,81,107,109,127,112,2025-09-04
4,6,승차,43,54,55,70,57,58,73,84,82,86,89,98,111,114,118,116,106,2025-09-04
1,7,승차,43,42,51,61,52,64,64,83,81,71,90,105,86,105,98,94,127,2025-09-04
1,9,하차,34,49,49,70,55,60,65,88,107,80,94,97,84,99,113,109,133,2025-09-04
3,3,하차,37,44,51,53,49,80,81,73,86,94,92,96,94,102,100,110,118,2025-09-04
4,2,하차,44,47,42,58,74,64,62,65,73,66,80,94,103,113,127,97,108,2025-09-04
3,5,하차,46,50,52,69,70,74,80,87,82,84,77,100,107,107,109,119,107,2025-09-04
3,1,승차,44,38,47,47,56,58,87,65,77,97,103,76,98,102,116,119,122,2025-09-04
4,6,하차,42,49,58,51,52,63,79,84,81,90,81,86,106,111,103,115,121,2025-09-04
4,9,승차,45,44,55,51,57,63,72,74,79,84,94,82,100,109,101,115,129,2025-09-04
4,9,하차,42,36,43,48,64,69,64,84,69,88,85,108,97,95,134,120,116,2025-09-04
2,7,하차,54,34,45,59,69,63,73,74,72,91,90,109,91,100,85,124,120,2025-09-04
4,7,하차,34,46,47,43,65,60,66,71,76,68,83,91,92,99,95,133,119,2025-09-04
1,8,하차,41,42,57,59,67,74,62,56,89,107,94,72,89,129,102,112,132,2025-09-04
3,2,하차,33,51,61,36,53,57,82,75,67,80,75,97,105,76,120,134,102,2025-09-04
2,6,승차,39,51,37,45,56,66,61,65,66,80,94,88,106,105,120,102,105,2025-09-04
4,5,하차,36,53,61,39,59,55,74,73,70,95,92,78,95,99,117,123,113,2025-09-04
2,5,하차,38,52,47,52,64,58,65,85,84,96,105,82,104,96,109,104,123,2025-09-04
4,3,하차,47,50,43,51,68,57,74,74,72,72,86,105,111,119,96,134,112,2025-09-04
2,3,하차,43,45,51,51,53,74,88,69,79,100,99,77,108,88,105,126,131,2025-09-04
3,6,승차,43,45,39,50,58,68,70,77,80,93,70,111,104,95,110,117,116,2025-09-04
3,7,하차,42,52,47,56,53,66,61,65,78,78,84,103,97,109,105,101,105,2025-09-04
1,1,승차,46,44,41,43,67,73,71,74,77,88,85,104,112,86,135,113,115,2025-09-04
1,3,하차,41,53,45,52,63,56,69,80,60,86,105,106,115,122,120,122,133,2025-09-04
4,1,승차,39,53,41,61,56,67,71,61,76,92,95,102,105,109,107,132,120,2025-09-04
3,3,승차,39,53,54,59,62,66,70,93,83,87,88,94,105,107,112,116,150,2025-09-04
2,5,승차,40,46,53,55,55,72,72,78,92,88,93,96,88,91,122,101,125,2025-09-04
2,9,승차,43,50,53,68,66,71,73,69,95,93,93,91,102,118,115,116,106,2025-09-04
2,3,승차,45,53,47,57,70,64,59,74,90,96,95,114,80,99,117,115,120,2025-09-04
1,9,하차,41,52,55,58,54,50,70,77,69,85,100,104,95,104,107,115,116,2025-09-04
2,1,승차,41,50,59,54,53,72,72,80,67,91,98,94,115,99,114,110,106,2025-09-04
1,6,하차,43,40,40,59,58,60,72,84,83,77,88,87,119,109,90,110,141,2025-09-04
1,9,승차,34,43,47,42,64,76,69,82,79,94,79,105,92,94,112,112,109,2025-09-04
4,5,승차,39,48,48,61,61,53,79,58,81,94,86,90,74,103,90,111,102,2025-09-04
2,2,하차,47,27,46,60,62,72,87,79,86,91,106,104,103,97,103,128,126,2025-09-04
2,5,승차,28,51,61,37,58,70,68,73,69,87,87,86,104,98,110,106,129,2025-09-04
3,1,승차,33,48,47,66,53,56,70,65,61,103,84,114,91,104,116,127,117,2025-09-04
4,9,승차,41,50,44,57,65,57,81,73,70,95,89,98,92,114,117,113,122,2025-09-04
3,9,승차,54,45,46,57,58,47,80,80,90,90,89,84,91,103,111,122,120,2025-09-04
4,6,하차,41,44,32,48,53,68,89,61,85,72,88,94,115,97,113,110,104,2025-09-04
2,9,승차,40,41,59,52,71,64,68,66,85,95,83,87,98,94,125,94,126,2025-09-04
1,3,승차,38,51,48,62,57,78,72,76,91,77,100,91,108,92,102,128,110,2025-09-04
1,4,하차,53,50,47,67,53,74,64,80,92,80,110,86,90,122,88,112,109,2025-09-04
1,6,하차,44,40,49,56,63,92,84,92,73,88,98,92,90,107,114,110,120,2025-09-04
1,4,승차,36,40,43,62,60,69,61,81,70,101,76,106,105,85,124,105,102,2025-09-04
1,1,승차,32,56,56,51,66,68,61,76,70,101,79,93,90,110,116,116,126,2025-09-04
3,7,하차,29,39,51,38,63,57,76,92,84,82,96,123,90,112,105,108,123,2025-09-04
4,5,승차,55,44,51,45,64,76,67,81,67,92,110,90,102,122,106,124,111,2025-09-04
2,8,하차,33,52,48,63,52,55,97,74,61,75,101,91,124,103,100,102,115,2025-09-04
3,9,승차,47,39,49,58,77,57,70,69,75,82,109,105,88,116,115,109,108,2025-09-04
4,5,하차,36,37,61,56,55,61,77,69,84,85,72,112,97,98,110,111,108,2025-09-04
1,8,하차,38,45,36,64,58,65,64,71,64,102,85,97,100,88,111,101,115,2025-09-04
4,1,하차,43,43,53,49,68,60,79,95,77,84,102,99,105,116,112,125,132,2025-09-04
4,1,승차,43,51,42,47,64,60,64,77,76,77,78,89,110,112,96,124,116,2025-09-04
1,7,승차,36,47,50,62,72,56,75,73,84,88,84,99,106,101,132,113,110,2025-09-04
1,6,승차,39,51,48,45,55,67,73,94,66,98,97,84,95,86,111,124,104,2025-09-04
1,5,승차,51,43,48,42,66,59,64,85,75,80,88,86,91,121,100,116,133,2025-09-04
2,5,하차,31,53,51,57,72,63,73,77,73,79,88,95,84,91,125,104,118,2025-09-04
1,9,하차,36,45,37,60,65,78,75,76,77,87,95,91,97,104,122,123,109,2025-09-04
2,1,하차,32,43,50,61,61,68,70,81,84,92,75,106,105,94,154,122,114,2025-09-04
1,8,승차,50,27,49,54,54,62,70,74,80,94,93,104,102,95,122,114,117,2025-09-04
2,2,승차,38,44,48,55,84,75,88,88,83,91,85,89,98,124,120,116,121,2025-09-04
4,7,승차,49,41,42,43,64,64,66,87,82,78,92,92,106,102,118,111,107,2025-09-04
3,6,하차,33,35,63,61,48,54,74,75,67,82,87,105,98,121,106,119,131,2025-09-04
4,2,승차,32,37,63,56,50,64,63,87,72,85,90,106,96,97,116,120,118,2025-09-04
4,3,승차,38,45,45,50,63,69,77,76,89,109,97,99,102,102,115,110,132,2025-09-04
1,4,하차,38,36,57,58,55,61,56,79,73,93,70,95,98,100,100,110,119,2025-09-04
2,7,하차,31,40,60,60,59,83,67,83,89,89,94,74,91,107,107,118,131,2025-09-04
3,8,승차,38,44,54,75,64,41,66,71,88,92,88,101,88,106,112,126,131,2025-09-04
1,2,하차,39,56,42,39,54,54,62,82,85,99,96,101,103,89,95,104,118,2025-09-04
1,8,승차,46,60,57,53,56,63,64,62,66,71,95,103,115,114,112,129,125,2025-09-04
1,9,하차,45,42,60,61,65,70,73,89,69,86,106,92,108,105,96,94,104,2025-09-04
4,7,하차,35,46,53,45,61,65,79,81,76,103,95,85,97,103,113,119,112,2025-09-04
2,1,하차,47,44,48,56,71,64,74,86,93,100,110,91,99,83,106,110,122,2025-09-04
2,6,승차,32,33,50,56,49,80,76,95,72,86,82,104,95,112,118,116,96,2025-09-04
3,8,승차,38,38,60,61,71,62,63,70,94,92,89,108,114,81,109,112,105,2025-09-04
2,5,승차,48,35,37,52,62,61,81,75,72,96,97,95,95,105,128,110,139,2025-09-04
2,2,하차,47,36,49,48,51,67,78,65,75,76,89,93,107,104,119,122,135,2025-09-04
1,5,하차,33,32,45,52,51,57,79,77,91,79,78,100,98,107,121,105,120,2025-09-04
1,8,하차,34,57,49,70,50,81,84,77,72,80,82,96,91,88,109,105,104,2025-09-04
4,2,하차,42,54,43,56,49,61,69,81,85,84,78,91,97,135,118,126,105,2025-09-04
1,1,승차,44,57,43,49,51,69,82,86,90,91,90,100,89,92,130,113,137,2025-09-04
1,4,승차,29,52,42,57,70,60,70,83,65,100,87,90,101,114,95,124,113,2025-09-04
1,4,승차,37,53,46,52,70,69,87,72,74,73,91,89,96,110,116,122,121,2025-09-04
1,9,하차,33,42,50,43,57,65,86,88,63,79,92,98,95,107,106,113,128,2025-09-04
4,3,하차,58,50,56,64,50,82,71,79,78,91,92,105,94,97,98,114,118,2025-09-04
1,4,승차,42,37,59,41,72,65,62,75,97,76,92,91,98,111,113,135,126,2025-09-04
3,3,하차,33,37,43,41,39,60,48,71,86,103,87,93,98,106,104,116,110,2025-09-04
3,2,승차,39,42,42,66,64,51,79,79,86,76,83,95,106,93,100,99,107,2025-09-04
3,4,하차,49,44,54,55,58,64,57,72,103,76,95,99,92,94,118,108,130,2025-09-04
3,8,하차,40,52,52,57,74,75,88,67,65,105,75,91,108,103,127,108,129,2025-09-04
1,1,승차,45,47,51,46,62,72,70,72,83,80,88,87,104,111,98,116,114,2025-09-04
3,8,승차,31,47,44,64,53,69,61,62,89,98,89,93,107,104,111,134,113,2025-09-04
1,8,하차,37,48,48,62,56,63,84,78,88,89,81,97,97,118,107,122,123,2025-09-04
4,3,승차,35,45,45,74,69,56,91,83,96,76,69,115,88,114,126,118,112,2025-09-04
3,6,승차,45,45,50,55,70,54,59,77,84,73,107,97,102,84,109,109,126,2025-09-04
2,4,하차,33,36,51,57,60,58,71,84,78,84,99,122,103,101,117,110,128,2025-09-04
3,1,하차,40,35,43,44,66,55,62,85,88,101,93,91,110,100,124,123,109,2025-09-04
3,1,하차,39,49,40,51,60,73,64,82,59,83,77,94,107,92,100,106,115,2025-09-04
1,5,승차,39,45,43,46,66,63,76,66,91,81,88,109,91,100,116,118,136,2025-09-04
3,8,하차,43,40,51,62,71,56,60,82,85,86,100,105,97,100,121,104,124,2025-09-04
2,1,하차,40,46,47,59,60,72,84,81,85,89,82,107,97,100,102,136,129,2025-09-04
1,2,하차,38,48,45,57,76,66,76,74,79,106,81,94,93,100,113,118,122,2025-09-04
1,7,하차,43,35,45,59,67,63,68,70,80,79,69,90,86,96,105,124,128,2025-09-04
4,8,하차,33,36,45,47,55,62,69,87,79,84,83,95,90,141,102,117,125,2025-09-04
4,3,승차,40,32,49,41,57,61,71,77,84,69,101,85,85,98,113,121,111,2025-09-04
3,8,하차,44,49,40,63,69,57,72,64,80,94,86,100,105,96,91,132,130,2025-09-04
4,1,하차,40,54,58,61,63,72,74,68,76,94,89,85,84,97,120,115,126,2025-09-04
4,9,승차,43,49,40,52,54,63,69,64,75,85,108,95,100,99,103,114,96,2025-09-04
4,2,하차,44,50,53,66,52,62,64,89,83,91,72,80,108,88,96,100,124,2025-09-04
1,2,하차,39,32,37,45,60,71,61,79,83,75,93,104,104,114,106,99,109,2025-09-04
1,4,승차,38,40,52,59,69,63,68,58,78,82,105,73,94,102,91,112,111,2025-09-04
1,3,하차,44,43,42,33,59,72,69,65,86,83,91,93,114,99,107,94,129,2025-09-04
4,4,승차,52,52,57,50,60,60,75,74,65,102,83,80,99,94,113,107,108,2025-09-04
1,6,하차,47,44,47,51,58,56,72,82,83,74,119,104,111,87,108,135,129,2025-09-04
4,7,승차,48,48,45,39,54,63,72,63,72,77,79,83,105,89,96,129,127,2025-09-04
1,5,승차,39,47,52,62,54,64,71,80,79,94,80,98,91,94,113,119,93,2025-09-04
1,2,하차,43,49,52,50,62,58,66,68,70,90,103,86,91,122,113,98,117,2025-09-04
2,3,승차,45,40,56,46,62,74,68,78,84,102,81,88,108,115,111,105,127,2025-09-04
3,3,승차,47,53,39,56,58,67,70,86,85,67,84,92,101,97,104,133,102,2025-09-04
4,5,하차,54,39,50,59,54,47,76,80,76,85,79,85,92,91,107,98,113,2025-09-04
2,5,하차,37,68,54,56,53,55,68,78,80,95,94,92,89,119,108,95,129,2025-09-04
1,4,승차,38,61,40,47,73,70,82,73,87,106,69,99,107,98,104,117,122,2025-09-04
4,8,하차,53,54,42,63,49,68,75,77,84,96,83,90,94,118,109,110,128,2025-09-04
1,6,승차,42,39,46,49,53,58,64,75,68,92,86,91,103,107,110,106,113,2025-09-04
3,6,승차,33,45,43,51,63,74,64,83,90,87,85,84,94,106,103,125,123,2025-09-04
2,1,하차,37,50,58,53,49,64,73,73,92,73,101,103,100,113,95,109,124,2025-09-04
3,6,하차,28,52,43,55,56,58,63,79,62,85,89,99,102,105,104,113,126,2025-09-04
2,3,승차,42,53,49,60,56,60,75,60,88,77,85,104,100,109,134,113,115,2025-09-04
1,6,하차,43,42,46,57,52,69,66,84,88,79,89,84,100,105,125,113,117,2025-09-04
3,6,하차,32,31,58,43,56,68,86,66,96,88,79,95,112,110,116,123,121,2025-09-04
3,2,승차,38,53,50,53,67,57,67,74,91,86,79,104,94,103,117,117,113,2025-09-04
1,1,승차,43,44,35,65,73,67,84,65,84,80,77,97,112,102,108,95,115,2025-09-04
3,3,승차,27,43,56,60,58,65,65,69,86,93,98,97,101,98,123,103,131,2025-09-04
4,5,승차,42,44,54,64,56,73,77,73,67,95,87,95,106,110,128,112,132,2025-09-04
2,4,승차,35,43,53,59,64,55,60,92,92,86,91,79,99,128,108,124,130,2025-09-04
2,7,승차,37,42,50,62,46,65,62,68,87,81,94,106,108,106,123,125,112,2025-09-04
2,4,하차,28,45,53,55,62,54,61,72,75,84,75,94,105,106,111,125,121,2025-09-04
4,8,승차,42,52,56,51,57,63,58,57,87,75,90,89,104,107,114,120,143,2025-09-04
2,7,하차,43,51,43,57,59,67,60,89,82,90,108,102,81,97,119,133,119,2025-09-04
1,9,하차,37,40,54,65,63,68,67,73,68,93,77,93,91,102,129,111,98,2025-09-04
3,1,승차,46,40,50,58,53,68,60,68,97,75,73,84,109,109,104,128,110,2025-09-04
4,5,하차,40,50,47,40,54,62,77,87,77,63,95,95,127,98,115,104,128,2025-09-04
2,4,승차,38,40,42,56,43,66,72,67,110,86,92,85,89,99,105,97,126,2025-09-04
1,6,하차,45,45,47,56,58,61,82,83,76,83,68,101,91,86,114,108,105,2025-09-04
3,1,승차,37,51,64,41,59,61,86,68,75,81,95,109,93,103,110,127,113,2025-09-04
3,6,승차,40,38,49,49,49,66,66,58,66,104,101,96,81,100,115,121,127,2025-09-04
4,1,승차,44,42,37,51,55,76,56,77,84,98,95,83,98,95,109,102,142,2025-09-04
4,1,승차,42,53,39,58,46,69,72,73,85,71,76,101,101,111,103,123,125,2025-09-04
4,8,하차,31,48,51,75,73,65,87,73,81,76,81,97,108,111,120,106,131,2025-09-04
1,2,하차,34,53,57,48,63,68,72,84,74,93,93,113,97,97,100,115,139,2025-09-04
1,6,하차,36,40,53,61,56,59,69,71,73,73,104,78,92,104,115,120,119,2025-09-04
4,6,하차,45,49,54,51,47,64,55,80,76,85,90,107,107,97,111,130,136,2025-09-04
2,6,하차,28,40,51,53,68,50,62,74,86,60,97,96,99,107,101,123,112,2025-09-04
3,8,승차,32,60,41,47,53,66,66,104,116,68,101,81,103,116,103,128,107,2025-09-04
3,4,승차,28,50,44,61,58,63,63,82,86,68,86,102,97,135,116,95,130,2025-09-04
1,3,승차,43,43,47,66,48,75,65,86,73,95,93,94,97,112,96,132,130,2025-09-04
3,6,승차,39,46,48,44,50,55,86,83,79,77,88,96,94,116,119,111,127,2025-09-04
2,4,승차,40,47,55,59,65,77,76,69,89,99,100,92,97,102,108,121,107,2025-09-04
3,2,하차,48,45,46,57,66,49,77,79,85,81,79,99,92,107,109,124,123,2025-09-04
1,6,승차,41,53,51,46,70,61,71,76,76,88,82,89,81,103,110,107,121,2025-09-04
1,5,승차,53,50,49,44,71,49,87,75,77,77,84,81,109,118,105,123,135,2025-09-04
2,9,하차,33,33,42,54,63,65,70,73,82,85,88,86,104,107,99,124,140,2025-09-04
2,6,하차,31,43,53,50,55,52,59,65,98,74,92,92,88,104,101,117,119,2025-09-04
3,3,승차,40,50,57,43,59,58,72,77,85,81,73,98,105,127,110,108,121,2025-09-04
3,5,승차,36,39,49,54,61,62,78,79,82,78,89,99,96,115,93,127,130,2025-09-04
1,8,하차,30,50,58,55,55,72,72,59,73,90,97,76,106,107,97,96,103,2025-09-04
2,9,승차,43,37,36,52,51,64,63,67,87,87,95,74,97,117,107,106,123,2025-09-04
2,8,승차,40,41,40,59,61,74,61,74,87,92,88,92,104,116,104,105,125,2025-09-04
2,3,승차,37,48,44,52,63,62,62,61,76,77,87,98,82,96,117,112,132,2025-09-04
3,9,하차,38,35,64,53,57,60,72,63,77,83,96,86,103,119,110,120,118,2025-09-04
2,3,승차,42,45,63,61,59,69,52,70,81,88,90,84,96,103,100,115,133,2025-09-04
1,8,승차,50,46,38,50,64,70,55,80,89,83,88,80,100,111,113,126,128,2025-09-04
1,9,하차,30,44,51,58,54,75,81,85,63,88,89,93,122,102,84,124,122,2025-09-04
3,7,하차,40,50,48,48,59,52,64,87,81,83,70,90,104,100,127,116,117,2025-09-04
4,4,하차,42,39,51,63,73,66,64,81,74,81,89,82,109,99,104,131,123,2025-09-04
3,9,승차,49,50,44,64,44,62,71,81,78,90,91,97,109,110,101,99,116,2025-09-04
4,3,하차,48,50,55,59,63,56,80,61,90,98,103,103,107,92,114,114,131,2025-09-04
2,3,승차,45,44,49,55,53,59,70,76,69,80,90,94,69,117,96,120,113,2025-09-04
3,2,하차,37,48,48,53,51,59,81,75,92,75,89,94,103,99,120,96,115,2025-09-04
1,3,승차,39,40,36,57,57,47,63,71,78,71,90,93,103,102,120,113,114,2025-09-04
2,1,하차,47,49,59,50,60,61,83,77,85,73,96,86,87,109,87,118,142,2025-09-04
1,4,승차,52,36,45,59,74,65,71,81,95,83,87,91,94,89,112,96,105,2025-09-04
2,8,승차,41,54,53,54,57,72,59,77,76,99,103,94,108,101,114,101,114,2025-09-04
3,5,하차,37,47,61,61,60,69,70,73,92,84,90,94,87,107,110,106,118,2025-09-04
4,2,하차,45,43,47,67,56,61,67,73,77,93,79,77,95,89,108,113,95,2025-09-04
2,3,승차,39,53,55,54,60,56,71,78,84,75,92,83,112,122,96,105,114,2025-09-04
4,1,하차,27,37,68,49,64,54,74,63,87,97,77,81,89,97,119,104,121,2025-09-04
2,2,승차,33,47,49,60,63,63,66,94,66,77,97,91,95,119,108,140,123,2025-09-04
1,1,하차,39,50,43,45,57,64,83,79,75,104,68,99,89,106,126,121,93,2025-09-04
1,2,하차,33,35,54,44,54,54,70,74,80,107,96,90,88,104,97,116,119,2025-09-04
2,3,승차,36,43,48,55,56,58,69,52,70,95,122,90,112,118,115,124,122,2025-09-04
4,1,하차,34,58,53,66,55,64,79,82,80,87,94,90,86,114,91,123,122,2025-09-04
3,9,하차,38,47,54,55,57,75,67,72,73,102,92,98,90,112,111,146,108,2025-09-04
3,5,승차,36,50,47,61,61,72,69,89,81,87,94,99,88,96,101,107,115,2025-09-04
1,8,승차,41,51,53,55,61,44,64,86,74,73,79,82,99,89,102,96,110,2025-09-04
3,5,하차,35,42,42,55,40,64,70,83,64,79,89,110,112,90,118,110,96,2025-09-04
1,8,승차,33,42,45,49,55,67,76,73,80,100,93,92,91,104,122,112,124,2025-09-04
3,7,하차,33,35,50,55,62,82,54,73,77,81,84,110,104,125,112,120,130,2025-09-04
2,4,하차,39,42,33,53,49,59,62,81,82,70,94,108,96,111,95,126,124,2025-09-04
1,7,승차,45,45,42,50,69,63,84,73,87,88,86,102,94,90,92,107,125,2025-09-04
1,6,승차,40,39,62,55,57,69,77,75,79,82,74,100,107,102,107,97,114,2025-09-04
2,3,승차,37,43,46,42,51,55,68,80,81,107,99,102,93,101,125,102,120,2025-09-04
1,9,승차,39,47,43,51,62,74,76,72,92,82,79,99,109,108,96,125,130,2025-09-04
3,9,승차,44,51,66,47,66,70,53,70,82,85,87,82,96,120,112,123,100,2025-09-04
3,5,승차,46,49,48,43,61,71,93,80,82,71,80,85,92,110,115,112,110,2025-09-04
1,8,하차,47,46,43,54,58,63,72,85,91,73,86,91,93,94,110,106,108,2025-09-04
3,7,하차,39,46,53,46,68,79,72,77,104,80,90,98,102,95,108,117,122,2025-09-04
4,9,승차,40,40,55,43,56,61,59,80,81,75,105,100,106,88,124,116,124,2025-09-04
1,7,하차,42,53,67,53,63,64,67,81,80,84,95,101,93,88,116,129,118,2025-09-04
2,4,하차,33,57,48,65,58,67,73,50,61,91,74,93,103,101,121,107,121,2025-09-04
4,4,하차,35,53,47,53,61,66,50,76,80,92,94,95,104,132,112,128,119,2025-09-04
1,8,하차,36,37,44,77,57,68,67,77,71,85,88,100,82,111,118,91,130,2025-09-04
2,6,승차,42,48,60,57,57,72,86,67,80,92,100,114,102,104,125,121,100,2025-09-04
3,9,하차,34,38,47,57,56,56,82,78,73,88,87,92,122,108,98,125,113,2025-09-04
2,7,하차,42,45,53,60,62,65,71,79,93,89,89,101,115,89,118,112,123,2025-09-04
4,7,승차,49,41,53,41,62,78,65,67,85,88,92,96,100,108,105,94,119,2025-09-04
3,4,승차,32,44,54,54,56,63,58,80,77,75,91,96,100,119,106,119,128,2025-09-04
1,3,승차,35,52,69,60,49,74,70,75,73,87,89,79,90,125,105,120,135,2025-09-04
3,8,승차,35,43,44,52,49,74,75,52,78,92,79,101,84,109,118,146,112,2025-09-04
1,7,하차,40,46,35,54,71,80,72,60,90,88,87,74,117,97,115,120,120,2025-09-04
1,4,승차,40,72,58,68,71,58,56,83,81,81,95,94,97,107,103,100,136,2025-09-04
2,4,하차,40,57,47,62,53,69,63,64,88,82,103,105,93,114,110,111,132,2025-09-04
2,1,하차,29,43,49,58,64,74,74,72,73,92,89,87,106,107,106,103,106,2025-09-04
2,7,승차,43,52,59,56,61,76,70,76,97,91,88,106,95,89,118,139,129,2025-09-04
4,1,승차,35,55,45,65,77,64,71,78,84,100,80,91,95,122,140,120,116,2025-09-04
4,4,승차,38,39,46,43,77,49,65,98,70,81,89,101,101,127,119,130,135,2025-09-04
2,3,승차,51,46,60,50,60,61,76,82,83,97,93,101,110,101,124,100,136,2025-09-04
4,3,승차,39,41,37,55,47,63,72,81,81,97,86,108,107,101,114,122,133,2025-09-04
3,1,승차,35,37,57,46,52,70,73,68,86,83,89,99,115,108,121,106,128,2025-09-04
3,4,하차,36,44,49,53,60,73,77,78,83,81,79,109,105,112,103,136,103,2025-09-04
4,1,하차,36,52,57,57,61,66,62,75,78,90,85,93,107,104,115,106,124,2025-09-04
4,8,하차,39,52,52,50,52,89,62,81,79,108,88,94,112,111,106,107,113,2025-09-04
3,1,하차,37,44,64,51,59,72,71,83,66,77,87,99,123,106,94,121,108,2025-09-04
1,6,승차,43,40,58,54,58,66,58,69,93,93,96,113,115,92,110,123,96,2025-09-04
3,7,승차,41,52,53,55,66,75,74,72,91,77,82,109,88,97,99,126,131,2025-09-04
3,2,하차,32,36,46,59,68,70,67,81,78,80,83,113,109,107,108,107,115,2025-09-04
4,4,하차,35,37,53,52,57,77,68,72,81,75,90,113,111,109,116,101,108,2025-09-04
3,3,하차,44,52,62,51,71,70,69,76,71,80,85,104,94,114,123,97,121,2025-09-04
4,9,승차,41,56,52,52,62,67,63,61,77,86,97,100,103,109,82,127,121,2025-09-04
4,7,승차,41,39,38,51,53,97,59,69,70,94,95,93,119,104,97,105,121,2025-09-04
2,2,승차,42,46,60,38,65,75,75,88,78,93,98,93,91,110,118,93,120,2025-09-04
3,6,하차,36,57,45,53,62,65,72,64,84,84,85,103,102,107,128,97,115,2025-09-04
1,9,하차,36,45,58,62,71,63,75,92,72,100,71,93,92,85,108,121,109,2025-09-04
2,3,승차,41,45,51,63,60,58,72,66,77,77,102,97,117,104,95,125,141,2025-09-04
4,6,승차,39,32,55,59,47,60,74,83,76,83,82,101,99,105,119,122,121,2025-09-04
4,3,하차,36,45,43,50,60,67,67,81,73,88,86,80,115,107,105,118,119,2025-09-04
1,3,하차,32,46,45,58,54,62,65,75,84,92,77,81,94,84,118,108,135,2025-09-04
4,4,승차,37,50,46,45,59,66,65,80,80,93,89,100,116,114,93,131,112,2025-09-04
3,9,하차,60,60,50,56,49,59,68,82,84,111,100,107,89,126,106,126,117,2025-09-04
2,8,승차,38,48,52,50,55,72,71,82,90,78,94,80,106,108,122,114,123,2025-09-04
4,1,승차,43,49,62,69,55,58,80,67,75,72,88,102,100,107,89,101,133,2025-09-04
4,1,하차,39,42,52,49,58,62,62,74,70,90,80,98,97,108,124,117,137,2025-09-04
1,7,하차,46,42,41,52,65,67,82,83,90,87,82,82,91,110,106,136,134,2025-09-04
3,3,하차,38,40,62,53,56,58,66,66,89,93,83,89,92,117,130,103,111,2025-09-04
4,7,승차,46,62,53,57,82,57,76,66,74,79,105,108,92,102,108,108,129,2025-09-04
1,9,하차,46,47,39,67,77,57,68,91,96,82,108,105,108,135,114,136,129,2025-09-04
4,3,하차,34,52,49,54,42,67,52,68,66,73,85,99,110,93,97,120,112,2025-09-04
1,3,승차,45,41,52,65,58,72,58,76,72,73,79,96,109,92,112,110,139,2025-09-04
1,2,승차,38,50,48,62,59,56,78,85,80,74,88,108,92,90,98,106,118,2025-09-04
3,1,하차,40,46,58,57,63,60,64,81,79,101,79,78,89,97,121,121,115,2025-09-04
4,9,승차,43,30,51,54,61,62,71,63,59,88,91,95,108,111,116,117,131,2025-09-04
3,6,승차,32,48,47,40,58,67,71,78,81,75,102,98,105,94,122,105,99,2025-09-04
1,6,승차,42,47,53,72,67,74,75,82,83,98,79,85,104,101,113,100,111,2025-09-04
2,8,하차,49,44,41,44,54,65,64,75,89,86,97,77,101,106,116,118,121,2025-09-04
4,5,하차,31,47,52,71,65,66,60,84,76,66,99,94,98,108,105,101,121,2025-09-04
2,9,승차,40,46,58,52,59,68,72,83,75,81,91,95,92,107,116,109,124,2025-09-04
4,5,승차,21,45,43,46,56,60,68,87,91,77,83,99,103,106,100,135,134,2025-09-04
3,2,승차,41,52,66,49,44,69,76,75,89,82,81,82,83,100,114,105,137,2025-09-04
3,6,하차,49,51,65,58,55,76,69,91,80,68,92,111,86,95,118,100,129,2025-09-04
3,9,승차,45,40,48,67,62,58,62,73,74,78,83,91,75,105,113,115,116,2025-09-04
3,3,승차,40,43,45,46,56,68,69,73,70,87,75,89,94,106,90,118,113,2025-09-04
3,4,하차,41,48,45,50,58,77,83,59,82,87,113,101,108,93,89,111,104,2025-09-04
2,8,승차,39,45,38,52,69,84,72,77,73,68,102,89,95,89,119,120,111,2025-09-04
3,6,하차,41,52,62,60,50,62,75,75,82,89,74,101,97,106,113,107,106,2025-09-04
1,7,하차,33,47,67,64,52,81,78,78,67,69,74,84,85,104,110,119,114,2025-09-04
1,7,하차,40,59,47,66,57,60,61,84,69,100,79,96,98,109,92,129,119,2025-09-04
2,4,승차,30,39,53,55,52,61,80,68,84,88,99,88,89,108,105,127,123,2025-09-04
4,6,승차,30,49,45,48,57,57,69,79,79,69,84,89,104,105,79,115,134,2025-09-04
1,9,하차,44,39,41,53,50,66,72,73,79,96,95,95,95,111,116,112,124,2025-09-04
4,3,승차,43,57,54,58,62,59,67,68,83,79,81,89,116,88,107,111,113,2025-09-04
2,8,하차,39,49,54,50,63,69,77,91,71,91,98,93,104,130,115,117,117,2025-09-04
4,7,승차,41,71,55,55,56,80,58,82,72,90,82,96,101,100,97,121,116,2025-09-04
4,4,하차,47,44,42,59,64,65,77,93,88,84,77,81,97,105,109,109,115,2025-09-04
4,3,하차,34,44,54,44,74,82,69,85,96,74,81,101,101,91,122,105,127,2025-09-04
4,7,승차,42,38,50,48,69,59,71,67,64,92,90,106,88,106,114,108,113,2025-09-04
2,9,승차,46,52,54,58,54,81,63,81,76,94,95,103,101,107,93,107,121,2025-09-04
1,3,승차,48,41,55,40,68,64,76,78,84,91,76,103,95,117,107,99,130,2025-09-04
3,9,승차,31,41,43,53,62,56,84,71,80,93,88,109,91,126,99,114,142,2025-09-04
4,8,하차,54,43,57,72,52,62,82,86,67,89,99,102,106,107,113,116,118,2025-09-04
1,3,하차,44,47,49,52,51,63,72,71,75,84,92,89,104,88,111,109,120,2025-09-04
1,8,승차,46,53,51,80,54,65,67,65,71,73,95,99,95,103,124,113,137,2025-09-04
2,4,승차,44,51,56,72,63,58,68,70,103,102,93,105,115,118,114,114,121,2025-09-04
1,6,하차,40,41,45,46,65,58,66,61,82,77,78,109,105,104,107,106,132,2025-09-04
2,2,승차,43,47,49,58,54,56,70,65,80,94,116,95,93,106,131,135,117,2025-09-04
4,8,승차,37,53,60,58,67,61,66,77,86,76,86,92,93,99,117,119,146,2025-09-04
4,9,승차,37,43,63,56,63,69,79,61,78,66,98,97,129,101,102,97,106,2025-09-04
3,7,승차,42,49,57,48,61,75,59,86,68,92,92,96,118,104,105,109,131,2025-09-04
3,8,하차,51,41,43,53,53,70,67,83,86,76,92,89,90,118,116,123,117,2025-09-04
3,7,하차,51,38,56,61,58,50,70,72,72,81,84,86,105,83,112,133,125,2025-09-04
1,4,승차,47,54,43,62,68,69,58,75,102,93,77,116,115,102,114,109,119,2025-09-04
4,1,하차,44,49,46,50,61,71,67,91,77,91,95,100,93,124,95,102,134,2025-09-04
2,3,승차,46,44,51,54,56,66,69,70,81,79,94,87,98,115,95,113,125,2025-09-04
3,7,승차,44,51,53,61,56,59,66,81,70,97,103,79,115,120,91,115,108,2025-09-04
2,7,승차,33,47,37,56,60,76,61,80,92,66,78,81,94,104,102,119,131,2025-09-04
2,3,하차,37,43,52,57,57,62,67,78,83,81,88,90,81,107,109,126,121,2025-09-04
3,1,하차,40,42,56,64,47,64,70,71,77,81,97,99,100,118,108,119,108,2025-09-04
4,9,하차,41,49,48,60,68,85,70,86,86,87,86,88,105,108,98,103,104,2025-09-04
3,6,하차,37,43,51,68,55,53,54,73,78,83,103,106,103,125,108,132,103,2025-09-04
2,7,하차,46,48,45,49,50,57,69,76,86,67,88,112,106,110,105,118,127,2025-09-04
3,1,승차,40,46,52,47,62,76,83,80,81,81,81,86,103,104,87,114,112,2025-09-04
2,1,승차,33,34,43,54,67,77,70,73,81,77,79,79,102,99,105,101,113,2025-09-04
2,4,하차,43,45,78,62,71,61,79,82,66,87,104,109,83,104,115,108,115,2025-09-04
3,7,하차,39,44,61,57,64,64,76,77,77,77,96,100,98,107,116,115,126,2025-09-04
1,8,하차,31,55,51,43,42,61,73,88,80,89,100,97,117,110,122,131,131,2025-09-04
3,9,승차,45,44,45,56,55,66,63,73,68,82,96,96,104,97,109,112,144,2025-09-04
1,1,하차,35,53,52,56,65,65,78,88,75,96,76,113,82,104,119,112,114,2025-09-04
2,4,승차,39,43,52,50,72,56,74,68,68,77,84,102,99,100,91,109,125,2025-09-04
2,4,승차,33,46,57,41,62,71,64,75,81,78,78,105,97,90,106,107,130,2025-09-04
1,3,하차,45,49,58,76,68,61,63,86,88,86,101,88,95,111,119,112,146,2025-09-04
2,7,승차,32,46,54,46,49,61,57,83,70,65,81,75,108,97,101,96,109,2025-09-04
1,1,승차,39,45,42,60,62,69,84,62,79,87,85,91,100,96,124,110,129,2025-09-04
1,9,하차,51,48,44,67,64,82,84,70,82,91,94,96,85,105,126,113,133,2025-09-04
2,8,승차,35,46,56,44,63,54,79,71,76,80,92,79,91,101,94,93,129,2025-09-04
4,2,하차,37,58,50,55,58,65,84,65,100,103,107,102,102,102,114,102,138,2025-09-04
1,2,승차,35,45,42,67,80,67,75,67,66,93,108,102,97,106,97,130,114,2025-09-04
3,8,하차,47,38,37,59,54,59,86,86,67,88,99,103,106,109,104,107,126,2025-09-04
3,1,하차,27,39,49,60,67,62,72,57,83,84,84,90,88,107,96,116,126,2025-09-04
2,7,승차,34,50,49,71,58,74,67,81,71,82,92,94,93,105,105,122,108,2025-09-04
4,9,하차,43,51,58,51,45,59,70,80,84,80,87,80,104,114,113,108,108,2025-09-04
2,3,승차,37,46,52,60,41,59,64,84,71,89,95,90,106,106,98,112,122,2025-09-04
4,7,승차,43,47,54,54,50,58,71,86,90,86,79,89,87,115,118,127,129,2025-09-04
1,6,하차,37,49,48,64,52,62,70,70,96,88,97,92,109,122,112,117,130,2025-09-04
1,7,승차,35,52,53,59,68,75,52,75,79,92,101,110,91,91,108,105,110,2025-09-04
1,7,하차,40,51,50,46,47,69,72,79,73,79,87,80,97,104,112,138,115,2025-09-04
1,1,승차,47,43,50,65,67,73,70,77,83,90,80,93,95,90,105,127,109,2025-09-04
3,3,승차,50,44,36,60,56,65,75,75,78,95,99,95,93,97,113,105,123,2025-09-04
3,1,하차,26,37,35,49,67,81,55,63,81,80,87,106,105,100,118,127,99,2025-09-04
2,5,승차,40,31,52,59,58,70,84,66,58,83,83,109,100,105,126,105,116,2025-09-04
4,3,승차,44,32,49,58,48,67,81,75,84,72,81,102,88,106,107,104,113,2025-09-04
1,1,승차,41,36,48,46,56,66,72,87,81,86,84,96,104,106,118,105,123,2025-09-04
1,2,승차,38,48,42,57,64,55,70,75,75,71,98,87,122,97,105,115,118,2025-09-04
4,5,승차,37,47,50,59,63,55,72,84,70,98,85,105,114,122,143,117,130,2025-09-04
4,3,승차,57,31,44,56,56,69,81,66,95,94,92,75,99,130,99,109,114,2025-09-04
2,6,승차,46,51,55,60,62,62,74,83,76,75,101,82,97,97,93,108,106,2025-09-04
4,9,승차,39,39,39,60,57,69,75,67,72,75,110,86,94,86,111,105,106,2025-09-04
1,6,하차,32,47,47,50,62,53,79,85,93,90,85,96,89,98,108,104,124,2025-09-04
1,2,승차,27,47,48,50,51,62,61,77,84,81,91,78,90,101,111,101,95,2025-09-04
1,2,승차,47,39,62,56,70,72,70,80,72,96,84,99,102,90,106,121,120,2025-09-04
1,8,하차,34,52,54,59,60,64,72,75,68,81,80,96,96,106,130,112,108,2025-09-04
1,8,하차,40,38,48,58,64,58,71,84,83,78,82,90,92,119,117,118,133,2025-09-04
2,6,하차,50,53,51,53,60,58,63,85,103,64,96,111,97,121,105,122,101,2025-09-04
1,7,승차,32,50,73,65,64,68,74,67,71,104,78,99,100,107,113,119,103,2025-09-04
2,1,하차,30,51,42,57,61,69,69,82,86,86,97,103,88,116,92,105,120,2025-09-04
1,9,하차,50,43,48,53,50,64,63,61,84,89,89,90,91,108,106,124,109,2025-09-04
3,5,승차,49,37,51,49,59,66,85,74,88,85,101,101,100,111,102,120,133,2025-09-04
3,9,승차,34,41,45,59,66,72,75,88,79,84,88,89,109,106,116,110,111,2025-09-04
3,2,하차,37,42,43,63,41,63,70,88,74,95,82,99,93,100,113,118,132,2025-09-04
3,8,하차,42,52,56,53,54,73,60,79,75,85,90,100,106,122,111,114,109,2025-09-04
2,7,승차,42,50,50,48,58,71,81,72,81,86,89,107,107,97,96,109,126,2025-09-04
2,4,승차,49,58,56,44,64,64,64,77,76,79,103,103,93,90,103,121,129,2025-09-04
4,3,승차,46,57,44,61,59,65,86,68,80,92,95,85,101,99,107,115,131,2025-09-04
1,4,승차,44,56,41,60,59,58,73,76,86,85,101,71,108,95,106,109,136,2025-09-04
3,4,승차,48,54,47,68,43,67,61,87,84,83,80,103,88,103,97,103,107,2025-09-04
2,8,하차,42,46,57,56,68,64,74,77,67,77,87,88,96,123,105,120,122,2025-09-04
1,4,승차,39,44,47,52,74,66,61,65,80,80,76,102,96,102,105,131,125,2025-09-04
1,5,승차,29,48,48,69,59,50,61,65,90,84,102,94,85,107,99,123,130,2025-09-04
2,2,승차,39,56,48,53,60,63,72,72,80,95,85,103,110,114,89,112,118,2025-09-04
3,4,승차,52,51,51,66,73,60,67,82,91,82,85,118,96,94,118,100,116,2025-09-04
4,7,승차,47,44,37,47,64,57,67,70,78,102,100,94,101,105,100,149,112,2025-09-04
1,3,하차,44,54,57,55,73,73,90,72,65,79,87,85,92,111,106,105,105,2025-09-04
4,1,승차,40,40,57,53,64,64,52,61,91,82,105,97,91,104,111,116,115,2025-09-04
3,8,하차,33,42,62,64,59,77,79,76,80,91,102,86,98,113,126,107,120,2025-09-04
3,8,승차,25,43,47,61,58,73,66,66,69,88,90,101,111,96,106,126,110,2025-09-04
4,6,하차,46,49,45,49,66,63,70,75,63,75,81,91,97,103,92,122,105,2025-09-04
3,7,하차,41,46,59,59,54,55,86,67,88,86,74,91,87,110,107,112,118,2025-09-04
1,2,승차,41,36,51,52,63,62,71,76,74,91,97,96,102,105,114,105,112,2025-09-04
4,5,승차,50,50,41,43,67,64,77,67,66,90,87,95,96,130,115,97,109,2025-09-04
3,7,승차,44,41,51,52,48,63,80,69,77,90,86,103,98,91,109,97,104,2025-09-04
4,9,승차,59,48,56,55,53,68,80,67,73,90,106,103,110,103,132,129,105,2025-09-04
1,1,승차,36,39,42,52,58,54,80,78,83,89,76,92,105,90,137,114,104,2025-09-04
3,3,하차,45,41,39,61,71,81,67,74,96,100,80,110,105,135,133,117,121,2025-09-04
1,6,승차,42,43,44,57,53,57,64,93,88,72,88,84,89,106,95,112,106,2025-09-04
3,7,승차,37,39,49,48,74,77,73,74,94,89,91,101,104,110,117,112,108,2025-09-04
2,6,하차,35,52,48,69,49,69,83,73,77,88,79,83,86,118,110,132,144,2025-09-04
3,1,승차,46,37,50,52,68,69,73,69,77,82,91,96,105,115,106,133,133,2025-09-04
4,4,하차,33,43,45,56,51,70,77,77,109,92,86,94,115,101,116,111,114,2025-09-04
3,6,승차,48,50,46,59,68,58,62,81,84,76,99,101,109,99,124,100,114,2025-09-04
1,8,하차,38,44,53,41,60,75,81,80,88,96,99,99,78,111,103,123,131,2025-09-04
1,4,승차,41,50,59,63,54,59,60,88,102,82,107,106,112,99,121,112,127,2025-09-04
3,7,하차,34,39,48,63,54,68,76,81,81,86,115,88,108,106,104,105,101,2025-09-04
4,3,하차,37,31,54,51,53,65,66,74,71,90,93,85,114,111,108,109,128,2025-09-04
2,8,승차,44,50,40,58,75,76,66,89,75,90,80,90,91,113,103,103,127,2025-09-04
4,1,승차,36,50,49,53,67,60,68,85,67,89,86,86,106,122,110,122,129,2025-09-04
2,4,승차,29,39,45,51,54,75,59,79,69,82,93,89,117,101,99,108,129,2025-09-04
1,8,하차,47,51,64,57,52,70,70,77,72,98,94,101,92,103,103,105,125,2025-09-04
4,4,하차,39,63,63,52,56,93,72,78,77,84,92,95,101,91,110,110,133,2025-09-04
2,2,하차,38,57,46,41,61,67,60,74,94,98,92,103,105,91,106,114,123,2025-09-04
3,2,승차,50,37,49,52,67,53,68,68,86,88,78,94,98,86,109,118,109,2025-09-04
1,4,승차,37,47,46,52,56,67,67,75,93,98,78,101,97,101,115,125,110,2025-09-04
3,4,하차,33,47,53,46,50,52,61,87,78,94,104,89,99,123,107,104,126,2025-09-04
1,2,승차,53,37,48,51,72,61,64,70,80,89,93,95,110,97,115,99,124,2025-09-04
4,7,하차,52,49,60,47,59,69,76,54,83,69,89,102,82,99,135,145,113,2025-09-04
4,6,승차,31,47,47,48,56,57,54,89,81,71,94,81,103,108,110,108,122,2025-09-04
1,3,승차,32,48,60,59,55,61,64,62,83,82,88,98,78,99,104,113,115,2025-09-04
1,8,하차,40,47,44,50,62,69,62,69,76,85,99,100,89,100,114,132,99,2025-09-04
1,8,승차,45,59,58,54,72,70,50,78,98,90,86,103,86,121,96,108,122,2025-09-04
4,1,승차,38,38,48,64,56,60,67,74,82,77,97,86,95,102,106,121,101,2025-09-04
2,3,승차,44,41,49,51,69,77,74,71,86,80,80,95,109,114,103,109,96,2025-09-04
3,5,승차,37,47,46,42,44,62,74,81,79,83,93,96,94,110,109,130,119,2025-09-04
3,2,승차,29,35,53,61,54,62,72,64,81,82,74,77,110,99,110,103,107,2025-09-04
4,5,하차,48,46,50,50,71,58,79,70,92,74,83,88,83,92,113,113,149,2025-09-04
3,3,승차,37,40,60,51,66,76,65,84,79,98,89,101,115,87,96,108,127,2025-09-04
1,9,하차,31,46,47,57,62,68,74,92,72,77,115,90,87,87,124,104,132,2025-09-04
2,1,승차,40,38,55,61,54,59,78,64,67,82,79,81,94,103,95,117,124,2025-09-04
3,4,승차,34,46,49,45,70,53,77,85,75,75,73,90,96,93,131,121,116,2025-09-04
2,6,하차,46,41,57,67,61,68,85,74,72,104,98,96,78,95,111,134,115,2025-09-04
1,9,하차,42,48,46,56,76,62,62,90,76,72,76,121,93,129,124,130,125,2025-09-04
3,3,승차,41,42,37,60,62,66,70,71,70,74,77,94,107,116,110,122,101,2025-09-04
4,3,승차,41,43,48,55,66,61,65,68,99,91,84,87,91,96,97,118,125,2025-09-04
2,5,하차,33,43,42,58,70,71,88,78,75,102,104,77,109,101,117,125,111,2025-09-04
1,7,하차,45,45,64,47,61,66,68,97,100,87,99,98,114,86,100,115,134,2025-09-04
2,5,하차,38,47,43,50,64,71,71,85,79,76,81,85,103,94,124,113,124,2025-09-04
3,8,하차,48,46,45,74,54,77,63,78,75,96,105,106,103,104,92,117,119,2025-09-04
3,5,승차,37,49,51,65,71,67,62,84,91,87,87,91,102,114,119,96,113,2025-09-04
4,7,승차,50,45,46,56,78,43,66,80,85,83,78,115,109,122,116,109,100,2025-09-04
1,6,승차,47,43,54,36,70,55,69,85,70,90,85,97,81,110,104,120,113,2025-09-04
1,2,승차,41,44,32,58,75,74,84,78,88,76,89,85,91,120,113,117,140,2025-09-04
4,3,승차,35,48,34,46,64,68,70,69,84,95,102,93,96,95,99,128,110,2025-09-04
4,4,하차,36,37,47,62,48,58,68,93,66,107,93,92,89,105,97,104,95,2025-09-04
1,5,하차,39,37,47,44,59,65,80,74,76,82,112,92,92,90,105,107,113,2025-09-04
2,9,하차,30,42,38,58,61,56,85,85,90,79,92,81,112,107,104,113,109,2025-09-04
2,6,승차,40,33,47,61,55,55,70,65,82,81,80,95,107,97,107,124,149,2025-09-04
4,1,하차,35,36,55,49,73,69,63,68,95,83,100,96,102,108,120,104,135,2025-09-04
2,3,승차,37,43,57,51,66,61,46,78,82,93,90,97,66,115,105,107,122,2025-09-04
1,7,승차,42,47,44,57,58,61,71,76,83,84,103,109,99,126,95,104,100,2025-09-04
3,8,승차,34,45,57,56,56,64,86,68,70,89,111,105,94,133,90,112,119,2025-09-04
3,7,하차,30,42,29,51,81,79,74,86,85,75,79,89,105,98,123,121,120,2025-09-04
2,5,승차,40,35,56,67,65,63,70,81,81,84,109,82,92,113,116,124,109,2025-09-04
4,8,승차,48,35,50,58,61,67,82,86,83,82,74,83,123,107,110,120,137,2025-09-04
4,9,하차,47,53,41,56,62,71,70,81,86,74,95,108,105,106,122,118,121,2025-09-04
4,7,승차,58,53,43,56,71,73,86,70,71,85,95,88,75,100,78,104,97,2025-09-04
4,9,하차,47,37,43,57,54,61,66,61,79,85,82,86,96,88,117,132,114,2025-09-04
4,1,승차,43,48,60,66,55,84,79,78,77,60,92,89,105,111,114,114,118,2025-09-04
2,9,하차,30,48,53,55,59,80,85,80,109,100,100,96,100,115,111,104,122,2025-09-04
3,3,승차,49,42,45,48,66,55,69,71,85,79,101,91,100,95,115,103,120,2025-09-04
3,6,승차,38,45,39,63,61,58,52,79,83,90,89,88,95,103,98,90,124,2025-09-04
2,8,하차,54,49,62,66,53,69,54,72,87,101,86,94,121,112,105,113,112,2025-09-04
4,3,승차,37,38,54,39,49,57,85,66,70,96,92,106,98,115,118,133,134,2025-09-04
2,4,하차,33,42,44,59,63,66,55,72,71,74,90,97,105,112,119,116,109,2025-09-04
3,7,승차,39,44,47,66,61,74,78,59,83,87,111,111,100,99,95,101,100,2025-09-04
1,7,하차,40,40,61,57,66,65,62,66,80,91,87,96,104,104,125,127,127,2025-09-04
2,4,승차,38,47,47,59,54,57,76,88,79,78,111,104,106,102,108,102,124,2025-09-04
4,9,승차,33,46,50,57,58,79,58,66,85,78,114,107,91,107,89,119,101,2025-09-04
3,3,승차,48,42,46,71,69,54,72,68,74,78,90,87,96,102,99,127,136,2025-09-04
3,8,하차,27,48,49,45,49,64,66,71,74,93,106,98,128,119,114,85,110,2025-09-04
3,8,하차,47,50,44,55,53,82,57,67,81,86,91,94,99,89,119,122,113,2025-09-04
3,4,하차,37,54,49,68,65,73,75,89,75,103,98,91,96,117,114,114,117,2025-09-04
4,7,하차,32,43,48,41,65,65,76,89,79,92,117,94,97,100,114,125,123,2025-09-04
1,4,하차,34,38,51,58,55,61,86,77,83,80,96,102,89,86,118,98,127,2025-09-04
3,1,승차,34,54,50,54,64,68,72,75,89,82,92,101,91,114,108,121,111,2025-09-04
2,1,승차,30,49,43,35,48,58,72,54,80,95,105,94,90,96,105,98,136,2025-09-04
1,1,승차,35,43,57,60,62,60,64,84,74,86,94,90,101,112,132,102,120,2025-09-04
3,2,승차,36,44,61,63,59,70,61,84,73,72,89,69,112,108,117,108,105,2025-09-04
1,6,승차,44,44,51,41,61,41,72,69,86,91,87,86,89,102,117,114,132,2025-09-04
2,5,하차,40,48,46,61,51,69,66,61,79,79,92,109,101,103,93,122,123,2025-09-04
3,2,승차,44,56,52,63,49,75,80,89,67,93,94,113,80,105,111,124,107,2025-09-04
2,8,하차,32,63,50,54,56,61,77,74,85,87,88,74,110,104,117,110,125,2025-09-04
4,9,승차,30,48,58,49,62,61,60,66,79,59,83,95,99,110,103,106,126,2025-09-04
3,7,하차,42,39,50,44,69,69,71,101,72,73,101,105,115,108,122,106,125,2025-09-04
3,9,하차,32,40,55,47,58,60,78,97,92,84,85,85,107,104,128,98,117,2025-09-04
3,4,하차,38,47,61,57,68,68,70,81,92,89,87,107,104,120,96,102,130,2025-09-04
3,7,승차,40,42,49,63,59,63,71,69,77,83,75,93,94,102,113,109,136,2025-09-04
4,5,승차,39,43,48,58,67,58,82,83,83,78,109,90,84,100,123,109,134,2025-09-04
3,5,승차,39,44,47,57,63,61,73,82,81,92,113,80,106,104,97,115,121,2025-09-04
1,3,승차,35,54,62,60,63,73,72,68,81,80,73,79,104,105,96,138,121,2025-09-04
3,9,하차,37,42,50,76,54,60,81,90,89,78,88,85,100,105,121,129,127,2025-09-04
4,5,하차,39,43,49,53,59,70,64,88,83,85,105,75,89,123,111,115,109,2025-09-04
3,6,하차,55,45,40,64,70,52,71,75,72,96,85,107,100,99,105,122,107,2025-09-04
1,3,하차,34,43,51,71,56,74,72,82,79,76,94,94,115,111,106,102,120,2025-09-04
4,7,승차,34,38,55,48,50,57,55,79,80,82,109,103,117,90,97,112,110,2025-09-04
4,9,하차,36,41,37,65,61,58,65,78,91,77,87,99,110,90,112,117,133,2025-09-04
1,9,승차,34,49,45,58,62,66,67,74,92,87,76,96,93,122,115,129,108,2025-09-04
1,5,하차,32,46,46,55,43,60,78,64,80,82,85,106,97,97,106,112,110,2025-09-04
1,7,하차,35,53,48,44,67,60,55,68,92,80,97,88,88,111,103,109,110,2025-09-04
1,3,하차,36,50,52,41,56,50,81,71,82,87,84,98,104,89,92,117,119,2025-09-04
1,6,승차,27,51,41,53,62,71,76,87,95,84,85,88,84,110,114,119,125,2025-09-04
4,8,승차,40,40,55,54,69,58,75,55,86,74,97,110,119,118,111,124,112,2025-09-04
4,8,하차,46,35,49,50,55,63,61,60,78,73,103,95,98,112,117,125,130,2025-09-04
3,2,하차,41,39,47,43,58,77,74,76,86,72,91,97,83,123,112,113,124,2025-09-04
3,6,하차,44,55,44,52,46,79,69,79,75,95,73,83,92,93,99,120,124,2025-09-04
2,7,승차,47,35,51,48,63,56,72,96,69,70,108,105,109,105,115,109,117,2025-09-04
3,7,승차,28,41,48,59,51,79,68,76,75,85,81,105,110,114,117,118,107,2025-09-04
3,3,승차,39,42,42,62,53,67,65,67,76,78,96,86,114,123,114,107,128,2025-09-04
1,9,하차,41,40,37,63,59,74,71,64,70,99,78,96,107,96,108,120,120,2025-09-04
1,2,승차,34,47,42,64,61,59,67,90,87,68,81,99,105,124,112,128,126,2025-09-04
3,3,하차,42,49,50,54,54,68,56,63,78,94,95,81,123,91,100,102,109,2025-09-04
2,2,승차,44,53,43,55,51,62,65,74,75,77,78,96,105,101,118,103,128,2025-09-04
1,9,하차,38,34,50,44,64,76,61,90,72,78,93,102,110,118,126,109,121,2025-09-04
3,4,하차,37,53,51,43,65,63,60,74,75,78,119,91,118,113,110,143,99,2025-09-04
3,2,승차,45,33,53,45,58,52,76,72,76,80,88,116,107,102,122,109,99,2025-09-04
4,3,하차,35,38,54,56,64,67,74,76,77,93,86,103,99,98,134,121,114,2025-09-04
2,4,하차,33,38,39,58,46,57,74,64,77,90,81,84,105,106,105,110,129,2025-09-04
4,6,하차,42,45,41,46,76,73,74,75,80,85,116,106,103,110,123,113,126,2025-09-04
2,5,승차,40,49,48,55,60,78,68,81,90,88,84,78,98,108,115,106,117,2025-09-04
1,3,하차,42,45,46,53,67,68,68,83,92,79,83,84,86,124,82,126,133,2025-09-04
2,8,승차,40,51,45,52,51,67,82,73,71,78,102,101,111,98,98,102,124,2025-09-04
3,8,승차,32,32,56,54,57,66,65,71,91,76,91,84,107,116,115,90,118,2025-09-04
3,7,하차,43,50,34,58,58,57,74,75,72,95,90,96,96,118,123,118,128,2025-09-04
2,3,승차,27,44,61,67,67,67,56,79,79,96,120,105,93,92,118,111,119,2025-09-04
2,1,하차,37,51,62,52,53,70,83,78,81,77,88,96,118,98,107,129,124,2025-09-04
2,5,승차,38,51,37,60,66,72,74,66,100,78,94,82,84,116,98,114,126,2025-09-04
4,1,하차,41,47,46,58,56,64,77,62,83,103,102,100,96,108,103,109,102,2025-09-04
2,6,승차,53,50,50,57,66,75,67,92,91,89,77,79,80,95,105,115,118,2025-09-04
1,7,하차,46,57,46,48,62,70,68,88,81,85,70,90,100,118,109,139,107,2025-09-04
4,5,하차,52,52,46,50,55,57,76,82,90,88,85,103,104,106,139,109,116,2025-09-04
4,4,하차,41,54,54,50,60,67,74,91,90,75,71,104,100,99,102,110,106,2025-09-04
2,2,하차,35,58,40,51,58,78,46,79,88,92,78,100,97,106,111,93,129,2025-09-04
1,5,승차,47,35,45,52,65,76,72,80,88,103,114,93,107,114,113,130,111,2025-09-04
4,9,승차,41,51,52,67,61,70,75,73,95,90,73,83,101,97,109,109,123,2025-09-04
3,4,하차,47,50,54,49,68,77,62,73,81,80,73,74,106,82,106,119,105,2025-09-04
4,2,승차,30,63,61,56,53,69,84,65,85,106,104,86,96,99,114,107,118,2025-09-04
2,6,하차,29,43,41,52,65,69,67,81,74,83,85,97,85,123,102,112,138,2025-09-04
1,8,하차,50,56,56,52,62,64,74,77,85,97,87,106,97,96,111,116,120,2025-09-04
2,2,승차,37,47,53,56,68,61,61,62,70,90,96,92,106,99,94,111,118,2025-09-04
3,9,승차,39,41,57,59,64,57,62,78,75,85,68,104,114,112,99,98,94,2025-09-04
3,7,하차,44,35,62,50,60,77,76,83,77,80,85,93,100,102,101,105,138,2025-09-04
3,2,승차,49,39,47,66,57,79,57,87,85,84,95,93,101,106,112,106,123,2025-09-04
2,5,하차,43,52,46,59,56,60,80,74,107,103,76,103,94,105,115,116,115,2025-09-04
4,5,승차,36,42,46,64,55,65,76,83,78,77,82,87,111,89,98,108,138,2025-09-04
2,7,승차,50,48,51,59,51,64,71,84,63,96,78,87,94,114,100,112,138,2025-09-04
1,5,승차,35,51,63,61,65,64,66,66,79,85,99,98,78,112,120,124,130,2025-09-04
4,6,승차,38,37,57,58,60,66,71,78,82,78,80,102,97,118,100,112,129,2025-09-04
3,9,승차,47,31,60,69,60,54,78,85,57,79,93,99,107,110,98,128,112,2025-09-04
2,3,하차,37,37,45,63,57,65,65,74,84,83,90,108,108,103,122,116,108,2025-09-04
3,3,승차,40,49,48,47,72,69,71,74,84,98,89,98,104,116,124,121,128,2025-09-04
3,8,승차,38,49,53,54,67,68,54,75,76,79,82,91,109,100,93,112,118,2025-09-04
1,6,하차,40,51,46,49,55,68,71,83,73,93,93,86,99,109,104,109,120,2025-09-04
4,3,하차,43,51,48,57,71,85,74,73,63,79,89,108,117,114,113,118,143,2025-09-04
1,2,하차,36,43,47,59,57,75,65,77,79,86,91,89,111,107,112,93,147,2025-09-04
1,2,승차,28,48,49,50,60,71,81,86,79,82,78,89,96,101,111,122,130,2025-09-04
1,2,승차,41,52,63,63,65,49,62,77,96,109,82,103,95,107,108,94,146,2025-09-04
3,5,하차,44,51,39,60,62,60,77,73,84,79,75,100,97,110,105,110,125,2025-09-04
1,5,하차,36,44,45,49,64,67,65,74,89,84,81,91,113,93,92,103,112,2025-09-04
1,1,하차,41,54,42,54,62,77,65,73,74,76,82,108,106,112,116,119,118,2025-09-04
4,2,하차,43,34,41,49,60,67,70,65,94,86,77,101,94,104,90,116,103,2025-09-04
4,2,승차,31,46,42,46,79,67,85,71,79,97,75,101,112,96,118,121,127,2025-09-04
1,4,승차,44,40,48,56,70,58,54,75,68,82,81,88,98,94,124,107,129,2025-09-04
4,7,승차,36,40,59,55,45,61,71,77,85,75,95,104,113,110,128,106,108,2025-09-04
4,3,승차,39,41,49,58,60,61,74,73,87,93,85,77,71,104,107,97,111,2025-09-04
1,5,승차,37,48,53,67,80,67,65,62,72,92,84,88,104,123,91,116,116,2025-09-04
3,9,하차,45,38,54,66,65,78,72,75,80,85,88,86,93,103,104,109,105,2025-09-04
1,5,승차,40,44,42,46,50,56,68,84,92,100,95,96,104,97,107,100,102,2025-09-04
4,9,하차,38,45,43,36,69,70,69,73,78,91,94,88,119,122,109,96,126,2025-09-04
3,1,하차,36,48,48,43,48,65,76,72,91,80,87,88,94,105,109,138,116,2025-09-04
2,9,하차,39,52,64,48,43,56,76,76,90,76,74,110,104,78,109,102,126,2025-09-04
3,5,승차,33,46,51,44,59,77,52,78,58,87,94,95,94,108,114,114,122,2025-09-04
4,8,하차,44,45,48,47,53,60,85,71,75,86,91,84,101,121,120,121,127,2025-09-04
3,5,승차,45,32,46,47,67,75,66,84,81,78,85,95,117,111,115,113,117,2025-09-04
1,6,하차,34,51,58,52,60,57,70,75,90,101,77,88,123,99,110,119,133,2025-09-04
2,8,승차,38,46,43,42,63,71,70,78,101,87,105,86,93,102,88,107,105,2025-09-04
2,2,하차,40,34,57,52,69,64,57,73,81,86,94,96,82,121,102,122,138,2025-09-04
2,3,승차,46,56,50,64,57,65,64,74,90,86,90,98,104,106,128,131,108,2025-09-04
4,9,하차,44,43,53,56,57,62,81,72,75,82,100,93,112,101,94,123,120,2025-09-04
4,5,하차,44,48,51,57,60,61,58,90,76,75,104,105,87,107,100,100,123,2025-09-04
2,5,하차,46,32,53,53,49,60,72,81,77,80,80,86,96,100,83,130,128,2025-09-04
3,9,하차,37,41,44,61,53,60,71,86,84,88,88,94,102,124,125,129,94,2025-09-04
2,3,승차,47,38,56,43,52,68,76,76,93,83,105,86,108,105,125,109,119,2025-09-04
3,4,승차,44,46,38,61,51,73,73,87,79,74,93,88,97,116,115,93,123,2025-09-04
3,7,승차,43,38,47,55,77,74,70,62,69,97,92,100,128,129,122,101,118,2025-09-04
4,2,하차,32,45,53,54,49,52,71,68,70,82,110,92,91,93,101,124,104,2025-09-04
3,8,하차,40,54,68,54,60,67,75,73,87,85,87,96,104,120,93,129,135,2025-09-04
2,5,하차,39,50,47,53,70,66,78,72,82,84,103,83,109,114,110,117,132,2025-09-04
4,1,하차,36,34,50,60,56,66,72,75,83,97,95,93,108,100,101,113,135,2025-09-04
1,3,하차,45,49,56,57,60,78,84,76,71,99,68,80,89,119,122,128,120,2025-09-04
1,9,하차,36,56,53,57,63,61,85,89,82,79,100,101,92,114,107,110,105,2025-09-04
4,5,승차,34,34,56,64,42,65,79,84,78,87,101,85,108,101,101,114,117,2025-09-04
2,8,승차,36,43,54,50,60,54,65,66,80,75,83,98,101,127,122,108,129,2025-09-04
1,1,승차,37,34,54,56,58,64,69,77,69,94,79,105,98,96,110,110,111,2025-09-04
1,7,승차,40,38,45,56,51,75,62,91,88,69,67,100,108,102,110,100,95,2025-09-04
3,7,승차,46,45,47,65,60,75,73,82,84,104,86,93,95,115,123,134,123,2025-09-04
3,8,승차,45,55,40,54,58,70,67,74,87,81,88,100,109,105,117,104,138,2025-09-04
2,3,승차,47,42,43,47,50,80,77,76,65,92,89,94,93,106,116,103,98,2025-09-04
4,1,승차,30,49,61,70,54,55,65,78,94,98,110,93,92,112,94,119,116,2025-09-04
2,9,하차,30,58,49,56,41,60,83,76,80,93,89,92,99,114,115,99,128,2025-09-04
4,1,하차,46,45,57,60,63,59,84,78,86,77,93,95,74,102,113,126,108,2025-09-04
1,6,하차,44,43,58,55,51,70,62,73,91,87,95,109,105,107,108,113,92,2025-09-04
3,9,하차,46,53,44,57,62,64,62,75,71,95,90,97,98,108,113,114,117,2025-09-04
2,2,하차,39,41,48,60,54,55,63,74,81,70,68,94,124,96,116,107,117,2025-09-04
2,4,하차,32,44,50,51,57,61,80,91,77,88,81,91,94,88,123,111,121,2025-09-04
4,2,하차,41,44,48,51,72,79,59,72,90,71,78,95,112,102,98,112,116,2025-09-04
4,4,승차,38,46,55,48,65,55,82,64,68,85,97,89,111,110,104,129,123,2025-09-04
2,2,승차,36,48,44,57,67,68,90,78,83,99,94,86,81,106,103,128,124,2025-09-04
4,1,하차,36,42,37,58,78,64,68,82,80,92,86,77,93,85,115,117,126,2025-09-04
2,3,승차,40,39,47,60,53,62,82,68,66,70,86,85,101,113,89,127,141,2025-09-04
2,8,승차,33,33,77,51,52,63,68,71,84,90,98,90,95,106,103,113,115,2025-09-04
2,5,승차,44,45,53,47,58,70,77,76,72,89,94,98,99,97,113,127,116,2025-09-04
1,4,승차,38,47,57,52,67,71,63,67,80,71,106,101,106,101,117,101,117,2025-09-04
4,5,승차,39,56,45,49,54,58,68,71,71,75,106,95,120,102,111,106,111,2025-09-04
3,6,하차,42,49,46,58,65,61,67,65,78,81,92,111,91,99,120,131,146,2025-09-04
3,6,승차,37,36,45,41,54,55,68,63,68,80,96,86,98,111,113,106,97,2025-09-04
4,5,하차,43,59,46,49,44,60,73,76,71,78,80,98,125,110,120,121,125,2025-09-04
2,6,하차,48,38,43,49,62,63,67,72,82,96,92,90,98,115,99,111,107,2025-09-04
3,9,하차,50,44,51,67,71,65,89,86,81,71,94,100,98,105,114,108,117,2025-09-04
3,5,승차,44,56,43,52,51,64,75,74,94,82,99,110,89,114,119,98,119,2025-09-04
4,6,하차,44,45,42,57,57,47,67,72,91,80,69,96,118,125,104,120,103,2025-09-04
3,4,하차,42,40,50,61,48,63,63,73,89,83,91,97,109,96,87,108,117,2025-09-04
2,3,하차,48,46,49,50,48,69,66,76,92,98,108,102,87,104,107,123,143,2025-09-04
4,6,하차,39,42,46,46,60,70,87,75,95,77,88,96,92,118,103,108,130,2025-09-04
2,5,승차,44,47,72,45,58,84,60,79,70,82,89,85,90,104,110,110,120,2025-09-04
3,4,하차,43,40,54,54,66,68,87,69,70,81,79,109,83,118,106,126,124,2025-09-04
3,5,하차,37,44,48,62,59,50,66,71,81,72,87,87,114,101,108,115,103,2025-09-04
2,7,하차,42,50,56,55,51,63,65,67,83,90,81,84,87,98,106,92,115,2025-09-04
1,1,하차,44,52,50,43,49,79,66,74,98,94,92,91,101,111,104,110,109,2025-09-04
3,1,승차,40,45,45,47,65,62,71,56,70,82,84,107,99,97,115,106,133,2025-09-04
1,1,하차,42,51,56,43,62,52,76,74,73,94,95,108,102,109,105,111,114,2025-09-04
3,2,하차,54,48,48,66,72,60,78,74,73,79,91,98,104,96,113,121,123,2025-09-04
1,9,하차,28,54,49,49,62,63,58,67,75,87,85,79,103,99,126,115,122,2025-09-04
1,5,하차,46,55,44,57,59,57,70,92,82,74,82,95,110,107,92,102,126,2025-09-04
1,9,하차,39,45,57,61,56,57,71,69,75,98,79,89,103,94,116,131,128,2025-09-04
2,5,하차,43,40,55,60,58,66,82,79,93,83,96,91,96,102,104,105,133,2025-09-04
1,7,승차,47,39,47,39,61,58,79,70,77,82,78,91,91,111,118,138,118,2025-09-04
1,6,하차,38,41,51,46,59,74,73,64,94,69,93,106,94,92,98,120,107,2025-09-04
1,2,승차,45,44,60,49,49,86,69,85,75,93,91,92,106,121,115,132,122,2025-09-04
3,3,승차,37,46,54,38,62,62,73,61,69,90,78,85,91,120,108,136,138,2025-09-04
1,5,하차,45,53,39,53,61,66,58,73,88,87,93,90,93,98,113,111,129,2025-09-04
3,4,승차,30,51,38,41,65,63,80,63,81,86,84,101,96,89,107,104,119,2025-09-04
1,6,하차,37,45,55,45,62,81,67,82,62,87,86,117,96,126,100,118,118,2025-09-04
1,8,승차,32,46,45,64,73,62,72,80,65,75,79,116,98,114,114,121,114,2025-09-04
2,8,하차,39,45,54,46,66,55,76,74,104,76,82,94,107,124,100,110,104,2025-09-04
3,3,승차,44,45,52,66,70,63,70,77,82,88,74,94,93,89,104,130,119,2025-09-04
1,4,승차,47,42,40,57,54,58,67,80,81,100,120,96,106,114,101,118,130,2025-09-04
3,1,하차,32,48,62,38,55,60,81,75,70,87,86,94,110,104,118,134,124,2025-09-04
3,2,승차,49,43,58,57,44,64,81,65,73,99,99,104,93,106,125,123,132,2025-09-04
4,9,승차,39,43,38,48,57,66,70,72,76,85,80,98,87,95,121,114,115,2025-09-04
2,2,승차,50,36,39,65,58,71,59,63,77,91,87,77,109,104,113,109,111,2025-09-04
2,6,승차,46,45,69,65,60,58,74,78,72,97,102,90,96,88,103,110,126,2025-09-04
2,7,승차,43,43,46,64,65,75,48,74,86,93,95,100,97,115,106,131,107,2025-09-04
4,6,하차,39,35,52,61,57,63,62,66,83,97,99,100,98,123,105,117,125,2025-09-04
4,8,승차,35,42,54,46,57,80,70,69,78,90,69,90,100,109,104,115,114,2025-09-04
2,9,승차,37,41,62,47,69,70,66,72,84,80,83,101,91,84,107,113,130,2025-09-04
4,8,하차,45,51,59,65,50,66,72,68,91,79,108,98,101,109,122,114,112,2025-09-04
4,5,하차,31,47,55,48,59,60,68,76,82,91,79,85,87,96,125,133,109,2025-09-04
4,8,하차,36,49,39,42,62,93,62,72,84,84,74,81,119,124,125,106,111,2025-09-04
2,9,승차,42,51,56,56,68,66,74,81,78,93,81,85,99,109,122,116,142,2025-09-04
2,8,승차,40,31,50,48,59,59,73,77,86,107,76,101,94,111,120,112,105,2025-09-04
2,2,승차,35,47,48,57,62,79,74,75,60,86,88,97,100,110,114,119,110,2025-09-04
4,2,승차,39,39,51,61,62,50,66,68,84,88,105,89,92,88,115,102,109,2025-09-04
2,3,하차,38,50,52,59,69,63,81,87,75,77,97,90,89,92,110,117,131,2025-09-04
4,7,하차,33,48,39,61,52,80,61,69,86,83,93,98,113,100,116,127,128,2025-09-04
1,9,승차,43,58,64,48,62,81,61,78,65,63,107,84,111,94,102,111,124,2025-09-04
4,8,승차,47,47,36,55,66,71,77,76,88,85,71,84,108,113,118,126,131,2025-09-04
3,9,승차,32,45,41,50,72,71,51,83,74,102,84,99,95,118,111,127,129,2025-09-04
2,6,승차,45,57,50,54,68,61,77,67,86,75,94,100,98,125,114,117,125,2025-09-04
2,1,하차,40,39,53,48,56,55,74,77,61,101,89,99,89,93,111,116,113,2025-09-04
3,4,하차,45,68,53,50,61,69,55,71,73,83,92,113,95,97,127,99,119,2025-09-04
4,6,승차,29,48,53,46,56,62,73,78,81,89,82,108,92,107,119,100,135,2025-09-04
1,6,하차,38,51,47,55,63,69,71,86,77,71,76,82,91,86,99,117,133,2025-09-04
3,8,승차,50,42,49,52,69,50,74,82,80,95,87,94,108,98,125,112,127,2025-09-04
3,1,승차,42,42,54,58,68,54,63,67,70,107,88,93,97,106,105,129,104,2025-09-04
4,2,하차,43,42,43,56,60,71,59,68,94,83,110,96,95,106,130,101,124,2025-09-04
2,2,승차,39,42,53,53,61,52,77,80,72,70,93,95,107,117,121,118,97,2025-09-04
4,6,하차,45,39,54,55,54,64,70,80,73,71,89,106,118,115,105,106,123,2025-09-04
3,7,승차,26,50,56,62,67,71,67,68,85,95,56,84,98,111,118,85,146,2025-09-04
3,2,하차,45,46,57,65,57,79,69,72,74,73,80,111,101,102,112,113,129,2025-09-04
2,5,승차,39,57,53,50,65,63,79,80,72,80,87,95,106,94,91,134,109,2025-09-04
2,6,하차,30,54,56,58,55,52,65,85,78,84,77,92,101,99,102,109,115,2025-09-04
2,4,승차,34,36,51,57,58,65,61,81,85,92,96,94,98,99,129,123,128,2025-09-04
4,1,승차,43,50,44,44,63,71,67,74,74,93,94,77,112,108,118,131,135,2025-09-04
2,3,하차,45,54,39,57,58,70,86,78,83,95,78,90,105,105,110,119,114,2025-09-04
3,9,승차,26,44,46,49,53,50,85,52,64,96,92,108,98,91,102,122,109,2025-09-04
3,6,하차,47,45,59,44,72,59,66,77,63,90,80,104,108,88,88,113,130,2025-09-04
1,2,하차,36,39,43,69,61,74,75,85,90,82,93,97,87,101,115,115,116,2025-09-04
4,9,승차,42,44,56,53,47,76,70,57,77,101,78,86,115,105,138,118,138,2025-09-04
1,4,승차,38,45,55,58,53,66,64,82,76,83,95,97,106,128,116,126,128,2025-09-04
3,8,승차,49,53,54,57,53,62,74,74,78,85,74,104,89,94,158,114,105,2025-09-04
1,7,승차,48,49,43,56,46,61,65,70,72,89,79,95,88,120,123,120,99,2025-09-04
3,3,하차,40,48,48,46,52,52,70,72,86,81,86,85,106,102,121,122,114,2025-09-04
1,8,승차,35,48,48,58,64,58,76,79,73,82,97,104,97,112,113,105,116,2025-09-04
2,4,승차,42,35,49,42,73,66,59,72,89,81,114,102,96,116,116,104,123,2025-09-04
1,2,승차,45,38,47,48,72,58,62,70,69,84,83,86,85,108,113,109,129,2025-09-04
2,5,하차,46,44,57,50,59,67,76,75,77,84,81,94,97,104,118,115,121,2025-09-04
2,1,승차,53,61,60,59,66,58,80,78,82,83,70,102,74,110,117,117,123,2025-09-04
4,8,하차,33,39,36,56,38,66,68,71,76,90,86,103,109,93,109,103,119,2025-09-04
2,8,승차,46,40,38,47,70,51,64,75,67,81,101,92,101,106,106,108,141,2025-09-04
2,3,하차,29,46,49,49,48,64,66,71,69,74,100,82,106,99,112,106,120,2025-09-04
1,1,승차,49,50,52,50,49,78,75,68,94,78,93,82,87,108,114,125,122,2025-09-04
3,4,승차,35,43,52,58,68,55,68,74,62,74,93,76,93,88,103,121,114,2025-09-04
4,9,하차,32,51,47,49,53,59,75,86,84,107,88,76,105,100,117,115,118,2025-09-04
2,9,승차,42,49,64,64,50,73,75,96,68,78,83,102,98,100,104,109,127,2025-09-04
4,1,승차,47,45,45,55,57,67,72,71,83,88,104,84,98,105,97,115,116,2025-09-04
1,7,승차,35,41,59,49,56,68,66,70,71,100,83,86,82,113,118,99,100,2025-09-04
2,6,하차,28,41,60,61,81,79,59,77,79,91,89,102,104,98,113,117,130,2025-09-04
1,7,승차,38,33,53,63,47,58,82,79,85,77,100,108,104,110,122,119,110,2025-09-04
4,7,하차,36,49,50,51,64,66,81,71,86,92,87,88,95,101,115,135,148,2025-09-04
1,8,하차,42,32,58,53,73,65,79,69,100,82,95,90,98,113,105,114,100,2025-09-04
4,8,하차,37,40,63,49,53,55,90,72,78,85,85,87,98,102,109,115,102,2025-09-04
1,2,승차,36,42,44,48,51,66,71,77,89,65,88,90,103,105,100,127,128,2025-09-04
4,4,하차,47,54,53,49,60,70,80,86,95,74,86,91,96,101,94,138,136,2025-09-04
3,4,하차,47,36,57,49,63,60,78,71,92,80,82,98,112,101,110,122,116,2025-09-04
1,8,승차,44,45,53,59,61,61,67,78,87,82,86,99,87,105,102,129,107,2025-09-04
1,3,하차,38,39,52,41,64,71,52,81,69,89,79,92,104,94,113,120,110,2025-09-04
3,3,하차,42,44,47,40,71,55,62,73,84,84,95,99,98,109,118,120,122,2025-09-04
3,2,승차,36,38,49,70,53,67,67,73,68,94,82,100,96,99,109,110,124,2025-09-04
1,1,승차,47,38,65,74,59,67,73,74,87,63,95,103,93,106,120,111,132,2025-09-04
3,8,하차,44,37,55,61,56,61,55,69,81,83,81,95,113,99,130,110,112,2025-09-04
2,9,승차,35,48,40,37,65,61,86,75,79,84,85,98,116,101,121,130,135,2025-09-04
4,9,승차,38,45,49,54,56,54,71,63,83,85,99,81,100,111,118,94,135,2025-09-04
4,8,승차,48,42,45,58,63,54,63,64,96,87,96,85,92,125,148,115,126,2025-09-04
4,5,하차,41,35,45,59,59,65,76,89,69,97,72,105,99,111,98,103,106,2025-09-04
2,1,하차,33,47,45,51,55,68,60,69,88,86,101,91,95,102,102,107,134,2025-09-04
3,9,승차,36,43,43,41,61,58,79,71,72,103,89,88,91,119,104,117,128,2025-09-04
3,6,하차,38,43,58,56,62,67,69,67,76,89,108,99,112,122,120,110,109,2025-09-04
1,7,승차,29,38,46,50,62,71,73,83,70,104,86,84,111,115,121,145,116,2025-09-04
3,8,승차,36,45,50,56,63,65,55,74,97,101,122,93,88,118,100,118,114,2025-09-04
1,5,승차,39,43,41,54,57,58,60,61,87,88,86,92,101,116,103,107,149,2025-09-04
2,6,승차,37,48,50,51,66,62,64,79,77,87,95,89,103,116,108,120,132,2025-09-04
4,7,승차,40,47,57,57,65,73,57,96,90,96,77,90,92,85,101,89,125,2025-09-04
4,7,하차,45,45,62,58,58,82,69,70,96,84,94,102,94,88,114,123,138,2025-09-04
4,2,하차,37,42,49,56,55,68,71,80,75,75,96,91,89,95,120,102,133,2025-09-04
3,1,하차,38,45,46,54,69,56,69,66,71,90,91,109,113,116,135,107,125,2025-09-04
1,8,하차,39,41,46,49,71,60,77,88,68,83,70,93,91,97,112,117,124,2025-09-04
1,5,승차,40,52,52,66,50,86,62,91,76,72,99,87,106,105,99,126,110,2025-09-04
2,2,승차,34,53,57,54,60,52,76,80,91,79,90,90,112,105,100,116,110,2025-09-04
3,3,하차,41,40,48,57,47,61,72,67,63,77,95,96,105,103,99,105,130,2025-09-04
2,6,하차,36,52,46,56,57,74,72,74,79,74,77,108,98,102,103,114,126,2025-09-04
1,6,승차,44,32,55,60,66,56,78,74,81,82,94,98,111,97,89,129,107,2025-09-04
1,8,승차,31,45,47,58,68,55,83,74,58,91,93,89,103,102,122,138,121,2025-09-04
4,5,승차,54,44,46,60,58,66,69,74,74,92,88,84,131,92,98,119,118,2025-09-04
3,5,하차,45,43,50,59,65,54,74,61,91,84,92,92,80,97,104,110,144,2025-09-04
1,7,승차,38,49,46,66,57,57,68,73,87,84,99,77,96,104,108,103,110,2025-09-04
4,5,승차,40,40,63,64,56,61,69,78,94,85,96,92,99,105,110,124,120,2025-09-04
3,9,하차,38,40,52,50,55,72,66,64,76,74,108,84,82,112,125,117,129,2025-09-04
2,6,하차,28,34,51,49,69,58,71,73,86,91,81,91,96,104,93,111,131,2025-09-04
3,7,하차,42,43,45,58,70,79,62,83,65,100,82,96,128,111,102,140,123,2025-09-04
3,8,승차,57,38,55,48,42,67,70,74,72,94,85,80,105,95,111,100,125,2025-09-04
1,5,승차,38,46,62,59,65,62,58,73,73,65,85,80,96,105,92,127,134,2025-09-04
1,4,하차,43,45,54,60,68,65,73,75,90,76,103,99,95,105,101,106,124,2025-09-04
3,8,승차,38,35,59,48,54,52,70,68,79,109,82,98,106,110,135,115,115,2025-09-04
1,9,승차,26,50,39,60,61,49,73,64,89,86,74,106,100,105,102,95,120,2025-09-04
1,1,승차,40,52,55,54,62,63,76,76,80,98,94,96,104,111,96,123,123,2025-09-04
1,3,하차,48,44,55,49,65,65,68,83,66,93,88,91,103,90,115,128,110,2025-09-04
4,4,하차,36,48,49,59,76,59,79,67,82,89,94,94,90,101,112,126,119,2025-09-04
4,7,승차,37,55,40,60,54,61,75,69,82,91,81,104,101,112,112,115,116,2025-09-04
3,6,승차,28,53,42,46,78,68,74,77,94,77,91,99,93,115,118,128,125,2025-09-04
1,1,승차,42,52,41,51,60,79,54,75,69,81,86,106,110,113,106,117,102,2025-09-04
4,4,승차,43,48,57,55,57,62,72,74,90,76,78,84,61,118,103,113,137,2025-09-04
3,6,하차,53,35,44,58,71,52,76,82,85,92,89,92,99,115,118,123,118,2025-09-04
1,3,하차,38,46,43,48,51,81,69,70,80,82,92,104,121,104,110,124,110,2025-09-04
2,2,승차,36,54,62,69,75,70,66,74,78,93,89,84,94,112,108,102,133,2025-09-04
1,2,승차,48,46,49,59,49,64,79,78,80,96,96,87,107,99,113,110,127,2025-09-04
1,4,하차,41,42,35,63,59,72,66,67,73,77,90,77,95,106,99,125,111,2025-09-04
4,1,승차,40,45,40,51,50,54,72,82,91,76,96,97,99,105,118,106,123,2025-09-04
3,2,하차,31,40,34,49,67,82,75,80,83,88,84,110,98,98,127,114,135,2025-09-04
3,2,승차,40,38,54,51,42,61,73,81,75,77,88,102,92,93,105,118,117,2025-09-04
4,4,하차,51,34,50,58,48,68,71,90,82,99,93,104,109,116,107,104,103,2025-09-04
1,4,승차,55,46,54,54,61,51,69,85,66,85,99,91,117,96,104,105,117,2025-09-04
2,1,승차,43,52,50,67,69,64,60,75,65,101,91,95,89,104,126,104,127,2025-09-04
1,7,하차,42,36,40,60,65,68,69,57,89,70,94,103,103,89,120,129,103,2025-09-04
1,7,하차,52,47,51,44,73,69,68,77,79,80,76,118,97,105,105,112,133,2025-09-04
2,1,승차,38,57,59,57,56,64,68,72,88,83,99,95,111,103,112,125,121,2025-09-04
4,8,승차,34,49,48,62,55,53,77,79,79,80,83,93,109,106,104,118,110,2025-09-04
3,7,하차,30,38,55,52,61,75,61,80,80,88,94,96,98,112,101,92,116,2025-09-04
4,7,하차,30,49,51,61,67,74,65,79,87,91,94,76,103,103,128,107,136,2025-09-04
4,6,승차,30,39,66,47,62,71,67,83,84,81,77,97,107,101,97,121,130,2025-09-04
1,4,승차,40,51,41,60,56,62,76,80,86,78,84,93,102,105,127,84,125,2025-09-04
3,8,하차,46,43,44,47,55,60,70,79,90,69,90,100,123,91,100,104,137,2025-09-04
3,2,하차,37,35,47,45,46,64,44,66,81,73,102,90,100,93,92,120,101,2025-09-04
4,7,하차,51,54,50,60,56,57,76,55,72,95,93,87,93,107,129,121,128,2025-09-04
2,3,하차,35,52,54,54,60,62,72,71,72,78,85,73,82,95,105,117,131,2025-09-04
4,3,하차,36,48,45,52,68,69,71,78,92,86,110,100,112,113,100,117,103,2025-09-04
2,7,승차,40,49,32,61,60,69,59,76,80,90,83,86,99,123,90,114,131,2025-09-04
3,3,승차,33,44,40,63,54,63,69,75,80,83,110,90,115,119,96,108,121,2025-09-04
4,5,하차,43,52,50,54,54,71,76,76,61,78,89,80,105,99,122,114,132,2025-09-04
1,8,승차,31,42,51,53,56,63,55,82,84,73,96,93,98,98,129,102,145,2025-09-04
4,4,승차,47,48,39,65,69,64,72,64,88,85,104,91,103,87,112,118,127,2025-09-04
3,7,하차,33,55,57,54,55,71,85,90,73,82,93,102,105,107,108,100,116,2025-09-04
1,7,승차,36,47,47,46,57,80,67,86,79,70,85,82,115,110,111,113,121,2025-09-04
1,2,승차,47,51,40,52,61,55,80,73,72,93,107,92,96,135,113,124,132,2025-09-04
2,8,승차,41,50,41,66,59,71,66,71,71,95,93,89,101,123,126,114,119,2025-09-04
1,9,하차,31,36,45,40,63,60,77,65,74,96,94,92,101,92,97,113,113,2025-09-04
1,6,하차,32,48,42,47,55,58,82,71,81,72,77,93,101,108,98,130,140,2025-09-04
4,5,승차,39,44,54,61,56,69,79,76,67,73,95,83,106,103,114,115,114,2025-09-04
3,1,승차,41,48,53,57,50,67,86,55,70,104,74,92,110,105,120,133,122,2025-09-04
2,1,승차,42,38,39,53,59,63,60,82,64,84,102,98,91,97,102,124,108,2025-09-04
4,9,승차,34,59,51,51,59,68,74,88,68,99,91,109,113,118,109,94,107,2025-09-04
1,4,승차,37,45,49,55,63,62,78,72,81,76,93,102,99,95,103,128,111,2025-09-04
1,1,승차,46,46,41,43,59,67,61,77,89,91,71,86,93,117,97,106,134,2025-09-04
2,3,하차,34,49,46,45,57,64,60,69,84,77,97,105,103,121,100,105,130,2025-09-04
3,6,승차,46,51,41,62,60,56,61,58,85,74,94,103,110,118,139,106,121,2025-09-04
2,8,승차,40,58,73,52,60,75,71,78,74,83,79,103,86,107,110,99,124,2025-09-04
4,2,하차,38,45,63,54,58,69,72,79,70,90,90,84,96,109,110,113,111,2025-09-04
2,8,승차,43,44,51,55,52,52,71,89,75,83,72,96,105,106,121,132,132,2025-09-04
1,1,승차,39,52,48,48,72,65,70,75,88,84,103,86,114,119,118,112,129,2025-09-04
4,2,승차,33,43,55,47,51,57,80,77,65,93,84,95,80,96,114,136,129,2025-09-04
1,8,승차,44,52,42,60,72,70,62,82,65,83,101,98,99,95,103,109,140,2025-09-04
3,7,하차,55,50,50,57,46,65,76,71,76,84,91,106,95,115,97,122,123,2025-09-04
1,5,승차,32,47,47,55,73,59,83,72,72,91,93,71,98,106,114,134,129,2025-09-04
1,2,하차,42,41,60,55,58,72,74,71,65,92,99,84,98,108,104,113,118,2025-09-04
2,9,승차,45,29,41,56,58,62,70,57,83,96,93,103,97,105,122,114,125,2025-09-04
1,5,승차,33,41,60,50,46,67,79,78,92,82,83,99,88,119,116,130,117,2025-09-04
4,8,하차,35,48,55,51,69,71,56,76,71,83,94,101,98,111,125,117,113,2025-09-04
4,4,승차,34,57,73,55,54,51,72,85,86,82,96,92,80,97,129,108,115,2025-09-04
3,9,하차,34,58,60,55,60,66,73,75,78,86,92,119,101,113,98,119,115,2025-09-04
4,7,하차,34,35,43,53,58,70,65,72,69,77,80,96,99,106,121,118,117,2025-09-04
2,2,하차,38,39,57,55,59,69,68,64,77,76,107,98,94,114,97,112,115,2025-09-04
3,3,승차,40,57,61,55,61,53,49,75,97,88,102,107,106,123,120,110,127,2025-09-04
4,2,승차,52,44,43,48,61,78,67,80,100,85,77,106,110,114,126,115,111,2025-09-04
2,5,승차,43,38,54,54,45,64,73,72,78,92,93,92,94,105,91,102,121,2025-09-04
4,2,승차,45,45,60,42,62,70,74,72,77,80,98,85,87,110,106,105,118,2025-09-04
4,5,하차,32,40,41,64,68,62,71,74,81,98,69,81,101,91,110,116,133,2025-09-04
1,9,승차,39,51,44,68,63,75,76,68,88,100,100,97,97,104,124,122,119,2025-09-04
4,2,승차,48,35,50,62,66,67,77,71,81,63,96,91,120,100,102,119,127,2025-09-04
4,9,하차,45,48,48,43,64,64,73,80,86,98,101,93,113,94,98,113,139,2025-09-04
2,7,하차,41,40,47,45,57,72,66,67,78,79,97,96,101,137,113,131,145,2025-09-04
2,7,승차,43,57,52,68,47,68,74,73,64,86,84,88,104,107,117,109,113,2025-09-04
1,5,하차,41,52,44,51,55,60,92,74,77,94,92,96,115,90,106,117,114,2025-09-04
4,8,하차,35,51,50,53,55,63,55,70,78,78,90,93,99,114,114,116,115,2025-09-04
1,7,하차,45,39,49,51,51,61,58,73,84,80,89,100,91,87,116,111,119,2025-09-04
4,6,하차,37,45,41,63,51,60,80,79,95,91,103,100,100,121,116,119,110,2025-09-04
3,2,하차,37,43,47,58,70,68,72,65,62,81,101,86,114,92,129,104,132,2025-09-04
3,6,승차,44,55,50,52,66,65,77,68,66,79,99,91,110,107,121,109,126,2025-09-04
1,2,승차,50,39,42,56,73,59,64,79,64,89,95,88,86,110,97,117,127,2025-09-04
1,1,승차,42,40,40,53,49,60,71,74,67,94,81,88,100,116,111,111,118,2025-09-04
1,9,승차,43,50,69,59,48,59,67,75,75,91,91,104,99,91,105,102,132,2025-09-04
2,5,승차,45,40,41,57,61,76,57,75,73,81,83,93,94,90,128,122,109,2025-09-04
2,4,승차,52,51,48,63,59,58,78,79,76,76,77,93,93,102,110,124,128,2025-09-04
2,8,승차,31,32,47,49,59,72,80,66,80,73,82,94,90,122,111,116,135,2025-09-04
1,5,하차,37,42,53,52,45,70,56,76,80,99,95,104,105,116,120,118,114,2025-09-04
4,7,승차,55,41,53,60,63,61,67,81,83,94,91,104,111,101,109,112,96,2025-09-04
3,3,승차,48,42,47,40,62,72,76,64,86,77,93,110,99,90,120,127,104,2025-09-04
1,8,승차,43,46,55,53,67,46,84,69,86,79,100,90,86,122,120,114,115,2025-09-04
2,8,하차,31,59,42,55,54,49,63,63,90,80,87,80,100,123,105,116,138,2025-09-04
2,3,승차,31,52,52,52,77,54,72,69,72,89,115,96,104,103,105,96,118,2025-09-04
1,9,승차,34,52,44,64,70,67,74,77,88,83,74,93,97,113,127,95,108,2025-09-04
1,8,하차,46,40,64,56,57,72,70,83,88,98,90,90,90,86,122,103,143,2025-09-04
2,1,승차,51,41,51,53,65,68,74,68,102,77,77,91,115,98,112,131,117,2025-09-04
4,8,승차,45,47,60,59,69,75,55,76,73,90,85,91,103,103,120,109,92,2025-09-04
2,4,하차,34,47,59,50,64,56,57,71,74,92,77,94,93,102,108,109,133,2025-09-04
2,6,승차,39,35,55,48,58,60,73,80,86,93,93,109,107,107,117,117,124,2025-09-04
1,9,하차,46,47,47,51,49,55,75,74,85,77,99,98,96,98,105,130,132,2025-09-04
4,5,승차,41,55,51,47,61,66,83,59,90,96,94,91,109,86,112,129,105,2025-09-04
2,7,승차,39,47,48,50,54,75,73,78,78,86,81,102,111,131,116,119,96,2025-09-04
2,1,승차,40,41,46,52,60,69,62,78,85,99,79,76,96,109,107,92,104,2025-09-04
3,9,하차,40,52,56,59,46,73,78,68,84,77,90,96,88,100,111,122,131,2025-09-04
1,6,하차,34,45,64,31,61,70,64,64,69,83,88,98,91,85,95,108,124,2025-09-04
3,4,하차,33,30,39,57,67,69,66,64,82,89,81,122,118,110,108,115,137,2025-09-04
3,6,승차,42,41,48,58,65,59,70,84,80,74,99,106,108,115,124,119,118,2025-09-04
2,5,승차,34,41,49,62,60,63,77,76,77,96,92,99,100,102,123,118,105,2025-09-04
1,3,하차,46,51,48,57,60,56,67,79,92,85,70,100,83,116,104,125,128,2025-09-04
4,7,하차,48,41,49,52,62,69,91,53,100,86,96,112,94,105,118,123,128,2025-09-04
2,3,승차,41,44,53,61,64,63,80,70,100,84,89,105,88,90,112,130,135,2025-09-04
4,2,승차,43,40,46,46,56,63,43,77,91,104,100,76,119,117,110,133,130,2025-09-04
4,4,승차,44,48,53,56,63,80,77,85,61,97,96,82,106,108,118,121,121,2025-09-04
1,7,승차,27,46,61,52,69,83,91,73,94,92,99,92,92,103,105,139,131,2025-09-04
3,5,하차,45,51,49,59,57,60,68,63,87,86,99,86,127,112,108,112,125,2025-09-04
1,9,승차,37,44,47,53,69,58,75,78,76,74,73,103,115,97,87,137,130,2025-09-04
4,7,승차,52,46,53,51,62,76,65,65,76,88,106,100,92,125,118,117,108,2025-09-04
2,9,승차,40,43,47,51,55,65,81,64,73,79,110,104,92,102,96,124,107,2025-09-04
4,9,승차,51,39,59,73,61,68,60,67,84,93,96,108,112,89,115,114,127,2025-09-04
2,2,승차,30,55,46,55,51,69,61,75,85,98,89,92,91,98,97,125,137,2025-09-04
2,1,승차,38,61,50,72,65,70,67,63,75,73,77,93,102,105,108,121,129,2025-09-04
1,4,승차,40,49,42,60,59,52,73,84,82,67,81,87,101,105,122,118,123,2025-09-04
4,4,하차,30,50,54,58,53,62,71,65,85,89,99,95,86,105,104,91,118,2025-09-04
3,2,하차,51,49,48,51,64,67,57,68,76,89,94,90,101,98,111,125,115,2025-09-04
4,3,하차,36,37,59,67,58,47,80,81,79,92,94,95,93,115,108,119,122,2025-09-04
4,3,승차,40,36,45,55,58,66,81,68,78,103,91,77,97,95,106,114,136,2025-09-04
3,5,하차,41,38,53,56,63,72,63,74,105,89,86,94,98,107,106,108,118,2025-09-04
1,1,승차,42,56,51,58,49,75,87,73,88,83,102,94,103,90,111,125,122,2025-09-04
4,9,승차,44,55,39,55,56,65,78,71,69,97,101,91,96,101,101,121,124,2025-09-04
4,8,승차,35,39,60,49,62,52,71,70,81,88,85,90,110,119,110,121,120,2025-09-04
2,8,승차,31,33,48,42,63,68,61,71,91,78,86,101,100,92,116,103,125,2025-09-04
4,3,하차,46,44,55,45,64,68,51,81,87,87,112,78,96,97,101,117,104,2025-09-04
3,2,승차,35,38,60,40,62,71,71,82,79,94,92,99,110,102,109,141,132,2025-09-04
2,1,승차,37,38,47,50,60,59,78,86,83,80,82,108,105,99,98,114,133,2025-09-04
1,6,하차,46,36,43,49,58,71,64,100,76,91,89,108,108,111,118,103,120,2025-09-04
2,1,하차,36,27,43,48,71,64,57,65,78,102,98,86,110,97,133,102,110,2025-09-04
3,5,하차,30,46,57,40,69,76,78,85,81,93,90,118,110,127,114,117,115,2025-09-04
3,9,승차,41,39,52,58,65,66,68,68,76,81,84,98,104,107,96,117,131,2025-09-04
2,9,하차,29,40,49,59,51,65,54,70,73,79,98,85,89,114,98,113,123,2025-09-04
1,4,승차,32,43,65,48,61,64,72,74,84,101,70,92,85,92,100,137,130,2025-09-04
2,7,승차,40,48,46,52,61,74,77,74,82,82,109,110,98,112,103,112,140,2025-09-04
1,7,하차,68,39,42,51,58,70,62,82,80,74,94,97,110,109,118,114,121,2025-09-04
2,4,하차,35,45,49,59,58,64,65,68,65,72,75,96,114,128,104,118,129,2025-09-04
3,5,하차,36,37,57,48,76,74,66,80,75,59,83,98,111,117,116,102,125,2025-09-04
4,9,승차,39,52,54,56,45,56,68,72,77,77,84,89,115,91,108,112,125,2025-09-04
4,7,승차,41,43,52,52,58,60,72,74,68,92,86,91,109,116,131,112,123,2025-09-04
1,7,승차,38,44,41,60,64,55,78,69,73,85,71,93,93,106,132,105,105,2025-09-04
1,7,승차,40,36,51,48,63,65,83,76,80,76,86,89,96,103,125,114,106,2025-09-04
1,9,승차,32,41,55,47,71,87,55,84,86,83,78,95,97,94,100,122,114,2025-09-04
3,5,승차,38,30,55,53,61,60,65,100,93,95,79,90,77,109,117,124,123,2025-09-04
2,6,하차,35,56,44,61,66,66,69,69,69,74,85,100,116,109,99,100,114,2025-09-04
3,3,승차,45,32,40,46,71,63,79,66,81,80,69,84,116,113,117,110,117,2025-09-04
4,1,하차,40,49,53,55,69,69,60,66,105,76,92,91,96,105,100,104,123,2025-09-04
1,2,하차,59,37,42,73,37,65,74,53,77,69,93,100,91,106,119,123,124,2025-09-04
2,8,하차,42,37,42,43,52,67,78,86,85,73,94,98,99,94,113,99,141,2025-09-04
4,1,하차,41,40,50,67,58,64,82,59,77,66,77,90,110,116,101,132,120,2025-09-04
4,7,하차,29,42,51,66,57,53,64,73,81,88,96,95,90,111,95,116,116,2025-09-04
4,5,승차,39,49,53,59,60,54,59,69,75,90,94,102,103,96,118,123,112,2025-09-04
3,6,승차,36,51,43,62,68,60,67,67,93,84,100,97,111,94,101,115,116,2025-09-04
1,8,승차,42,46,50,50,62,61,67,79,84,82,87,111,105,115,121,111,126,2025-09-04
4,4,승차,33,60,39,72,66,69,80,63,72,93,109,98,89,113,111,130,98,2025-09-04
1,6,하차,40,42,50,61,68,60,69,61,79,84,84,118,96,108,97,108,109,2025-09-04
3,3,하차,47,34,43,54,67,80,75,76,70,102,94,110,108,110,110,102,129,2025-09-04
4,7,하차,31,48,52,45,57,67,64,74,98,83,100,84,97,114,124,120,123,2025-09-04
3,2,승차,44,51,45,60,59,69,69,67,97,92,96,101,88,97,88,126,139,2025-09-04
3,8,승차,35,43,67,53,56,65,63,66,78,83,76,108,108,86,116,106,109,2025-09-04
1,7,승차,42,44,54,42,61,65,81,77,80,78,97,94,103,84,125,108,120,2025-09-04
4,8,승차,43,57,53,57,64,71,69,69,90,87,84,85,98,102,100,96,128,2025-09-04
3,2,하차,43,44,46,52,64,62,79,103,79,85,95,109,107,114,130,113,121,2025-09-04
4,3,하차,34,43,57,59,60,63,69,73,77,77,82,88,105,119,126,106,116,2025-09-04
1,4,승차,48,46,48,52,68,69,75,73,84,76,88,99,96,99,115,120,129,2025-09-04
3,9,승차,29,42,46,50,79,62,77,86,96,88,101,113,94,113,93,105,125,2025-09-04
1,5,하차,40,44,50,65,46,70,62,74,81,81,98,81,100,115,110,126,110,2025-09-04
4,6,하차,40,38,46,51,62,69,68,70,71,75,97,90,95,126,100,119,110,2025-09-04
4,1,하차,42,40,56,54,60,77,74,73,96,86,90,95,89,95,112,110,103,2025-09-04
1,4,하차,47,35,54,44,51,65,66,72,86,92,96,110,98,116,118,111,131,2025-09-04
2,4,승차,40,51,44,46,70,69,68,80,85,82,97,93,90,107,116,105,119,2025-09-04
3,8,하차,43,46,40,57,51,88,73,83,87,94,99,71,109,111,85,108,98,2025-09-04
4,8,하차,49,49,46,60,60,53,67,89,76,85,74,84,106,104,113,99,123,2025-09-04
4,6,하차,49,52,46,57,70,65,79,68,69,89,90,88,103,122,118,113,130,2025-09-04
3,8,하차,27,38,46,53,78,70,61,77,75,98,98,81,112,112,118,86,117,2025-09-04
1,9,승차,33,40,47,56,46,71,79,75,72,86,95,96,94,97,95,108,130,2025-09-04
1,5,승차,46,48,55,64,57,69,81,72,79,97,81,85,110,121,111,108,114,2025-09-04
1,1,승차,46,37,54,55,63,73,78,87,81,82,93,93,109,118,125,115,109,2025-09-04
2,1,승차,47,47,48,53,48,62,69,95,74,59,94,93,99,99,125,98,116,2025-09-04
2,2,승차,39,46,44,55,45,76,71,74,89,98,96,92,105,109,117,122,105,2025-09-04
4,2,승차,35,43,49,62,66,46,61,78,92,77,71,90,112,113,101,136,112,2025-09-04
1,5,하차,43,39,64,57,55,63,68,83,84,84,92,84,99,103,106,125,127,2025-09-04
3,7,하차,41,49,45,67,60,67,65,82,65,95,97,107,95,120,105,137,107,2025-09-04
4,7,하차,45,41,42,52,47,68,59,83,64,85,79,90,102,112,104,107,124,2025-09-04
3,4,하차,37,52,54,51,62,77,63,61,76,106,90,71,93,108,121,129,128,2025-09-04
4,4,승차,53,54,52,62,56,73,65,79,80,91,95,93,105,101,114,93,112,2025-09-04
2,3,하차,44,47,70,53,56,56,92,88,86,94,70,106,109,117,88,84,132,2025-09-04
4,2,승차,53,48,50,70,62,72,70,73,85,84,91,87,108,94,99,102,119,2025-09-04
2,3,하차,47,41,47,55,51,63,61,63,71,91,92,91,96,106,120,114,149,2025-09-04
4,8,하차,44,52,48,63,67,54,80,81,80,85,95,96,91,114,100,110,129,2025-09-04
1,1,하차,37,56,51,51,74,69,61,62,71,98,98,92,88,96,117,119,128,2025-09-04
3,4,승차,45,38,55,56,63,76,56,75,78,91,79,99,94,82,116,102,108,2025-09-04
1,7,하차,47,52,44,54,65,74,81,72,84,85,88,91,107,99,112,120,124,2025-09-04
4,5,승차,38,37,42,59,55,80,63,68,75,82,76,112,95,115,116,110,117,2025-09-04
4,2,승차,34,50,67,51,54,65,65,88,80,86,99,89,110,117,100,144,117,2025-09-04
4,1,하차,54,31,57,60,51,58,70,80,77,72,84,91,90,103,98,124,116,2025-09-04
2,6,승차,36,34,35,46,61,59,66,81,76,79,107,89,110,103,118,124,113,2025-09-04
3,5,승차,42,38,51,55,57,68,60,71,72,103,83,91,95,104,128,118,112,2025-09-04
3,3,하차,41,37,51,69,44,68,76,74,77,93,89,107,112,88,125,111,114,2025-09-04
4,9,하차,37,41,66,57,61,53,67,73,105,69,104,93,102,119,104,131,120,2025-09-04
4,3,하차,42,43,42,53,50,59,80,71,83,83,103,82,122,108,118,110,124,2025-09-04
2,2,하차,61,46,35,55,63,71,62,77,72,79,84,94,97,101,123,121,123,2025-09-04
1,5,하차,29,48,61,48,68,64,75,90,66,73,87,94,98,95,108,105,125,2025-09-04
1,9,하차,44,35,49,48,66,66,67,75,84,88,103,90,96,108,97,125,135,2025-09-04
3,8,승차,43,46,44,55,49,57,62,76,88,84,96,90,91,112,96,121,123,2025-09-04
2,6,하차,33,39,43,69,69,59,76,75,65,73,64,87,107,87,103,141,95,2025-09-04
4,3,하차,41,53,54,60,57,68,64,87,76,81,98,89,122,106,102,128,133,2025-09-04
3,6,승차,38,46,49,58,61,73,72,78,84,91,98,100,120,101,127,138,123,2025-09-04
2,5,하차,41,48,56,44,56,49,68,91,85,83,91,86,119,97,124,103,115,2025-09-04
1,1,승차,44,45,37,53,65,69,77,72,83,71,81,71,112,109,115,105,130,2025-09-04
2,5,하차,35,32,53,69,51,53,69,67,75,78,69,101,84,95,96,113,126,2025-09-04
1,7,하차,40,45,44,45,69,62,68,63,75,72,86,107,85,109,104,87,129,2025-09-04
2,9,승차,30,34,53,61,71,71,62,73,77,64,96,83,86,104,109,113,105,2025-09-04
3,1,하차,37,57,61,43,55,70,65,61,49,86,91,97,102,86,106,130,123,2025-09-04
1,3,승차,40,36,57,59,71,71,81,73,74,98,76,112,102,122,105,130,131,2025-09-04
3,8,하차,45,43,56,59,65,70,77,73,71,74,83,94,109,105,120,98,115,2025-09-04
3,6,하차,42,40,47,53,75,71,82,83,77,79,89,86,88,109,98,121,122,2025-09-04
1,5,승차,47,58,46,72,51,45,75,68,74,83,91,116,89,100,104,120,128,2025-09-04
1,2,하차,44,48,54,62,52,56,74,82,95,71,95,109,112,105,121,126,129,2025-09-04
4,3,하차,48,46,52,58,58,74,70,74,77,88,83,97,100,110,118,136,102,2025-09-04
4,2,승차,44,41,49,58,46,62,65,60,62,99,80,103,106,123,111,143,129,2025-09-04
4,1,하차,31,44,47,60,57,64,50,78,69,105,85,99,104,84,96,107,107,2025-09-04
3,7,승차,46,41,41,62,73,69,80,75,83,69,88,83,92,115,119,121,115,2025-09-04
3,3,하차,41,42,43,52,63,83,69,68,63,86,89,94,98,94,111,98,120,2025-09-04
4,7,승차,50,38,53,66,56,54,65,84,99,72,87,84,99,111,96,123,115,2025-09-04
3,7,하차,31,49,44,48,66,67,62,69,80,75,94,81,101,94,111,120,119,2025-09-04
3,8,승차,37,47,59,62,58,67,72,89,95,88,99,99,87,111,117,105,122,2025-09-04
1,1,승차,42,39,51,58,56,75,65,75,76,84,89,87,120,83,110,120,131,2025-09-04
1,5,하차,39,48,52,58,57,64,77,77,80,85,89,100,96,115,87,99,126,2025-09-04
3,9,하차,35,52,55,65,60,59,72,72,86,76,95,74,99,100,88,103,107,2025-09-04
4,7,승차,37,53,50,62,69,64,78,87,81,71,90,83,91,112,114,123,110,2025-09-04
2,1,하차,41,43,39,48,55,54,70,82,73,83,91,86,117,91,117,114,110,2025-09-04
4,8,승차,46,52,66,54,51,71,67,63,82,97,104,75,87,101,113,109,106,2025-09-04
2,3,하차,39,54,51,58,67,64,78,81,83,88,103,92,99,108,107,126,129,2025-09-04
4,4,하차,38,52,48,37,66,80,55,76,82,82,83,90,86,115,112,123,121,2025-09-04
1,4,승차,34,42,49,51,60,74,69,70,78,85,103,103,97,93,100,120,110,2025-09-04
3,8,승차,37,41,64,51,65,55,62,73,74,76,89,94,87,92,121,116,134,2025-09-04
3,1,하차,40,42,59,55,67,76,70,84,84,104,103,89,82,98,121,109,127,2025-09-04
1,8,하차,42,37,54,61,64,65,77,82,88,77,99,90,98,94,145,102,112,2025-09-04
2,9,하차,43,38,50,60,53,59,65,73,73,86,88,98,99,95,120,108,110,2025-09-04
2,9,하차,43,43,48,44,56,65,59,76,81,87,102,87,113,100,106,115,103,2025-09-04
2,5,하차,34,52,54,54,62,64,65,74,77,90,89,80,97,119,101,110,143,2025-09-04
1,4,승차,35,46,49,54,70,63,77,78,70,71,96,104,88,99,112,115,109,2025-09-04
2,4,하차,38,41,56,57,55,63,82,84,83,77,105,98,87,121,116,108,122,2025-09-04
1,9,하차,39,39,56,62,49,70,68,83,81,84,90,95,92,117,96,114,95,2025-09-04
4,8,승차,42,56,54,56,61,72,76,83,92,82,75,99,89,97,108,119,118,2025-09-04
4,7,승차,36,50,49,56,57,61,66,67,81,96,103,104,86,113,78,112,115,2025-09-04
1,3,승차,38,39,46,63,59,74,75,73,69,83,93,97,103,102,95,120,101,2025-09-04
3,4,하차,47,42,46,58,62,64,56,57,80,76,87,93,102,96,108,107,120,2025-09-04
4,9,승차,38,47,33,51,54,60,69,71,77,83,80,106,118,105,113,123,110,2025-09-04
2,8,승차,40,41,45,63,62,62,64,70,81,72,103,91,81,84,112,104,107,2025-09-04
1,1,승차,30,32,60,49,66,70,63,81,87,76,103,85,101,101,128,115,117,2025-09-04
2,3,승차,34,48,43,53,61,71,70,94,67,103,99,83,97,128,115,125,106,2025-09-04
2,2,하차,48,45,50,62,61,73,67,60,73,99,88,108,108,110,122,131,119,2025-09-04
3,2,하차,47,30,48,51,63,61,71,62,76,89,92,92,106,95,106,103,112,2025-09-04
2,8,하차,40,43,55,46,64,50,60,73,69,79,95,88,122,101,106,103,128,2025-09-04
3,6,승차,36,41,55,58,64,74,64,72,90,83,84,108,92,104,102,102,105,2025-09-04
4,6,승차,50,44,52,50,61,69,68,66,87,92,81,108,105,113,134,131,127,2025-09-04
1,4,승차,41,33,53,57,74,56,62,80,81,80,89,75,108,106,128,107,104,2025-09-04
2,1,승차,43,39,44,54,73,69,70,69,71,90,101,98,98,92,109,124,126,2025-09-04
1,7,승차,31,46,57,57,52,59,70,57,76,75,79,97,104,110,108,111,135,2025-09-04
2,8,승차,42,43,49,61,78,62,78,89,92,94,104,78,94,98,103,122,127,2025-09-04
1,2,하차,38,31,56,47,44,72,87,68,69,89,103,100,106,103,109,132,109,2025-09-04
2,2,하차,48,41,50,50,52,67,72,64,76,83,84,87,112,102,131,123,147,2025-09-04
2,1,승차,44,48,43,52,71,69,64,84,81,81,92,81,93,108,98,106,129,2025-09-04
2,4,하차,38,43,50,61,55,61,70,87,79,82,85,89,91,109,99,122,136,2025-09-04
2,6,승차,37,36,44,51,72,71,71,78,76,70,82,96,93,105,109,126,124,2025-09-04
2,5,승차,31,50,58,59,53,52,55,67,66,86,82,89,89,112,111,96,125,2025-09-04
2,4,하차,49,58,52,75,76,67,78,79,63,95,85,98,91,107,111,129,137,2025-09-04
2,4,승차,39,41,56,65,63,65,70,77,85,86,79,113,100,108,135,115,113,2025-09-04
2,7,하차,35,50,49,53,59,75,75,66,86,82,82,92,127,92,93,97,127,2025-09-04
2,7,승차,34,42,39,57,50,62,58,69,79,72,77,95,107,83,98,122,115,2025-09-04
1,2,승차,43,44,50,52,62,73,73,76,95,73,80,111,104,94,106,124,141,2025-09-04
3,7,하차,38,48,52,46,57,69,78,69,70,74,88,95,101,98,95,113,134,2025-09-04
2,2,승차,40,38,39,57,53,69,71,98,76,85,102,87,93,81,102,125,129,2025-09-04
3,4,승차,41,53,50,63,49,79,62,75,86,89,91,108,95,90,104,95,112,2025-09-04
2,1,승차,37,42,49,55,59,76,71,67,98,87,110,92,96,100,100,109,106,2025-09-04
2,5,하차,43,42,46,57,61,61,71,75,87,87,76,83,106,101,118,125,128,2025-09-04
1,1,승차,37,58,42,51,65,81,77,77,86,77,89,107,90,109,116,110,117,2025-09-04
4,4,승차,38,33,50,49,52,77,71,72,109,82,99,107,93,103,99,118,140,2025-09-04
4,9,승차,44,43,46,46,66,56,77,71,72,85,85,103,104,98,103,102,125,2025-09-04
1,8,하차,41,50,56,55,53,68,61,68,82,94,92,83,97,104,114,116,120,2025-09-04
3,6,하차,46,40,51,49,54,56,49,82,76,90,101,92,96,104,106,116,117,2025-09-04
4,8,하차,48,43,35,45,60,74,78,90,74,95,74,110,118,96,115,131,119,2025-09-04
1,5,하차,42,47,45,56,68,65,66,77,84,87,78,95,105,116,94,107,123,2025-09-04
1,7,하차,44,33,62,54,60,73,65,68,71,84,89,96,126,109,119,118,126,2025-09-04
4,8,승차,38,35,53,57,51,61,86,63,93,94,94,92,115,102,99,118,131,2025-09-04
3,7,하차,47,46,54,57,71,64,73,81,84,85,89,83,99,114,122,97,95,2025-09-04
1,4,하차,39,49,65,49,57,63,72,69,64,85,94,104,116,98,97,139,106,2025-09-04
2,5,승차,31,52,48,46,73,78,61,77,81,86,90,91,106,99,116,98,135,2025-09-04
3,6,하차,36,50,34,58,47,65,67,62,83,83,98,95,90,101,116,121,135,2025-09-04
3,6,승차,44,34,45,52,62,56,82,71,91,82,94,92,88,114,129,115,105,2025-09-04
4,9,하차,48,46,46,50,55,64,72,59,85,73,90,86,112,93,120,112,110,2025-09-04
4,2,승차,45,42,47,60,54,85,71,89,95,94,91,89,107,97,116,110,121,2025-09-04
2,6,승차,40,45,55,73,58,62,61,74,90,78,71,81,100,106,111,126,121,2025-09-04
1,3,하차,31,39,45,64,57,59,71,74,82,71,74,101,113,108,112,112,123,2025-09-04
4,2,하차,43,42,52,56,53,67,78,82,92,91,75,90,105,105,115,92,128,2025-09-04
4,6,승차,39,49,52,56,68,52,55,72,72,79,108,81,101,87,96,121,126,2025-09-04
3,4,승차,36,45,57,57,54,72,71,61,76,84,95,104,95,94,111,124,121,2025-09-04
4,5,승차,38,38,48,59,65,62,61,69,78,87,65,99,119,102,119,133,122,2025-09-04
4,5,승차,38,41,50,58,63,53,72,78,69,80,86,97,104,113,118,115,102,2025-09-04
4,3,승차,35,59,42,56,55,70,73,84,68,76,89,107,96,111,102,135,123,2025-09-04
4,4,승차,31,53,42,57,53,66,60,73,70,92,82,86,105,100,120,112,127,2025-09-04
3,3,승차,43,40,57,55,76,64,76,77,71,67,91,94,106,102,110,105,127,2025-09-04
2,7,하차,39,38,60,51,43,64,71,71,72,81,89,104,100,107,129,116,110,2025-09-04
2,1,승차,44,51,72,49,69,66,61,88,83,63,91,87,97,109,98,122,123,2025-09-04
1,6,하차,50,50,57,60,60,58,69,79,89,97,94,89,95,117,110,126,95,2025-09-04
4,4,하차,43,40,52,45,71,65,61,105,78,101,87,81,86,100,106,113,100,2025-09-04
3,1,승차,43,32,52,61,67,57,79,80,80,102,101,79,92,97,98,119,126,2025-09-04
1,1,승차,38,41,51,64,51,58,61,79,84,101,96,99,117,95,115,113,127,2025-09-04
1,5,하차,42,30,48,56,55,65,79,77,78,87,85,80,91,108,104,134,116,2025-09-04
2,5,승차,44,40,54,49,69,61,77,97,90,87,87,101,93,105,97,133,144,2025-09-04
3,7,승차,59,40,54,59,46,50,71,82,80,79,94,99,89,101,115,124,115,2025-09-04
3,4,하차,37,40,60,47,60,52,66,66,82,69,81,86,98,117,126,113,112,2025-09-04
3,9,하차,42,45,55,53,71,67,75,76,92,83,74,85,107,100,111,118,129,2025-09-04
2,4,하차,45,41,62,65,76,63,71,64,88,87,79,104,99,97,98,113,110,2025-09-04
2,7,승차,38,47,64,62,53,80,73,69,73,84,112,100,86,98,103,114,124,2025-09-04
2,5,승차,29,44,54,56,61,63,73,76,89,95,85,106,99,100,110,123,119,2025-09-04
2,5,하차,43,42,51,60,62,65,68,85,65,78,97,94,101,122,106,134,133,2025-09-04
2,6,승차,28,54,44,61,48,62,67,71,84,77,82,95,92,102,114,106,126,2025-09-04
4,8,하차,26,48,45,59,60,67,64,105,91,77,96,101,118,113,138,109,124,2025-09-04
4,5,승차,57,44,45,53,66,61,65,73,102,81,84,103,99,119,115,126,105,2025-09-04
3,3,하차,44,43,53,67,63,55,84,63,58,79,89,103,109,97,110,120,113,2025-09-04
1,6,승차,38,48,60,65,59,67,73,76,80,73,82,100,98,123,117,112,136,2025-09-04
3,2,하차,39,54,49,59,68,69,66,84,79,83,87,87,104,99,107,109,129,2025-09-04
1,8,승차,45,48,45,59,50,68,57,82,83,77,94,86,99,94,110,97,109,2025-09-04
2,8,승차,50,46,48,46,56,71,62,54,75,73,100,108,91,87,84,107,108,2025-09-04
1,3,하차,38,42,48,59,56,44,63,75,63,86,106,95,96,126,108,122,134,2025-09-04
3,8,승차,42,44,48,68,55,64,74,64,85,95,96,111,95,116,106,114,129,2025-09-04
3,9,승차,33,37,38,56,51,64,66,83,69,85,84,92,90,106,96,101,131,2025-09-04
1,5,하차,43,46,64,61,54,81,75,75,89,95,78,90,96,118,112,116,118,2025-09-04
4,5,승차,43,52,50,60,56,57,64,65,88,83,88,100,102,92,115,118,125,2025-09-04
2,6,승차,38,48,49,53,50,62,91,85,83,97,86,71,108,114,113,114,107,2025-09-04
2,7,승차,42,48,53,54,61,71,56,72,56,87,84,75,97,109,128,121,112,2025-09-04
3,3,하차,35,48,48,65,57,47,68,77,69,84,97,92,94,95,115,119,141,2025-09-04
4,5,하차,34,56,50,51,53,56,70,87,80,67,76,88,100,101,103,129,120,2025-09-04
1,1,하차,40,38,44,52,58,64,54,76,91,95,105,81,125,96,96,100,114,2025-09-04
2,5,하차,34,50,48,51,46,61,60,78,73,99,93,87,101,99,103,126,123,2025-09-04
4,4,하차,32,36,63,56,55,62,66,67,79,95,93,97,106,110,90,119,138,2025-09-04
2,1,승차,41,45,53,49,61,53,73,75,75,97,95,92,101,94,102,120,103,2025-09-04
4,7,승차,24,53,42,77,61,72,72,70,62,80,93,99,120,97,105,137,119,2025-09-04
4,1,하차,50,56,47,65,58,73,66,81,82,92,99,94,92,93,99,114,136,2025-09-04
3,8,승차,45,37,57,74,46,56,60,81,67,85,72,90,85,98,113,108,104,2025-09-04
2,2,승차,31,44,49,49,63,54,62,81,76,96,89,93,109,104,109,111,102,2025-09-04
1,5,승차,33,33,48,61,72,61,62,72,80,81,97,100,103,108,118,98,134,2025-09-04
3,6,승차,33,52,42,49,57,78,74,71,73,66,107,115,114,91,105,101,128,2025-09-04
3,9,하차,33,38,54,62,70,59,61,82,88,83,98,103,92,102,100,109,114,2025-09-04
1,7,하차,40,46,54,68,67,66,82,58,92,77,88,90,96,106,113,105,121,2025-09-04
3,6,승차,50,50,33,57,59,79,65,74,100,90,89,95,105,106,108,109,136,2025-09-04
4,5,승차,42,52,44,48,61,64,77,71,84,85,77,89,102,96,128,98,125,2025-09-04
4,6,하차,39,37,64,57,52,64,63,75,71,65,89,102,114,92,121,127,118,2025-09-04
2,4,승차,43,52,50,62,57,84,72,62,89,94,82,79,95,101,100,119,119,2025-09-04
2,1,승차,44,36,53,47,66,60,61,73,70,84,87,76,107,103,102,126,120,2025-09-04
1,9,승차,37,34,45,60,70,57,73,90,80,78,103,84,118,93,109,111,140,2025-09-04
2,5,하차,43,45,52,59,61,85,74,77,73,78,105,85,93,99,95,144,115,2025-09-04
4,8,하차,48,36,70,64,58,64,62,59,73,89,108,101,90,101,97,122,125,2025-09-04
1,7,승차,43,54,35,57,59,74,65,77,64,86,90,110,103,109,97,124,141,2025-09-04
1,8,승차,49,49,53,54,59,62,76,76,85,77,92,78,91,91,110,112,123,2025-09-04
2,1,승차,36,40,49,58,53,74,62,87,86,78,90,91,93,101,117,129,126,2025-09-04
4,9,승차,40,40,50,50,45,66,83,68,72,83,79,107,108,103,124,120,105,2025-09-04
1,1,승차,39,50,57,44,58,65,81,62,82,83,85,95,99,110,126,125,123,2025-09-04
4,3,승차,42,48,46,65,52,62,84,77,94,76,91,99,114,114,99,98,125,2025-09-04
4,8,하차,48,41,47,56,64,69,70,75,83,89,88,99,94,104,103,121,120,2025-09-04
4,1,하차,33,44,51,55,72,82,63,80,75,76,87,90,96,85,109,119,135,2025-09-04
2,1,승차,36,39,55,64,65,67,84,80,90,83,114,99,99,111,112,122,121,2025-09-04
3,6,하차,45,42,55,61,57,78,64,61,78,62,76,96,85,111,104,102,110,2025-09-04
3,5,승차,53,53,43,57,59,64,84,75,86,82,96,98,90,104,118,112,126,2025-09-04
1,6,승차,54,52,47,55,55,75,72,79,83,80,81,96,101,111,104,104,104,2025-09-04
4,3,하차,48,54,53,61,56,59,65,72,87,88,91,98,110,95,122,95,130,2025-09-04
2,6,하차,41,41,56,52,54,75,65,65,73,65,84,87,109,101,133,105,131,2025-09-04
4,2,승차,42,34,45,66,73,55,67,74,75,92,96,89,112,99,125,119,128,2025-09-04
4,8,승차,35,46,49,71,66,73,65,85,83,74,97,84,104,113,113,115,120,2025-09-04
2,6,하차,43,47,51,50,64,60,80,74,87,83,80,106,103,98,98,121,138,2025-09-04
3,4,하차,37,38,44,60,63,73,76,75,71,75,87,90,109,115,100,117,138,2025-09-04
4,4,승차,37,47,52,48,50,68,66,71,86,73,104,93,117,115,91,137,107,2025-09-04
4,7,승차,44,46,59,52,39,65,62,72,85,85,94,99,90,105,108,116,114,2025-09-04
3,3,승차,50,44,46,52,61,65,66,72,77,69,68,94,81,109,108,124,138,2025-09-04
2,3,하차,59,50,53,56,54,50,64,92,87,88,90,99,101,94,114,125,98,2025-09-04
1,6,승차,37,46,50,68,56,67,77,78,79,96,97,97,112,76,120,94,112,2025-09-04
3,9,하차,44,55,56,59,78,70,79,83,68,98,75,80,87,91,101,102,112,2025-09-04
1,1,승차,38,41,50,56,69,63,68,79,82,88,85,86,108,118,117,125,133,2025-09-04
1,5,하차,31,32,48,48,61,67,78,69,95,91,97,98,96,98,134,112,105,2025-09-04
3,1,하차,44,45,46,60,62,72,73,57,72,86,76,96,103,107,114,123,111,2025-09-04
4,1,하차,44,41,52,52,67,84,55,82,76,98,98,83,99,118,117,141,134,2025-09-04
1,3,하차,36,57,53,54,50,47,80,74,71,76,91,82,91,103,109,128,137,2025-09-04
1,3,승차,47,42,53,58,51,62,71,75,78,93,87,81,96,100,130,123,100,2025-09-04
2,4,하차,40,41,54,57,50,63,65,75,80,88,86,98,96,103,105,112,130,2025-09-04
4,3,하차,32,47,50,67,72,60,85,66,85,79,90,103,91,101,115,118,123,2025-09-04
1,6,하차,35,44,44,57,55,64,72,78,81,94,85,94,101,92,129,122,112,2025-09-04
2,4,승차,43,48,55,58,50,65,66,89,85,95,100,73,91,109,105,127,113,2025-09-04
4,8,승차,42,44,45,45,58,59,65,75,75,76,86,91,107,94,119,109,139,2025-09-04
3,1,승차,35,47,54,55,52,52,75,77,79,90,90,93,74,112,113,117,108,2025-09-04
3,8,승차,35,51,57,53,52,72,72,72,64,73,91,100,105,93,105,111,108,2025-09-04
2,1,승차,33,41,42,40,60,72,71,74,79,82,87,100,110,111,108,98,123,2025-09-04
3,1,승차,42,48,41,57,55,54,82,57,88,85,88,83,99,104,130,105,145,2025-09-04
1,7,하차,37,42,49,58,63,57,68,70,68,78,101,106,89,104,110,114,119,2025-09-04
4,1,하차,33,38,60,59,60,54,69,63,80,66,82,108,103,83,103,117,109,2025-09-04
1,9,하차,36,51,41,57,61,66,67,66,69,80,72,92,103,99,103,108,140,2025-09-04
1,8,승차,32,48,50,47,58,53,86,74,87,96,88,83,139,107,114,98,125,2025-09-04
3,1,하차,41,31,54,56,61,65,65,91,75,87,87,98,109,107,96,119,140,2025-09-04
1,2,하차,46,42,59,56,60,62,74,91,66,79,81,95,106,106,105,109,103,2025-09-04
3,2,승차,33,42,52,54,67,78,73,78,74,89,93,99,95,97,117,128,141,2025-09-04
4,2,하차,44,51,44,63,62,58,67,74,80,89,90,91,113,120,109,124,110,2025-09-04
4,6,승차,31,43,47,55,62,72,75,60,95,79,89,91,100,98,110,86,103,2025-09-04
1,4,하차,37,40,46,49,63,73,63,56,76,88,106,79,92,111,109,113,110,2025-09-04
2,8,승차,39,38,45,46,64,72,69,77,63,87,95,84,102,116,105,119,131,2025-09-04
3,1,승차,33,46,47,48,54,71,67,75,73,89,77,90,113,105,122,134,118,2025-09-04
3,4,승차,49,44,54,53,59,74,75,75,70,79,76,93,92,116,105,107,105,2025-09-04
1,5,하차,43,39,56,50,53,66,59,65,75,78,107,100,97,95,104,117,103,2025-09-04
3,9,하차,54,32,54,67,70,67,95,75,86,87,84,98,98,108,111,114,122,2025-09-04
3,5,승차,48,67,53,65,65,52,53,64,99,89,98,82,84,110,118,104,110,2025-09-04
2,3,승차,39,45,50,68,46,70,85,82,87,92,105,101,98,98,134,127,126,2025-09-04
2,4,하차,48,58,39,48,65,57,76,91,70,77,82,93,114,115,116,114,118,2025-09-04
1,7,하차,48,51,56,46,61,66,75,67,78,92,82,87,93,116,112,132,146,2025-09-04
2,1,승차,47,44,40,54,58,61,66,73,85,84,103,96,86,103,113,108,116,2025-09-04
1,6,하차,32,44,50,62,69,58,81,80,80,87,89,103,103,109,129,127,125,2025-09-04
4,8,하차,40,35,48,67,63,63,58,82,75,80,93,79,99,108,103,127,87,2025-09-04
1,1,하차,43,42,57,59,67,52,74,68,81,84,95,91,109,91,104,121,128,2025-09-04
4,8,승차,42,38,54,52,58,67,73,70,76,86,84,94,101,97,107,111,116,2025-09-04
1,7,승차,32,51,38,44,52,74,61,73,88,88,104,85,92,124,119,98,131,2025-09-04
3,1,하차,39,45,45,57,48,71,76,79,81,80,84,98,121,83,95,110,128,2025-09-04
2,9,승차,30,43,44,69,72,59,59,69,75,70,97,99,99,115,120,126,105,2025-09-04
4,3,하차,40,48,47,68,45,63,72,81,76,87,91,108,86,109,113,114,117,2025-09-04
1,2,하차,34,44,50,54,41,71,65,80,75,84,97,98,104,132,111,121,126,2025-09-04
2,7,승차,49,50,56,44,56,62,59,74,71,78,100,93,96,113,104,122,117,2025-09-04
1,3,승차,43,46,58,54,60,55,77,66,86,77,95,111,104,87,108,121,133,2025-09-04
2,1,승차,46,50,40,55,53,77,71,54,76,67,102,115,107,107,93,115,156,2025-09-04
2,3,하차,36,43,49,50,58,59,67,68,79,80,79,101,102,109,118,110,124,2025-09-04
1,6,하차,38,38,48,62,60,59,72,77,64,97,84,95,103,95,116,113,120,2025-09-04
4,3,승차,38,53,50,48,60,71,61,77,72,91,92,102,102,99,135,104,131,2025-09-04
4,5,승차,48,39,35,53,58,63,67,80,87,90,90,91,97,91,99,116,120,2025-09-04
3,9,승차,36,49,42,63,65,68,70,67,53,92,88,93,98,120,95,109,113,2025-09-04
2,7,하차,50,50,43,66,66,59,71,64,88,84,82,100,82,117,123,126,123,2025-09-04
3,2,하차,43,48,41,55,60,63,52,72,76,86,88,87,94,107,105,123,105,2025-09-04
3,1,하차,50,43,49,60,59,63,71,78,85,80,107,81,96,101,117,110,109,2025-09-04
1,7,승차,41,47,48,62,60,56,73,85,83,91,75,97,94,96,112,122,104,2025-09-04
1,4,승차,48,42,56,52,52,74,74,70,85,82,85,100,94,123,115,119,121,2025-09-04
1,7,하차,42,51,37,51,41,62,80,72,74,96,83,100,96,110,112,111,102,2025-09-04
2,6,승차,39,45,59,58,58,63,70,79,73,76,91,104,92,96,109,110,131,2025-09-04
1,7,승차,44,35,53,59,61,71,62,58,79,79,89,85,108,103,108,141,117,2025-09-04
1,4,승차,42,39,59,43,46,61,82,72,77,83,81,113,85,99,108,117,121,2025-09-04
2,3,승차,48,46,52,51,72,63,78,85,103,84,78,102,103,97,132,113,139,2025-09-04
2,5,하차,29,55,49,57,70,69,75,78,75,94,88,84,79,99,133,115,115,2025-09-04
4,3,승차,36,56,49,52,61,79,69,68,91,81,81,78,119,108,112,136,126,2025-09-04
1,3,하차,40,56,39,44,64,58,74,75,66,81,71,92,98,87,116,105,126,2025-09-04
1,4,하차,40,55,61,50,67,87,76,84,93,89,112,107,102,106,128,106,115,2025-09-04
1,8,승차,40,50,50,74,57,67,47,72,74,79,94,115,107,113,103,109,108,2025-09-04
4,2,하차,47,52,50,52,60,60,63,79,84,94,93,83,85,118,101,121,118,2025-09-04
1,4,하차,50,51,46,59,59,55,69,67,93,84,94,113,96,102,97,113,117,2025-09-04
4,3,승차,40,46,37,56,60,57,48,89,76,90,79,92,106,112,113,106,110,2025-09-04
3,7,하차,32,53,61,58,63,62,69,63,80,73,97,82,102,107,86,118,128,2025-09-04
4,2,하차,40,53,37,53,66,66,67,78,83,75,97,91,88,97,104,120,133,2025-09-04
3,1,하차,40,56,52,60,67,69,62,72,82,84,80,106,101,110,105,127,104,2025-09-04
1,1,하차,47,52,45,59,73,67,95,84,88,86,92,96,98,113,111,95,102,2025-09-04
3,6,하차,33,37,46,56,51,68,73,75,98,65,81,102,97,114,113,102,121,2025-09-04
4,3,하차,52,43,52,52,58,72,72,79,78,92,109,96,91,115,119,100,121,2025-09-04
2,7,하차,34,46,45,51,46,77,71,69,66,84,75,104,95,102,106,125,126,2025-09-04
3,8,하차,53,44,38,63,56,58,72,78,85,90,80,90,111,98,126,118,128,2025-09-04
3,5,승차,43,46,53,43,71,68,68,67,82,71,95,95,101,101,102,126,112,2025-09-04
1,5,승차,40,47,41,54,53,71,63,82,75,78,86,93,108,94,100,137,110,2025-09-04
4,2,승차,46,46,52,73,59,87,65,77,80,85,101,88,73,107,107,116,113,2025-09-04
3,8,하차,32,53,46,57,57,54,70,78,85,92,84,92,114,105,101,123,124,2025-09-04
3,1,하차,49,49,34,58,59,60,76,71,91,94,87,106,81,117,111,103,110,2025-09-04
3,9,하차,37,49,53,64,65,66,70,83,81,107,83,87,89,81,126,125,129,2025-09-04
3,1,승차,42,38,55,62,56,57,60,64,65,83,97,91,94,92,95,116,108,2025-09-04
2,1,승차,39,51,58,44,65,70,72,76,90,82,91,100,109,100,126,106,118,2025-09-04
4,1,승차,42,51,49,54,70,78,70,89,79,91,89,89,98,90,118,94,129,2025-09-04
1,7,하차,28,35,49,56,62,52,77,75,71,90,78,93,101,111,115,105,114,2025-09-04
1,4,승차,48,49,56,52,71,69,88,73,56,89,90,80,95,114,119,100,128,2025-09-04
2,7,승차,42,55,64,52,55,52,51,80,77,93,109,94,93,99,108,109,130,2025-09-04
4,5,하차,33,52,49,54,57,59,68,78,64,92,90,96,99,102,116,104,137,2025-09-04
3,7,승차,48,46,57,49,50,61,71,75,71,84,89,91,102,106,112,124,124,2025-09-04
2,7,하차,49,48,40,50,77,66,54,89,66,92,102,108,94,96,118,107,121,2025-09-04
4,4,승차,46,37,52,64,61,74,57,81,91,88,90,90,107,108,128,101,115,2025-09-04
3,2,하차,41,38,56,62,65,71,78,74,91,85,91,83,82,113,103,123,110,2025-09-04
2,8,하차,37,46,47,37,65,70,60,71,85,95,92,97,88,120,125,121,117,2025-09-04
4,2,하차,39,49,45,60,78,63,75,71,84,85,96,99,96,95,117,107,114,2025-09-04
1,9,하차,52,39,43,49,50,63,80,86,85,93,94,93,99,117,113,109,127,2025-09-04
1,5,하차,38,39,61,49,62,72,84,79,81,105,98,86,91,113,102,120,129,2025-09-04
4,9,승차,50,56,50,47,62,70,64,70,84,77,92,105,86,95,119,115,127,2025-09-04
1,9,하차,27,49,44,57,58,70,67,60,72,95,100,109,112,86,109,131,121,2025-09-04
4,8,하차,40,51,54,53,72,58,89,70,76,78,97,81,96,104,117,125,134,2025-09-04
3,8,하차,41,47,58,60,47,72,76,73,61,102,84,93,98,106,107,132,112,2025-09-05
4,4,하차,36,44,52,51,54,64,74,87,84,91,91,91,97,113,125,121,139,2025-09-05
3,4,승차,37,45,46,58,70,58,72,64,88,96,88,88,105,103,102,119,119,2025-09-05
2,2,하차,33,43,48,43,60,78,69,69,88,76,86,103,107,97,117,101,109,2025-09-05
4,4,승차,35,41,45,63,58,66,59,77,87,78,92,100,89,105,117,112,129,2025-09-05
2,4,하차,43,61,55,45,58,58,71,71,80,92,79,77,110,111,110,121,120,2025-09-05
1,6,하차,53,41,52,51,46,59,73,93,102,88,85,102,104,95,105,109,128,2025-09-05
3,3,승차,33,50,65,54,53,63,59,63,73,69,99,103,95,116,90,100,95,2025-09-05
4,2,승차,41,51,56,63,67,65,72,84,89,109,96,89,101,99,117,115,105,2025-09-05
2,8,승차,49,50,70,56,63,59,76,70,80,74,99,87,101,114,115,116,114,2025-09-05
3,2,하차,32,36,48,48,66,57,63,72,81,97,87,86,95,128,121,117,125,2025-09-05
3,8,승차,38,37,51,43,62,64,65,62,78,87,98,84,114,103,115,103,109,2025-09-05
1,7,하차,56,33,55,46,59,59,73,82,83,80,91,91,90,107,125,114,106,2025-09-05
1,3,승차,32,41,55,61,74,68,69,68,76,92,110,122,103,110,95,123,124,2025-09-05
3,6,승차,34,59,48,49,58,64,84,70,86,75,96,97,91,117,103,112,140,2025-09-05
3,6,하차,44,48,54,65,55,68,59,79,89,76,93,106,99,109,101,106,118,2025-09-05
4,5,승차,40,46,47,55,60,73,62,66,83,82,95,105,84,100,108,117,108,2025-09-05
3,8,승차,37,54,40,63,64,49,74,70,83,89,92,89,101,110,129,97,125,2025-09-05
4,5,하차,36,41,48,52,64,61,61,70,63,88,87,92,95,116,116,108,102,2025-09-05
3,7,하차,43,35,42,53,56,57,66,64,84,85,80,98,121,107,114,113,100,2025-09-05
1,6,하차,36,43,47,54,69,66,77,80,76,81,83,107,94,110,124,120,127,2025-09-05
4,7,승차,42,52,52,54,51,59,65,82,86,77,76,98,81,96,107,113,121,2025-09-05
2,9,승차,45,42,43,45,64,78,78,80,74,91,81,94,105,98,91,117,131,2025-09-05
1,3,승차,37,49,53,55,55,79,67,66,75,68,91,114,94,108,131,134,123,2025-09-05
4,7,승차,38,40,65,62,58,61,89,63,91,73,89,98,108,116,106,113,117,2025-09-05
4,3,승차,28,44,43,62,65,69,65,56,89,72,104,104,93,85,124,113,114,2025-09-05
2,2,하차,44,56,69,61,50,53,78,81,73,77,102,78,96,133,98,129,128,2025-09-05
4,7,승차,34,51,55,52,60,60,65,81,78,93,100,87,100,112,106,103,121,2025-09-05
3,4,하차,53,33,34,56,63,70,84,80,71,78,96,94,98,127,135,115,101,2025-09-05
2,1,승차,36,38,45,70,52,79,56,75,93,94,88,103,79,92,109,99,128,2025-09-05
1,6,하차,35,32,53,60,56,79,70,66,80,80,102,90,94,117,133,124,118,2025-09-05
1,6,승차,32,56,45,60,58,53,94,71,88,85,75,92,113,104,128,140,122,2025-09-05
3,6,승차,25,48,43,56,50,73,61,82,90,92,81,110,100,122,95,107,104,2025-09-05
1,2,하차,40,41,52,55,59,58,84,74,73,85,74,97,95,101,106,131,129,2025-09-05
4,1,승차,49,54,58,42,62,74,80,90,74,85,86,79,95,99,108,123,125,2025-09-05
4,3,하차,36,47,42,59,56,61,84,70,81,102,105,93,92,88,114,97,136,2025-09-05
3,2,승차,30,47,49,69,71,70,76,53,81,82,84,75,104,113,101,112,125,2025-09-05
1,6,승차,26,59,36,48,74,72,70,70,84,88,86,93,92,111,119,105,115,2025-09-05
1,6,하차,35,39,43,51,60,77,80,72,86,91,96,101,100,85,113,110,128,2025-09-05
3,5,승차,38,48,63,54,56,58,72,76,72,89,107,81,95,99,116,104,112,2025-09-05
2,5,하차,39,40,59,58,64,73,70,71,90,68,94,92,94,116,97,101,133,2025-09-05
1,9,승차,47,33,54,56,56,81,62,84,69,96,94,109,90,108,100,98,115,2025-09-05
2,5,승차,39,40,44,55,55,62,73,99,70,81,90,98,84,113,103,109,107,2025-09-05
1,6,승차,45,50,51,64,68,57,65,82,64,88,73,100,103,102,122,115,114,2025-09-05
1,4,승차,32,59,43,62,58,56,69,63,76,78,90,89,104,93,95,107,137,2025-09-05
1,1,승차,36,41,48,46,66,81,65,86,72,88,78,83,84,101,120,110,103,2025-09-05
1,4,승차,40,52,50,57,63,74,63,57,84,66,79,79,112,94,111,109,121,2025-09-05
4,2,승차,38,52,45,41,59,79,67,80,89,85,63,87,88,96,149,119,111,2025-09-05
2,3,하차,35,38,51,59,53,54,69,57,78,75,84,82,92,107,130,112,117,2025-09-05
2,7,승차,32,42,45,53,67,55,66,88,81,90,77,110,97,100,104,104,128,2025-09-05
1,7,승차,38,51,57,49,75,66,65,64,64,104,86,97,128,123,119,107,131,2025-09-05
1,1,승차,37,37,45,50,56,70,59,73,85,96,92,79,93,113,148,118,123,2025-09-05
2,8,하차,38,54,60,58,61,72,78,65,80,74,105,82,89,108,111,114,115,2025-09-05
4,7,하차,38,40,45,46,54,68,67,106,76,83,103,96,110,118,102,102,114,2025-09-05
3,1,승차,38,49,57,58,55,67,70,74,76,86,77,103,93,119,117,111,122,2025-09-05
3,8,승차,45,45,42,63,67,68,75,91,91,72,120,108,108,100,102,132,120,2025-09-05
2,2,승차,35,37,61,60,80,64,78,81,83,87,88,90,119,109,93,104,117,2025-09-05
1,8,하차,33,37,51,61,71,47,73,73,69,77,95,103,106,112,109,115,130,2025-09-05
1,3,승차,38,38,54,53,61,55,71,67,90,87,67,86,108,111,107,124,121,2025-09-05
4,7,하차,40,61,48,64,56,82,80,80,74,90,78,81,92,105,113,115,129,2025-09-05
3,6,승차,33,45,43,62,60,79,72,72,65,88,102,86,96,109,122,109,115,2025-09-05
4,5,하차,37,47,60,62,62,63,63,80,79,82,100,103,85,112,98,125,113,2025-09-05
3,2,하차,41,51,47,62,65,72,63,72,77,92,86,93,91,94,107,114,109,2025-09-05
2,2,승차,43,43,44,54,67,67,82,68,77,72,102,80,99,103,115,112,141,2025-09-05
3,1,승차,39,31,58,47,55,73,75,79,71,100,81,90,100,105,93,120,132,2025-09-05
4,9,승차,38,48,63,42,51,55,91,71,76,90,82,85,99,94,114,116,127,2025-09-05
4,8,승차,35,46,54,53,51,62,55,87,78,86,86,90,96,100,119,123,134,2025-09-05
4,8,승차,44,50,53,63,58,65,86,99,91,85,91,111,103,107,103,125,129,2025-09-05
2,1,승차,33,45,53,50,62,76,56,69,87,96,83,92,96,100,101,134,126,2025-09-05
3,5,승차,48,37,60,49,75,68,54,79,83,75,93,93,109,110,104,122,125,2025-09-05
3,6,하차,51,56,50,48,54,55,55,78,86,81,92,92,115,89,113,117,104,2025-09-05
4,2,승차,33,50,51,51,59,53,56,82,82,74,81,93,108,110,102,121,123,2025-09-05
3,5,승차,40,50,64,49,70,73,67,83,72,89,85,97,98,113,121,113,117,2025-09-05
1,6,하차,47,45,50,61,67,68,86,77,79,87,79,91,102,84,105,115,124,2025-09-05
1,9,승차,45,39,45,40,70,55,80,75,92,84,85,86,88,100,137,107,124,2025-09-05
1,1,승차,44,49,53,46,80,78,62,73,76,113,87,76,97,106,116,118,138,2025-09-05
3,3,승차,43,39,43,57,55,61,74,80,75,99,95,103,89,110,115,122,110,2025-09-05
2,9,승차,50,47,54,61,56,72,76,67,87,85,77,80,96,109,110,111,108,2025-09-05
2,1,하차,40,54,60,63,62,64,78,78,77,83,92,106,91,97,108,133,112,2025-09-05
2,1,하차,41,45,57,46,69,71,71,85,92,91,74,90,82,114,123,105,122,2025-09-05
2,1,승차,50,42,53,63,70,68,66,84,81,86,100,92,92,106,116,89,133,2025-09-05
1,7,승차,38,48,42,55,60,55,59,85,80,86,78,90,121,116,110,115,123,2025-09-05
1,5,하차,40,43,47,61,71,59,54,82,81,82,91,92,94,101,122,124,119,2025-09-05
4,6,승차,45,37,41,49,70,61,71,77,73,94,87,92,88,85,108,121,107,2025-09-05
3,8,하차,38,38,58,55,53,69,74,73,75,79,87,90,110,110,133,112,124,2025-09-05
3,2,하차,34,52,41,72,70,50,76,68,77,89,98,97,113,121,115,107,106,2025-09-05
2,2,하차,35,46,34,65,44,73,67,65,83,94,87,100,98,83,94,108,121,2025-09-05
1,3,승차,37,26,42,50,70,67,68,84,86,89,84,96,80,110,104,110,103,2025-09-05
2,3,승차,31,45,41,62,50,65,73,76,74,87,84,99,105,117,108,123,117,2025-09-05
4,3,승차,41,44,55,58,62,65,68,83,94,75,98,81,84,95,124,128,119,2025-09-05
3,4,하차,33,49,37,46,71,70,81,57,69,85,87,91,108,119,100,129,111,2025-09-05
3,3,승차,33,52,58,43,62,76,72,74,84,84,72,91,99,105,103,127,110,2025-09-05
2,2,승차,38,37,46,61,52,75,66,64,76,74,93,89,109,99,111,93,130,2025-09-05
4,9,하차,39,46,42,63,60,73,79,62,91,84,91,115,91,93,99,112,135,2025-09-05
3,6,승차,37,56,39,63,56,76,65,75,89,97,98,94,82,120,111,114,106,2025-09-05
4,3,승차,37,46,50,54,58,86,83,67,79,86,84,96,103,117,121,110,95,2025-09-05
4,9,승차,36,39,37,59,69,52,65,66,98,70,99,98,89,101,99,106,123,2025-09-05
2,4,하차,41,45,52,57,81,64,53,75,87,82,114,82,101,95,110,103,110,2025-09-05
1,4,승차,51,43,55,48,83,55,72,67,74,78,79,97,97,110,105,110,126,2025-09-05
2,8,하차,48,49,53,60,62,70,74,72,66,89,92,115,89,100,104,130,129,2025-09-05
1,7,하차,39,52,51,58,57,54,71,74,75,83,74,86,95,107,123,120,146,2025-09-05
4,7,하차,33,49,47,53,67,68,85,84,90,91,77,93,113,97,91,120,127,2025-09-05
1,7,승차,49,50,52,57,61,65,70,79,96,73,83,83,94,103,103,131,137,2025-09-05
4,5,승차,39,50,54,61,60,57,62,67,72,90,93,88,97,111,111,120,128,2025-09-05
3,7,승차,34,54,41,56,56,65,81,74,71,90,102,100,113,117,116,114,118,2025-09-05
3,4,하차,45,51,51,45,43,60,64,75,87,101,85,96,105,96,120,120,109,2025-09-05
3,8,하차,38,38,44,66,57,71,70,88,78,88,82,88,98,94,107,101,112,2025-09-05
2,9,승차,44,42,52,58,61,59,72,73,76,96,80,77,92,116,110,122,132,2025-09-05
2,3,하차,41,51,41,61,61,68,76,88,79,88,81,98,99,108,105,129,118,2025-09-05
4,7,승차,33,56,60,57,51,53,53,78,89,67,92,108,103,102,127,118,103,2025-09-05
3,9,승차,37,48,51,44,53,75,68,67,59,78,82,81,91,92,113,127,112,2025-09-05
2,1,승차,46,48,48,47,60,55,61,65,76,95,98,105,104,105,107,114,131,2025-09-05
3,2,승차,37,51,58,59,53,73,86,83,73,96,93,92,115,105,105,101,104,2025-09-05
2,7,승차,42,54,56,62,54,54,74,85,77,80,85,101,101,107,128,99,102,2025-09-05
1,2,승차,35,52,56,62,59,63,77,77,78,64,92,97,109,98,106,129,102,2025-09-05
1,7,승차,37,43,59,54,65,58,74,71,90,83,80,85,106,94,115,137,128,2025-09-05
3,1,하차,40,47,49,49,66,58,71,73,92,72,96,101,101,135,120,109,124,2025-09-05
4,3,승차,38,34,50,55,52,65,81,79,81,97,104,89,94,111,98,128,128,2025-09-05
2,5,하차,48,53,56,51,66,62,79,80,73,86,76,94,94,102,101,107,126,2025-09-05
2,6,하차,36,53,64,50,53,61,71,67,81,84,89,109,85,111,104,129,110,2025-09-05
1,9,승차,40,36,58,48,49,61,58,81,89,88,95,100,105,98,87,104,127,2025-09-05
1,9,하차,43,46,46,53,63,53,75,93,57,77,81,106,91,103,133,129,113,2025-09-05
4,3,하차,36,40,49,58,54,60,82,74,68,81,90,114,99,115,100,119,116,2025-09-05
4,8,하차,38,39,51,56,48,54,67,74,83,77,92,100,96,104,112,125,110,2025-09-05
4,4,승차,39,49,50,52,58,56,61,60,81,89,87,101,127,108,111,111,133,2025-09-05
3,7,승차,48,40,58,56,58,83,73,68,86,91,80,85,111,97,124,123,123,2025-09-05
1,6,승차,42,51,46,66,54,74,59,77,88,89,94,90,96,117,100,103,121,2025-09-05
3,8,승차,45,36,41,55,58,63,69,72,70,98,100,93,96,90,114,103,107,2025-09-05
1,6,승차,46,43,54,58,53,58,66,73,76,93,88,84,107,82,114,110,131,2025-09-05
1,4,하차,34,42,44,49,60,63,63,63,91,67,87,88,112,102,125,114,122,2025-09-05
2,2,하차,37,49,43,55,62,71,70,70,82,85,79,87,92,102,123,113,118,2025-09-05
1,7,승차,37,42,58,62,57,72,73,63,91,65,83,98,90,90,106,117,126,2025-09-05
1,4,하차,45,49,58,58,54,63,74,73,85,88,88,85,95,117,96,116,126,2025-09-05
3,9,하차,41,42,47,59,51,66,64,73,84,90,86,100,98,105,114,107,127,2025-09-05
1,9,하차,38,48,47,52,58,67,77,77,65,73,77,97,108,99,110,119,132,2025-09-05
3,7,하차,48,39,43,51,66,60,60,68,92,83,83,103,110,109,101,101,110,2025-09-05
4,5,승차,34,52,53,54,63,68,68,70,90,98,102,113,103,99,110,121,120,2025-09-05
1,3,승차,37,43,49,51,68,67,63,82,75,94,94,100,114,108,119,127,118,2025-09-05
1,3,승차,39,44,46,63,62,62,74,88,95,91,101,103,88,105,121,130,114,2025-09-05
3,9,하차,40,40,45,50,52,57,78,83,93,86,108,113,88,114,101,104,124,2025-09-05
4,9,하차,37,45,49,52,65,54,71,80,76,74,81,97,100,93,104,112,106,2025-09-05
2,4,승차,43,59,58,48,51,67,74,73,76,89,89,103,106,93,95,105,123,2025-09-05
4,1,승차,37,39,49,52,61,50,74,69,78,76,75,97,102,109,99,129,127,2025-09-05
3,5,하차,42,44,36,61,55,55,73,78,87,86,89,90,89,97,109,119,117,2025-09-05
4,8,승차,42,44,43,43,54,66,60,86,89,79,103,107,101,97,111,116,120,2025-09-05
3,4,승차,47,39,67,50,70,72,79,78,83,79,69,72,102,105,107,104,121,2025-09-05
3,4,하차,35,35,58,58,68,66,70,79,73,83,98,82,100,94,114,116,107,2025-09-05
2,9,하차,39,29,54,64,58,44,63,62,91,101,96,87,89,96,102,123,102,2025-09-05
1,9,승차,49,36,61,60,59,73,76,70,67,80,83,89,105,102,108,105,118,2025-09-05
3,7,하차,46,55,44,68,68,68,68,72,73,88,97,85,89,101,90,108,108,2025-09-05
3,8,승차,31,52,46,58,54,67,76,82,81,80,67,108,117,106,102,101,111,2025-09-05
2,4,하차,54,36,48,49,65,66,68,77,96,97,78,104,108,111,114,125,130,2025-09-05
3,8,하차,44,38,39,75,64,67,83,74,80,82,78,105,86,97,114,109,88,2025-09-05
1,6,승차,34,43,51,61,51,59,64,81,90,83,83,91,104,105,121,112,128,2025-09-05
2,3,하차,39,54,53,48,54,71,74,89,72,86,83,111,96,96,121,131,113,2025-09-05
1,7,승차,40,39,53,54,61,77,70,63,75,103,109,109,104,98,114,91,111,2025-09-05
1,3,하차,30,43,52,59,59,61,65,79,64,86,73,86,107,103,115,120,108,2025-09-05
2,7,승차,40,58,53,56,66,73,54,75,79,88,103,114,86,106,110,124,115,2025-09-05
3,5,하차,45,32,60,58,66,68,75,75,95,89,111,102,81,92,96,100,100,2025-09-05
1,4,하차,32,54,56,57,62,60,75,83,78,82,76,82,96,106,106,112,128,2025-09-05
1,3,승차,35,39,62,63,65,70,66,87,78,95,86,98,89,91,117,111,136,2025-09-05
1,8,하차,38,56,49,57,64,61,73,65,84,104,81,97,108,108,116,119,116,2025-09-05
1,4,승차,32,48,47,45,55,69,71,78,84,69,91,89,102,104,112,112,117,2025-09-05
2,8,하차,44,40,49,55,55,74,82,84,88,110,80,104,90,110,95,108,123,2025-09-05
2,3,하차,41,32,54,44,66,72,68,68,73,98,78,91,104,95,120,128,115,2025-09-05
4,9,승차,42,43,57,54,50,68,70,83,63,74,102,90,113,99,98,114,111,2025-09-05
4,6,하차,40,41,61,59,57,60,70,80,88,76,103,91,93,103,101,112,129,2025-09-05
1,5,하차,32,50,54,66,63,60,84,88,81,81,80,111,102,113,101,130,133,2025-09-05
3,5,승차,39,57,44,52,60,66,76,76,80,91,77,74,103,104,114,125,109,2025-09-05
1,3,하차,48,36,47,55,64,62,65,80,88,75,80,100,89,96,99,111,119,2025-09-05
3,2,승차,48,42,44,57,70,57,71,71,71,73,99,86,102,103,103,134,131,2025-09-05
1,6,승차,42,56,48,47,57,60,57,75,62,79,96,107,105,130,90,117,143,2025-09-05
4,1,승차,51,40,47,59,64,68,65,62,75,68,68,104,115,106,97,116,112,2025-09-05
4,7,하차,38,48,58,58,43,76,79,69,89,82,98,103,101,122,123,111,133,2025-09-05
3,5,하차,42,43,40,68,65,71,80,81,74,100,97,98,89,98,146,111,118,2025-09-05
1,4,승차,44,37,56,59,64,66,73,72,85,88,85,102,115,111,120,107,113,2025-09-05
3,9,하차,45,42,53,52,59,70,73,81,81,85,73,92,93,95,115,106,130,2025-09-05
4,1,승차,50,41,64,62,63,70,62,93,89,61,90,81,86,100,113,116,95,2025-09-05
1,4,하차,31,40,61,49,73,61,72,77,79,87,74,108,116,107,101,115,131,2025-09-05
1,3,승차,55,44,61,60,75,59,74,87,79,83,90,79,110,106,97,112,123,2025-09-05
3,6,승차,49,43,43,40,49,67,67,70,88,83,90,94,104,108,118,106,119,2025-09-05
2,5,하차,45,45,58,52,69,74,78,72,90,83,76,73,103,121,125,115,130,2025-09-05
3,7,승차,55,58,54,65,51,60,55,72,90,95,91,111,100,108,89,139,112,2025-09-05
4,1,승차,50,55,57,42,60,61,53,71,87,90,84,115,89,99,105,121,141,2025-09-05
4,5,하차,41,53,60,62,63,71,50,83,82,93,95,92,90,107,106,124,118,2025-09-05
4,2,승차,33,51,66,51,54,71,59,80,75,73,102,97,91,87,102,106,97,2025-09-05
4,2,승차,48,50,43,46,63,65,58,63,81,98,78,78,100,100,91,111,130,2025-09-05
4,2,하차,38,37,51,53,60,62,90,94,77,68,81,95,90,98,120,132,135,2025-09-05
2,9,승차,51,45,49,46,64,91,69,83,73,100,83,101,102,102,104,103,119,2025-09-05
1,3,승차,37,49,54,41,59,64,70,81,84,102,89,99,87,101,98,130,109,2025-09-05
3,4,승차,55,46,50,45,78,65,59,87,79,82,90,84,107,101,87,113,122,2025-09-05
3,5,승차,37,40,41,65,60,61,53,94,79,64,75,112,91,101,117,127,131,2025-09-05
4,4,승차,39,53,43,64,58,83,65,69,76,79,92,94,108,106,88,102,138,2025-09-05
3,4,승차,49,38,48,44,63,77,79,103,94,80,80,84,92,118,102,117,123,2025-09-05
4,5,승차,44,53,47,59,60,75,81,84,83,92,102,109,93,103,122,110,113,2025-09-05
2,9,승차,40,51,48,52,56,61,66,74,74,78,100,107,105,95,112,116,124,2025-09-05
2,9,하차,32,47,54,52,57,68,71,86,78,91,94,102,110,131,111,113,114,2025-09-05
1,6,승차,47,63,54,41,59,66,59,70,79,80,88,105,93,107,111,98,122,2025-09-05
2,3,승차,41,48,48,55,66,78,55,71,86,97,97,94,116,98,100,130,146,2025-09-05
2,6,하차,34,31,40,42,60,63,75,80,83,91,79,107,116,112,102,112,131,2025-09-05
1,4,승차,40,48,66,60,52,58,66,74,85,78,89,114,96,117,113,127,123,2025-09-05
3,3,승차,37,51,54,47,59,70,87,76,88,84,94,88,115,121,108,100,126,2025-09-05
4,6,승차,29,43,49,49,48,78,71,68,72,75,94,85,95,117,110,119,103,2025-09-05
4,6,승차,35,51,49,57,51,61,76,80,89,68,77,98,86,121,122,115,112,2025-09-05
3,2,승차,34,39,57,59,69,65,57,90,71,82,105,96,97,104,105,122,120,2025-09-05
1,9,승차,42,47,52,57,47,78,74,85,71,90,91,102,107,110,111,110,110,2025-09-05
3,8,하차,42,42,53,57,53,64,70,72,89,94,93,88,95,78,130,126,120,2025-09-05
2,6,하차,46,49,46,54,49,71,77,60,74,84,86,99,103,119,103,112,110,2025-09-05
1,1,하차,47,51,48,56,57,70,71,74,73,103,87,94,87,98,111,110,112,2025-09-05
1,2,하차,40,37,49,62,57,62,76,84,75,102,80,89,109,113,119,114,136,2025-09-05
1,4,하차,47,42,38,49,56,70,73,80,95,81,91,84,113,104,115,116,136,2025-09-05
4,7,승차,33,44,36,50,59,69,71,65,78,103,103,97,95,121,95,103,118,2025-09-05
3,9,승차,37,45,37,55,52,69,59,73,77,90,87,100,99,107,119,115,124,2025-09-05
1,5,승차,27,38,49,49,52,65,74,83,80,94,76,107,94,106,104,118,121,2025-09-05
1,2,승차,42,58,53,64,67,62,73,80,77,69,104,104,113,115,92,114,124,2025-09-05
1,1,승차,34,39,46,56,73,48,72,74,76,100,85,101,93,92,113,95,108,2025-09-05
3,1,하차,31,42,51,56,66,62,72,74,86,80,91,112,114,109,109,111,126,2025-09-05
4,5,하차,30,50,47,48,64,77,71,70,84,94,79,112,82,83,106,121,137,2025-09-05
2,7,승차,32,39,67,54,59,75,68,79,73,88,108,95,104,109,99,107,136,2025-09-05
4,9,승차,32,39,38,46,62,67,68,82,89,100,96,110,100,105,114,136,107,2025-09-05
1,9,승차,37,39,33,60,59,59,72,74,75,77,99,88,84,96,102,128,138,2025-09-05
4,8,하차,51,65,46,54,50,56,74,60,77,79,94,94,119,107,106,127,114,2025-09-05
4,1,하차,45,52,54,53,54,66,77,64,75,87,93,83,109,115,100,128,113,2025-09-05
2,5,승차,44,41,40,52,57,67,62,94,74,77,114,87,93,101,99,128,110,2025-09-05
3,6,하차,36,43,49,56,81,71,91,74,67,81,98,94,88,102,95,112,134,2025-09-05
3,6,승차,41,40,58,53,64,54,69,80,87,96,95,95,87,109,100,118,138,2025-09-05
4,4,하차,38,50,50,53,66,71,76,77,81,97,97,105,111,103,133,104,108,2025-09-05
4,1,하차,39,47,36,56,62,63,59,61,70,86,104,100,112,125,102,127,114,2025-09-05
3,3,승차,34,50,39,48,53,60,63,63,78,95,86,75,103,92,113,105,121,2025-09-05
3,4,하차,37,44,50,55,49,84,70,88,75,88,88,94,104,110,113,121,129,2025-09-05
2,4,하차,33,48,51,58,61,66,69,75,65,82,87,102,105,95,107,107,138,2025-09-05
1,4,승차,56,46,41,58,50,75,75,55,63,107,93,96,109,103,120,108,113,2025-09-05
4,5,하차,51,47,49,58,60,71,73,81,67,74,110,93,103,104,112,121,130,2025-09-05
3,9,승차,59,45,50,59,52,79,62,69,84,74,84,96,87,102,111,112,116,2025-09-05
4,4,하차,42,44,55,51,62,76,58,72,64,82,101,98,110,112,104,101,112,2025-09-05
4,9,승차,36,42,54,50,72,60,88,67,71,81,89,84,103,114,117,124,109,2025-09-05
3,9,승차,42,42,54,56,63,61,68,64,70,98,78,85,97,85,106,100,112,2025-09-05
2,1,하차,44,50,52,42,59,77,70,72,73,90,83,96,101,90,119,129,111,2025-09-05
4,5,하차,47,54,61,48,66,67,63,66,87,87,87,99,108,109,93,112,114,2025-09-05
2,9,승차,36,42,43,58,59,69,80,82,82,86,93,94,105,105,106,110,125,2025-09-05
3,4,하차,41,38,51,66,59,65,78,67,76,74,85,91,106,117,106,143,122,2025-09-05
1,5,하차,41,46,59,47,70,56,71,67,73,96,81,91,98,110,121,106,114,2025-09-05
1,4,하차,35,41,53,58,61,56,65,87,73,78,78,99,124,115,94,116,99,2025-09-05
4,2,승차,33,41,49,55,62,68,74,70,83,89,87,90,106,93,99,135,114,2025-09-05
3,2,승차,36,51,53,72,64,67,82,70,92,83,92,86,108,104,118,108,136,2025-09-05
2,2,승차,37,44,47,51,67,61,58,65,84,95,89,101,123,91,119,116,127,2025-09-05
4,1,하차,32,47,46,52,52,60,63,90,84,80,80,106,84,97,110,126,128,2025-09-05
3,3,하차,35,45,42,55,59,68,68,80,92,83,78,80,105,105,116,88,113,2025-09-05
3,1,승차,37,54,47,48,61,66,79,76,82,91,89,109,97,113,113,130,114,2025-09-05
2,4,승차,40,42,56,52,65,68,66,81,79,81,84,101,79,109,112,114,122,2025-09-05
4,1,하차,41,39,72,62,59,64,79,81,75,72,92,82,90,114,125,124,109,2025-09-05
3,4,하차,34,48,40,40,63,65,76,53,92,78,96,78,113,112,117,118,110,2025-09-05
3,3,하차,47,53,56,53,75,63,70,86,87,84,87,113,84,81,105,106,124,2025-09-05
3,9,하차,50,49,42,43,61,53,70,89,85,100,100,100,93,88,97,117,134,2025-09-05
2,1,승차,45,53,50,73,61,56,67,68,83,95,74,99,103,101,103,118,138,2025-09-05
4,8,하차,44,32,52,56,58,69,82,81,98,78,81,92,100,92,113,118,110,2025-09-05
4,9,하차,31,38,49,66,67,65,73,79,100,80,84,105,106,103,104,118,125,2025-09-05
4,7,승차,33,43,47,70,57,76,62,60,88,86,100,111,107,123,95,97,118,2025-09-05
4,1,승차,41,42,61,53,58,69,65,67,86,81,82,91,92,105,109,115,118,2025-09-05
1,4,하차,26,34,51,70,65,72,70,80,89,69,122,83,92,112,108,120,99,2025-09-05
1,1,승차,49,44,52,53,66,88,71,63,81,81,100,103,93,120,127,112,114,2025-09-05
4,4,하차,41,49,45,51,48,72,69,68,79,80,82,74,80,90,115,104,97,2025-09-05
2,3,하차,40,49,53,58,73,73,81,66,65,87,99,100,103,116,92,116,111,2025-09-05
1,2,승차,38,47,45,51,60,60,70,78,90,81,99,94,101,122,116,97,117,2025-09-05
3,1,승차,45,50,60,58,58,59,66,73,82,87,95,106,110,90,118,117,113,2025-09-05
1,6,하차,22,37,62,42,50,61,62,62,80,76,87,93,89,107,94,120,122,2025-09-05
3,7,승차,38,38,44,66,69,61,81,64,78,88,94,77,94,106,122,109,139,2025-09-05
4,6,하차,42,41,44,49,77,59,76,82,86,70,87,100,95,110,117,115,143,2025-09-05
1,9,하차,46,36,49,55,55,63,67,74,80,84,97,83,91,109,108,104,112,2025-09-05
2,9,하차,49,44,55,52,58,54,74,65,77,81,79,95,87,101,118,119,117,2025-09-05
1,2,승차,40,49,42,36,65,64,72,60,83,76,95,79,103,102,119,118,115,2025-09-05
1,2,하차,44,42,36,62,57,61,69,70,77,94,91,98,109,106,124,112,125,2025-09-05
1,9,하차,44,46,53,55,60,64,55,76,78,82,99,96,102,98,111,124,135,2025-09-05
4,1,하차,43,35,44,69,54,58,69,73,88,88,87,96,117,123,108,122,114,2025-09-05
2,5,승차,47,42,49,63,58,52,61,72,87,76,85,77,96,114,126,103,141,2025-09-05
1,1,하차,23,46,58,46,59,62,76,81,78,71,79,94,89,113,113,124,122,2025-09-05
2,7,하차,34,40,60,54,54,58,61,77,81,115,81,103,113,109,122,113,130,2025-09-05
4,9,하차,28,45,62,69,59,64,73,67,86,80,88,85,99,118,103,110,126,2025-09-05
3,6,승차,30,48,40,43,57,64,75,72,69,86,86,115,95,103,108,115,144,2025-09-05
1,2,하차,48,54,61,54,55,71,77,80,75,70,67,97,106,97,117,132,114,2025-09-05
2,6,하차,28,46,54,55,63,61,84,63,98,82,88,91,113,127,97,111,121,2025-09-05
2,9,승차,41,44,49,45,42,76,82,61,80,85,84,83,81,92,110,119,136,2025-09-05
4,3,승차,36,45,49,61,69,66,65,72,75,74,85,95,104,104,103,109,121,2025-09-05
1,9,하차,41,44,48,59,56,59,75,76,80,105,90,101,101,100,118,101,120,2025-09-05
3,8,하차,52,36,58,57,50,64,70,56,72,75,85,91,98,106,102,117,136,2025-09-05
2,7,하차,34,43,46,45,51,66,71,80,78,90,74,71,108,104,109,120,107,2025-09-05
1,8,승차,42,38,46,43,49,65,67,86,83,101,101,86,114,125,107,131,126,2025-09-05
3,6,승차,33,41,50,46,61,65,61,76,79,73,99,105,97,116,116,125,118,2025-09-05
2,3,하차,36,34,55,64,65,57,79,79,81,91,99,98,94,125,121,120,133,2025-09-05
2,7,승차,33,36,47,62,68,71,70,69,82,88,103,99,102,99,102,107,101,2025-09-05
3,4,하차,36,43,53,50,64,66,74,73,73,92,104,107,100,101,122,115,135,2025-09-05
3,5,하차,43,45,48,67,59,78,74,60,92,88,83,104,94,111,93,114,127,2025-09-05
4,8,승차,43,40,55,63,66,59,82,69,86,89,93,95,117,111,100,123,122,2025-09-05
1,7,하차,57,52,42,54,71,61,75,75,86,88,93,101,109,99,106,106,117,2025-09-05
1,7,승차,37,55,57,43,59,61,68,91,67,83,102,104,105,103,112,124,117,2025-09-05
4,8,승차,34,36,44,74,58,57,60,76,79,67,86,80,104,100,121,129,112,2025-09-05
2,3,하차,42,44,57,51,55,75,83,73,90,85,81,116,116,99,97,118,135,2025-09-05
3,3,승차,41,46,40,63,63,53,69,81,89,92,84,91,92,112,118,105,117,2025-09-05
3,2,하차,35,53,60,56,58,59,83,66,68,80,65,107,105,125,125,107,119,2025-09-05
3,1,승차,29,55,54,61,61,80,69,81,93,86,81,100,72,103,109,126,116,2025-09-05
2,6,하차,43,42,45,49,75,80,61,70,77,97,85,95,109,100,107,115,133,2025-09-05
3,6,하차,51,39,47,56,60,68,64,75,90,73,97,87,95,95,108,123,111,2025-09-05
3,8,하차,38,41,61,42,67,66,53,63,66,80,82,91,94,121,114,118,115,2025-09-05
4,6,승차,39,49,48,51,65,67,72,68,94,98,81,93,103,102,104,118,125,2025-09-05
2,6,하차,46,50,48,65,65,64,67,57,78,88,79,99,99,104,98,108,130,2025-09-05
1,1,승차,67,44,56,57,67,68,56,87,87,75,73,92,95,112,128,110,106,2025-09-05
4,7,승차,39,50,45,43,51,64,52,80,90,75,90,105,111,110,120,112,123,2025-09-05
4,7,승차,23,46,59,49,66,77,73,71,73,80,84,89,93,103,110,110,102,2025-09-05
1,9,승차,35,40,61,70,60,66,67,74,96,87,103,103,83,93,85,127,124,2025-09-05
4,7,승차,53,49,45,46,60,57,73,78,78,83,99,78,118,97,116,109,115,2025-09-05
2,8,하차,41,39,60,57,61,45,73,71,85,82,81,73,84,95,121,115,104,2025-09-05
3,4,승차,37,44,45,47,60,57,87,85,79,73,91,109,95,117,135,98,107,2025-09-05
2,9,하차,41,46,49,65,58,75,68,76,61,86,90,94,90,100,122,123,106,2025-09-05
1,1,하차,34,45,45,59,48,63,76,77,77,94,102,109,100,101,103,105,123,2025-09-05
1,8,승차,36,40,42,59,67,63,73,86,78,79,75,96,108,111,92,121,105,2025-09-05
4,3,하차,41,51,49,50,68,84,77,76,87,88,87,104,103,112,113,116,122,2025-09-05
2,1,하차,35,39,56,52,59,61,64,88,72,93,85,84,108,99,94,103,146,2025-09-05
2,2,승차,49,46,52,65,57,72,69,67,93,83,77,88,89,105,120,120,120,2025-09-05
1,6,하차,47,38,35,65,61,73,64,82,76,93,62,107,106,92,125,113,112,2025-09-05
2,5,승차,46,46,59,58,54,57,69,60,75,78,95,99,94,101,116,89,117,2025-09-05
1,3,승차,43,50,56,51,61,58,72,60,88,90,90,91,83,91,114,106,122,2025-09-05
2,9,승차,40,41,64,47,49,60,61,80,83,97,114,110,95,122,115,117,135,2025-09-05
2,8,하차,35,49,46,54,64,80,79,73,87,82,86,100,102,123,111,112,103,2025-09-05
2,3,하차,46,43,47,52,55,67,75,79,80,70,81,89,110,109,114,116,111,2025-09-05
1,2,하차,59,47,63,43,54,66,82,76,81,81,96,94,106,111,116,121,104,2025-09-05
4,8,하차,44,47,34,48,58,68,70,73,72,81,88,104,112,100,87,115,105,2025-09-05
2,5,승차,42,47,46,69,58,69,77,77,85,80,83,96,112,91,106,124,120,2025-09-05
1,9,승차,39,44,46,58,54,68,70,78,91,83,86,105,86,123,110,116,113,2025-09-05
1,1,하차,42,44,54,48,50,60,62,64,59,71,99,103,85,104,82,112,125,2025-09-05
2,3,승차,32,35,57,50,61,72,82,63,99,93,99,99,116,88,97,104,108,2025-09-05
2,5,하차,37,37,50,54,75,70,76,99,75,82,87,93,114,103,118,127,137,2025-09-05
4,2,승차,42,48,39,64,63,63,72,75,78,88,95,89,112,92,129,108,130,2025-09-05
1,3,승차,49,50,49,56,52,73,72,78,77,90,93,106,105,101,110,100,104,2025-09-05
1,4,승차,39,43,57,54,61,55,59,75,65,85,86,92,89,117,128,132,116,2025-09-05
3,4,승차,41,45,51,65,66,82,62,79,70,73,66,100,99,102,105,109,118,2025-09-05
1,9,승차,48,48,51,52,53,64,80,95,76,91,105,91,120,112,105,114,110,2025-09-05
4,1,하차,42,42,55,60,71,58,76,79,83,72,76,105,108,111,115,124,115,2025-09-05
3,9,하차,36,54,55,49,53,69,73,74,86,86,90,98,100,109,111,108,126,2025-09-05
3,9,승차,32,38,44,52,60,77,80,89,65,72,78,84,89,113,119,124,118,2025-09-05
3,6,하차,36,60,52,55,53,68,87,72,79,61,89,98,87,119,104,126,118,2025-09-05
2,1,승차,39,40,39,55,56,63,68,70,71,98,71,92,87,113,121,106,112,2025-09-05
2,6,승차,40,62,50,65,71,69,68,70,75,78,83,93,106,101,102,133,123,2025-09-05
1,8,승차,42,41,51,44,71,58,77,66,97,87,88,86,103,101,103,109,127,2025-09-05
3,5,승차,33,43,45,46,66,62,76,73,95,86,95,108,95,108,99,97,102,2025-09-05
4,5,하차,54,51,51,59,43,63,56,60,83,81,93,87,91,101,112,118,118,2025-09-05
2,1,승차,44,39,53,46,63,62,73,78,63,87,92,86,98,107,114,122,123,2025-09-05
4,1,하차,37,35,45,63,49,78,81,52,67,102,90,79,100,105,119,129,122,2025-09-05
4,8,승차,37,43,51,62,49,82,61,69,75,98,82,100,116,113,104,95,118,2025-09-05
2,5,승차,50,27,45,63,44,68,80,51,71,99,72,85,95,108,102,95,127,2025-09-05
2,8,하차,40,47,52,47,69,57,65,64,87,85,90,81,108,107,98,123,119,2025-09-05
2,2,승차,34,43,45,65,51,61,72,60,77,91,88,101,122,110,100,115,117,2025-09-05
2,4,승차,41,59,46,56,57,63,74,78,70,92,99,88,101,95,95,120,129,2025-09-05
3,9,하차,44,46,48,53,60,61,62,76,83,74,102,74,106,111,103,126,118,2025-09-05
3,3,하차,47,51,60,62,75,75,62,63,76,72,95,87,101,87,128,99,138,2025-09-05
3,6,하차,34,45,58,65,61,48,58,88,71,89,97,96,99,105,120,115,117,2025-09-05
3,7,승차,32,59,47,60,55,58,65,64,75,95,104,92,117,123,108,125,128,2025-09-05
1,3,승차,41,59,53,49,56,67,72,87,79,100,87,97,92,105,131,119,120,2025-09-05
3,1,하차,35,41,57,47,54,77,59,86,79,75,93,103,99,102,97,102,136,2025-09-05
2,2,하차,44,30,56,67,72,56,71,83,79,79,84,95,93,133,121,106,123,2025-09-05
4,7,승차,50,50,49,53,49,64,67,80,86,69,83,90,98,100,115,96,115,2025-09-05
3,7,승차,43,31,46,56,63,64,66,76,83,80,93,104,108,105,105,109,127,2025-09-05
1,1,하차,33,35,48,56,63,69,75,85,75,78,81,86,95,108,112,114,120,2025-09-05
2,7,하차,35,45,41,65,57,72,72,81,77,94,86,96,103,114,102,97,113,2025-09-05
4,6,하차,45,35,59,53,59,61,77,78,76,79,76,80,111,109,140,122,112,2025-09-05
4,6,하차,40,45,54,57,62,56,78,71,89,95,114,97,98,102,106,120,134,2025-09-05
3,7,승차,44,42,44,55,68,84,64,80,74,90,76,92,94,102,104,125,142,2025-09-05
4,7,승차,40,50,30,50,62,81,62,74,79,93,111,86,91,92,97,104,120,2025-09-05
3,1,승차,40,42,46,59,58,73,62,81,73,96,87,102,102,100,103,105,140,2025-09-05
3,5,승차,26,48,47,53,50,50,56,68,88,76,122,91,101,100,102,124,121,2025-09-05
2,8,하차,33,47,39,67,62,77,77,80,70,73,92,85,93,102,111,118,124,2025-09-05
2,8,승차,38,52,46,51,54,65,64,103,95,75,71,95,87,100,106,130,128,2025-09-05
1,3,하차,48,47,49,61,59,70,73,82,75,95,85,112,102,103,94,117,101,2025-09-05
2,3,승차,48,55,49,50,62,75,68,77,67,75,100,80,102,121,107,108,121,2025-09-05
2,7,승차,37,36,53,41,54,60,72,65,81,81,82,102,114,115,119,113,129,2025-09-05
3,4,승차,32,54,38,50,56,67,75,81,91,77,84,96,111,94,117,122,124,2025-09-05
2,6,하차,43,38,70,71,63,83,78,56,90,78,88,93,87,105,110,115,121,2025-09-05
3,9,승차,35,43,39,52,54,59,66,72,73,92,85,91,98,127,95,110,152,2025-09-05
3,2,하차,45,42,42,51,56,82,83,70,77,92,85,107,120,112,122,114,137,2025-09-05
2,2,하차,48,57,34,68,71,75,76,73,85,70,96,86,99,127,131,141,118,2025-09-05
1,6,승차,37,40,64,54,68,61,62,63,86,78,89,81,84,110,127,123,137,2025-09-05
1,3,하차,35,43,46,52,62,69,80,74,83,81,84,93,99,100,96,142,110,2025-09-05
4,1,승차,46,44,60,64,70,71,62,78,84,90,108,87,97,112,111,134,133,2025-09-05
4,2,하차,36,45,47,52,54,68,65,76,81,75,99,98,116,116,95,102,126,2025-09-05
2,7,승차,35,38,52,44,42,55,71,59,91,89,91,89,87,91,112,116,130,2025-09-05
1,4,하차,31,55,51,57,55,66,70,90,79,91,88,85,93,106,102,95,128,2025-09-05
3,2,하차,39,41,58,64,60,88,89,77,88,94,82,72,106,117,117,130,132,2025-09-05
4,8,승차,35,39,39,59,56,70,58,85,89,93,80,92,103,94,113,127,110,2025-09-05
3,4,승차,36,52,55,51,58,48,74,68,83,94,90,91,100,113,103,111,123,2025-09-05
4,4,승차,37,56,53,60,63,63,65,67,81,93,102,90,94,105,112,122,115,2025-09-05
2,2,승차,35,47,55,62,69,64,84,70,77,95,91,104,101,125,108,112,105,2025-09-05
1,1,하차,34,47,62,49,52,64,62,85,72,96,83,93,94,100,117,124,110,2025-09-05
4,1,하차,39,41,41,59,58,64,69,80,64,81,83,98,94,104,95,90,112,2025-09-05
1,3,하차,45,41,47,58,52,60,82,68,78,81,100,107,101,111,105,129,111,2025-09-05
3,6,하차,48,39,52,48,59,66,76,82,68,78,116,104,89,130,92,121,144,2025-09-05
2,7,승차,40,38,51,57,61,56,69,78,61,85,96,112,93,97,121,107,102,2025-09-05
1,9,하차,29,51,48,44,47,62,71,66,91,86,92,91,109,92,118,136,137,2025-09-05
2,5,승차,37,35,55,59,68,68,82,74,88,75,96,94,107,114,127,114,138,2025-09-05
1,9,하차,35,47,54,37,59,63,63,59,81,105,102,93,102,110,119,133,122,2025-09-05
3,8,승차,32,63,47,55,51,59,75,65,77,85,96,95,105,92,113,94,124,2025-09-05
3,1,승차,36,50,63,45,58,60,75,77,80,92,104,98,103,94,99,122,100,2025-09-05
2,3,승차,38,43,43,57,74,45,57,76,82,86,83,96,95,87,110,113,127,2025-09-05
3,8,승차,54,42,45,58,61,69,63,85,70,77,101,94,115,114,100,111,110,2025-09-05
4,9,승차,46,38,53,45,59,72,61,58,92,93,84,103,100,114,108,130,122,2025-09-05
1,4,하차,31,42,46,59,53,77,57,68,85,83,88,106,107,83,115,118,119,2025-09-05
3,6,승차,30,48,49,57,59,72,60,74,77,97,87,90,99,102,101,125,125,2025-09-05
4,4,하차,44,48,49,55,66,63,82,75,80,87,101,101,110,105,132,115,137,2025-09-05
2,9,하차,36,41,51,53,71,74,71,83,65,84,95,82,83,116,93,110,112,2025-09-05
4,2,승차,45,43,64,55,53,73,64,90,76,88,111,97,94,97,118,111,115,2025-09-05
2,6,하차,46,51,56,50,56,59,66,71,62,81,94,111,100,100,114,120,107,2025-09-05
2,3,하차,36,45,44,66,50,76,68,86,72,99,91,82,89,120,109,108,103,2025-09-05
1,4,하차,42,38,56,60,66,61,75,79,102,78,95,108,86,104,105,114,119,2025-09-05
1,2,승차,32,42,48,53,60,67,76,78,75,67,108,77,114,99,126,122,125,2025-09-05
4,8,승차,41,38,31,45,63,53,72,63,79,81,82,100,98,125,138,91,119,2025-09-05
1,8,승차,36,38,51,47,61,69,72,78,85,75,89,107,91,110,90,116,130,2025-09-05
1,1,승차,45,47,55,39,72,64,79,73,78,78,98,101,107,119,100,109,117,2025-09-05
1,6,하차,34,29,51,51,62,59,56,88,84,76,86,98,101,126,111,99,123,2025-09-05
4,1,하차,48,51,37,56,65,71,72,71,59,77,79,95,97,116,106,122,132,2025-09-05
3,6,하차,52,35,41,59,47,60,59,65,77,84,106,98,95,120,136,92,118,2025-09-05
1,7,하차,31,41,51,53,47,70,80,88,81,88,81,93,113,99,124,116,152,2025-09-05
1,2,하차,44,37,47,55,61,74,73,87,81,90,83,99,101,111,88,101,117,2025-09-05
4,9,하차,41,41,69,48,62,68,73,82,87,91,103,100,107,107,116,125,118,2025-09-05
3,8,승차,39,28,46,62,64,71,65,78,92,61,93,86,110,106,123,127,142,2025-09-05
1,9,하차,40,52,51,61,49,61,53,73,88,77,105,82,92,113,93,106,141,2025-09-05
2,4,하차,45,50,61,50,63,77,55,78,83,79,86,108,108,105,104,106,134,2025-09-05
4,4,하차,42,49,49,46,62,54,83,79,84,67,92,107,108,116,84,127,127,2025-09-05
1,8,승차,45,41,52,79,56,72,79,72,75,72,91,93,107,108,110,103,110,2025-09-05
1,1,하차,40,49,41,53,61,58,64,78,85,80,81,98,101,116,122,100,95,2025-09-05
2,8,하차,46,45,40,64,49,67,67,66,60,87,93,102,114,108,102,138,141,2025-09-05
2,7,승차,45,39,45,57,53,47,67,69,90,100,96,73,102,96,103,122,122,2025-09-05
4,7,하차,36,45,43,61,75,68,73,67,86,67,90,102,95,108,113,106,117,2025-09-05
4,9,승차,40,40,53,54,63,55,49,72,74,103,95,90,104,84,103,117,140,2025-09-05
2,7,승차,53,62,54,63,59,59,67,82,79,81,80,94,109,111,105,126,111,2025-09-05
4,2,하차,45,50,53,54,61,69,70,84,71,75,85,102,107,94,113,109,115,2025-09-05
2,1,하차,54,34,47,55,59,56,51,80,81,81,99,91,100,122,112,143,113,2025-09-05
1,1,승차,41,37,54,51,62,57,87,73,84,77,105,91,96,114,120,124,131,2025-09-05
2,7,하차,46,61,53,58,69,70,84,86,73,82,83,113,101,93,107,106,128,2025-09-05
2,5,하차,46,50,51,50,62,70,72,75,98,75,91,78,99,122,96,111,110,2025-09-05
3,4,승차,24,51,46,50,69,74,80,81,92,83,70,80,115,105,109,120,132,2025-09-05
2,5,승차,43,50,45,48,64,71,63,81,92,78,100,81,99,111,115,139,122,2025-09-05
2,6,하차,42,42,58,53,49,63,74,74,62,84,80,90,111,114,100,125,118,2025-09-05
3,6,승차,39,51,56,40,57,66,61,79,88,82,104,96,97,94,123,108,111,2025-09-05
4,1,하차,45,43,37,58,68,68,73,81,89,74,98,95,98,131,119,154,133,2025-09-05
3,2,하차,41,53,56,52,51,58,57,77,77,83,93,102,99,82,104,119,118,2025-09-05
1,3,하차,42,45,51,63,67,77,69,70,77,74,91,103,113,92,95,111,136,2025-09-05
3,4,하차,36,46,46,49,84,57,73,88,91,78,89,106,88,102,112,114,134,2025-09-05
1,6,승차,35,51,52,56,47,64,68,69,72,71,100,88,81,92,108,121,123,2025-09-05
4,9,하차,42,53,68,51,60,62,80,74,77,75,102,100,94,93,102,115,122,2025-09-05
3,2,승차,45,52,46,52,73,72,71,53,81,94,78,86,99,120,111,111,137,2025-09-05
3,8,하차,39,51,50,52,55,68,73,82,94,74,89,78,99,111,86,97,105,2025-09-05
4,9,하차,57,49,46,52,55,59,54,71,89,78,82,93,95,112,108,122,126,2025-09-05
1,2,승차,36,34,46,39,66,76,74,77,79,66,85,99,89,123,114,118,143,2025-09-05
3,9,하차,41,38,57,73,68,66,77,63,72,78,93,103,106,103,123,126,120,2025-09-05
1,7,승차,39,40,56,56,60,62,70,75,81,90,76,106,106,110,117,131,109,2025-09-05
3,9,승차,49,54,50,57,51,66,72,81,97,84,80,98,102,94,109,99,124,2025-09-05
2,6,하차,37,42,59,60,52,73,65,72,73,81,88,94,86,112,93,115,136,2025-09-05
3,2,하차,36,48,63,44,67,72,57,83,91,94,91,95,107,96,123,116,139,2025-09-05
4,8,하차,30,41,53,65,62,64,74,63,74,74,81,79,93,111,108,112,121,2025-09-05
4,9,하차,38,46,46,41,63,67,80,74,87,90,89,105,91,115,99,127,129,2025-09-05
1,8,승차,43,40,44,61,59,62,59,68,86,74,87,89,117,92,94,114,126,2025-09-05
3,2,하차,37,52,42,65,77,61,65,88,98,89,93,93,92,110,119,110,129,2025-09-05
1,8,하차,45,46,53,65,53,73,68,91,74,84,94,92,102,116,104,129,119,2025-09-05
1,3,하차,41,51,49,68,49,75,72,76,93,104,81,99,108,95,113,122,114,2025-09-05
2,3,하차,41,41,49,61,62,61,61,75,91,74,79,89,112,105,111,109,119,2025-09-05
2,9,하차,44,47,41,56,66,54,71,78,74,77,101,91,100,95,86,120,122,2025-09-05
4,9,승차,32,37,47,53,62,65,63,86,74,87,105,81,105,92,112,117,133,2025-09-05
1,9,하차,45,58,45,55,45,63,68,75,78,91,87,86,90,90,117,91,129,2025-09-05
4,4,승차,46,53,52,52,65,79,56,76,64,79,76,95,115,98,116,111,126,2025-09-05
3,7,하차,36,57,44,51,72,55,84,77,77,92,78,96,100,99,114,95,139,2025-09-05
1,8,하차,41,40,43,58,48,66,67,86,71,96,109,93,96,112,102,110,123,2025-09-05
1,5,하차,66,48,54,56,54,68,68,55,96,91,85,100,116,126,122,125,130,2025-09-05
3,1,승차,40,40,54,54,69,69,69,84,64,84,79,98,88,106,118,114,116,2025-09-05
3,9,하차,36,44,45,50,60,80,64,83,88,90,91,109,106,97,109,99,115,2025-09-05
4,6,승차,43,35,53,61,63,70,72,68,81,82,68,101,84,86,109,108,140,2025-09-05
4,3,승차,30,39,44,52,54,74,57,81,69,84,101,89,92,113,110,116,125,2025-09-05
3,3,하차,52,51,50,48,60,42,81,76,86,84,74,91,97,113,134,91,105,2025-09-05
4,1,승차,38,39,50,61,65,61,58,72,91,90,69,93,90,108,114,102,114,2025-09-05
3,8,하차,32,46,58,46,57,61,64,67,77,98,85,99,88,108,116,113,125,2025-09-05
1,2,하차,25,54,40,57,58,66,56,94,56,77,103,106,108,93,104,112,120,2025-09-05
1,1,승차,39,43,32,47,59,53,78,71,90,89,102,84,84,105,109,112,128,2025-09-05
2,7,하차,41,33,45,59,78,53,70,73,82,75,87,96,97,106,133,126,122,2025-09-05
1,9,하차,39,45,52,48,69,81,79,80,83,89,87,93,102,100,118,124,104,2025-09-05
3,6,승차,43,58,49,62,60,51,85,76,71,91,83,82,112,123,117,113,111,2025-09-05
4,8,승차,28,50,45,52,53,73,75,86,80,92,96,108,109,88,98,140,125,2025-09-05
2,8,승차,39,45,56,53,54,71,74,62,87,87,104,101,98,107,111,115,108,2025-09-05
4,9,승차,45,38,45,50,46,69,74,77,91,76,90,88,116,99,133,110,123,2025-09-05
3,7,승차,43,50,57,69,58,67,73,71,73,81,99,110,83,90,109,124,120,2025-09-05
1,9,승차,43,46,52,58,61,65,73,73,82,66,86,101,106,105,112,103,119,2025-09-05
2,9,하차,46,47,61,51,61,62,79,78,90,76,79,108,90,99,119,121,129,2025-09-05
3,1,승차,47,51,47,59,62,58,72,61,75,83,93,115,81,90,108,133,125,2025-09-05
2,6,승차,33,47,59,47,50,63,84,72,84,76,70,103,90,120,118,113,122,2025-09-05
2,8,하차,37,43,47,71,51,68,55,78,78,88,79,84,88,98,103,103,129,2025-09-05
1,9,하차,44,42,45,61,53,72,64,73,87,87,94,97,75,109,114,88,104,2025-09-05
3,4,승차,42,42,59,58,62,66,60,72,78,98,79,102,96,90,108,96,113,2025-09-05
4,2,승차,41,42,60,53,63,67,75,72,78,77,95,78,101,105,117,112,118,2025-09-05
2,9,하차,30,32,45,51,43,62,58,82,76,91,88,89,97,91,114,108,121,2025-09-05
2,9,승차,35,39,38,52,56,74,64,81,67,81,108,106,100,87,109,126,123,2025-09-05
4,8,승차,37,43,56,60,58,68,67,71,65,94,78,101,87,117,117,116,112,2025-09-05
3,3,하차,19,40,44,58,61,68,69,82,71,78,86,86,103,100,131,114,136,2025-09-05
2,5,승차,46,40,56,49,60,61,61,75,91,96,88,87,92,107,115,98,119,2025-09-05
2,2,하차,41,45,60,44,53,70,69,93,88,79,104,100,76,111,114,121,109,2025-09-05
2,3,승차,52,39,42,44,52,51,57,80,80,98,87,108,110,111,96,116,149,2025-09-05
3,1,하차,37,38,42,64,65,73,65,61,79,86,109,102,81,100,123,106,134,2025-09-05
3,4,하차,32,42,51,54,71,62,64,84,70,85,88,94,106,95,126,108,106,2025-09-05
4,5,하차,39,42,54,62,56,73,69,70,81,80,107,107,97,100,117,103,124,2025-09-05
3,2,승차,51,46,55,56,66,63,69,84,74,79,92,82,95,85,112,103,123,2025-09-05
3,3,하차,41,45,50,51,71,82,76,79,84,78,90,100,104,100,101,106,148,2025-09-05
1,6,승차,47,58,47,58,66,70,76,82,86,90,88,97,95,103,132,132,103,2025-09-05
4,6,하차,52,35,49,47,70,55,72,66,85,97,76,88,94,116,109,113,165,2025-09-05
2,7,하차,38,58,50,56,47,63,59,73,109,90,69,96,94,91,109,116,124,2025-09-05
3,9,하차,47,42,49,57,59,62,74,68,76,111,96,90,104,107,106,105,132,2025-09-05
2,4,승차,37,51,39,43,57,66,53,85,81,82,84,82,103,103,103,110,127,2025-09-05
2,5,승차,42,47,48,71,50,73,77,75,72,82,98,110,98,112,112,121,121,2025-09-05
1,2,하차,35,47,49,48,63,64,64,78,94,100,94,92,94,105,112,118,120,2025-09-05
3,6,승차,38,48,55,50,56,59,72,82,77,88,84,95,106,81,126,111,117,2025-09-05
4,4,승차,55,40,54,48,54,67,74,85,100,88,92,97,81,123,105,125,123,2025-09-05
3,5,승차,38,53,52,54,75,57,69,69,87,94,95,103,108,106,138,124,119,2025-09-05
2,7,하차,44,49,63,43,65,54,79,87,74,79,98,98,117,103,127,102,118,2025-09-05
4,6,승차,41,44,49,52,51,84,81,69,82,78,84,109,88,97,117,116,131,2025-09-05
3,8,하차,39,58,45,72,50,63,57,66,77,93,96,89,102,86,109,116,132,2025-09-05
2,6,하차,41,36,64,62,54,68,61,83,73,91,83,88,93,112,111,138,119,2025-09-05
2,8,하차,42,33,56,62,70,71,65,70,81,92,89,106,106,110,107,120,134,2025-09-05
1,4,승차,24,38,41,56,56,65,68,73,82,105,87,81,108,96,107,126,116,2025-09-05
1,7,하차,35,33,47,54,73,79,76,76,84,96,102,94,113,95,129,145,119,2025-09-05
1,3,승차,41,47,48,51,57,52,62,70,80,94,98,110,105,97,135,116,116,2025-09-05
2,1,승차,44,37,51,59,61,52,73,57,76,106,97,106,106,113,127,105,115,2025-09-05
3,9,하차,43,44,52,57,66,68,66,84,79,100,85,96,90,88,112,123,125,2025-09-05
1,9,하차,36,22,53,44,61,66,64,57,74,88,80,78,95,97,115,108,118,2025-09-05
3,6,하차,40,43,52,56,62,64,62,69,79,74,79,96,84,111,101,99,124,2025-09-05
1,2,승차,44,35,39,56,77,76,61,86,74,91,76,105,97,105,111,118,127,2025-09-05
4,8,승차,37,42,56,55,73,69,74,94,71,88,77,87,98,97,126,120,116,2025-09-05
4,6,하차,30,47,49,53,55,66,62,89,77,99,103,89,92,114,99,117,132,2025-09-05
1,7,하차,33,37,41,52,77,62,82,83,85,68,104,102,107,102,123,118,113,2025-09-05
2,1,승차,55,33,50,50,73,72,68,75,76,87,93,122,103,101,123,121,110,2025-09-05
1,3,승차,33,41,68,52,64,57,78,76,78,84,105,78,119,107,101,119,121,2025-09-05
1,1,하차,35,41,43,54,60,65,86,66,76,91,87,81,98,88,108,115,136,2025-09-05
2,1,승차,36,34,62,52,67,62,53,74,91,74,79,90,106,92,125,115,105,2025-09-05
4,1,승차,38,47,46,43,64,64,68,80,98,87,101,94,95,89,105,101,128,2025-09-05
3,4,승차,40,29,55,53,57,54,80,80,84,71,90,98,100,118,101,118,126,2025-09-05
1,7,승차,34,55,63,53,72,70,68,79,68,83,99,90,101,111,113,124,120,2025-09-05
2,7,승차,41,43,55,62,57,65,75,86,66,91,81,75,92,96,107,115,109,2025-09-05
1,5,승차,36,50,50,53,54,59,83,72,82,95,115,98,94,110,97,129,101,2025-09-05
2,6,하차,38,49,63,64,66,62,70,83,86,89,83,89,112,124,107,112,116,2025-09-05
3,2,승차,26,29,61,65,73,68,63,70,74,84,87,83,102,113,103,120,137,2025-09-05
3,5,하차,27,48,48,54,69,69,69,75,73,76,101,87,100,99,108,95,126,2025-09-05
4,7,하차,44,48,52,53,58,61,64,85,90,91,93,101,115,95,107,101,123,2025-09-05
2,9,승차,40,39,49,51,52,59,82,56,76,85,101,97,85,102,131,128,123,2025-09-05
2,6,하차,46,32,43,52,55,55,76,81,71,86,95,112,100,118,100,102,125,2025-09-05
4,4,하차,33,35,47,49,61,65,57,85,82,77,91,83,99,108,96,103,122,2025-09-05
4,3,하차,52,40,54,55,51,64,58,69,66,97,94,98,95,105,100,106,121,2025-09-05
2,9,승차,30,30,60,54,46,55,81,84,70,85,101,90,98,105,105,127,126,2025-09-05
4,7,하차,44,44,54,53,59,67,69,72,84,86,69,112,107,98,103,114,135,2025-09-05
3,6,승차,27,38,48,62,60,78,78,70,71,72,99,70,100,123,104,123,121,2025-09-05
1,7,하차,42,45,62,59,71,79,75,71,62,73,111,93,111,111,129,133,116,2025-09-05
3,8,하차,39,39,46,61,48,69,75,67,59,69,95,116,118,127,107,121,115,2025-09-05
4,5,하차,50,60,51,62,78,54,67,83,90,88,86,97,114,114,104,110,121,2025-09-05
2,3,하차,32,43,63,55,72,70,73,70,80,84,85,87,99,126,95,122,118,2025-09-05
2,3,승차,43,42,50,57,64,73,84,87,82,93,80,89,107,90,117,98,115,2025-09-05
3,2,하차,47,47,46,52,57,57,59,85,73,105,95,106,107,102,105,119,133,2025-09-05
2,8,하차,22,46,56,53,66,71,61,83,87,84,83,96,90,111,97,121,128,2025-09-05
4,1,승차,42,51,37,54,65,79,66,72,67,95,88,103,106,108,106,125,132,2025-09-05
3,8,승차,33,50,48,52,48,84,65,80,74,80,78,83,93,103,108,114,113,2025-09-05
2,3,승차,44,41,45,54,51,54,60,70,95,98,94,103,103,109,127,109,122,2025-09-05
1,9,하차,34,59,51,68,59,62,80,76,78,87,74,100,104,84,101,127,137,2025-09-05
1,2,승차,48,46,55,48,62,68,68,71,79,87,80,82,107,101,116,131,130,2025-09-05
4,9,승차,37,40,48,51,49,65,62,65,87,84,90,102,113,107,122,121,129,2025-09-05
2,6,승차,38,35,46,58,58,62,80,77,90,86,83,109,119,101,110,120,106,2025-09-05
4,1,승차,51,51,42,46,44,72,50,75,81,94,76,86,98,108,96,133,136,2025-09-05
3,5,승차,38,54,49,56,54,64,77,69,76,90,84,106,118,105,102,135,112,2025-09-05
1,9,승차,46,51,38,59,46,69,73,68,79,96,94,105,95,88,114,110,132,2025-09-05
3,6,하차,45,41,49,58,51,70,76,84,86,106,93,99,96,106,117,105,128,2025-09-05
2,7,승차,38,39,52,59,55,69,73,70,82,82,99,100,106,114,110,130,116,2025-09-05
4,4,하차,35,46,51,59,42,63,51,71,68,90,89,77,117,99,107,120,113,2025-09-05
4,1,승차,43,46,63,57,80,57,85,76,65,104,89,107,105,110,121,116,114,2025-09-05
4,5,승차,54,47,36,59,53,68,69,87,93,91,91,89,97,102,124,112,129,2025-09-05
3,2,승차,45,45,35,60,50,63,83,77,87,97,86,102,104,102,104,96,113,2025-09-05
1,8,하차,38,48,57,54,57,64,65,80,91,86,95,90,101,104,115,120,123,2025-09-05
3,4,승차,44,48,46,51,59,63,90,81,83,86,105,82,97,111,107,128,102,2025-09-05
3,1,승차,35,42,48,49,61,65,74,68,90,89,82,92,112,100,123,117,113,2025-09-05
2,7,승차,31,54,60,54,65,62,81,68,76,75,102,83,94,96,82,117,128,2025-09-05
2,2,승차,32,46,42,53,60,66,59,82,76,86,84,95,102,99,111,112,116,2025-09-05
2,3,하차,37,45,52,62,68,63,80,52,78,72,108,83,86,113,110,96,121,2025-09-05
1,9,하차,51,40,56,63,50,71,83,57,83,74,96,82,123,112,99,106,124,2025-09-05
1,9,하차,51,49,46,63,62,58,71,61,108,77,84,90,103,104,104,127,118,2025-09-05
2,2,하차,31,54,47,49,64,80,77,73,87,91,92,93,96,127,94,126,122,2025-09-05
2,3,하차,51,49,55,52,60,76,70,69,70,92,105,84,104,103,97,123,109,2025-09-05
1,9,승차,39,53,44,46,57,55,67,75,77,89,80,108,81,109,118,106,119,2025-09-05
4,1,승차,37,44,52,42,60,51,69,65,80,84,101,95,95,87,130,119,127,2025-09-05
1,2,승차,41,35,44,53,70,65,79,75,80,84,83,106,106,108,108,122,127,2025-09-05
1,2,하차,48,64,45,48,66,51,69,69,62,103,83,89,109,113,105,139,124,2025-09-05
1,3,승차,38,42,60,45,61,63,73,68,108,86,92,89,104,110,115,115,106,2025-09-05
2,3,하차,44,51,47,67,64,62,78,73,87,98,100,88,117,103,98,112,128,2025-09-05
4,2,승차,38,50,55,62,61,59,76,73,75,81,100,84,93,98,132,122,124,2025-09-05
1,8,하차,46,39,64,62,79,59,66,72,79,68,78,105,82,107,118,110,128,2025-09-05
2,8,승차,44,43,56,43,70,55,63,78,74,87,76,117,87,102,117,123,127,2025-09-05
3,8,승차,30,50,50,50,58,70,75,68,73,86,77,89,105,124,80,123,125,2025-09-05
3,2,승차,34,41,58,62,62,73,90,77,86,69,84,95,93,94,111,109,111,2025-09-05
1,9,승차,36,37,49,51,65,72,62,69,74,85,81,97,103,109,106,133,119,2025-09-05
3,7,하차,29,35,46,58,66,68,73,83,75,98,87,88,97,102,91,134,121,2025-09-05
4,5,승차,34,46,43,47,68,58,71,84,92,82,76,96,119,100,113,117,107,2025-09-05
3,7,승차,40,48,60,56,60,63,75,75,85,79,75,98,100,120,107,99,119,2025-09-05
3,8,승차,34,53,49,54,60,58,67,69,100,82,105,90,97,98,120,115,110,2025-09-05
4,9,하차,42,44,45,59,63,54,77,65,62,91,81,111,101,103,100,105,98,2025-09-05
1,2,승차,38,45,47,57,45,49,77,66,94,107,88,88,101,113,118,123,116,2025-09-05
1,6,승차,38,40,50,52,73,65,63,65,75,90,84,112,106,104,94,132,103,2025-09-05
4,9,승차,37,34,34,44,64,58,77,77,84,78,87,94,97,114,121,106,132,2025-09-05
4,6,승차,32,55,55,53,63,79,72,67,61,76,103,84,101,89,104,102,114,2025-09-05
4,2,승차,35,40,54,56,72,53,72,81,86,87,93,79,97,96,121,123,129,2025-09-05
3,1,하차,42,38,48,69,47,74,73,75,76,74,112,90,111,92,121,115,97,2025-09-05
4,3,하차,33,43,58,54,56,66,65,82,84,77,88,82,87,82,105,120,118,2025-09-05
2,5,하차,45,53,51,68,72,54,82,85,92,91,92,97,92,109,92,107,126,2025-09-05
3,7,승차,36,39,52,61,61,65,66,81,86,90,91,101,108,100,111,108,116,2025-09-05
1,3,하차,50,44,52,67,55,49,66,90,77,102,103,89,109,99,120,122,126,2025-09-05
1,9,승차,46,48,52,51,62,60,65,90,69,94,94,95,103,111,96,109,132,2025-09-05
1,4,승차,31,31,63,51,68,57,62,85,65,73,98,90,107,123,101,139,129,2025-09-05
3,2,승차,37,31,54,39,59,75,93,71,61,86,101,91,115,131,109,135,125,2025-09-05
2,3,승차,49,39,45,60,52,55,76,81,93,78,97,92,91,115,97,120,120,2025-09-05
4,5,하차,45,47,41,55,51,72,91,81,76,84,87,69,99,113,103,125,118,2025-09-05
4,3,하차,38,39,56,70,57,63,75,75,102,82,100,75,88,109,104,107,134,2025-09-05
1,5,하차,41,45,45,59,68,68,76,88,91,72,96,95,101,105,120,133,120,2025-09-05
1,4,승차,27,49,44,54,50,55,56,89,67,94,96,85,92,103,108,126,125,2025-09-05
3,3,하차,36,49,56,54,58,64,62,66,81,95,84,83,105,78,101,117,119,2025-09-05
2,6,하차,34,46,54,53,53,75,62,81,94,79,97,79,103,105,109,116,115,2025-09-05
4,8,승차,32,54,45,49,60,64,70,92,105,106,71,105,94,116,114,103,119,2025-09-05
3,4,하차,27,44,54,61,59,75,66,83,91,90,78,89,92,105,96,125,127,2025-09-05
4,9,승차,45,44,48,53,52,74,66,87,86,96,99,96,107,115,109,131,125,2025-09-05
1,6,하차,34,54,49,49,53,68,84,75,71,82,88,87,93,123,124,111,128,2025-09-05
4,5,하차,44,60,50,54,50,56,85,77,73,82,93,112,113,117,103,102,121,2025-09-05
2,3,하차,40,46,43,53,62,82,59,74,62,77,82,90,100,109,112,101,116,2025-09-05
2,5,승차,39,38,55,66,73,60,71,64,87,90,87,103,97,116,115,114,108,2025-09-05
1,5,하차,52,53,49,49,57,58,70,73,88,83,94,107,105,73,142,129,103,2025-09-05
2,4,하차,45,48,42,55,55,75,72,82,72,90,114,90,87,101,114,116,114,2025-09-05
2,6,하차,43,52,55,58,57,55,60,69,72,80,70,85,112,101,120,111,120,2025-09-05
3,3,하차,48,57,51,53,48,54,66,63,75,73,105,96,121,94,94,129,113,2025-09-05
4,1,승차,34,41,33,59,59,59,62,82,89,69,102,86,99,104,114,112,100,2025-09-05
1,7,승차,46,37,46,58,73,66,60,67,83,91,103,106,96,101,117,103,118,2025-09-05
1,7,하차,44,50,61,55,65,56,70,76,63,88,100,81,97,111,128,119,119,2025-09-05
1,4,하차,34,56,54,55,58,62,90,76,92,75,92,83,90,102,114,120,116,2025-09-05
1,9,하차,29,39,57,57,57,60,66,67,76,80,96,99,98,90,95,123,117,2025-09-05
1,2,승차,39,50,47,59,55,73,76,77,72,86,84,102,102,122,111,101,115,2025-09-05
2,1,하차,44,42,55,58,56,71,72,70,93,98,95,103,104,92,112,107,111,2025-09-05
3,3,하차,35,39,67,72,80,64,66,73,72,90,87,93,96,97,100,109,127,2025-09-05
1,7,승차,32,51,47,52,57,68,64,75,70,68,99,84,110,100,102,100,130,2025-09-05
3,9,승차,37,43,41,58,58,57,85,82,66,92,102,94,93,92,122,133,112,2025-09-05
3,2,승차,46,40,64,56,67,65,77,83,81,87,97,104,118,107,134,121,106,2025-09-05
2,6,하차,34,37,56,63,59,74,72,73,68,80,97,114,97,98,100,132,137,2025-09-05
1,3,승차,38,59,44,64,59,69,69,76,85,85,73,119,107,95,108,119,104,2025-09-05
2,5,승차,51,50,45,45,43,73,64,92,103,74,90,91,107,101,118,114,116,2025-09-05
1,9,하차,46,36,51,58,67,67,77,82,86,77,91,96,98,104,130,110,111,2025-09-05
2,3,승차,49,49,51,60,58,63,58,69,88,82,84,111,114,93,105,124,131,2025-09-05
3,1,하차,32,52,54,51,59,63,63,75,66,78,80,112,110,114,114,94,116,2025-09-05
1,5,하차,50,35,53,63,58,75,67,70,97,91,85,100,116,125,113,103,130,2025-09-05
4,1,승차,51,47,68,58,56,66,65,77,75,86,97,100,103,100,101,118,108,2025-09-05
3,8,하차,40,52,47,54,60,72,77,58,68,82,76,111,91,102,111,102,123,2025-09-05
4,7,승차,43,42,34,58,67,64,59,69,77,84,91,112,87,100,93,112,135,2025-09-05
3,2,승차,40,50,57,61,70,65,64,79,71,71,93,99,93,99,108,112,136,2025-09-05
2,9,승차,62,40,41,56,68,58,66,65,90,81,100,103,101,96,107,116,125,2025-09-05
1,5,하차,39,55,36,62,77,66,67,82,95,101,69,96,109,95,114,114,128,2025-09-05
3,7,승차,41,49,57,49,52,60,68,81,80,98,80,107,95,106,112,109,129,2025-09-05
2,4,하차,47,51,63,78,47,61,64,78,80,70,87,93,103,84,107,123,119,2025-09-05
1,1,하차,47,46,57,56,47,66,58,69,74,79,89,92,77,107,119,116,122,2025-09-05
1,8,하차,33,44,48,51,50,63,55,58,83,75,89,97,106,112,107,122,127,2025-09-05
3,1,승차,35,58,63,49,62,70,72,70,70,96,82,87,92,109,116,114,116,2025-09-05
1,3,하차,36,33,51,48,59,71,87,90,77,86,82,90,101,105,100,117,109,2025-09-05
3,6,하차,43,49,51,64,66,62,60,75,92,83,87,103,93,113,116,103,115,2025-09-05
1,8,승차,35,41,57,63,61,66,61,74,88,99,81,100,129,116,107,114,121,2025-09-05
4,8,승차,37,49,54,54,61,68,58,73,87,84,98,78,99,126,108,101,115,2025-09-05
2,2,하차,33,50,51,48,60,61,61,71,74,77,97,101,94,118,110,88,98,2025-09-05
4,9,하차,44,42,58,71,62,61,67,77,79,82,87,99,108,110,128,101,110,2025-09-05
3,4,승차,39,50,49,60,69,57,60,60,93,90,79,89,95,119,98,106,112,2025-09-05
4,4,하차,29,36,53,49,49,72,68,76,85,89,101,117,118,109,119,134,125,2025-09-05
3,2,하차,42,35,52,45,59,62,70,74,94,83,78,94,104,116,117,116,131,2025-09-05
1,1,하차,47,51,41,52,58,75,67,59,96,92,98,82,108,109,93,111,127,2025-09-05
1,7,하차,32,40,50,51,53,50,78,71,66,85,92,89,96,118,115,116,111,2025-09-05
3,3,승차,53,44,38,62,58,71,61,68,66,79,92,105,91,107,104,104,109,2025-09-05
4,4,하차,44,50,54,69,50,53,87,59,83,77,82,83,93,112,100,116,121,2025-09-05
1,9,승차,37,37,63,67,58,69,76,79,74,89,78,106,97,90,99,117,135,2025-09-05
2,6,하차,46,33,41,59,63,76,66,75,71,85,94,95,97,104,118,112,127,2025-09-05
1,1,승차,44,43,46,40,59,69,75,72,78,76,89,85,90,102,119,97,126,2025-09-05
2,9,하차,40,51,48,48,72,78,78,92,81,87,75,112,100,94,131,94,119,2025-09-05
4,9,승차,41,42,50,61,59,64,63,71,89,88,92,89,94,105,95,110,117,2025-09-05
2,5,하차,28,50,58,66,63,60,78,68,86,86,95,111,98,89,126,136,104,2025-09-05
2,8,승차,45,47,45,56,42,73,66,73,88,90,94,85,110,103,106,117,114,2025-09-05
2,7,하차,40,46,67,61,70,67,79,77,81,87,86,82,112,106,115,108,112,2025-09-05
2,8,하차,33,39,50,48,74,67,72,60,86,91,95,104,116,114,97,115,127,2025-09-05
1,9,승차,32,38,47,66,56,65,75,72,83,77,103,96,101,91,102,133,112,2025-09-05
2,2,승차,42,40,45,58,72,61,76,81,71,78,110,86,90,101,127,139,120,2025-09-05
1,5,승차,29,40,67,56,56,63,74,73,67,81,111,104,123,88,116,122,111,2025-09-05
2,8,승차,42,54,47,53,75,65,63,70,81,76,86,91,103,91,93,114,119,2025-09-05
3,3,승차,36,46,43,47,49,60,57,80,71,81,89,111,85,121,123,120,123,2025-09-05
4,6,하차,35,38,57,59,73,62,71,71,89,71,82,95,91,96,92,111,111,2025-09-05
2,6,승차,35,47,55,63,54,65,79,71,78,81,89,102,85,98,110,115,124,2025-09-05
3,7,승차,43,52,54,61,61,61,70,67,92,72,68,94,112,113,122,110,126,2025-09-05
2,3,하차,41,36,73,49,58,50,69,66,95,83,87,94,95,120,125,107,129,2025-09-05
2,8,승차,49,42,44,68,58,65,51,78,101,79,98,89,91,118,127,99,112,2025-09-05
2,8,승차,42,61,51,51,45,62,69,80,88,81,89,101,100,105,105,122,139,2025-09-05
3,9,승차,33,44,44,57,64,77,71,73,84,80,95,100,108,142,105,103,134,2025-09-05
4,8,하차,35,38,55,50,77,67,84,77,82,92,75,90,83,100,93,120,115,2025-09-05
3,3,승차,40,49,46,53,61,49,63,90,88,79,87,90,89,79,116,109,129,2025-09-05
4,6,하차,41,47,51,43,59,67,73,84,89,80,88,108,111,101,118,116,93,2025-09-05
2,9,하차,28,37,48,47,68,59,68,78,91,72,90,99,96,102,89,124,111,2025-09-05
1,1,승차,50,46,44,60,61,62,72,81,71,90,73,101,117,117,118,114,110,2025-09-05
2,3,하차,31,51,43,54,48,71,65,78,87,81,88,97,104,98,128,118,118,2025-09-05
4,2,승차,36,42,53,55,67,64,67,71,65,86,110,94,101,111,116,111,133,2025-09-05
3,8,승차,35,59,40,57,63,65,72,85,66,97,84,108,97,123,121,117,122,2025-09-05
2,6,승차,47,44,47,49,67,54,66,74,78,72,93,101,110,93,101,124,132,2025-09-05
3,8,승차,36,49,49,58,59,52,69,79,85,85,96,91,82,114,103,126,113,2025-09-05
3,2,승차,46,49,54,55,56,76,76,93,68,95,98,97,119,101,102,122,121,2025-09-05
3,6,하차,55,40,40,42,57,69,69,66,91,93,80,96,99,135,96,112,135,2025-09-05
2,7,하차,38,51,56,57,80,57,83,81,82,75,98,104,120,101,116,123,117,2025-09-05
3,8,하차,38,40,56,56,42,66,73,78,89,77,71,96,108,111,119,113,118,2025-09-05
3,9,하차,42,34,42,60,52,63,61,73,96,100,92,94,100,114,103,118,132,2025-09-05
2,5,승차,33,49,49,56,74,56,69,70,85,80,89,108,96,93,111,98,126,2025-09-05
3,3,승차,38,48,42,57,62,64,74,60,98,75,86,93,95,83,115,108,121,2025-09-05
2,2,하차,44,60,50,57,75,70,76,69,97,92,87,112,103,104,125,120,126,2025-09-05
4,8,승차,27,40,48,54,59,74,73,75,84,82,77,102,95,101,96,112,112,2025-09-05
4,1,하차,48,51,52,53,63,80,66,63,97,82,82,108,103,113,103,111,128,2025-09-05
4,6,하차,48,44,48,54,65,63,67,76,80,82,90,84,87,116,105,134,121,2025-09-05
3,2,하차,43,47,66,54,71,62,69,75,83,84,83,107,93,115,108,131,111,2025-09-05
1,3,하차,38,45,35,42,61,47,80,73,94,95,76,85,91,93,119,111,117,2025-09-05
1,8,승차,44,51,62,44,57,81,59,61,91,88,92,94,97,99,107,102,114,2025-09-05
3,1,승차,57,43,62,44,43,61,104,69,80,68,88,92,97,91,103,121,125,2025-09-05
1,6,하차,46,35,53,44,64,83,60,71,84,86,109,96,87,106,116,116,119,2025-09-05
2,3,하차,45,51,51,70,56,64,68,89,83,83,96,97,104,116,99,129,119,2025-09-05
1,6,하차,42,38,48,58,43,65,68,95,81,91,106,104,109,99,112,121,120,2025-09-05
3,3,하차,44,46,59,70,61,54,59,75,72,90,71,87,104,115,88,131,138,2025-09-05
3,8,하차,52,41,68,49,65,62,85,76,77,88,96,110,89,95,117,109,102,2025-09-05
2,5,승차,43,50,52,63,58,55,77,79,65,80,91,94,98,139,119,100,132,2025-09-05
4,4,하차,45,32,46,73,66,60,66,57,91,82,95,109,80,97,111,107,122,2025-09-05
3,9,하차,50,50,58,53,56,72,77,78,75,69,104,103,122,98,123,105,102,2025-09-05
2,5,승차,38,44,39,52,57,60,82,64,78,97,89,88,102,89,98,115,112,2025-09-05
1,4,승차,42,52,47,57,60,66,71,67,87,83,88,93,110,100,106,101,110,2025-09-05
1,8,승차,47,42,56,56,72,62,74,76,78,87,81,89,85,76,108,91,125,2025-09-05
2,8,승차,34,42,43,50,51,68,72,65,87,80,80,87,83,99,123,133,113,2025-09-05
2,8,승차,31,42,40,54,69,57,69,73,75,95,87,101,98,116,110,121,116,2025-09-05
3,4,승차,33,51,54,53,58,65,71,107,91,84,87,101,114,95,121,114,131,2025-09-05
1,1,승차,48,35,53,50,56,79,82,75,82,73,100,93,102,109,116,94,115,2025-09-05
2,2,승차,48,56,39,50,52,61,61,68,78,83,82,95,115,94,116,125,121,2025-09-05
1,4,승차,50,41,53,45,44,64,78,70,86,80,69,113,108,103,125,107,135,2025-09-05
2,2,하차,42,44,47,49,55,64,68,79,99,73,92,96,99,94,114,104,146,2025-09-05
1,3,승차,38,43,54,53,56,57,73,60,62,90,95,91,114,117,107,121,116,2025-09-05
4,9,하차,41,44,50,63,57,75,65,76,89,96,84,94,93,120,102,105,117,2025-09-05
3,9,하차,48,46,68,54,75,56,69,78,100,92,96,95,109,102,93,108,139,2025-09-05
1,9,하차,36,47,34,53,62,62,64,83,70,69,90,101,92,109,125,105,125,2025-09-05
4,7,하차,41,56,53,58,56,77,85,77,86,84,90,98,105,106,110,107,86,2025-09-05
1,4,하차,33,37,46,41,41,70,58,75,80,84,90,92,98,89,103,111,132,2025-09-05
1,1,하차,29,33,33,59,52,85,62,87,86,81,86,86,112,99,116,112,105,2025-09-05
4,3,하차,30,42,46,54,65,59,67,84,82,94,87,103,86,107,111,117,118,2025-09-05
1,8,하차,42,44,54,63,57,60,53,68,83,101,94,111,102,102,121,111,112,2025-09-05
1,4,승차,41,52,44,53,65,74,64,72,102,88,91,95,95,115,121,101,113,2025-09-05
3,2,하차,48,44,61,63,61,78,75,88,59,91,91,89,114,107,105,123,109,2025-09-05
4,8,하차,41,45,59,44,57,58,61,70,88,92,74,86,115,98,99,114,123,2025-09-05
4,7,하차,32,52,51,56,43,62,74,72,78,78,86,91,90,116,123,117,124,2025-09-05
2,9,하차,36,48,45,55,59,63,53,82,69,105,87,92,94,100,120,119,109,2025-09-05
1,2,승차,27,40,43,61,51,71,79,68,101,82,82,95,115,109,112,131,118,2025-09-05
3,5,하차,50,47,47,49,62,75,76,75,86,111,78,90,92,103,110,104,124,2025-09-05
1,6,승차,53,30,55,51,75,54,68,80,75,82,103,105,97,100,116,99,114,2025-09-05
1,2,승차,42,49,41,50,67,66,85,75,91,91,79,104,96,107,117,120,137,2025-09-05
2,2,하차,52,55,47,49,58,59,60,67,72,94,82,86,109,119,98,114,132,2025-09-05
1,4,하차,27,44,46,51,57,61,78,81,74,81,85,91,88,117,112,111,141,2025-09-05
3,8,승차,30,50,61,60,67,66,77,72,91,79,84,115,104,121,112,116,123,2025-09-05
3,5,하차,34,42,52,66,62,76,81,82,86,83,99,88,95,114,87,117,129,2025-09-05
2,9,하차,42,56,44,59,61,63,64,59,78,90,105,106,99,92,113,108,119,2025-09-05
1,4,승차,39,49,51,51,63,69,71,65,84,72,113,102,84,101,114,107,97,2025-09-05
3,3,승차,42,50,49,64,48,85,76,64,76,77,96,91,94,97,109,136,126,2025-09-05
1,8,하차,30,51,42,52,58,77,79,65,70,87,87,86,91,105,128,123,113,2025-09-05
1,1,하차,43,46,55,60,51,69,63,61,88,97,78,109,105,95,93,118,119,2025-09-05
1,9,하차,41,38,55,50,70,70,73,61,67,76,93,103,100,96,102,116,129,2025-09-05
2,4,승차,40,40,49,67,52,70,71,75,87,95,89,102,88,107,107,117,98,2025-09-05
1,9,하차,43,51,45,59,56,60,72,89,81,112,97,102,79,117,108,95,119,2025-09-05
3,8,승차,34,60,44,56,58,67,72,76,83,85,98,90,94,118,115,100,111,2025-09-05
1,3,승차,39,43,61,55,68,61,78,84,65,83,88,75,98,100,113,112,128,2025-09-05
3,3,하차,43,40,45,50,64,93,84,72,79,62,101,101,85,96,119,103,117,2025-09-05
1,9,승차,33,31,51,62,68,69,76,69,77,83,97,103,81,95,92,117,115,2025-09-05
3,3,하차,38,38,51,59,56,57,64,69,92,95,92,99,98,111,105,116,144,2025-09-05
3,4,하차,55,45,50,49,58,71,73,94,76,100,90,88,101,96,109,112,114,2025-09-05
1,9,승차,34,38,41,41,60,65,70,72,78,82,89,97,96,106,102,105,118,2025-09-05
1,4,하차,40,33,46,45,54,68,69,71,88,72,87,109,101,109,117,116,139,2025-09-05
3,3,승차,44,49,40,68,78,77,61,82,101,85,90,105,111,109,123,122,112,2025-09-05
4,7,승차,38,54,54,65,52,57,62,75,85,94,80,81,98,98,101,106,116,2025-09-05
2,6,하차,39,42,50,66,61,79,76,92,88,82,81,106,94,93,116,115,130,2025-09-05
4,1,하차,34,34,47,62,60,68,71,76,93,84,78,108,87,90,116,145,137,2025-09-05
4,8,하차,34,56,64,50,57,47,62,74,99,81,97,99,100,101,112,109,110,2025-09-05
1,1,하차,34,47,44,60,58,75,79,73,61,78,96,100,96,75,119,108,124,2025-09-05
2,4,승차,44,40,58,54,65,65,69,84,97,92,102,95,90,105,106,123,121,2025-09-05
4,6,승차,39,46,51,57,51,66,65,75,62,86,109,105,107,102,118,121,130,2025-09-05
1,6,승차,36,38,65,68,55,52,63,83,96,105,89,79,104,124,102,104,105,2025-09-05
4,7,하차,33,40,50,58,47,75,66,88,98,85,90,83,92,118,131,120,120,2025-09-05
4,5,승차,36,50,49,64,52,67,65,60,71,85,73,88,96,101,132,110,122,2025-09-05
1,5,승차,47,32,59,62,53,72,75,90,82,88,83,96,108,105,113,135,97,2025-09-05
1,4,하차,37,45,44,56,64,63,83,73,88,82,95,92,91,98,111,112,129,2025-09-05
1,6,하차,32,50,53,50,54,64,72,77,66,86,92,102,113,114,106,99,125,2025-09-05
2,7,하차,41,49,50,59,61,67,82,87,65,104,83,93,92,106,96,93,119,2025-09-05
4,1,승차,48,47,65,54,52,71,68,81,96,84,95,93,113,98,109,121,146,2025-09-05
1,9,하차,35,54,46,60,58,68,66,67,68,75,79,96,107,97,107,120,117,2025-09-05
3,8,승차,32,48,51,59,53,61,79,69,84,77,88,91,82,105,97,121,118,2025-09-05
4,7,승차,42,48,57,49,46,69,79,80,89,82,96,98,103,103,109,113,126,2025-09-05
3,9,승차,41,32,52,60,60,69,70,78,90,95,89,100,93,94,108,98,130,2025-09-05
2,3,승차,45,51,52,67,66,60,89,62,76,86,86,103,99,93,102,116,115,2025-09-05
1,4,승차,36,44,48,47,45,58,88,86,76,85,100,78,104,90,119,97,110,2025-09-05
3,7,하차,40,46,44,58,64,80,61,73,82,100,76,103,90,96,91,127,125,2025-09-05
2,6,승차,35,46,56,46,57,68,69,70,82,92,98,108,93,94,117,103,134,2025-09-05
1,2,하차,38,43,50,46,62,51,69,83,66,96,100,78,111,111,125,120,101,2025-09-05
3,2,승차,37,37,53,64,70,62,59,79,70,93,77,108,116,101,99,100,103,2025-09-05
3,7,승차,33,49,50,73,69,68,81,67,73,89,108,113,91,91,117,106,133,2025-09-05
2,9,하차,42,42,33,55,56,70,61,75,70,77,97,103,99,104,105,112,130,2025-09-05
1,9,승차,37,37,47,55,59,73,53,82,79,87,87,100,89,116,117,92,121,2025-09-05
1,7,승차,37,48,58,61,64,63,85,79,76,102,97,89,94,95,109,140,125,2025-09-05
3,8,하차,38,48,50,48,61,52,79,81,83,83,83,103,99,129,123,106,123,2025-09-05
3,3,하차,41,35,35,42,59,81,61,78,90,97,82,80,105,120,114,112,115,2025-09-05
3,1,승차,35,46,55,49,63,57,65,64,89,78,90,89,88,110,91,132,117,2025-09-05
1,7,승차,46,37,46,45,68,53,83,73,82,90,99,89,102,118,104,114,109,2025-09-05
2,8,승차,37,48,53,51,58,75,64,83,88,94,107,87,102,102,112,119,98,2025-09-05
2,2,하차,57,53,62,49,55,80,82,79,70,76,104,118,105,115,109,121,124,2025-09-05
1,9,승차,47,42,41,63,62,79,74,81,81,91,106,107,91,88,120,100,115,2025-09-05
4,4,하차,34,48,51,49,63,76,62,68,89,98,84,110,82,97,90,134,110,2025-09-05
2,9,하차,40,50,50,52,65,69,70,71,77,91,82,94,103,96,107,117,110,2025-09-05
3,3,승차,42,52,35,51,63,71,63,71,84,84,93,89,92,89,97,110,120,2025-09-05
4,8,하차,36,40,55,55,50,69,63,76,89,70,78,89,103,112,125,116,117,2025-09-05
4,2,승차,40,44,58,50,63,65,79,84,74,106,88,89,96,92,94,118,142,2025-09-05
2,3,승차,36,44,60,66,63,73,62,71,72,86,77,103,91,95,110,112,132,2025-09-05
4,1,하차,47,48,54,59,59,64,79,68,81,81,94,96,109,109,108,126,153,2025-09-05
4,5,하차,33,41,46,54,56,74,70,52,78,85,97,93,82,95,87,116,117,2025-09-05
2,4,하차,34,36,47,45,56,64,79,73,72,82,106,99,98,100,125,114,119,2025-09-05
2,1,하차,43,52,38,62,63,73,65,65,77,72,101,89,104,101,84,107,109,2025-09-05
4,9,하차,27,49,43,55,68,63,63,73,77,96,102,82,98,134,116,119,117,2025-09-05
3,6,하차,34,32,58,61,59,58,68,67,84,83,88,71,106,132,114,118,112,2025-09-05
1,6,승차,41,40,44,55,67,70,63,71,83,86,86,89,102,107,117,105,138,2025-09-05
4,2,승차,43,33,49,53,56,56,76,93,71,78,95,87,103,104,92,116,149,2025-09-05
4,7,승차,45,46,42,67,45,62,64,74,58,81,79,96,92,117,128,101,126,2025-09-05
3,9,하차,37,46,47,51,74,69,68,83,99,70,72,101,90,106,111,133,116,2025-09-05
4,6,하차,39,37,46,51,57,50,66,80,77,65,101,86,114,98,131,118,133,2025-09-05
4,8,하차,48,45,53,43,67,74,60,68,68,93,85,97,121,93,105,113,136,2025-09-05
1,5,승차,42,43,45,51,48,59,57,70,63,86,77,89,96,87,98,113,109,2025-09-05
1,2,승차,52,43,68,65,53,63,82,73,76,93,91,114,91,121,126,102,130,2025-09-05
1,4,하차,52,37,46,47,72,58,73,79,82,72,93,95,96,112,98,135,97,2025-09-05
2,1,하차,47,46,58,55,68,50,76,76,76,93,97,95,119,108,106,113,118,2025-09-05
2,1,하차,40,36,45,52,53,66,71,68,84,74,104,104,86,122,109,118,136,2025-09-05
1,6,하차,40,42,59,49,58,53,68,79,82,87,88,85,76,116,125,128,114,2025-09-05
1,2,승차,42,40,38,51,54,61,78,69,81,92,98,112,88,111,120,122,117,2025-09-05
2,6,승차,39,39,57,58,50,59,79,91,87,82,88,99,103,110,113,105,129,2025-09-05
3,1,승차,38,53,61,53,54,55,68,79,78,86,84,104,122,108,117,123,126,2025-09-05
4,3,하차,38,44,64,54,78,60,75,81,73,74,97,83,110,98,108,122,111,2025-09-05
4,9,승차,42,30,49,56,47,55,68,71,85,84,70,105,108,102,126,130,148,2025-09-05
1,2,하차,29,49,32,61,64,50,65,61,72,84,86,106,95,99,111,118,118,2025-09-05
3,8,하차,40,40,59,51,56,45,67,64,91,83,79,99,107,105,124,112,114,2025-09-05
2,6,하차,32,50,53,53,53,67,60,68,73,88,84,91,102,103,104,119,124,2025-09-05
1,6,승차,47,49,47,58,64,72,68,70,70,77,104,104,96,91,98,117,100,2025-09-05
3,7,승차,30,59,47,64,71,65,70,69,67,99,114,69,103,130,123,112,128,2025-09-05
3,5,하차,36,38,50,46,56,69,67,72,73,75,91,93,102,100,106,129,126,2025-09-05
3,4,승차,37,35,43,44,63,57,68,86,83,86,100,87,91,98,124,88,130,2025-09-05
2,6,하차,32,62,46,52,53,65,74,83,78,93,97,97,97,91,120,108,131,2025-09-05
2,8,하차,41,40,43,49,60,52,79,78,84,83,94,81,97,81,127,122,105,2025-09-05
4,4,하차,27,44,48,52,49,70,79,68,76,97,77,95,109,108,112,127,105,2025-09-05
4,5,승차,37,47,57,47,52,70,69,63,83,96,92,102,93,91,118,101,113,2025-09-05
3,7,승차,42,41,64,66,53,62,62,86,84,77,81,101,108,103,107,114,125,2025-09-05
3,6,하차,31,43,47,69,62,69,72,71,80,79,75,104,103,114,105,107,111,2025-09-05
2,4,승차,50,37,40,57,58,62,68,75,79,90,90,97,114,104,117,109,112,2025-09-05
4,4,승차,47,46,47,45,59,45,67,69,62,91,92,107,113,113,125,119,132,2025-09-05
3,4,승차,41,43,55,52,67,61,81,66,75,95,89,106,76,97,98,116,116,2025-09-05
4,1,승차,39,37,51,53,60,72,70,81,78,78,79,92,94,107,102,122,107,2025-09-05
4,5,하차,35,40,57,49,58,61,65,88,83,95,91,101,104,113,117,104,129,2025-09-05
3,8,승차,34,42,57,61,50,55,63,85,82,97,82,110,81,105,102,115,123,2025-09-05
2,7,하차,36,51,50,52,55,65,63,88,76,73,83,99,86,112,110,118,135,2025-09-05
3,5,하차,42,38,47,58,59,53,62,84,86,89,92,95,99,104,96,115,135,2025-09-05
3,3,승차,46,45,53,61,70,65,73,74,75,88,80,86,84,100,109,116,125,2025-09-05
4,1,하차,47,60,60,54,51,75,63,77,79,77,96,111,91,104,109,142,141,2025-09-05
3,7,하차,44,44,45,59,66,62,72,74,68,89,96,81,88,99,124,118,125,2025-09-05
2,3,승차,29,34,46,43,55,73,69,60,70,77,90,100,99,115,104,103,128,2025-09-05
3,4,하차,45,34,63,47,54,70,59,87,83,86,98,79,105,100,113,126,138,2025-09-05
2,5,하차,51,37,60,38,55,58,67,78,73,107,94,101,102,105,121,121,111,2025-09-05
2,8,승차,36,47,57,49,48,69,54,84,62,67,93,100,104,102,109,112,104,2025-09-05
4,7,승차,39,48,48,46,42,62,67,67,86,85,91,79,111,107,100,107,100,2025-09-05
1,9,승차,34,55,46,47,61,72,65,72,69,87,93,104,113,106,101,127,122,2025-09-05
1,3,승차,34,31,45,60,68,57,66,83,66,93,99,95,100,113,105,108,119,2025-09-05
4,1,승차,29,43,52,62,49,56,55,76,98,63,91,98,95,90,124,114,126,2025-09-05
3,1,하차,39,54,42,43,67,59,78,84,72,92,70,93,96,109,86,120,117,2025-09-05
4,1,하차,35,43,47,60,74,51,60,54,83,79,101,91,82,99,95,93,104,2025-09-05
2,2,승차,35,39,45,55,64,66,62,76,73,78,91,90,101,116,114,99,107,2025-09-05
1,2,승차,31,50,44,44,58,70,68,86,63,90,83,81,106,110,92,120,106,2025-09-05
4,7,하차,39,54,52,64,58,64,65,71,66,91,96,111,84,95,108,118,118,2025-09-05
3,9,승차,39,46,43,52,73,65,68,74,83,83,88,94,95,96,92,130,109,2025-09-05
4,8,승차,40,49,54,49,60,72,67,69,88,80,74,103,113,103,126,115,123,2025-09-05
1,4,하차,31,50,32,54,57,57,72,70,82,86,92,85,94,108,107,117,112,2025-09-05
4,2,하차,32,46,43,63,52,54,65,74,89,95,102,113,106,106,123,114,113,2025-09-05
4,3,하차,34,44,57,39,59,60,67,78,78,94,96,100,105,94,106,138,135,2025-09-05
1,5,승차,28,49,45,59,50,62,78,79,95,87,84,112,99,113,112,132,131,2025-09-05
2,9,하차,35,33,43,56,60,57,64,80,94,88,98,88,88,93,97,102,122,2025-09-05
2,8,승차,47,39,45,47,66,61,70,74,94,78,81,81,99,108,116,136,116,2025-09-05
1,3,하차,40,46,48,35,60,62,58,83,88,89,106,83,115,110,114,126,123,2025-09-05
4,9,승차,40,48,46,60,45,66,72,70,88,88,94,126,101,95,95,126,126,2025-09-05
1,3,승차,43,56,39,61,50,67,61,70,92,75,87,90,104,112,115,98,102,2025-09-05
2,8,승차,40,41,46,42,47,73,74,81,78,98,93,95,96,96,107,123,128,2025-09-05
3,1,하차,40,30,50,44,61,65,67,85,94,82,81,100,99,110,96,130,119,2025-09-05
4,4,하차,39,44,53,56,56,60,74,77,85,82,88,109,110,106,91,99,113,2025-09-05
2,4,하차,35,59,67,43,61,68,74,69,78,65,85,92,107,99,99,114,98,2025-09-05
4,6,승차,39,43,51,61,57,80,59,92,88,97,87,93,106,100,103,119,120,2025-09-05
1,2,하차,49,39,52,58,63,55,68,62,69,90,81,92,99,74,111,128,113,2025-09-05
3,7,하차,49,45,44,57,61,65,80,89,95,94,76,112,119,105,90,122,113,2025-09-05
1,5,승차,33,41,50,54,48,67,72,71,75,102,91,114,104,97,94,109,138,2025-09-05
3,6,승차,47,47,55,40,67,63,79,71,78,109,88,101,108,92,111,105,124,2025-09-05
4,6,하차,33,50,59,59,51,55,81,78,95,110,77,78,86,101,110,126,127,2025-09-05
4,6,하차,47,43,51,65,52,61,62,77,85,78,84,92,123,101,107,96,127,2025-09-05
1,8,하차,42,38,47,51,53,72,77,79,86,85,95,99,96,89,100,118,112,2025-09-05
3,4,승차,34,62,52,57,63,61,67,77,85,89,71,96,106,99,110,109,125,2025-09-05
3,8,하차,48,50,51,53,66,65,80,71,92,78,95,106,111,114,118,107,111,2025-09-05
4,9,승차,30,43,58,56,66,66,88,73,88,86,111,92,98,97,114,103,108,2025-09-05
1,4,승차,36,41,44,57,51,67,78,84,77,92,100,118,96,84,119,120,125,2025-09-05
3,1,하차,34,45,48,46,62,48,69,75,76,83,102,101,115,117,94,128,119,2025-09-05
4,3,하차,25,48,54,42,68,55,92,82,66,100,81,106,95,103,119,131,129,2025-09-05
2,1,승차,54,52,55,47,51,71,77,91,104,86,87,98,96,117,114,127,142,2025-09-05
1,7,승차,32,45,45,60,62,54,75,61,82,84,96,99,123,115,100,136,121,2025-09-05
2,1,하차,40,53,46,46,54,73,72,65,78,75,87,107,99,115,115,128,118,2025-09-05
1,4,하차,47,47,49,57,48,65,65,69,68,81,68,88,110,93,100,131,104,2025-09-05
4,1,하차,38,46,52,54,57,60,71,76,77,100,88,95,104,105,130,114,138,2025-09-05
3,2,승차,31,59,44,72,47,73,77,82,73,85,96,93,103,110,118,103,105,2025-09-05
3,1,승차,33,37,49,54,59,54,76,65,86,101,84,101,105,102,99,130,109,2025-09-05
3,5,하차,40,52,55,73,53,69,77,91,80,94,84,98,96,118,129,118,125,2025-09-05
1,7,승차,43,54,62,67,52,63,65,71,100,80,86,106,77,108,111,106,139,2025-09-05
4,3,승차,37,56,51,44,74,63,72,71,84,92,80,87,98,101,104,122,115,2025-09-05
2,8,하차,45,54,45,72,45,61,65,68,82,90,88,109,114,105,102,108,124,2025-09-05
4,5,승차,38,54,54,52,48,54,87,52,82,74,101,99,107,111,126,121,126,2025-09-05
2,5,하차,40,34,48,55,47,58,67,83,94,91,78,94,97,117,98,102,116,2025-09-05
1,5,하차,36,38,54,61,65,77,50,77,83,80,95,95,85,106,107,122,121,2025-09-05
1,8,승차,42,49,52,60,56,62,73,61,81,99,86,100,89,99,97,119,127,2025-09-05
2,2,승차,37,55,52,70,74,64,63,62,80,85,84,81,102,97,90,113,140,2025-09-05
2,2,하차,44,41,54,65,72,66,72,74,71,79,76,90,100,100,109,102,111,2025-09-05
2,8,승차,39,37,52,71,58,76,73,78,78,88,72,92,86,110,109,85,123,2025-09-05
4,9,하차,48,38,47,48,47,67,77,64,85,92,87,77,116,99,103,114,121,2025-09-05
2,2,승차,37,42,45,52,68,79,78,85,92,69,89,107,100,89,101,121,150,2025-09-05
1,4,승차,38,43,47,49,47,65,70,67,67,89,83,74,101,113,109,119,98,2025-09-05
1,8,승차,49,45,52,48,68,55,70,68,90,80,111,98,90,110,131,140,105,2025-09-05
3,2,하차,46,41,41,47,42,53,85,68,69,96,75,101,87,134,110,109,131,2025-09-05
2,4,승차,35,38,42,51,58,59,69,69,85,85,74,111,121,106,111,107,113,2025-09-05
4,1,하차,34,51,52,57,48,74,78,69,78,83,73,92,109,96,118,115,100,2025-09-05
4,2,하차,47,48,56,63,60,75,81,83,78,80,98,95,101,99,103,117,135,2025-09-05
4,7,하차,33,41,52,45,62,70,61,83,69,78,77,80,106,94,119,126,102,2025-09-05
3,1,승차,42,35,48,62,63,78,78,69,99,86,91,100,90,123,109,119,96,2025-09-05
1,1,하차,40,43,51,41,67,58,63,52,84,97,81,97,108,117,101,104,138,2025-09-05
4,2,하차,37,49,49,62,61,59,84,89,85,77,72,89,110,107,111,123,117,2025-09-05
1,4,승차,42,56,45,58,58,57,91,70,85,67,76,83,94,91,124,120,119,2025-09-05
3,7,하차,42,45,47,64,60,60,71,87,79,78,86,100,110,109,95,122,121,2025-09-05
2,4,하차,48,58,41,37,57,56,64,78,76,76,89,98,90,101,100,122,138,2025-09-05
2,5,승차,32,45,64,55,74,57,64,81,86,81,89,97,103,104,100,122,128,2025-09-05
2,4,하차,37,47,63,51,62,60,73,72,80,100,74,93,97,115,104,131,103,2025-09-05
4,4,승차,37,49,44,44,58,52,58,74,81,94,73,115,99,103,105,128,120,2025-09-05
2,9,하차,36,42,61,56,61,83,71,75,78,87,97,81,100,93,87,107,109,2025-09-05
4,6,하차,39,50,62,60,62,67,76,82,82,84,94,88,83,97,102,114,121,2025-09-05
3,3,승차,28,40,46,50,51,55,57,72,81,81,74,82,107,114,124,125,112,2025-09-05
3,6,하차,44,60,45,62,71,68,72,82,88,90,97,94,90,91,119,119,140,2025-09-05
4,7,하차,44,49,44,50,50,66,66,93,88,73,87,103,108,113,112,104,113,2025-09-05
1,7,하차,36,56,70,52,57,71,76,65,103,105,105,90,111,109,106,119,101,2025-09-05
2,8,승차,52,42,51,62,48,54,82,87,76,89,90,97,119,112,102,113,128,2025-09-05
2,4,승차,45,44,41,72,61,79,57,94,88,87,93,89,102,114,117,112,150,2025-09-05
2,1,승차,42,52,38,56,55,57,66,87,86,106,80,96,96,108,117,127,106,2025-09-05
4,6,승차,41,54,54,58,69,70,65,78,89,76,86,84,90,122,121,109,118,2025-09-05
3,8,승차,40,47,51,58,69,62,72,68,74,101,73,98,109,107,109,114,151,2025-09-05
2,5,하차,43,33,47,59,60,52,62,61,72,89,95,90,98,123,115,118,132,2025-09-05
3,3,승차,37,37,43,50,67,58,64,73,65,71,90,88,103,111,110,125,125,2025-09-05
2,4,승차,40,46,45,50,59,58,64,93,85,92,86,102,97,112,117,124,120,2025-09-05
2,8,승차,31,23,43,54,53,61,79,70,72,86,87,101,116,129,124,116,124,2025-09-05
4,6,하차,43,45,60,55,66,71,66,81,65,98,73,98,112,114,128,120,123,2025-09-05
1,5,하차,39,36,69,56,55,69,62,66,77,94,89,95,89,98,99,119,120,2025-09-05
4,9,승차,48,37,54,48,51,73,61,75,91,87,100,99,105,94,103,112,124,2025-09-05
2,3,하차,38,39,47,52,58,60,79,77,85,90,85,103,126,95,106,106,129,2025-09-05
2,7,하차,37,50,50,51,51,62,70,73,70,83,83,82,104,94,123,109,102,2025-09-05
1,9,하차,45,49,59,63,57,55,60,84,92,86,90,89,105,110,102,99,102,2025-09-05
3,4,하차,34,40,56,48,64,60,61,69,76,99,93,82,93,100,115,103,102,2025-09-05
3,3,승차,40,43,40,60,52,55,53,61,82,90,95,121,83,106,88,105,125,2025-09-05
2,1,승차,44,43,51,59,63,54,54,86,70,88,84,84,106,99,111,127,122,2025-09-05
3,9,하차,41,47,58,51,65,53,91,88,89,87,91,106,107,95,105,119,124,2025-09-05
2,1,하차,33,48,49,60,54,54,76,60,67,86,94,93,104,97,107,115,108,2025-09-05
1,2,하차,34,44,44,50,63,60,50,90,86,89,81,84,104,117,118,115,132,2025-09-05
1,9,하차,34,48,37,39,59,55,62,78,91,86,87,92,88,98,100,119,113,2025-09-05
2,5,승차,43,47,45,51,58,57,67,82,87,97,78,95,87,112,104,101,119,2025-09-05
1,4,하차,49,45,44,64,70,69,76,69,74,95,88,82,91,124,116,130,131,2025-09-05
4,9,승차,37,52,53,57,61,75,73,72,72,78,81,98,95,109,121,100,120,2025-09-05
4,9,하차,42,64,60,49,52,50,58,67,78,86,97,84,100,99,97,121,127,2025-09-05
1,2,승차,39,35,43,76,57,64,69,68,68,62,89,83,102,122,105,125,122,2025-09-05
2,3,하차,48,50,44,53,57,64,70,74,89,81,94,97,99,116,109,104,144,2025-09-05
2,3,승차,35,46,49,58,56,72,68,91,77,89,91,84,80,120,107,124,136,2025-09-05
1,5,승차,38,44,49,69,56,63,66,84,96,83,85,96,95,112,97,127,124,2025-09-05
3,3,승차,37,43,54,56,56,75,90,80,87,94,88,115,107,112,132,107,129,2025-09-05
4,6,하차,43,45,48,65,68,64,80,85,71,82,64,101,114,118,107,116,114,2025-09-05
3,2,승차,45,43,47,58,50,64,71,79,88,86,97,117,97,94,89,114,121,2025-09-05
2,6,하차,31,40,38,54,66,68,62,77,70,82,102,103,112,103,100,113,118,2025-09-05
2,6,승차,32,44,53,54,57,77,63,73,98,87,95,96,104,112,117,117,104,2025-09-05
3,2,승차,49,54,38,54,48,55,62,66,81,70,84,93,106,85,106,94,119,2025-09-05
1,6,하차,31,57,39,49,66,78,69,96,77,111,93,98,96,110,108,135,130,2025-09-05
3,6,승차,43,46,60,48,60,70,70,75,79,74,67,95,100,109,106,107,103,2025-09-05
3,6,하차,56,44,49,60,63,58,68,71,81,77,84,97,86,118,98,129,145,2025-09-05
4,5,하차,39,40,54,55,55,62,62,79,88,75,111,99,106,114,113,95,132,2025-09-05
4,7,하차,41,46,51,57,52,72,68,87,78,84,92,78,88,112,114,111,132,2025-09-05
3,5,하차,48,48,56,71,66,64,76,66,91,92,91,94,112,104,100,115,120,2025-09-05
3,1,승차,42,57,62,49,55,65,69,70,76,69,97,94,109,93,105,102,119,2025-09-05
2,9,승차,36,47,50,52,71,60,68,64,78,92,96,103,111,103,128,129,128,2025-09-05
4,3,하차,64,34,40,52,63,74,65,61,88,89,75,96,93,100,93,101,142,2025-09-05
4,2,승차,37,51,40,46,61,73,76,62,68,73,82,98,114,103,114,111,121,2025-09-05
2,6,승차,43,47,41,48,61,59,70,87,77,89,96,86,99,106,113,112,126,2025-09-05
1,8,하차,46,48,54,56,63,57,70,97,82,76,90,104,94,101,90,107,119,2025-09-05
4,2,승차,39,46,41,51,57,80,67,88,74,71,103,88,108,102,126,124,127,2025-09-05
4,4,하차,40,34,48,47,64,66,62,77,97,73,84,92,113,100,110,102,118,2025-09-05
1,2,승차,35,42,59,57,65,74,71,86,68,84,83,97,84,106,110,98,118,2025-09-05
4,9,승차,44,43,43,59,62,65,67,73,75,86,72,108,101,88,106,115,138,2025-09-05
4,2,하차,33,41,51,59,58,60,64,68,104,69,93,89,109,113,109,95,111,2025-09-05
1,2,승차,34,40,50,57,50,68,61,74,89,76,103,95,99,101,120,118,130,2025-09-05
1,5,승차,41,33,63,50,64,70,62,80,70,90,77,99,70,98,111,99,124,2025-09-05
3,5,하차,37,49,48,44,61,69,72,79,75,83,78,102,103,120,120,133,135,2025-09-05
2,7,승차,37,50,41,44,78,68,57,68,91,86,103,91,105,87,107,119,112,2025-09-05
2,1,하차,43,40,57,46,58,56,80,82,87,106,86,108,83,116,117,121,144,2025-09-05
1,2,승차,44,58,43,44,67,74,93,71,71,69,88,94,97,101,111,113,121,2025-09-05
1,6,하차,36,46,51,52,64,68,60,73,81,79,92,82,103,110,110,104,116,2025-09-05
4,2,하차,41,51,43,54,59,78,71,69,72,92,66,96,107,100,115,109,126,2025-09-05
3,4,하차,36,50,45,52,63,71,71,75,89,98,98,78,107,100,103,102,122,2025-09-05
3,6,하차,48,49,47,57,81,57,50,82,84,85,94,114,105,100,116,113,124,2025-09-05
1,7,하차,42,41,53,54,63,73,73,69,90,88,82,112,97,105,101,116,136,2025-09-05
4,5,승차,27,45,47,43,63,55,67,84,78,100,118,76,92,109,104,127,138,2025-09-05
4,8,승차,38,48,62,58,61,48,69,70,85,77,93,89,107,106,112,103,123,2025-09-05
2,6,하차,30,60,44,49,58,52,73,75,71,82,91,93,117,116,106,121,97,2025-09-05
2,5,승차,45,46,49,58,56,65,67,74,86,72,82,94,83,105,97,125,129,2025-09-05
4,4,하차,39,41,31,63,70,58,63,59,82,92,80,89,100,107,102,137,120,2025-09-05
2,6,승차,35,38,49,55,50,56,74,83,78,88,73,96,83,112,115,133,126,2025-09-05
1,6,승차,49,51,55,45,68,91,72,84,85,79,90,103,88,110,128,113,122,2025-09-05
4,6,하차,46,50,28,42,48,56,79,84,62,91,95,89,89,90,124,127,123,2025-09-05
2,1,하차,41,47,53,59,69,71,64,75,91,77,73,102,105,101,110,112,125,2025-09-05
3,6,승차,45,45,52,34,59,73,74,70,81,92,80,83,121,106,105,123,122,2025-09-05
4,1,승차,40,49,43,56,65,67,68,79,68,106,79,98,106,106,109,112,132,2025-09-05
4,5,하차,44,35,60,63,51,71,70,77,61,103,100,100,90,107,107,117,121,2025-09-05
3,7,승차,28,37,67,51,59,55,79,75,79,89,85,100,95,88,115,125,109,2025-09-05
1,1,승차,51,38,49,53,51,68,61,87,81,90,95,89,95,97,116,106,113,2025-09-05
3,1,하차,42,48,56,42,63,79,69,69,79,82,92,81,98,92,108,139,119,2025-09-05
4,6,승차,35,50,46,55,66,70,83,79,85,98,77,88,88,100,110,111,120,2025-09-05
1,7,하차,28,44,36,58,58,69,70,70,94,82,85,81,116,108,99,97,106,2025-09-05
2,6,하차,37,41,53,65,58,62,80,71,65,79,91,82,102,115,108,127,120,2025-09-05
2,5,하차,49,52,49,51,60,68,79,64,79,92,74,106,106,105,108,108,103,2025-09-05
2,6,승차,39,46,43,59,46,69,64,72,71,87,85,108,106,100,106,109,125,2025-09-05
4,3,승차,37,51,58,64,51,63,68,58,83,78,95,101,115,94,105,112,122,2025-09-05
3,9,하차,30,53,47,48,72,70,80,82,87,84,91,106,86,78,104,116,132,2025-09-05
1,5,하차,41,57,53,60,63,70,60,75,64,86,88,99,90,100,106,140,129,2025-09-05
2,2,승차,43,35,50,59,66,66,80,80,84,90,88,102,107,108,110,145,118,2025-09-05
1,7,승차,38,42,42,50,58,64,74,71,78,96,77,95,103,122,135,124,128,2025-09-05
4,3,승차,36,45,44,61,66,49,76,75,68,80,86,93,105,113,105,108,113,2025-09-05
2,1,하차,39,39,56,64,61,62,66,77,81,89,96,102,105,94,84,106,130,2025-09-05
4,3,하차,46,49,57,70,46,60,62,79,75,82,92,102,93,106,115,119,124,2025-09-05
3,9,승차,46,38,60,54,57,66,66,79,91,77,88,105,98,111,116,101,142,2025-09-05
4,5,승차,37,39,43,51,65,73,68,86,86,77,103,98,90,99,105,113,106,2025-09-05
4,7,승차,43,41,41,49,65,72,62,65,94,92,88,100,105,105,100,103,121,2025-09-05
3,3,하차,40,53,45,47,62,60,72,79,81,90,81,102,99,125,110,109,102,2025-09-05
1,4,하차,37,32,51,46,54,54,65,69,83,80,82,108,106,127,117,123,123,2025-09-05
3,1,승차,31,47,54,60,49,73,55,66,78,105,118,90,94,103,92,132,118,2025-09-05
3,3,승차,29,44,54,71,63,63,55,62,89,86,102,121,96,115,116,131,137,2025-09-05
4,7,하차,51,49,51,49,61,50,57,86,75,83,89,75,97,98,111,102,135,2025-09-05
1,4,하차,42,51,54,55,72,64,60,76,80,74,81,86,118,114,100,112,109,2025-09-05
2,2,승차,46,50,62,48,63,77,82,66,78,90,101,103,95,112,108,111,121,2025-09-05
3,5,승차,43,51,45,58,60,70,58,65,81,86,96,101,98,90,108,95,113,2025-09-05
1,5,승차,37,49,30,53,56,55,70,75,86,80,103,108,86,121,116,139,119,2025-09-05
3,2,하차,43,50,60,48,54,71,73,70,91,83,108,98,102,87,103,124,115,2025-09-05
3,6,승차,55,39,51,58,53,54,62,82,86,68,105,108,109,108,112,125,121,2025-09-05
3,4,하차,56,36,43,53,65,65,62,66,72,96,97,108,105,114,104,121,126,2025-09-05
3,1,하차,54,44,53,53,66,67,77,96,65,87,90,80,94,117,108,114,124,2025-09-05
4,3,승차,46,47,47,44,59,80,70,74,76,95,90,80,99,106,114,125,116,2025-09-05
1,9,승차,40,42,48,46,54,66,85,78,86,78,94,102,105,100,98,110,127,2025-09-05
1,7,하차,38,52,52,58,50,64,75,84,67,87,96,107,101,107,109,142,130,2025-09-05
1,6,승차,50,53,50,64,46,67,74,86,80,79,80,105,98,99,112,128,119,2025-09-05
3,1,하차,32,50,55,55,49,71,68,77,73,96,92,91,98,117,103,107,140,2025-09-05
4,9,승차,51,61,47,41,57,57,70,77,88,77,100,87,86,97,96,116,118,2025-09-05
3,9,승차,38,45,39,40,57,71,57,75,77,83,68,108,104,120,113,114,122,2025-09-05
3,1,승차,47,42,57,60,68,75,76,64,76,68,88,111,102,102,108,109,123,2025-09-05
1,6,승차,39,41,40,57,49,63,74,72,71,81,98,96,103,116,107,119,99,2025-09-05
3,7,하차,42,42,57,46,64,66,73,62,87,95,91,93,96,111,92,116,117,2025-09-05
2,2,하차,33,37,50,56,67,67,77,68,85,71,90,98,103,116,136,129,120,2025-09-05
3,8,하차,35,35,71,71,66,70,63,64,69,93,88,102,110,106,120,120,108,2025-09-05
2,8,승차,35,37,62,53,53,67,75,71,76,87,95,98,105,110,118,116,139,2025-09-05
3,6,하차,37,51,46,51,60,63,66,69,79,82,92,106,100,108,115,122,114,2025-09-05
4,9,하차,41,57,58,59,65,56,60,65,70,91,91,78,119,101,99,127,106,2025-09-05
4,3,하차,39,51,46,64,63,68,83,69,77,85,101,103,107,83,128,102,119,2025-09-05
1,2,승차,39,42,55,58,70,65,69,88,74,79,81,95,85,104,103,121,107,2025-09-05
3,2,하차,36,48,40,55,51,64,67,62,70,83,79,106,92,90,125,140,144,2025-09-05
2,6,승차,50,42,43,50,52,70,54,72,69,94,115,105,102,101,94,106,139,2025-09-05
2,7,승차,36,38,42,50,67,72,74,68,66,96,105,97,87,112,106,136,112,2025-09-05
3,6,하차,50,39,53,51,57,73,68,94,80,81,94,99,90,106,105,108,135,2025-09-05
2,3,승차,40,41,56,52,66,62,88,76,84,79,107,93,89,91,115,142,119,2025-09-05
4,5,하차,35,47,43,57,59,55,61,71,81,76,90,111,101,83,95,112,119,2025-09-05
2,8,하차,38,41,47,52,62,75,68,83,71,80,73,108,88,104,89,143,132,2025-09-05
1,6,하차,38,32,53,54,56,56,75,79,79,75,76,97,101,114,99,120,130,2025-09-05
4,2,하차,36,41,49,57,54,64,79,86,90,95,86,90,113,94,130,129,137,2025-09-05
4,7,하차,36,44,54,53,57,60,64,64,69,86,104,104,86,115,101,121,100,2025-09-05
4,8,승차,41,51,60,50,63,60,74,83,86,99,88,79,89,80,119,103,111,2025-09-05
3,4,하차,45,48,59,56,50,61,71,82,82,91,92,84,96,120,98,105,129,2025-09-05
3,1,승차,40,36,53,57,48,66,66,77,86,72,88,105,89,103,112,134,111,2025-09-05
4,2,하차,41,44,60,47,59,58,87,75,57,81,106,111,82,111,112,104,134,2025-09-05
3,4,하차,34,45,52,52,63,57,66,81,94,68,66,99,98,111,109,116,124,2025-09-05
2,7,하차,36,38,60,58,56,76,85,81,78,77,83,88,100,105,99,95,126,2025-09-05
3,2,승차,40,36,46,55,64,59,55,78,88,98,81,97,92,108,105,116,114,2025-09-05
3,6,승차,39,44,59,49,67,57,68,65,92,93,61,82,86,114,113,120,158,2025-09-05
4,2,승차,34,40,45,56,63,65,66,64,79,79,93,87,114,115,100,112,124,2025-09-05
1,7,승차,42,45,48,39,53,64,70,68,81,84,90,97,112,103,96,113,113,2025-09-05
1,2,하차,43,56,59,46,53,66,63,78,60,111,87,101,110,111,104,86,125,2025-09-05
1,3,하차,46,52,49,52,46,80,64,70,58,92,92,97,100,98,113,99,117,2025-09-05
2,9,승차,35,39,51,53,67,58,67,71,77,86,88,98,104,117,129,119,126,2025-09-05
3,4,승차,52,39,40,48,71,73,65,78,71,69,86,77,93,112,90,125,97,2025-09-05
1,5,승차,45,41,33,60,60,54,67,70,89,83,103,73,88,110,117,113,106,2025-09-05
4,9,하차,31,37,55,68,58,56,77,73,66,84,88,98,95,110,103,113,115,2025-09-05
1,7,승차,38,31,49,58,51,45,70,89,78,72,71,93,82,113,96,107,102,2025-09-05
1,8,승차,45,55,37,60,62,48,67,70,93,66,77,86,73,91,108,119,123,2025-09-05
3,3,하차,53,43,58,54,55,54,62,62,79,61,89,102,91,104,94,127,123,2025-09-05
3,4,승차,46,48,44,39,57,73,83,78,80,83,90,100,90,104,102,113,116,2025-09-05
3,7,하차,36,49,50,59,76,56,74,64,69,101,90,93,108,113,107,122,120,2025-09-05
2,4,하차,43,47,42,50,62,53,62,64,81,95,85,92,109,107,113,114,123,2025-09-05
2,2,하차,33,47,42,47,63,66,76,90,86,96,104,89,102,95,110,118,108,2025-09-05
1,6,하차,30,50,45,71,54,62,60,86,81,86,91,111,85,111,101,123,120,2025-09-05
3,9,하차,32,51,40,55,67,69,91,84,77,81,99,107,92,105,112,89,139,2025-09-05
1,2,승차,39,46,45,61,59,54,62,82,87,74,88,102,95,108,113,106,111,2025-09-05
4,1,승차,44,49,47,54,66,47,73,70,71,89,79,102,95,121,111,123,124,2025-09-05
4,8,하차,47,42,38,50,72,77,75,77,87,100,92,95,111,105,104,109,139,2025-09-05
3,1,하차,43,41,56,36,45,64,73,55,65,81,91,88,104,104,81,113,121,2025-09-05
3,1,승차,40,45,51,46,65,55,67,67,85,84,77,113,98,103,99,122,125,2025-09-05
4,3,승차,34,58,46,53,61,60,73,55,85,91,85,83,95,101,125,119,116,2025-09-05
3,5,하차,31,36,45,56,40,73,68,82,78,74,92,91,96,108,127,121,99,2025-09-05
2,9,승차,41,34,55,39,63,71,70,67,82,79,88,118,83,111,102,119,124,2025-09-05
2,2,승차,39,41,66,53,59,53,87,65,82,102,80,89,91,96,91,117,117,2025-09-05
3,1,하차,45,45,50,39,65,66,72,87,79,83,71,94,80,102,108,118,124,2025-09-05
4,1,승차,40,42,50,70,48,54,66,88,75,74,94,89,80,115,104,104,139,2025-09-05
1,8,승차,39,56,47,60,48,66,82,70,80,96,97,97,91,96,99,117,128,2025-09-05
3,2,승차,49,53,52,56,62,80,88,75,78,105,100,79,87,109,103,107,124,2025-09-05
3,9,승차,36,35,55,55,52,57,63,54,68,88,95,100,105,93,124,110,138,2025-09-05
1,9,하차,41,45,50,53,51,61,62,78,74,100,93,101,104,127,103,101,134,2025-09-05
3,2,승차,38,43,55,51,56,56,71,73,69,66,82,97,101,110,110,104,131,2025-09-05
1,3,하차,42,48,49,62,51,75,78,82,80,75,87,96,95,103,121,128,109,2025-09-05
4,2,승차,55,42,40,51,56,67,66,78,87,85,77,106,80,111,99,105,111,2025-09-05
2,6,하차,43,51,45,60,61,78,74,65,81,82,61,71,98,98,99,133,124,2025-09-05
4,7,하차,38,49,57,62,67,53,56,76,75,82,69,100,96,99,117,114,135,2025-09-05
2,6,승차,46,53,51,61,74,67,61,75,87,81,94,103,109,112,129,114,116,2025-09-05
1,3,하차,29,38,38,56,56,72,66,78,93,67,92,86,104,121,121,108,125,2025-09-05
2,3,하차,25,44,39,59,65,68,72,84,79,86,75,87,95,92,102,115,116,2025-09-05
4,2,하차,43,48,49,46,61,55,67,75,81,90,98,86,86,103,113,103,110,2025-09-05
2,2,하차,44,42,59,53,57,54,77,84,83,86,80,100,117,95,122,126,124,2025-09-05
1,5,하차,41,47,41,47,65,66,80,77,112,87,85,84,97,107,95,108,104,2025-09-05
2,8,승차,37,42,38,61,73,64,74,92,60,108,96,102,109,107,101,123,110,2025-09-05
3,6,하차,31,39,47,53,62,67,75,77,96,93,87,104,113,100,112,119,125,2025-09-05
4,9,하차,49,48,53,55,62,83,69,79,71,96,101,102,90,120,119,108,117,2025-09-05
3,5,승차,41,51,39,54,58,75,73,78,83,74,88,100,103,85,92,109,101,2025-09-05
1,4,승차,39,45,43,49,66,66,68,77,88,74,83,102,87,76,110,111,128,2025-09-05
2,9,하차,32,38,63,47,77,71,64,80,62,90,92,113,97,115,95,97,130,2025-09-05
3,5,승차,48,42,42,50,76,58,81,79,75,87,88,80,100,89,119,119,144,2025-09-05
3,1,승차,42,44,68,58,67,55,72,69,67,81,94,91,92,122,105,125,106,2025-09-05
2,5,승차,41,58,51,55,53,58,59,84,79,79,94,100,100,109,100,109,120,2025-09-05
2,5,승차,37,46,47,46,50,62,73,63,90,73,85,99,98,114,115,109,126,2025-09-05
4,5,승차,24,49,52,61,59,64,71,80,92,81,100,81,110,95,109,114,121,2025-09-05
3,2,승차,43,39,41,67,53,65,66,82,78,80,82,99,92,105,102,123,119,2025-09-05
3,6,하차,47,36,48,65,64,67,70,79,81,105,92,99,90,100,105,122,118,2025-09-05
1,5,하차,45,40,54,52,58,53,74,82,86,98,85,106,91,100,122,106,122,2025-09-05
4,2,승차,52,37,33,46,71,60,57,63,93,91,98,88,94,114,120,114,123,2025-09-05
1,8,승차,35,46,60,58,77,84,65,75,97,88,80,99,118,89,99,96,121,2025-09-05
3,6,하차,35,44,51,55,65,60,62,73,86,77,109,88,88,93,95,115,119,2025-09-05
1,3,승차,41,43,53,66,52,58,60,90,88,106,102,87,98,108,106,111,126,2025-09-05
3,9,하차,40,54,51,42,50,70,56,75,82,87,70,101,123,96,110,118,108,2025-09-05
3,4,승차,46,41,60,60,49,66,65,85,75,81,120,96,87,93,114,108,129,2025-09-05
1,3,하차,43,36,41,47,53,72,79,72,97,90,92,88,91,105,112,104,119,2025-09-05
1,7,하차,45,44,49,62,62,70,71,71,61,85,85,116,93,105,120,119,120,2025-09-05
2,8,승차,36,40,46,56,51,77,55,76,86,79,102,99,101,93,121,122,102,2025-09-05
2,7,승차,38,40,60,51,57,66,63,60,91,108,82,87,87,102,102,124,121,2025-09-05
2,1,승차,50,45,51,59,54,61,64,83,83,95,76,106,95,126,126,127,110,2025-09-05
3,1,승차,40,50,31,47,47,68,82,67,83,90,88,97,109,107,105,95,127,2025-09-05
1,5,하차,33,59,42,57,69,70,73,64,90,85,99,93,91,102,121,108,143,2025-09-05
4,8,승차,33,46,49,48,68,66,75,77,65,71,81,83,95,88,125,110,111,2025-09-05
3,3,하차,43,52,45,56,63,64,80,78,86,83,95,95,81,92,114,113,125,2025-09-05
4,8,승차,39,45,51,64,58,58,65,80,88,81,79,89,99,96,90,97,116,2025-09-05
1,3,하차,40,34,48,46,50,60,76,94,79,86,88,111,97,84,102,114,116,2025-09-05
3,4,승차,42,39,36,62,73,61,74,73,72,101,93,81,104,108,116,110,112,2025-09-05
4,7,승차,40,52,33,42,53,61,80,70,72,72,106,88,107,94,100,103,127,2025-09-05
4,3,하차,38,45,45,51,69,70,84,61,85,80,90,97,101,103,124,128,119,2025-09-05
2,4,승차,45,50,65,45,72,63,66,74,71,93,93,89,114,99,96,115,125,2025-09-05
2,8,승차,28,60,45,57,41,64,81,72,88,94,81,106,104,105,96,104,120,2025-09-05
2,4,승차,47,35,54,46,50,63,66,67,91,82,89,89,105,105,113,110,131,2025-09-05
3,9,승차,41,47,43,48,52,69,70,73,96,77,94,84,109,113,111,96,140,2025-09-05
1,4,승차,44,46,51,48,49,62,77,60,83,91,97,85,108,92,112,109,141,2025-09-05
1,4,하차,36,46,51,47,62,51,71,78,66,78,85,102,85,94,98,103,120,2025-09-05
2,5,승차,41,55,49,51,74,63,76,70,73,88,99,96,92,99,109,100,116,2025-09-05
2,1,하차,33,50,49,57,59,81,80,62,77,88,105,82,97,109,98,101,119,2025-09-05
2,7,승차,34,38,51,53,70,59,75,86,75,83,102,108,125,91,103,120,109,2025-09-05
4,9,승차,32,51,49,59,57,67,67,77,81,91,80,105,94,105,101,126,116,2025-09-05
2,9,하차,37,47,48,48,57,60,76,67,73,97,83,90,109,100,91,121,105,2025-09-05
4,1,하차,40,31,45,52,57,74,66,70,75,84,93,107,91,105,101,122,127,2025-09-05
1,6,하차,39,39,65,58,71,71,75,89,90,90,91,72,100,111,107,109,141,2025-09-05
3,3,하차,37,50,53,54,55,58,80,63,77,80,107,112,81,117,107,116,131,2025-09-05
3,4,하차,31,48,47,62,51,81,67,77,76,85,104,94,96,118,113,118,123,2025-09-05
3,8,승차,33,61,36,58,52,61,59,71,88,91,76,96,95,114,114,130,132,2025-09-05
3,4,하차,42,34,49,56,66,62,68,84,91,84,88,71,95,105,117,113,116,2025-09-05
4,8,하차,38,46,53,64,62,62,76,80,91,91,91,78,108,119,125,121,134,2025-09-05
4,4,승차,46,40,49,63,57,70,73,74,89,83,81,83,86,103,104,125,119,2025-09-05
2,9,승차,40,51,53,49,58,69,69,89,75,81,93,94,97,107,94,123,110,2025-09-05
4,6,하차,43,45,60,62,56,71,62,81,80,69,76,93,104,104,136,131,130,2025-09-05
2,1,하차,41,58,54,67,66,69,67,61,72,89,98,85,100,107,120,112,118,2025-09-05
2,2,하차,44,46,44,63,80,65,85,78,95,79,94,87,94,111,101,114,109,2025-09-05
3,7,승차,28,45,48,63,59,59,65,89,95,76,106,84,99,100,121,123,126,2025-09-05
4,7,하차,45,38,47,67,64,56,73,76,91,86,92,90,99,102,107,140,129,2025-09-05
4,3,승차,26,53,59,69,61,73,85,77,82,86,88,79,111,113,99,105,121,2025-09-05
2,1,승차,47,56,45,62,63,60,59,74,79,94,112,82,116,98,87,124,114,2025-09-05
2,8,승차,44,41,48,49,64,56,58,69,78,75,85,103,109,108,93,103,135,2025-09-05
1,7,승차,27,38,49,60,64,65,89,60,84,77,106,95,82,112,116,120,114,2025-09-05
1,8,하차,36,45,55,40,57,65,52,69,76,93,83,99,94,123,98,113,116,2025-09-05
2,1,승차,39,56,54,50,60,67,58,79,85,79,78,106,97,103,117,111,118,2025-09-05
1,3,승차,38,38,47,58,50,81,70,82,87,93,76,90,108,90,91,124,155,2025-09-05
1,2,하차,31,40,71,54,42,76,70,70,69,90,89,110,110,101,146,124,126,2025-09-05
2,1,승차,39,48,45,36,54,76,62,68,86,96,77,97,91,94,96,134,103,2025-09-05
2,5,하차,40,52,50,60,64,60,77,69,62,79,91,88,110,113,111,96,119,2025-09-05
4,3,승차,49,52,43,56,63,65,67,62,91,99,81,92,103,111,121,123,127,2025-09-05
2,8,하차,40,46,51,57,59,71,60,87,82,103,84,84,110,85,97,98,135,2025-09-05
2,6,승차,51,39,61,54,62,71,76,81,81,97,117,93,101,90,115,152,111,2025-09-05
3,9,승차,43,47,53,58,63,46,74,87,82,73,90,76,78,124,117,92,125,2025-09-05
4,9,하차,41,50,47,50,58,66,78,91,75,87,105,95,101,101,116,123,128,2025-09-05
4,6,승차,39,34,49,52,69,79,69,86,85,91,86,92,110,103,111,130,100,2025-09-05
4,2,승차,40,52,48,58,60,64,56,91,75,87,83,90,105,116,101,132,122,2025-09-05
3,9,하차,41,37,43,59,48,69,83,76,80,81,82,99,99,104,117,115,96,2025-09-05
2,2,승차,47,52,43,55,53,61,66,82,74,87,85,82,93,113,119,106,104,2025-09-05
4,3,승차,37,45,47,53,62,54,51,80,73,82,88,89,96,102,137,124,111,2025-09-05
4,6,하차,37,43,53,54,65,61,71,83,80,83,111,76,93,104,110,110,115,2025-09-05
1,2,하차,46,45,46,53,58,64,73,76,83,75,103,90,98,111,121,122,132,2025-09-05
4,5,하차,39,46,59,47,56,65,56,68,74,80,87,92,103,108,110,122,108,2025-09-05
2,2,하차,40,61,50,66,47,65,69,71,89,70,81,112,94,103,102,120,127,2025-09-05
2,4,하차,36,55,46,57,54,70,61,87,75,78,82,105,111,111,103,114,118,2025-09-05
1,3,승차,29,44,61,67,59,67,49,73,80,93,97,98,113,120,119,94,112,2025-09-05
4,5,하차,40,54,44,60,51,53,62,82,75,85,83,103,95,100,105,115,114,2025-09-05
4,6,승차,36,37,45,49,59,71,63,79,74,86,85,74,98,83,112,122,110,2025-09-05
4,7,하차,42,32,45,53,52,68,54,76,81,91,86,96,94,107,115,134,127,2025-09-05
3,8,승차,53,44,45,61,61,68,62,85,82,85,85,88,102,85,104,120,107,2025-09-05
4,9,승차,35,35,71,61,54,61,65,70,64,81,87,88,94,106,112,126,123,2025-09-05
2,4,하차,55,41,51,47,76,65,64,73,88,82,80,86,95,110,116,117,115,2025-09-05
2,4,승차,30,38,58,59,66,61,60,78,78,80,92,95,97,88,105,117,126,2025-09-05
3,7,승차,38,49,56,46,51,54,70,94,72,69,97,92,75,110,79,107,146,2025-09-05
3,9,하차,36,35,53,45,64,72,71,70,80,81,92,81,111,110,114,114,111,2025-09-05
4,2,하차,45,47,36,47,62,60,72,83,91,90,90,95,99,87,132,111,134,2025-09-05
1,6,하차,33,39,58,58,66,51,89,74,92,91,84,84,99,123,97,115,100,2025-09-05
3,8,하차,40,45,48,56,59,49,76,67,79,76,88,98,83,116,116,110,131,2025-09-05
3,5,승차,36,50,43,50,58,63,73,76,89,79,96,113,114,102,105,97,111,2025-09-05
4,5,승차,42,54,56,56,60,65,73,81,96,93,97,82,112,106,99,115,123,2025-09-05
4,8,승차,40,51,55,64,66,65,60,58,70,71,93,115,94,102,96,118,130,2025-09-05
3,1,승차,39,37,50,62,69,66,70,71,83,82,91,103,118,82,109,102,109,2025-09-05
1,6,승차,30,43,36,59,67,63,59,78,73,76,84,89,95,101,119,124,125,2025-09-05
3,9,승차,35,32,53,39,71,65,76,77,68,77,79,75,123,118,120,112,139,2025-09-05
4,6,하차,45,53,42,47,68,64,62,81,82,99,87,91,103,96,103,137,119,2025-09-05
4,7,승차,50,44,57,64,47,46,54,62,77,87,81,106,96,92,104,128,119,2025-09-05
3,4,승차,46,40,57,47,67,56,64,76,77,84,74,94,101,106,112,116,120,2025-09-05
1,1,승차,57,44,59,66,59,61,81,77,70,74,83,103,122,106,106,139,111,2025-09-05
3,9,하차,39,52,36,68,75,61,75,83,68,81,81,99,127,110,102,117,145,2025-09-05
3,6,하차,42,32,66,53,59,51,71,54,76,90,99,98,95,99,116,117,112,2025-09-05
4,3,하차,39,40,37,42,64,64,89,63,100,99,80,89,107,102,126,114,126,2025-09-05
1,4,하차,36,45,55,59,53,81,64,67,78,80,94,78,105,110,123,118,120,2025-09-05
2,6,승차,28,48,49,46,54,66,79,83,70,82,99,96,122,117,98,107,112,2025-09-05
1,6,승차,41,43,54,55,49,70,80,68,94,81,91,89,106,118,108,112,120,2025-09-05
3,9,승차,43,48,54,60,63,67,70,87,72,90,98,83,90,109,113,99,114,2025-09-05
3,4,하차,37,38,48,49,45,66,79,87,79,100,100,101,116,97,124,103,118,2025-09-05
3,5,승차,46,58,48,47,68,69,83,61,78,86,93,94,107,94,109,112,109,2025-09-05
1,5,승차,26,54,47,59,61,62,76,68,76,81,99,91,101,112,111,121,118,2025-09-05
4,3,승차,42,50,49,44,59,68,72,62,74,88,86,98,87,114,104,117,112,2025-09-05
3,2,하차,40,50,40,45,61,60,64,72,74,73,105,91,110,91,106,114,145,2025-09-05
3,8,하차,39,41,45,49,54,73,63,48,71,76,86,104,94,88,107,119,107,2025-09-05
1,9,하차,33,48,42,60,60,55,63,81,93,83,105,103,105,94,108,101,129,2025-09-05
2,9,승차,33,40,51,66,64,53,76,88,92,79,103,82,81,100,117,115,118,2025-09-05
2,5,승차,39,42,42,53,74,52,72,73,81,86,84,88,104,103,111,121,125,2025-09-05
4,9,승차,39,50,58,73,75,76,70,64,61,86,88,70,102,130,88,105,132,2025-09-05
4,4,승차,44,56,55,64,53,62,88,69,85,86,81,107,110,101,104,129,125,2025-09-05
3,2,하차,28,53,51,53,65,54,63,90,93,76,95,100,110,107,107,113,139,2025-09-05
1,3,승차,39,44,49,56,61,77,69,79,81,94,93,111,99,114,103,124,109,2025-09-05
3,1,하차,37,44,41,46,55,68,69,75,72,95,102,87,86,117,114,122,120,2025-09-05
4,5,승차,33,41,36,60,64,80,64,65,86,97,105,110,111,90,109,123,123,2025-09-05
1,1,하차,41,50,50,62,62,79,58,75,67,79,97,86,87,100,91,107,121,2025-09-05
1,1,승차,36,47,45,52,54,67,72,66,86,103,98,72,95,112,96,109,116,2025-09-05
4,7,승차,40,53,54,36,48,70,60,58,66,87,90,99,96,99,110,117,112,2025-09-05
2,2,하차,39,53,53,53,58,71,53,77,85,88,103,90,91,97,119,113,143,2025-09-05
2,8,하차,49,46,47,58,62,50,66,63,89,76,95,84,96,115,111,118,126,2025-09-05
1,6,승차,34,49,45,54,63,78,68,78,71,68,81,92,110,101,92,104,136,2025-09-05
3,4,승차,43,46,48,51,65,68,67,70,90,88,83,98,94,102,124,105,124,2025-09-05
2,9,승차,40,42,40,63,56,60,77,81,87,86,109,92,104,100,110,123,126,2025-09-05
3,8,하차,32,52,52,40,48,70,67,74,87,83,77,92,83,125,123,127,134,2025-09-05
2,3,승차,32,45,56,60,58,64,61,74,75,103,86,95,95,103,121,107,135,2025-09-05
2,3,하차,30,48,63,39,52,64,63,83,79,91,92,109,96,98,121,108,119,2025-09-05
3,4,승차,46,40,44,52,65,67,89,87,78,99,89,96,85,107,111,134,112,2025-09-05
4,9,승차,33,30,54,46,59,62,56,81,76,65,95,88,106,110,123,148,108,2025-09-05
2,9,승차,31,48,45,55,60,66,70,71,57,63,96,99,106,108,102,131,124,2025-09-05
2,5,승차,43,55,54,60,71,54,75,94,88,80,99,102,105,114,102,100,136,2025-09-05
3,9,하차,33,51,51,74,60,78,68,68,89,77,96,103,95,104,99,102,128,2025-09-05
4,6,하차,45,47,37,49,59,71,68,61,76,88,95,98,94,124,107,115,108,2025-09-05
2,8,승차,28,47,47,56,45,82,60,81,75,87,91,88,92,106,100,110,116,2025-09-05
2,8,승차,38,37,40,51,54,70,72,78,86,82,86,112,95,121,121,110,127,2025-09-05
4,7,승차,39,56,48,43,62,76,64,74,78,101,101,89,80,103,119,110,113,2025-09-05
2,4,하차,44,41,47,65,47,54,71,75,76,93,105,107,86,95,103,106,128,2025-09-05
4,4,승차,39,57,54,54,63,52,73,68,73,92,80,106,91,114,112,102,120,2025-09-05
4,6,하차,45,35,56,51,77,49,72,73,68,85,82,86,93,106,124,99,117,2025-09-05
3,9,하차,45,52,54,47,54,70,66,71,76,79,96,83,112,113,114,114,103,2025-09-05
1,7,하차,36,42,40,62,54,72,86,78,80,78,91,102,113,113,88,131,134,2025-09-05
4,5,하차,38,49,52,65,72,74,68,71,83,73,91,89,92,91,91,127,106,2025-09-05
3,5,승차,33,44,49,52,64,61,77,72,76,78,78,82,100,111,117,127,102,2025-09-05
1,8,승차,56,43,50,57,62,58,65,86,85,90,79,103,95,108,90,113,110,2025-09-05
2,6,하차,40,41,57,57,44,61,69,68,81,87,79,102,86,100,110,105,119,2025-09-05
1,1,승차,42,50,47,48,66,57,84,75,77,81,87,123,92,102,103,98,138,2025-09-05
4,1,승차,45,39,48,58,62,65,62,75,102,83,88,100,101,124,106,116,116,2025-09-05
4,9,승차,34,53,55,49,64,66,74,67,85,85,72,87,114,95,104,106,109,2025-09-05
4,8,하차,30,50,44,71,61,76,76,74,84,87,107,93,87,103,125,123,119,2025-09-05
4,6,승차,38,58,52,54,63,74,86,87,92,69,104,92,87,84,93,109,117,2025-09-05
4,1,승차,38,40,50,56,69,85,70,68,80,80,84,99,96,100,121,116,106,2025-09-05
3,2,승차,43,40,58,54,59,54,75,71,65,95,90,102,105,82,124,134,133,2025-09-05
4,3,승차,45,44,57,48,54,68,74,74,62,89,80,100,95,103,112,117,111,2025-09-05
3,3,승차,38,50,51,57,51,63,87,67,84,85,89,89,94,105,134,104,115,2025-09-05
2,2,승차,53,39,34,49,67,68,65,79,95,62,88,94,104,115,114,105,140,2025-09-05
4,2,승차,40,39,60,57,52,55,59,96,84,97,90,95,98,93,109,100,126,2025-09-05
4,6,승차,42,48,50,49,70,53,70,55,78,73,92,94,87,99,108,103,127,2025-09-05
1,7,승차,34,39,46,61,62,79,70,84,76,89,91,101,112,127,132,109,118,2025-09-05
2,4,승차,37,41,60,52,70,58,78,61,69,85,77,104,108,116,113,113,114,2025-09-05
4,1,하차,40,37,52,61,62,65,64,95,73,102,94,84,83,94,98,123,105,2025-09-05
4,6,승차,42,45,54,56,53,58,78,94,76,78,88,98,107,115,120,120,123,2025-09-05
2,7,하차,43,39,52,55,60,70,76,72,76,79,93,89,96,96,94,103,99,2025-09-05
3,4,승차,47,45,61,57,54,75,64,80,93,80,102,82,111,92,128,122,139,2025-09-05
4,6,하차,36,47,59,54,60,72,73,71,75,81,79,107,98,99,105,116,116,2025-09-05
1,9,하차,31,28,48,55,60,61,69,78,77,85,90,104,84,100,117,90,119,2025-09-05
4,4,승차,40,56,48,54,59,69,74,89,88,75,83,83,94,111,97,104,121,2025-09-05
1,4,하차,41,47,52,54,69,67,77,80,74,74,97,98,96,113,107,99,136,2025-09-05
1,5,하차,36,45,68,61,76,63,66,68,82,75,79,104,107,119,86,96,106,2025-09-05
4,3,하차,36,38,61,48,61,68,71,72,65,84,109,89,102,105,88,107,110,2025-09-05
4,2,승차,37,38,45,46,66,61,61,68,75,89,100,88,87,93,113,144,131,2025-09-05
1,9,하차,39,54,40,48,68,53,75,85,67,73,104,82,94,101,115,109,129,2025-09-05
2,1,하차,37,50,51,72,56,68,67,79,74,78,96,100,100,112,122,111,121,2025-09-05
2,5,승차,36,49,48,55,63,70,75,92,82,76,97,94,91,93,115,103,112,2025-09-05
4,5,하차,34,41,54,66,56,81,68,71,77,75,101,95,94,113,117,102,113,2025-09-05
3,8,하차,41,38,51,72,59,77,68,74,89,75,98,87,102,88,104,113,118,2025-09-05
2,6,하차,49,53,51,42,56,68,70,63,91,93,96,94,97,84,103,117,107,2025-09-05
4,6,승차,48,53,51,65,57,74,57,77,108,86,92,88,110,99,110,106,120,2025-09-05
2,6,하차,44,52,50,58,58,67,66,66,72,87,95,82,95,93,92,100,129,2025-09-05
3,4,승차,41,53,45,66,64,64,58,82,72,89,92,81,132,111,125,130,120,2025-09-05
4,1,하차,39,42,53,55,67,63,61,86,66,77,77,94,105,104,110,119,121,2025-09-05
3,3,하차,50,38,48,46,58,68,67,69,90,82,85,97,103,110,121,125,118,2025-09-05
4,6,하차,27,48,64,48,61,67,75,78,75,90,72,89,93,110,81,127,110,2025-09-05
3,5,하차,39,49,44,57,55,54,72,91,78,92,93,94,109,109,121,101,116,2025-09-05
2,1,승차,48,49,46,56,60,60,77,64,80,93,91,85,106,106,106,93,129,2025-09-05
2,5,하차,36,42,53,55,67,62,79,85,78,82,91,90,99,102,106,139,121,2025-09-05
3,2,승차,43,48,53,47,68,65,80,81,79,98,91,92,94,99,126,96,108,2025-09-05
3,1,하차,38,53,62,46,61,65,75,67,92,75,102,88,97,104,105,118,119,2025-09-05
3,4,승차,39,34,63,46,66,55,53,70,79,76,94,106,97,107,113,97,130,2025-09-05
4,6,하차,38,52,48,64,59,68,81,83,71,92,89,99,116,84,106,105,111,2025-09-05
2,7,하차,30,36,37,51,57,58,64,65,83,97,78,88,91,116,104,125,120,2025-09-05
4,9,승차,43,47,45,56,55,65,65,76,99,80,100,88,115,100,126,110,147,2025-09-05
2,5,승차,38,38,60,49,58,65,71,74,71,86,84,83,118,128,91,104,114,2025-09-05
1,8,승차,42,52,45,59,66,73,72,71,73,84,80,98,119,95,93,128,134,2025-09-05
4,8,승차,41,42,52,59,62,63,64,85,82,77,88,113,110,107,111,127,112,2025-09-05
2,9,하차,38,59,56,67,61,55,98,70,88,84,74,101,105,92,105,100,131,2025-09-05
2,3,승차,46,47,50,47,52,71,82,76,82,94,92,107,94,99,88,114,124,2025-09-05
4,3,승차,43,54,54,72,60,58,60,77,89,85,104,91,109,107,94,100,118,2025-09-05
4,9,승차,34,49,47,69,69,65,77,81,87,91,81,91,104,103,104,115,134,2025-09-05
2,7,하차,49,45,31,60,60,69,66,77,104,80,102,93,105,93,112,113,122,2025-09-05
4,4,하차,38,52,48,57,67,69,70,73,83,80,94,88,105,118,117,116,116,2025-09-05
3,1,하차,47,36,46,52,59,64,71,72,86,81,81,104,109,95,122,120,138,2025-09-05
4,7,하차,47,44,51,50,61,76,80,84,68,84,90,93,87,109,117,103,112,2025-09-05
4,6,승차,42,44,46,46,58,64,65,84,90,78,75,105,82,89,107,128,125,2025-09-05
4,3,하차,39,39,46,70,53,72,66,65,91,77,92,102,100,123,117,116,117,2025-09-05
2,5,승차,44,42,52,43,57,61,82,72,86,92,103,104,122,114,111,115,110,2025-09-05
3,3,하차,29,38,60,46,51,59,66,63,62,78,91,89,118,105,115,133,115,2025-09-05
1,8,승차,37,35,45,67,54,62,73,85,77,105,85,94,106,89,134,121,126,2025-09-05
1,5,승차,33,36,41,55,60,68,78,77,89,92,86,92,100,117,123,122,123,2025-09-05
3,6,승차,59,42,46,56,68,73,63,92,81,71,80,78,98,92,103,123,113,2025-09-05
3,2,승차,35,37,57,54,65,75,61,83,83,100,80,83,108,98,111,117,127,2025-09-05
3,8,승차,43,44,46,59,55,72,70,82,70,92,97,95,105,108,106,108,99,2025-09-05
2,9,하차,40,44,47,60,57,67,57,68,89,80,82,108,75,102,115,103,118,2025-09-05
1,3,승차,44,40,48,52,61,75,63,76,73,90,86,96,107,99,106,116,112,2025-09-05
3,6,승차,54,45,55,41,56,51,64,72,82,73,89,90,96,101,98,131,125,2025-09-05
2,6,승차,40,46,49,49,58,74,84,65,79,78,105,102,109,107,122,115,130,2025-09-05
1,2,승차,38,39,53,46,51,67,65,94,88,95,82,98,113,113,128,118,135,2025-09-05
4,8,하차,30,40,45,55,62,89,66,68,78,74,78,115,96,108,113,111,122,2025-09-05
2,5,하차,44,46,53,44,64,70,84,72,78,66,82,95,106,96,124,132,123,2025-09-05
1,8,승차,43,47,56,57,58,49,78,65,76,96,111,89,89,120,92,109,111,2025-09-05
2,8,승차,35,41,56,56,71,57,57,63,93,90,93,92,100,105,101,114,118,2025-09-05
1,3,승차,34,45,52,65,64,64,70,67,84,73,93,97,93,104,119,110,139,2025-09-05
1,5,승차,42,44,42,46,51,56,84,73,71,66,77,91,101,104,123,122,110,2025-09-05
4,7,하차,47,37,52,63,51,60,92,77,77,91,91,99,100,112,127,103,136,2025-09-05
2,5,하차,44,40,48,51,68,74,63,64,92,91,89,120,99,100,97,122,134,2025-09-05
3,6,승차,47,51,48,53,57,74,70,82,86,98,95,93,98,106,118,107,137,2025-09-05
4,2,승차,37,45,53,55,68,76,70,83,80,98,91,102,115,107,122,107,102,2025-09-05
4,8,승차,34,44,59,63,59,62,64,76,78,89,80,90,107,111,116,113,117,2025-09-05
1,5,승차,31,55,41,51,76,75,83,73,81,79,95,103,117,97,96,122,133,2025-09-05
3,6,승차,46,48,49,57,68,65,67,82,80,92,85,91,112,98,110,119,131,2025-09-05
2,1,하차,37,59,53,62,60,74,68,63,83,92,102,94,96,101,101,105,126,2025-09-05
3,2,하차,40,43,41,54,58,52,82,70,81,84,103,109,97,98,120,123,126,2025-09-05
3,4,승차,36,37,48,67,63,67,71,81,77,90,91,84,74,85,108,107,135,2025-09-05
3,9,하차,43,55,49,78,51,60,69,80,80,90,91,96,112,114,109,121,104,2025-09-05
3,6,하차,35,46,41,59,63,54,66,86,93,81,84,85,115,107,117,112,125,2025-09-05
3,8,하차,37,49,65,68,52,59,72,63,98,67,76,99,90,108,107,106,127,2025-09-05
1,2,승차,53,44,48,59,54,62,93,75,81,108,93,93,102,104,105,112,114,2025-09-05
1,5,하차,37,49,49,59,44,66,72,90,75,84,104,85,116,91,102,130,116,2025-09-05
4,1,하차,32,46,41,64,53,55,62,63,86,76,88,94,109,109,139,100,130,2025-09-05
1,4,승차,46,37,45,59,61,69,70,87,69,94,88,108,104,124,117,108,115,2025-09-05
4,1,하차,47,53,44,58,52,53,63,69,72,84,99,96,108,103,102,116,115,2025-09-05
4,9,승차,40,44,52,61,48,65,70,87,92,93,82,89,102,112,98,121,121,2025-09-05
2,2,하차,40,63,53,55,58,80,86,90,72,94,102,90,105,139,112,129,107,2025-09-05
3,7,승차,38,40,51,67,72,57,65,67,95,85,101,89,97,104,129,115,132,2025-09-05
1,3,승차,48,40,43,61,64,60,66,75,81,88,77,112,78,107,106,112,136,2025-09-05
2,2,하차,45,42,50,56,58,69,73,92,82,79,99,110,99,87,117,113,122,2025-09-05
1,4,하차,44,46,54,49,59,78,80,74,87,103,101,110,90,120,115,103,111,2025-09-05
4,7,승차,33,42,55,50,71,69,70,73,85,90,96,106,105,134,115,108,112,2025-09-05
1,7,승차,39,40,66,53,63,68,70,89,92,89,98,98,111,94,117,118,109,2025-09-05
3,9,하차,42,53,60,45,59,53,60,68,71,68,89,78,103,120,117,122,115,2025-09-05
4,3,하차,38,45,43,61,64,63,66,68,88,93,83,99,90,113,124,118,124,2025-09-05
4,7,하차,39,45,55,51,67,67,60,79,71,100,99,105,97,120,102,115,114,2025-09-05
2,6,하차,40,53,50,47,56,52,72,87,78,87,71,99,90,115,126,126,122,2025-09-05
3,7,승차,47,46,54,73,56,69,67,76,78,87,105,88,104,118,119,126,108,2025-09-05
4,7,승차,39,49,53,38,50,73,81,74,83,97,100,97,101,113,99,115,123,2025-09-05
3,5,승차,59,41,52,71,56,62,77,79,74,95,91,79,101,108,123,126,124,2025-09-05
1,9,하차,44,35,45,58,50,71,73,93,104,89,82,98,114,119,111,121,126,2025-09-05
3,7,하차,43,35,56,50,66,65,63,76,95,94,85,97,94,101,110,118,113,2025-09-05
4,7,승차,37,38,54,57,70,66,68,76,77,92,102,97,100,106,113,100,109,2025-09-05
2,3,승차,46,48,43,51,57,69,59,84,74,65,82,97,98,99,96,122,144,2025-09-05
4,1,승차,36,48,45,56,45,52,81,87,62,86,82,88,121,122,111,132,119,2025-09-05
3,5,승차,35,47,38,64,57,71,81,72,70,77,71,106,95,93,102,110,124,2025-09-05
3,8,승차,39,40,47,42,40,58,76,80,85,88,75,90,102,99,95,126,123,2025-09-05
4,5,승차,42,47,68,47,59,74,74,56,70,82,82,102,100,104,98,110,131,2025-09-05
3,3,하차,36,43,62,51,56,60,70,78,82,70,104,89,87,96,90,117,116,2025-09-05
1,9,승차,33,52,46,48,65,68,73,72,67,94,98,93,108,98,98,113,117,2025-09-05
4,2,승차,34,55,43,45,62,66,61,81,84,76,95,97,90,108,118,107,101,2025-09-05
2,3,승차,42,43,45,63,63,64,57,74,80,112,93,76,91,93,112,110,122,2025-09-05
4,4,승차,41,48,38,54,66,68,60,72,69,74,95,86,105,109,98,120,106,2025-09-05
1,1,승차,54,43,59,49,59,70,73,65,72,68,87,84,103,107,117,123,126,2025-09-05
1,4,승차,37,52,44,54,52,64,63,73,89,103,92,93,85,118,122,128,107,2025-09-05
1,4,승차,42,36,56,50,68,52,67,82,79,81,67,92,113,102,114,108,125,2025-09-05
1,9,하차,36,35,45,72,57,76,72,90,92,80,81,95,89,98,110,114,113,2025-09-05
1,8,승차,37,52,59,54,58,58,58,59,60,94,91,101,89,102,111,114,112,2025-09-05
2,2,하차,35,44,53,60,49,55,62,79,82,82,101,79,107,100,87,124,115,2025-09-05
3,7,하차,37,47,48,58,58,67,78,70,88,88,95,110,117,103,97,128,125,2025-09-05
1,6,하차,54,48,49,62,61,79,62,82,64,84,96,97,86,107,98,111,129,2025-09-05
1,7,승차,46,54,48,59,55,63,74,72,68,107,110,99,112,90,95,126,126,2025-09-05
4,4,승차,31,42,57,63,55,68,78,65,65,88,95,98,96,106,100,122,111,2025-09-05
2,5,승차,38,47,51,40,58,54,77,84,75,88,80,85,101,104,109,100,100,2025-09-05
2,6,승차,35,41,60,57,67,54,69,71,87,68,73,84,91,100,113,126,129,2025-09-05
3,9,승차,38,31,48,42,59,70,63,75,92,73,95,91,100,99,111,128,132,2025-09-05
2,2,승차,39,34,44,56,45,69,82,64,80,82,82,108,89,106,118,112,117,2025-09-05
4,9,승차,45,44,46,47,58,72,68,85,91,101,76,95,99,111,125,100,106,2025-09-05
4,1,승차,32,52,40,51,80,53,77,73,88,81,83,81,116,107,133,105,117,2025-09-05
3,4,승차,36,59,46,52,61,63,65,65,76,93,94,87,97,99,117,122,122,2025-09-05
4,5,승차,29,55,41,40,59,67,64,69,69,95,89,80,93,100,96,119,117,2025-09-05
1,9,하차,36,58,56,51,49,55,75,64,79,79,101,91,97,112,104,112,124,2025-09-05
1,6,승차,30,42,45,61,63,78,70,59,78,91,109,87,97,109,99,111,111,2025-09-05
4,4,승차,37,40,49,47,65,64,48,71,73,92,84,92,105,108,108,126,120,2025-09-05
3,2,승차,39,49,36,55,66,75,69,67,81,72,92,86,106,115,92,111,116,2025-09-05
2,5,하차,42,37,53,51,47,73,63,74,77,92,88,95,121,114,109,125,127,2025-09-06
3,8,승차,44,47,51,59,68,58,56,62,90,87,91,96,108,102,90,118,126,2025-09-06
2,8,승차,34,48,47,56,45,61,89,75,64,88,107,101,110,99,97,109,124,2025-09-06
4,6,하차,45,39,49,59,53,53,81,68,63,89,77,104,91,82,118,118,124,2025-09-06
4,1,승차,31,39,54,46,63,61,69,64,82,99,92,98,115,101,116,118,113,2025-09-06
1,8,하차,40,58,53,64,69,67,61,68,82,73,97,99,134,105,102,112,140,2025-09-06
2,4,하차,56,41,67,58,54,63,68,73,70,84,74,109,114,118,91,120,111,2025-09-06
3,2,하차,31,48,49,57,63,60,73,80,70,83,98,102,99,112,96,102,110,2025-09-06
4,1,하차,27,46,61,56,50,71,80,58,80,95,100,88,97,83,119,100,133,2025-09-06
3,7,승차,43,42,48,46,49,65,54,70,73,88,86,71,105,97,97,109,102,2025-09-06
1,2,하차,48,39,41,56,64,63,76,73,77,76,106,101,90,120,113,117,114,2025-09-06
2,4,하차,38,39,44,48,69,60,74,76,85,84,91,84,89,112,107,121,110,2025-09-06
2,4,승차,47,40,48,54,55,61,66,68,75,82,95,86,96,120,101,114,113,2025-09-06
4,1,승차,38,46,46,49,50,73,84,74,90,83,75,83,86,116,107,106,120,2025-09-06
2,2,승차,53,51,52,61,60,54,74,67,93,79,84,76,118,94,111,124,123,2025-09-06
4,1,하차,44,37,49,44,63,70,60,71,65,105,106,96,96,117,95,110,138,2025-09-06
1,6,승차,38,55,48,48,64,60,83,59,78,86,89,95,95,102,98,114,127,2025-09-06
2,3,하차,38,38,39,58,72,58,69,67,80,84,96,110,80,93,118,121,112,2025-09-06
4,1,하차,37,48,58,56,54,61,70,74,79,69,84,89,95,125,99,90,117,2025-09-06
3,8,승차,36,49,46,64,65,53,55,71,72,76,92,92,94,108,112,113,120,2025-09-06
4,4,승차,41,50,44,52,57,71,72,77,81,72,93,88,99,97,100,112,106,2025-09-06
2,7,승차,51,47,55,62,62,81,68,88,87,74,85,99,111,111,93,94,136,2025-09-06
1,2,승차,37,46,55,56,78,64,68,94,81,97,92,79,112,110,112,119,120,2025-09-06
2,6,승차,38,50,53,55,56,69,69,76,98,81,92,89,98,104,96,119,126,2025-09-06
2,6,승차,41,41,52,53,68,83,71,84,71,88,83,101,84,106,119,96,115,2025-09-06
4,7,하차,40,46,41,63,59,72,68,82,95,61,96,88,111,94,125,108,128,2025-09-06
3,1,하차,32,53,44,57,69,63,81,59,84,86,101,94,96,97,113,125,119,2025-09-06
2,1,승차,43,40,42,61,57,61,71,75,77,84,75,97,101,83,93,109,141,2025-09-06
3,2,하차,51,45,55,53,54,61,65,71,80,72,101,110,106,118,113,117,123,2025-09-06
4,2,하차,37,57,46,60,53,84,73,72,84,98,83,90,121,100,121,97,115,2025-09-06
3,5,하차,38,53,58,60,68,66,67,71,88,95,76,102,79,100,100,135,126,2025-09-06
4,1,하차,59,46,58,74,69,71,69,70,87,92,76,109,114,109,110,105,101,2025-09-06
1,2,하차,46,39,57,57,51,67,54,75,77,93,89,96,102,98,118,127,120,2025-09-06
3,6,하차,38,42,36,57,69,58,63,71,86,86,70,90,96,105,122,124,122,2025-09-06
3,3,승차,32,47,46,50,68,71,68,98,74,78,87,80,103,108,108,101,115,2025-09-06
1,4,승차,48,42,49,64,43,63,67,77,81,87,90,95,89,116,114,119,127,2025-09-06
3,1,승차,46,39,47,57,64,70,60,85,74,81,93,91,94,118,112,130,105,2025-09-06
1,5,하차,35,49,48,71,67,76,79,73,69,83,76,96,88,105,105,93,129,2025-09-06
2,4,승차,49,46,44,61,49,69,79,67,75,77,92,90,108,111,113,126,123,2025-09-06
4,8,승차,42,43,51,57,58,70,75,75,76,89,86,107,115,120,123,111,114,2025-09-06
1,3,승차,41,47,52,49,47,80,85,57,80,75,78,99,107,103,103,110,132,2025-09-06
3,1,하차,57,50,50,57,63,72,67,68,57,70,95,85,95,100,105,125,122,2025-09-06
1,5,승차,47,48,52,62,66,70,79,76,61,89,79,94,89,111,117,110,120,2025-09-06
3,1,하차,37,47,46,52,71,61,71,64,58,83,87,109,106,106,106,105,126,2025-09-06
2,5,승차,53,44,61,57,49,60,75,74,103,89,95,86,89,115,118,94,125,2025-09-06
1,9,승차,37,44,54,51,56,79,64,88,88,91,87,86,96,96,98,114,113,2025-09-06
2,5,승차,46,43,55,53,61,81,88,74,96,81,99,98,121,123,116,120,119,2025-09-06
4,2,하차,43,42,55,65,69,56,71,81,65,79,107,85,107,104,98,106,117,2025-09-06
3,2,하차,42,38,55,59,58,61,68,70,65,94,107,85,109,108,109,113,93,2025-09-06
3,9,하차,33,36,45,53,48,59,70,71,73,91,87,84,104,118,123,100,115,2025-09-06
2,5,하차,47,42,50,59,53,52,76,86,94,100,105,114,106,118,115,99,145,2025-09-06
4,8,하차,29,38,56,57,69,53,85,69,82,74,93,81,98,86,113,143,123,2025-09-06
1,4,승차,45,53,49,41,64,56,73,74,77,97,88,98,100,121,101,109,120,2025-09-06
1,2,승차,44,31,52,38,58,59,90,71,93,74,85,72,111,94,112,111,128,2025-09-06
3,4,하차,37,52,39,59,57,49,78,67,90,99,93,82,118,107,86,102,130,2025-09-06
2,4,하차,46,38,54,56,59,68,67,75,88,81,79,99,95,85,105,102,116,2025-09-06
2,9,승차,39,32,50,59,57,70,76,81,81,75,79,92,109,127,95,132,121,2025-09-06
1,6,하차,42,43,43,57,69,69,89,76,74,69,83,89,117,104,106,111,121,2025-09-06
4,6,승차,37,56,47,62,79,65,59,69,75,80,88,99,117,115,132,108,100,2025-09-06
4,5,하차,47,52,50,50,62,73,78,80,77,97,86,82,88,117,114,118,134,2025-09-06
1,6,승차,37,41,40,50,53,66,57,73,61,87,89,114,87,103,108,117,113,2025-09-06
1,1,하차,45,37,60,48,56,69,62,74,63,74,107,94,100,101,114,106,121,2025-09-06
2,5,하차,43,35,46,48,55,74,76,64,87,96,81,86,109,101,108,135,95,2025-09-06
4,6,승차,43,46,52,49,54,69,82,80,86,80,84,91,105,106,114,117,119,2025-09-06
1,8,승차,51,40,52,64,50,77,64,72,86,99,86,122,107,107,101,125,133,2025-09-06
1,4,하차,37,41,51,52,66,64,76,81,79,81,87,93,94,113,109,135,125,2025-09-06
3,5,하차,44,51,50,49,57,64,89,75,72,98,91,94,96,107,120,118,138,2025-09-06
1,4,승차,45,42,52,64,63,70,62,83,92,107,104,102,93,99,93,112,119,2025-09-06
1,7,하차,35,52,51,71,61,61,81,68,84,88,90,77,129,115,113,130,125,2025-09-06
4,6,승차,44,55,52,59,60,66,60,69,80,98,95,93,105,106,126,115,135,2025-09-06
2,4,승차,37,38,49,54,69,72,62,64,83,90,96,88,91,94,111,105,111,2025-09-06
4,6,하차,43,49,43,62,59,60,74,77,84,82,97,96,119,97,99,107,117,2025-09-06
2,4,승차,38,44,54,62,58,58,87,74,86,81,89,83,123,98,102,103,107,2025-09-06
3,8,승차,32,53,51,51,59,65,64,71,75,90,92,97,97,81,119,99,110,2025-09-06
1,3,하차,40,42,51,57,55,64,65,74,101,83,97,95,87,79,100,126,123,2025-09-06
3,8,승차,41,36,43,62,55,66,92,97,83,99,89,105,93,109,107,131,114,2025-09-06
2,2,승차,36,51,52,47,61,69,74,69,73,81,76,102,115,115,102,97,116,2025-09-06
4,6,승차,43,50,59,51,58,54,66,95,96,74,88,86,107,117,104,118,116,2025-09-06
4,8,승차,38,40,49,63,57,67,74,70,84,69,91,90,102,101,75,119,123,2025-09-06
3,1,하차,31,55,47,50,55,51,68,75,71,89,92,88,107,117,106,142,133,2025-09-06
2,6,승차,34,43,63,64,54,53,80,83,96,66,81,74,88,112,122,101,119,2025-09-06
3,9,하차,37,39,55,50,56,53,69,61,66,90,110,90,97,108,109,121,144,2025-09-06
3,2,승차,29,50,54,54,55,71,69,71,85,80,99,101,101,111,97,106,123,2025-09-06
1,1,하차,30,46,53,59,67,64,64,65,88,90,82,94,93,99,101,107,123,2025-09-06
3,2,승차,44,48,58,54,44,64,67,77,88,82,107,107,101,112,102,111,124,2025-09-06
1,5,하차,37,45,52,58,62,75,66,67,80,93,96,92,89,117,111,105,135,2025-09-06
1,6,승차,47,42,37,65,56,61,73,80,93,71,85,76,108,117,131,122,116,2025-09-06
4,1,승차,34,42,43,60,63,67,56,63,96,74,87,84,90,108,109,116,116,2025-09-06
1,7,승차,33,45,45,58,59,64,63,72,73,77,116,84,101,107,115,105,129,2025-09-06
1,4,승차,31,46,65,60,49,59,83,74,91,87,105,110,95,100,123,111,132,2025-09-06
4,9,하차,45,35,50,72,48,56,70,93,71,99,93,82,113,108,97,109,127,2025-09-06
3,6,하차,36,51,59,54,69,69,87,79,83,99,79,103,98,100,105,100,134,2025-09-06
2,9,승차,38,48,46,66,62,74,77,79,68,92,87,96,110,119,109,121,85,2025-09-06
2,1,하차,45,46,57,61,62,75,60,80,70,72,87,107,91,88,113,103,107,2025-09-06
2,4,승차,38,43,45,57,56,55,74,86,84,83,95,81,111,114,105,117,128,2025-09-06
3,2,승차,38,53,33,59,58,75,73,82,74,85,92,111,94,100,104,107,129,2025-09-06
1,6,하차,37,45,50,54,60,69,74,82,76,86,87,95,112,86,99,132,128,2025-09-06
2,4,하차,54,40,48,74,64,64,61,81,79,84,102,107,108,110,109,123,118,2025-09-06
3,9,하차,36,49,63,53,59,69,74,72,63,84,82,97,97,112,117,103,113,2025-09-06
1,3,승차,35,50,57,53,64,62,83,98,77,93,79,108,114,99,118,119,122,2025-09-06
4,1,승차,40,43,37,56,56,62,71,79,74,88,91,94,97,108,115,103,115,2025-09-06
2,1,하차,33,49,58,59,77,56,69,80,96,82,89,86,97,103,99,110,114,2025-09-06
1,9,승차,46,38,53,56,61,54,68,76,75,89,91,97,94,112,95,127,110,2025-09-06
2,9,하차,36,38,41,52,48,72,70,74,81,78,95,95,85,106,122,96,162,2025-09-06
2,5,하차,53,36,56,58,51,63,65,72,69,101,84,94,101,114,104,109,118,2025-09-06
2,2,하차,28,40,47,59,52,77,57,85,95,93,87,78,106,89,98,119,114,2025-09-06
1,9,하차,41,46,37,45,56,65,73,69,79,77,107,83,105,96,100,113,118,2025-09-06
3,8,하차,39,54,50,72,52,57,61,81,78,81,95,81,115,97,107,124,101,2025-09-06
1,6,하차,32,49,39,68,58,77,65,70,80,78,96,88,101,120,124,115,102,2025-09-06
2,7,승차,36,59,35,58,59,67,64,82,78,77,91,95,117,116,95,115,123,2025-09-06
1,6,승차,51,43,48,58,45,73,75,76,73,93,100,102,87,98,102,126,112,2025-09-06
4,5,하차,33,47,57,52,57,49,73,64,90,94,105,97,92,103,107,104,109,2025-09-06
3,4,하차,48,36,47,51,68,62,65,79,66,84,96,88,121,121,119,115,94,2025-09-06
1,7,하차,44,49,52,58,68,53,74,64,77,84,91,90,100,82,103,121,128,2025-09-06
4,4,승차,45,54,44,54,61,59,79,72,96,88,74,105,102,101,97,108,110,2025-09-06
3,9,하차,48,48,54,64,50,67,78,75,86,76,86,113,114,90,126,99,115,2025-09-06
4,5,하차,50,53,50,54,51,63,61,75,82,88,92,106,76,100,125,110,110,2025-09-06
3,8,하차,44,50,55,49,67,50,65,71,72,102,88,96,117,94,105,110,115,2025-09-06
1,6,승차,39,51,48,54,62,63,74,100,82,78,80,81,90,110,107,121,121,2025-09-06
4,4,하차,54,49,42,56,62,61,73,75,91,87,84,96,91,100,104,128,119,2025-09-06
2,3,승차,37,52,58,39,56,61,79,77,86,93,83,94,100,109,121,111,126,2025-09-06
4,6,승차,31,51,53,65,58,55,55,71,81,89,94,103,95,105,93,125,112,2025-09-06
3,1,하차,51,41,53,44,47,62,73,82,88,67,82,73,88,108,95,122,124,2025-09-06
1,2,승차,43,46,53,63,40,74,76,71,79,104,98,92,105,111,110,100,136,2025-09-06
3,7,승차,38,44,56,65,61,72,67,73,86,100,97,98,99,119,111,114,101,2025-09-06
4,4,승차,49,31,53,55,59,76,68,59,100,78,98,87,110,102,101,136,107,2025-09-06
4,5,하차,47,36,59,65,61,69,69,86,77,85,94,85,97,103,109,107,140,2025-09-06
2,1,승차,36,36,49,53,56,72,86,98,78,98,84,96,86,111,105,115,116,2025-09-06
1,2,하차,37,39,37,50,59,58,78,72,88,75,87,87,93,104,106,120,98,2025-09-06
1,4,하차,44,54,54,53,59,57,73,79,73,83,78,106,97,90,111,109,143,2025-09-06
4,8,하차,45,43,51,58,68,74,73,89,88,76,85,82,82,118,108,111,105,2025-09-06
1,4,승차,33,42,47,44,79,66,65,70,69,81,102,98,104,99,98,112,127,2025-09-06
2,3,하차,36,45,53,65,56,61,73,83,79,96,96,107,88,104,115,118,111,2025-09-06
3,3,승차,42,49,54,56,59,71,61,58,85,93,100,111,99,93,119,128,117,2025-09-06
1,5,승차,40,51,52,69,66,57,71,72,70,91,80,90,93,101,119,125,131,2025-09-06
4,3,승차,41,40,30,54,64,55,86,72,71,78,92,105,107,94,101,134,115,2025-09-06
3,8,승차,50,55,38,62,69,63,69,69,91,100,79,93,94,99,118,136,119,2025-09-06
3,5,하차,47,41,52,50,57,72,52,76,62,82,89,84,95,117,118,114,135,2025-09-06
2,7,하차,40,41,43,59,54,67,67,60,76,101,99,101,106,118,118,116,97,2025-09-06
4,8,승차,33,39,57,44,57,77,71,71,90,96,75,92,89,104,102,105,125,2025-09-06
1,5,하차,37,52,62,55,69,83,76,80,84,86,82,93,106,110,111,124,121,2025-09-06
4,8,하차,23,32,51,65,55,67,84,73,78,91,95,84,101,105,101,118,108,2025-09-06
3,3,하차,39,42,52,51,66,68,73,82,82,97,90,110,95,99,125,111,108,2025-09-06
4,7,승차,36,46,55,74,49,57,70,81,67,85,93,102,108,105,112,120,135,2025-09-06
1,8,하차,37,55,59,57,56,64,85,94,89,75,95,92,90,84,115,123,142,2025-09-06
1,7,승차,45,44,44,64,65,47,76,89,75,83,85,82,100,96,121,132,107,2025-09-06
2,2,하차,46,51,59,67,57,59,72,72,68,91,88,107,110,110,110,123,142,2025-09-06
1,8,승차,27,48,56,60,59,85,77,71,93,77,102,87,108,99,89,96,149,2025-09-06
1,6,승차,40,35,71,56,61,52,75,71,91,70,98,107,106,89,100,104,128,2025-09-06
4,3,승차,34,37,42,47,73,56,65,80,91,98,115,99,100,104,109,125,137,2025-09-06
4,4,하차,43,38,45,43,69,67,56,71,74,88,96,101,102,102,119,139,132,2025-09-06
3,7,승차,36,34,45,57,52,59,87,68,93,83,101,89,132,85,108,139,129,2025-09-06
2,3,하차,31,49,46,46,69,63,71,76,78,88,99,86,116,102,100,122,102,2025-09-06
4,1,승차,45,46,59,54,58,69,78,67,95,87,90,87,105,107,98,130,109,2025-09-06
1,6,하차,52,42,41,51,67,70,62,70,80,77,95,95,114,112,115,111,119,2025-09-06
3,3,승차,40,65,51,49,65,65,73,76,76,84,75,100,91,102,113,115,128,2025-09-06
4,6,하차,38,40,59,62,40,72,64,68,85,92,105,93,114,105,96,125,116,2025-09-06
2,3,승차,36,30,59,56,70,67,74,87,85,87,83,94,96,105,122,115,110,2025-09-06
2,6,승차,40,40,52,68,55,61,63,98,60,78,93,108,91,90,116,111,144,2025-09-06
3,4,승차,48,48,46,55,64,60,69,62,82,95,94,91,96,118,93,125,148,2025-09-06
3,4,하차,52,50,40,54,68,67,64,71,80,70,99,89,85,94,111,122,123,2025-09-06
3,2,승차,27,42,49,57,53,74,80,69,65,91,93,88,96,117,118,107,121,2025-09-06
3,4,승차,53,44,36,59,68,55,70,63,81,73,83,94,119,109,113,95,105,2025-09-06
3,4,승차,43,51,48,44,57,63,61,79,74,78,87,79,94,120,110,106,131,2025-09-06
1,7,승차,41,43,43,57,62,71,77,79,95,94,88,108,106,110,118,110,138,2025-09-06
1,5,하차,40,50,41,53,58,81,65,82,65,83,86,69,88,110,101,126,116,2025-09-06
4,8,승차,41,31,55,48,71,59,73,82,80,95,109,91,101,110,112,108,101,2025-09-06
2,7,승차,47,36,44,60,68,63,74,96,98,78,86,88,123,118,107,106,119,2025-09-06
1,9,하차,58,41,47,48,57,71,82,67,71,81,79,94,96,119,122,99,130,2025-09-06
1,8,하차,41,51,47,56,66,77,70,86,75,89,83,94,93,93,123,105,117,2025-09-06
1,9,하차,36,39,60,57,60,75,80,64,63,78,107,94,96,113,116,139,124,2025-09-06
4,1,승차,39,50,56,51,39,58,81,88,87,69,90,107,96,108,100,111,106,2025-09-06
3,3,하차,41,48,59,54,47,69,77,77,80,101,86,90,106,104,101,96,136,2025-09-06
4,5,하차,43,41,44,51,56,67,79,91,63,88,83,108,103,92,110,114,108,2025-09-06
2,9,하차,36,47,48,57,64,51,62,76,76,75,88,108,114,84,114,109,120,2025-09-06
2,8,승차,38,36,45,48,55,64,66,62,89,91,75,102,99,87,104,118,135,2025-09-06
2,7,승차,27,41,52,54,61,49,68,63,71,79,84,106,98,103,108,129,121,2025-09-06
2,2,승차,38,42,60,59,50,55,72,73,73,95,81,98,100,115,119,121,122,2025-09-06
1,6,하차,48,52,53,58,58,67,59,70,81,83,95,97,87,118,112,119,127,2025-09-06
1,4,승차,45,49,53,58,69,70,57,88,64,77,74,91,84,104,108,118,127,2025-09-06
4,5,하차,34,43,52,61,50,76,80,54,87,75,88,105,91,100,121,115,118,2025-09-06
3,5,하차,40,43,45,65,46,67,64,79,97,90,100,106,89,94,106,118,124,2025-09-06
2,4,하차,40,33,58,50,66,68,51,72,81,85,91,113,112,103,113,123,103,2025-09-06
4,4,승차,49,51,59,54,51,67,76,83,67,102,83,87,98,99,100,119,118,2025-09-06
1,4,하차,38,47,51,61,56,69,69,82,93,78,78,101,103,90,117,94,108,2025-09-06
1,2,하차,45,45,49,54,60,49,63,67,86,87,82,100,106,123,115,87,116,2025-09-06
3,1,승차,45,46,53,38,60,58,72,75,87,87,80,105,87,90,116,109,131,2025-09-06
3,2,하차,42,50,57,48,70,74,52,82,84,91,100,70,108,95,123,121,123,2025-09-06
3,7,하차,41,47,54,64,67,77,73,71,90,74,86,89,96,115,109,116,132,2025-09-06
4,1,하차,54,57,43,51,76,58,70,60,64,92,96,83,106,117,131,99,130,2025-09-06
1,6,승차,45,50,43,54,61,71,69,72,82,77,92,93,86,113,105,130,119,2025-09-06
1,4,하차,44,51,51,54,53,45,70,82,81,93,102,104,108,115,118,119,134,2025-09-06
3,2,승차,53,61,43,54,72,83,62,62,76,81,81,101,122,111,128,104,100,2025-09-06
2,3,승차,31,50,48,52,73,70,74,71,68,68,93,95,78,97,135,109,118,2025-09-06
3,7,하차,32,47,47,62,60,48,71,76,66,90,103,93,105,115,119,91,119,2025-09-06
4,6,하차,34,47,52,47,60,50,63,65,71,83,89,91,110,112,115,101,105,2025-09-06
3,6,하차,37,49,63,64,45,60,72,76,86,91,76,88,97,107,125,102,119,2025-09-06
3,8,하차,46,54,50,50,52,51,69,66,84,78,100,98,98,112,108,121,128,2025-09-06
4,8,승차,39,50,56,59,51,60,72,72,69,92,95,97,95,102,111,109,124,2025-09-06
3,6,승차,41,53,44,56,51,63,84,59,79,80,80,96,100,96,99,132,144,2025-09-06
1,1,하차,37,38,55,65,73,73,74,60,85,105,94,97,112,92,109,126,107,2025-09-06
2,7,승차,44,36,48,46,51,72,71,82,93,81,96,92,97,105,109,116,114,2025-09-06
3,8,하차,44,46,45,58,48,63,70,70,87,71,67,81,98,110,104,104,96,2025-09-06
4,5,하차,39,43,49,48,59,81,50,69,93,80,70,102,109,103,111,113,120,2025-09-06
2,4,하차,36,40,42,54,64,67,74,71,84,97,111,91,129,77,111,112,142,2025-09-06
4,7,하차,41,41,70,64,68,59,58,74,73,95,77,94,117,88,117,104,99,2025-09-06
2,6,승차,43,44,43,51,51,70,52,75,80,86,87,96,109,98,105,101,105,2025-09-06
2,6,승차,36,45,49,54,66,69,60,71,84,76,90,105,92,105,113,117,108,2025-09-06
3,3,하차,37,43,46,72,61,48,86,70,76,93,85,86,110,117,135,128,112,2025-09-06
1,4,하차,26,37,39,44,65,75,63,83,73,81,72,90,95,101,101,110,121,2025-09-06
3,5,승차,31,46,45,56,51,67,72,69,76,94,89,100,109,106,104,110,112,2025-09-06
4,9,승차,41,41,54,51,54,60,73,91,65,82,88,109,115,108,101,136,120,2025-09-06
4,8,승차,47,51,45,36,55,71,69,106,67,97,86,86,91,118,109,97,106,2025-09-06
2,3,하차,38,43,59,54,62,65,63,63,68,91,89,123,113,95,123,117,113,2025-09-06
2,6,승차,38,41,55,65,57,67,83,73,63,82,91,84,98,98,109,99,124,2025-09-06
1,1,하차,43,51,49,51,55,62,65,65,79,93,75,93,112,99,100,102,147,2025-09-06
3,3,하차,34,47,42,63,62,70,64,77,79,91,99,105,108,102,116,129,130,2025-09-06
4,7,승차,33,38,45,60,62,66,73,79,89,93,85,85,112,112,111,104,126,2025-09-06
2,7,하차,45,40,38,64,62,64,85,82,81,88,101,98,92,93,101,105,97,2025-09-06
1,2,승차,46,47,66,47,58,68,62,81,80,80,101,103,94,98,121,107,120,2025-09-06
4,3,하차,41,46,41,53,47,74,58,69,71,82,81,93,85,85,116,123,107,2025-09-06
2,7,하차,43,37,60,70,72,55,60,70,86,94,92,90,104,111,98,136,103,2025-09-06
4,6,하차,44,51,50,56,58,71,58,75,69,81,100,112,123,98,93,130,124,2025-09-06
1,7,하차,53,41,51,51,66,52,81,70,82,94,89,104,116,91,130,130,135,2025-09-06
1,9,하차,40,45,47,55,57,73,67,68,75,77,83,83,100,101,123,110,135,2025-09-06
4,8,하차,35,45,43,47,72,59,75,67,81,75,84,116,86,101,104,121,134,2025-09-06
3,6,승차,38,49,52,57,55,63,72,65,77,73,82,112,93,122,102,107,117,2025-09-06
4,4,승차,40,47,50,51,53,60,69,74,72,77,105,91,84,116,127,105,119,2025-09-06
2,9,하차,48,44,47,54,49,67,58,75,71,87,86,95,121,118,102,128,122,2025-09-06
3,7,승차,33,44,38,56,69,55,78,75,73,85,93,90,103,105,93,119,147,2025-09-06
2,5,하차,37,38,39,50,65,65,72,64,76,75,81,101,96,104,125,98,124,2025-09-06
4,2,승차,38,37,64,42,71,64,80,100,85,65,82,79,107,82,106,118,111,2025-09-06
3,9,승차,44,47,49,54,67,58,66,80,91,92,95,92,105,106,100,108,114,2025-09-06
2,7,하차,38,31,46,37,67,67,53,83,87,90,78,95,98,88,110,115,115,2025-09-06
4,9,승차,32,44,44,59,63,67,73,74,98,93,75,82,95,96,109,118,119,2025-09-06
4,9,하차,28,48,50,55,54,53,79,92,69,71,90,102,92,98,117,129,113,2025-09-06
3,5,승차,41,48,39,53,72,65,73,79,60,83,77,105,116,108,116,121,115,2025-09-06
4,7,하차,30,37,43,63,70,60,76,70,52,84,89,89,112,108,102,99,118,2025-09-06
1,5,승차,36,46,51,59,58,74,74,67,79,97,93,94,93,91,113,109,119,2025-09-06
2,3,하차,44,41,51,42,48,65,66,77,94,76,102,99,93,117,99,133,125,2025-09-06
2,8,승차,33,47,42,58,54,63,72,83,80,73,84,110,98,109,113,140,116,2025-09-06
4,8,하차,40,46,54,39,51,74,76,81,86,73,97,93,105,96,97,100,126,2025-09-06
4,9,승차,50,48,55,70,55,66,69,68,69,85,90,90,112,84,122,122,99,2025-09-06
1,6,하차,38,50,56,59,43,56,73,56,87,98,81,105,103,126,108,133,118,2025-09-06
3,2,승차,43,34,46,51,53,58,78,71,84,103,79,79,101,101,110,133,122,2025-09-06
4,3,하차,42,48,46,57,62,65,64,64,82,93,105,106,99,113,130,106,112,2025-09-06
4,6,승차,41,41,43,51,68,59,73,72,82,80,85,92,105,97,101,108,116,2025-09-06
4,1,하차,32,51,40,53,71,67,67,69,79,79,85,91,98,103,117,129,125,2025-09-06
4,2,하차,54,43,33,49,58,61,59,63,73,89,83,104,109,107,103,112,119,2025-09-06
2,8,하차,46,53,48,46,63,64,50,87,83,79,69,90,110,98,102,99,151,2025-09-06
4,8,하차,43,41,51,60,53,60,64,67,92,92,102,87,100,103,106,123,128,2025-09-06
2,6,승차,24,33,53,52,50,52,61,74,93,67,78,96,79,99,118,104,112,2025-09-06
4,3,승차,46,49,49,57,62,70,70,85,78,89,78,114,86,111,122,124,113,2025-09-06
3,2,승차,38,40,59,50,59,54,67,84,81,96,90,95,113,129,108,113,98,2025-09-06
1,6,하차,46,43,44,44,61,60,75,74,80,72,75,105,94,96,100,113,127,2025-09-06
3,1,하차,44,38,46,56,63,73,69,83,76,88,83,105,115,99,107,118,134,2025-09-06
4,6,하차,36,37,55,57,57,57,71,92,80,96,92,101,91,111,110,105,123,2025-09-06
4,9,하차,25,41,48,47,65,77,77,67,74,92,94,95,99,105,119,117,129,2025-09-06
4,7,하차,33,43,44,57,74,64,67,69,80,72,85,93,90,110,112,129,112,2025-09-06
3,9,승차,44,44,41,58,47,53,63,67,56,90,94,86,83,116,126,118,130,2025-09-06
4,2,승차,55,49,44,63,58,58,66,78,70,102,96,98,118,110,104,136,118,2025-09-06
3,5,승차,37,45,48,54,48,71,59,69,73,87,82,119,97,93,114,114,95,2025-09-06
2,9,하차,63,46,50,57,60,53,66,70,71,98,87,89,90,104,103,111,118,2025-09-06
1,7,하차,36,44,58,61,67,81,73,83,92,75,95,103,123,108,110,120,119,2025-09-06
1,9,하차,42,43,58,44,67,66,69,78,82,85,73,103,100,96,87,103,135,2025-09-06
3,6,하차,44,53,51,75,57,62,73,72,83,78,98,78,98,126,121,113,112,2025-09-06
2,7,하차,37,45,44,57,57,63,71,76,89,75,84,85,87,105,100,107,132,2025-09-06
3,5,하차,39,39,62,55,78,58,75,69,76,71,80,95,95,107,115,120,119,2025-09-06
2,6,하차,52,33,63,61,62,54,66,64,83,83,85,79,101,117,111,138,140,2025-09-06
4,1,승차,29,44,35,50,55,83,74,82,75,79,67,97,101,100,115,118,114,2025-09-06
2,1,승차,48,37,45,44,42,73,68,84,92,90,106,95,99,97,118,118,100,2025-09-06
2,2,하차,37,41,45,53,55,60,75,73,74,78,104,102,104,90,101,125,134,2025-09-06
2,4,하차,56,46,72,55,61,66,72,73,78,85,104,83,101,96,101,91,141,2025-09-06
1,9,하차,48,49,50,51,69,73,70,76,90,97,88,96,92,109,118,119,131,2025-09-06
2,7,승차,36,45,49,55,60,53,60,77,80,94,97,94,111,116,96,123,121,2025-09-06
4,6,승차,28,60,42,54,47,81,68,80,83,82,98,121,107,99,125,120,129,2025-09-06
4,1,하차,38,50,45,49,58,77,77,82,78,86,79,95,96,102,96,102,113,2025-09-06
4,5,승차,43,48,62,58,51,71,75,73,94,85,87,93,110,88,110,103,126,2025-09-06
2,4,승차,43,55,52,71,64,59,83,62,83,86,104,110,95,101,106,110,135,2025-09-06
3,5,승차,37,41,59,53,50,60,74,54,80,83,83,90,96,117,103,121,129,2025-09-06
3,9,하차,41,43,46,52,50,79,68,78,86,91,108,100,92,102,119,94,121,2025-09-06
4,3,승차,46,48,48,41,60,59,69,86,78,86,100,101,124,92,92,102,113,2025-09-06
1,4,승차,39,28,43,58,62,69,76,75,72,88,93,92,109,106,107,127,136,2025-09-06
3,8,하차,41,48,55,52,75,57,73,66,73,87,79,99,89,92,118,117,147,2025-09-06
2,3,하차,34,58,44,57,62,71,82,71,87,76,85,92,115,99,122,128,109,2025-09-06
3,3,승차,42,57,46,61,60,68,85,58,83,94,99,102,101,104,104,120,125,2025-09-06
4,9,하차,32,61,56,44,59,69,71,76,83,78,98,93,106,93,115,138,123,2025-09-06
1,5,승차,44,40,56,60,54,57,58,71,71,90,91,90,96,110,94,111,141,2025-09-06
3,1,승차,31,54,51,63,62,53,73,59,82,84,89,99,113,102,110,147,113,2025-09-06
3,7,하차,39,37,53,64,56,78,74,88,88,87,91,95,95,95,106,101,120,2025-09-06
4,7,하차,38,44,42,67,71,70,63,81,90,80,98,96,96,102,112,124,136,2025-09-06
1,6,승차,28,44,50,50,61,76,57,85,75,88,85,117,106,87,119,106,119,2025-09-06
1,6,하차,28,45,62,48,73,48,78,87,57,86,88,98,91,104,112,103,122,2025-09-06
4,3,하차,36,40,46,47,51,69,78,68,98,91,100,106,116,101,107,87,119,2025-09-06
2,3,승차,35,47,63,60,49,70,57,52,83,75,87,91,72,98,113,114,116,2025-09-06
3,9,승차,32,46,49,57,54,70,69,71,59,91,87,95,103,110,113,133,109,2025-09-06
2,1,승차,38,39,40,42,54,68,63,75,87,83,79,87,99,106,118,111,128,2025-09-06
3,7,승차,39,35,50,40,58,67,76,78,65,93,84,88,95,117,109,114,136,2025-09-06
3,7,승차,35,35,52,40,59,66,68,85,87,85,96,98,117,95,105,107,134,2025-09-06
2,8,승차,36,42,40,65,57,53,69,64,86,83,95,97,103,91,108,119,117,2025-09-06
4,6,하차,33,37,58,53,44,63,64,82,81,80,79,69,102,102,133,114,109,2025-09-06
4,8,하차,38,44,48,52,46,69,75,73,70,86,92,83,105,118,114,112,133,2025-09-06
3,1,승차,45,41,59,53,49,73,80,87,93,85,88,86,101,114,111,110,119,2025-09-06
4,1,하차,42,43,60,64,62,73,63,69,85,86,81,100,117,101,119,94,130,2025-09-06
3,9,하차,33,52,48,58,58,61,71,80,86,97,77,104,97,102,115,132,115,2025-09-06
4,4,승차,43,53,36,46,67,73,74,61,77,87,96,104,102,114,116,133,98,2025-09-06
3,3,하차,41,48,58,47,60,56,76,90,72,78,114,109,93,110,127,107,107,2025-09-06
4,6,하차,50,53,44,58,54,67,64,63,67,103,86,95,120,125,121,101,112,2025-09-06
1,9,승차,41,51,39,56,58,65,59,86,78,73,81,92,96,117,100,116,144,2025-09-06
2,4,하차,39,41,48,59,70,81,65,72,85,103,93,97,115,114,104,114,114,2025-09-06
1,9,하차,45,47,35,55,52,70,47,59,70,91,109,91,107,103,100,113,116,2025-09-06
2,5,승차,39,35,49,51,65,56,65,72,73,101,95,80,98,107,103,123,115,2025-09-06
2,7,하차,36,52,47,55,70,74,77,60,92,107,84,119,99,107,119,130,141,2025-09-06
3,3,하차,34,36,48,70,53,73,86,83,86,79,86,90,74,110,133,117,109,2025-09-06
2,3,하차,43,49,55,54,53,64,71,81,85,77,77,101,101,102,126,124,128,2025-09-06
1,3,승차,34,54,35,61,62,65,70,62,83,92,114,88,103,129,119,127,129,2025-09-06
1,8,승차,38,41,45,46,54,58,66,77,74,82,74,103,111,89,114,105,109,2025-09-06
4,6,하차,37,50,46,56,64,58,67,78,73,86,83,87,92,134,115,120,110,2025-09-06
1,9,하차,32,40,48,54,65,78,74,79,68,77,86,91,106,87,87,119,135,2025-09-06
4,9,승차,36,39,54,51,67,71,66,77,68,71,100,92,86,114,99,111,124,2025-09-06
2,8,승차,30,47,56,59,67,66,75,66,61,112,95,85,121,115,96,117,114,2025-09-06
1,1,하차,48,53,40,52,63,71,78,78,98,94,106,89,115,111,122,95,114,2025-09-06
2,6,승차,41,48,44,58,55,62,55,78,74,85,91,92,97,81,104,111,123,2025-09-06
1,4,하차,32,42,36,58,55,64,75,89,86,81,94,76,104,87,89,108,112,2025-09-06
1,4,하차,39,40,50,53,74,65,69,76,74,75,88,82,104,115,119,126,124,2025-09-06
4,3,승차,34,50,63,49,65,77,70,88,75,71,87,94,90,109,107,115,104,2025-09-06
2,9,승차,41,44,50,48,56,52,82,73,77,78,87,79,86,113,120,102,134,2025-09-06
1,2,하차,40,41,56,48,58,86,68,61,75,73,83,86,92,107,140,126,122,2025-09-06
3,1,하차,27,40,46,69,65,75,85,79,85,77,97,96,105,107,112,106,119,2025-09-06
2,3,승차,36,47,48,65,60,59,75,75,64,90,86,100,97,91,105,116,123,2025-09-06
2,4,하차,37,39,32,59,46,66,61,69,65,77,86,89,98,106,99,119,112,2025-09-06
2,4,승차,36,41,51,74,54,63,80,78,75,84,94,83,102,100,111,103,112,2025-09-06
4,6,승차,35,56,49,41,66,59,50,70,74,82,87,85,91,115,111,126,108,2025-09-06
3,1,승차,42,40,47,51,66,88,86,81,72,100,86,100,98,108,105,90,133,2025-09-06
2,1,승차,44,53,53,73,51,60,84,80,83,72,86,96,100,107,114,103,115,2025-09-06
1,2,승차,41,51,49,49,56,68,72,63,66,97,86,108,98,94,119,109,122,2025-09-06
1,4,하차,36,43,64,81,70,61,61,76,90,83,80,97,90,100,105,105,116,2025-09-06
4,7,승차,36,41,39,59,81,71,76,63,88,95,95,80,112,106,110,105,117,2025-09-06
1,6,승차,34,43,56,54,54,63,73,77,83,73,83,77,98,89,113,115,119,2025-09-06
2,9,승차,42,38,59,71,47,79,73,86,86,104,87,106,98,109,138,111,128,2025-09-06
1,7,승차,39,50,50,64,63,63,76,76,93,78,98,79,96,138,97,127,102,2025-09-06
2,5,승차,35,53,46,49,65,72,85,91,73,69,98,105,93,97,101,134,123,2025-09-06
1,6,승차,35,53,48,74,55,68,67,70,75,71,81,92,107,104,105,104,104,2025-09-06
3,9,승차,29,43,60,52,52,69,55,70,80,86,89,113,104,100,103,115,121,2025-09-06
4,1,하차,38,36,65,57,60,80,57,70,80,83,101,79,113,103,125,120,109,2025-09-06
4,9,하차,37,57,58,52,56,62,65,64,78,87,101,95,93,114,112,118,116,2025-09-06
3,6,하차,37,40,52,78,58,71,68,76,97,74,79,99,109,102,127,117,104,2025-09-06
3,4,하차,40,59,41,46,69,73,58,73,77,80,106,98,103,110,118,130,122,2025-09-06
4,5,승차,39,42,47,42,39,64,76,81,61,84,76,108,118,110,93,114,111,2025-09-06
3,1,하차,38,45,49,53,53,64,62,65,72,77,112,96,92,113,110,127,125,2025-09-06
2,7,승차,41,36,48,54,53,65,57,77,88,84,90,97,98,92,95,125,119,2025-09-06
1,8,하차,40,43,44,45,60,52,60,68,72,77,92,97,101,97,98,119,133,2025-09-06
4,5,하차,42,41,64,49,48,56,86,77,71,101,91,91,92,105,103,135,124,2025-09-06
3,2,승차,42,49,60,71,67,73,75,93,88,82,85,99,87,110,84,111,117,2025-09-06
2,8,승차,48,65,48,63,58,71,77,84,84,82,97,84,117,102,103,124,112,2025-09-06
4,7,하차,26,48,50,54,50,67,79,63,72,98,77,77,83,96,113,114,125,2025-09-06
3,9,하차,41,53,40,57,67,70,73,66,85,86,102,83,113,110,102,131,120,2025-09-06
4,4,하차,33,55,59,46,65,59,55,70,76,97,111,106,113,90,107,120,136,2025-09-06
3,9,하차,43,37,53,68,52,51,71,83,68,89,74,112,80,118,96,96,113,2025-09-06
4,4,승차,47,41,46,45,60,70,87,76,78,68,91,77,104,101,108,131,136,2025-09-06
2,3,하차,41,36,39,55,65,62,79,68,70,88,81,96,97,110,126,140,126,2025-09-06
2,3,하차,43,48,53,55,71,70,71,77,90,84,76,97,103,100,106,112,124,2025-09-06
1,2,하차,54,40,49,53,62,82,56,96,78,84,76,102,96,91,114,116,118,2025-09-06
4,3,하차,48,51,38,52,52,69,59,83,61,88,84,112,100,89,121,126,115,2025-09-06
1,8,하차,50,48,51,50,51,52,68,76,71,78,97,106,107,111,108,135,107,2025-09-06
4,8,승차,41,34,61,55,68,71,61,73,79,84,89,109,92,105,118,104,127,2025-09-06
3,2,승차,28,46,56,49,54,54,71,72,77,102,85,89,100,99,119,117,118,2025-09-06
3,2,승차,46,41,55,47,46,61,69,61,85,77,99,99,102,111,108,126,115,2025-09-06
1,2,승차,36,45,41,62,51,83,67,74,74,74,101,114,95,86,105,117,123,2025-09-06
4,7,승차,38,38,42,67,74,73,71,65,75,74,92,109,91,98,93,95,125,2025-09-06
1,6,하차,38,47,56,57,61,70,72,69,81,99,84,80,100,83,119,111,129,2025-09-06
2,1,승차,34,40,46,59,64,68,71,86,68,76,87,81,102,105,108,127,115,2025-09-06
1,2,승차,31,51,55,61,73,59,77,68,79,92,87,79,89,95,100,127,127,2025-09-06
1,1,하차,31,51,52,59,64,56,49,76,58,81,68,95,110,98,100,111,122,2025-09-06
3,7,승차,41,41,45,69,62,67,60,97,82,87,90,98,101,107,102,97,121,2025-09-06
1,6,승차,37,45,49,46,57,73,58,59,69,70,79,113,103,97,135,117,122,2025-09-06
4,2,승차,41,53,58,63,52,56,83,74,80,73,101,86,97,103,108,134,128,2025-09-06
3,2,승차,38,54,43,57,75,75,58,80,59,83,96,83,112,95,123,121,123,2025-09-06
1,2,하차,41,52,55,51,50,53,74,70,89,68,74,98,92,99,105,109,91,2025-09-06
2,8,하차,28,42,58,46,53,54,87,66,82,95,76,89,100,105,107,99,115,2025-09-06
1,7,승차,42,40,46,58,75,70,59,90,71,81,92,102,101,98,120,102,131,2025-09-06
1,1,하차,29,54,50,50,63,77,74,72,59,81,85,91,107,106,116,112,132,2025-09-06
1,4,승차,43,47,58,62,60,56,67,74,79,86,93,95,96,102,115,109,125,2025-09-06
3,4,하차,37,53,52,53,58,67,74,77,76,83,103,90,110,105,103,121,124,2025-09-06
4,7,하차,49,53,39,53,64,64,76,76,73,68,77,82,89,115,112,118,115,2025-09-06
2,2,하차,33,45,48,52,58,78,54,74,79,90,83,91,104,108,122,110,123,2025-09-06
1,4,하차,38,52,48,44,73,63,71,78,86,95,99,95,82,102,106,101,137,2025-09-06
4,1,하차,47,61,65,46,61,57,79,79,75,90,89,112,100,106,113,128,109,2025-09-06
4,4,하차,32,40,49,62,63,53,72,88,74,80,108,75,88,102,112,119,117,2025-09-06
3,1,하차,50,33,60,67,51,67,68,68,78,100,101,83,107,87,137,117,119,2025-09-06
2,2,하차,42,54,63,59,48,53,52,80,97,95,97,86,98,112,109,115,117,2025-09-06
3,2,하차,42,43,53,46,61,75,71,56,85,90,77,84,113,118,100,92,134,2025-09-06
4,3,하차,27,42,47,58,55,66,87,76,84,66,91,110,108,115,98,113,110,2025-09-06
4,8,하차,33,54,47,47,59,87,77,87,98,102,113,84,106,94,119,122,133,2025-09-06
4,6,승차,45,51,45,51,59,72,75,82,70,114,101,91,106,107,106,109,112,2025-09-06
3,6,하차,29,36,48,58,65,70,71,80,66,73,120,86,105,105,96,110,107,2025-09-06
2,9,승차,40,46,52,67,53,63,74,71,75,95,107,102,92,112,120,122,110,2025-09-06
1,8,하차,38,53,45,53,60,76,70,79,63,90,87,115,80,90,108,110,125,2025-09-06
3,2,승차,46,50,47,63,50,62,81,79,76,75,91,104,107,110,113,116,136,2025-09-06
4,6,승차,38,38,48,68,56,57,59,72,84,85,77,99,99,96,98,105,113,2025-09-06
3,1,승차,48,33,61,56,59,64,51,69,63,80,108,111,102,105,111,110,121,2025-09-06
4,9,하차,39,41,44,58,45,65,67,94,85,81,94,105,113,103,127,137,124,2025-09-06
1,4,하차,42,44,61,42,55,63,79,63,76,76,93,115,106,130,104,112,117,2025-09-06
1,4,하차,40,50,53,59,64,58,73,86,77,90,83,84,96,105,95,98,127,2025-09-06
2,9,하차,40,56,58,39,43,63,77,61,80,66,95,93,107,124,104,117,118,2025-09-06
4,3,승차,57,40,59,65,51,72,72,66,73,78,77,86,90,116,116,114,131,2025-09-06
2,5,하차,51,46,55,68,62,65,73,61,74,94,65,86,112,93,98,128,114,2025-09-06
2,1,하차,34,40,51,62,56,80,67,62,79,73,94,88,90,120,112,107,138,2025-09-06
1,6,하차,40,37,59,62,54,76,76,71,58,80,80,95,92,95,108,125,121,2025-09-06
3,3,하차,42,43,48,65,63,60,77,94,80,92,94,95,104,93,92,97,119,2025-09-06
3,1,하차,44,40,50,65,70,74,71,81,67,82,96,99,95,99,97,107,133,2025-09-06
2,6,하차,39,35,39,66,74,76,62,77,88,83,74,93,99,94,122,123,130,2025-09-06
1,2,하차,28,48,56,60,63,78,75,61,74,80,79,100,96,110,125,100,135,2025-09-06
4,8,하차,35,39,66,54,57,60,87,82,79,101,95,97,78,102,97,116,107,2025-09-06
3,2,승차,37,48,35,51,64,71,61,63,74,91,86,92,91,94,113,111,115,2025-09-06
2,4,승차,41,47,40,57,66,69,57,81,79,107,102,106,107,120,97,88,142,2025-09-06
3,3,하차,46,40,54,66,54,53,80,82,73,100,102,101,104,117,115,103,113,2025-09-06
3,9,하차,38,43,40,59,46,54,80,83,101,78,93,90,102,102,118,114,104,2025-09-06
4,2,하차,40,41,60,59,65,74,71,89,72,86,89,89,100,79,87,103,121,2025-09-06
1,3,하차,41,31,55,49,44,62,64,81,83,71,90,80,101,109,118,108,129,2025-09-06
4,7,승차,42,53,60,64,65,63,70,85,68,92,99,104,100,111,119,124,114,2025-09-06
1,4,승차,36,46,47,62,67,53,70,71,80,91,81,98,95,96,96,106,126,2025-09-06
3,6,하차,48,31,48,54,55,59,66,64,67,84,103,97,106,121,105,108,98,2025-09-06
2,3,승차,44,41,56,44,57,70,68,80,95,100,111,97,98,110,110,125,112,2025-09-06
4,1,승차,36,41,53,65,47,67,65,77,63,87,89,103,88,110,111,101,101,2025-09-06
1,6,하차,53,48,50,56,59,69,69,65,64,77,63,81,91,109,107,108,110,2025-09-06
3,4,하차,45,46,45,45,63,58,75,63,82,105,98,88,93,118,103,94,138,2025-09-06
1,2,하차,46,67,57,52,63,70,70,100,72,89,85,97,103,82,120,110,122,2025-09-06
1,7,승차,32,53,41,59,54,77,64,85,88,83,83,112,120,116,114,125,123,2025-09-06
1,5,승차,42,49,52,60,44,63,72,85,74,90,87,80,101,88,89,115,113,2025-09-06
3,6,하차,46,36,48,65,58,54,59,68,84,94,90,101,105,94,94,138,108,2025-09-06
2,6,하차,44,56,55,60,46,64,75,78,78,95,86,94,121,107,96,137,105,2025-09-06
2,9,승차,27,49,45,49,65,66,70,78,68,86,81,85,100,115,94,119,105,2025-09-06
2,2,승차,35,42,46,55,51,61,55,67,92,81,83,81,98,108,89,119,109,2025-09-06
1,6,하차,26,47,38,74,63,69,76,80,81,93,91,101,110,102,109,114,115,2025-09-06
3,9,승차,30,45,51,59,56,59,68,71,80,76,105,72,108,95,110,111,127,2025-09-06
1,4,하차,42,39,52,59,62,66,81,59,92,94,104,77,95,91,103,133,144,2025-09-06
2,6,하차,40,48,35,63,58,76,80,78,88,90,79,108,105,123,99,102,132,2025-09-06
2,7,승차,37,43,42,56,65,58,70,79,87,74,70,93,103,100,113,128,131,2025-09-06
3,1,승차,39,35,53,57,58,61,63,66,85,87,84,95,101,119,88,126,117,2025-09-06
1,5,승차,43,50,50,63,68,70,74,78,84,90,87,89,105,105,94,109,110,2025-09-06
4,4,하차,43,40,54,46,65,64,74,80,66,79,98,87,95,104,122,121,123,2025-09-06
4,2,하차,33,51,38,46,60,77,68,74,79,91,88,111,87,121,93,81,125,2025-09-06
2,2,하차,54,49,52,60,71,54,67,91,79,74,95,96,113,113,106,123,126,2025-09-06
3,2,하차,34,50,55,47,57,60,52,79,79,77,93,112,111,92,105,111,152,2025-09-06
1,7,하차,47,39,47,48,49,71,74,85,83,74,105,78,85,103,123,115,113,2025-09-06
1,4,하차,43,51,54,58,59,67,65,91,83,90,80,95,86,108,106,98,127,2025-09-06
2,6,승차,47,45,44,47,61,63,57,76,83,83,71,74,96,104,113,95,137,2025-09-06
2,7,하차,26,48,50,55,61,77,64,67,73,96,94,73,109,103,117,102,128,2025-09-06
1,9,하차,47,43,51,51,59,79,71,65,78,82,83,81,108,110,106,120,148,2025-09-06
1,2,하차,45,44,36,64,54,69,77,70,83,96,94,94,87,104,109,89,129,2025-09-06
2,9,하차,50,46,71,46,56,66,56,70,80,78,90,76,93,102,115,115,121,2025-09-06
1,5,승차,43,44,49,61,72,56,85,89,86,75,91,94,118,111,108,102,100,2025-09-06
4,6,하차,50,50,66,51,76,50,75,76,90,98,80,69,85,108,117,115,95,2025-09-06
2,6,승차,51,38,55,52,72,65,57,69,63,89,103,97,98,97,94,123,115,2025-09-06
1,3,승차,45,40,40,58,52,67,76,67,76,98,88,107,95,103,94,107,114,2025-09-06
2,7,하차,40,51,49,44,56,53,66,70,95,91,90,75,110,92,106,114,123,2025-09-06
3,7,하차,43,39,55,50,66,55,86,62,80,94,81,99,113,111,116,129,122,2025-09-06
2,8,승차,37,51,53,47,63,69,56,75,71,84,79,83,107,121,113,137,137,2025-09-06
2,5,승차,41,36,44,54,71,56,81,72,95,77,70,101,96,89,95,119,113,2025-09-06
3,2,하차,42,43,49,51,66,79,74,85,68,87,90,100,99,111,109,127,102,2025-09-06
4,3,승차,38,54,56,43,59,60,57,69,78,68,97,89,114,115,115,98,136,2025-09-06
1,9,하차,52,52,55,55,63,59,73,81,78,75,80,77,95,86,115,149,139,2025-09-06
3,6,하차,46,58,44,62,85,58,78,66,85,89,95,103,101,134,99,112,115,2025-09-06
2,8,승차,39,39,54,56,61,51,64,84,82,99,82,107,94,110,103,110,115,2025-09-06
1,8,하차,35,41,54,61,71,57,54,86,66,88,99,100,102,104,135,93,113,2025-09-06
3,5,하차,38,42,52,48,70,78,75,55,53,88,96,100,99,138,92,128,121,2025-09-06
1,1,하차,28,51,46,48,67,71,73,62,74,90,104,90,91,108,108,129,114,2025-09-06
1,6,승차,51,49,43,39,64,54,72,73,87,87,107,98,85,93,102,119,121,2025-09-06
3,7,승차,41,52,49,66,57,51,68,68,78,71,98,89,86,87,121,104,117,2025-09-06
1,9,승차,48,41,46,43,65,74,63,59,81,89,88,102,94,90,113,102,128,2025-09-06
4,2,하차,33,38,45,52,72,78,74,85,94,105,99,103,90,111,134,103,132,2025-09-06
3,2,승차,41,39,45,55,48,58,76,58,75,80,105,80,88,112,132,111,141,2025-09-06
4,1,승차,38,40,48,53,52,80,82,59,70,98,71,107,116,96,116,123,113,2025-09-06
2,5,승차,34,47,42,43,68,62,79,76,90,84,103,114,101,99,98,122,115,2025-09-06
1,2,하차,37,41,47,56,73,63,67,76,86,90,94,97,108,107,117,106,112,2025-09-06
2,3,하차,36,27,55,47,67,76,66,81,85,85,98,98,73,111,104,93,100,2025-09-06
2,2,승차,49,41,69,55,68,72,61,73,84,82,91,93,102,99,98,113,104,2025-09-06
1,4,승차,40,43,40,61,71,79,67,83,88,91,74,99,82,93,112,122,122,2025-09-06
3,3,승차,39,39,53,60,62,69,70,67,64,86,81,105,110,103,118,100,118,2025-09-06
1,9,하차,44,45,54,51,67,57,57,65,80,67,80,93,117,106,110,119,117,2025-09-06
2,2,승차,35,42,52,62,54,66,79,65,77,80,89,85,120,96,103,107,121,2025-09-06
2,7,하차,48,40,52,51,50,58,76,81,80,94,93,106,107,104,125,111,107,2025-09-06
3,3,하차,40,53,51,59,71,45,61,70,77,84,89,87,102,110,125,109,141,2025-09-06
1,8,하차,41,47,55,49,47,57,85,67,86,67,98,81,109,101,120,104,128,2025-09-06
2,4,승차,32,55,50,58,67,65,81,71,82,87,85,101,101,96,91,104,99,2025-09-06
4,4,승차,39,52,40,75,60,71,53,82,105,97,86,100,76,122,97,120,122,2025-09-06
2,9,하차,40,37,33,50,51,64,77,77,94,72,91,103,116,111,122,114,126,2025-09-06
2,3,하차,32,57,40,51,59,68,64,75,85,95,117,94,116,107,96,113,114,2025-09-06
3,7,하차,41,44,45,61,68,72,61,80,75,89,87,92,97,111,100,118,127,2025-09-06
4,1,하차,41,50,54,54,68,66,66,71,84,83,119,93,106,101,107,98,118,2025-09-06
2,7,승차,46,45,52,59,58,81,68,71,96,75,98,86,106,105,119,125,105,2025-09-06
2,2,승차,31,59,44,53,68,57,57,81,77,102,83,120,82,109,110,113,128,2025-09-06
4,6,하차,47,35,39,59,53,56,69,75,80,86,90,91,109,94,114,127,114,2025-09-06
1,9,하차,47,49,50,44,60,82,66,70,74,76,86,93,86,131,118,117,115,2025-09-06
1,6,하차,35,58,60,37,77,61,82,62,79,86,95,94,85,121,127,96,126,2025-09-06
2,3,승차,43,44,56,73,62,57,65,80,92,96,89,84,95,104,112,123,128,2025-09-06
2,1,하차,52,34,61,59,56,66,73,70,81,81,94,106,108,110,118,110,129,2025-09-06
1,4,승차,48,49,47,52,53,60,63,82,75,64,84,79,121,100,109,104,108,2025-09-06
3,4,하차,31,39,51,44,56,56,74,71,77,87,102,95,113,118,116,95,107,2025-09-06
4,8,승차,52,55,51,57,53,57,70,63,76,78,86,73,99,127,106,115,117,2025-09-06
4,7,승차,40,57,55,48,52,75,68,69,78,89,90,95,103,97,124,103,124,2025-09-06
3,7,하차,45,43,55,48,61,69,77,95,61,81,83,96,95,107,107,131,115,2025-09-06
3,7,승차,34,34,44,62,56,76,75,88,75,82,81,99,96,78,129,123,109,2025-09-06
3,2,승차,34,35,55,47,68,68,76,66,79,65,88,99,93,109,88,108,134,2025-09-06
3,9,승차,44,37,47,54,52,69,78,80,67,76,98,96,119,102,114,128,135,2025-09-06
3,6,승차,49,41,47,59,55,68,65,68,85,87,77,100,94,125,95,89,115,2025-09-06
3,2,하차,34,36,53,60,62,69,82,80,83,95,79,90,106,116,140,114,123,2025-09-06
4,1,하차,39,51,54,56,68,55,70,66,78,86,79,99,105,103,113,111,120,2025-09-06
3,1,하차,40,50,46,49,54,54,65,87,68,83,99,90,89,124,111,102,114,2025-09-06
1,1,하차,32,42,42,58,71,61,78,64,77,84,90,120,102,90,129,103,114,2025-09-06
3,4,하차,30,42,53,75,42,76,80,81,87,86,70,90,93,106,91,116,109,2025-09-06
3,4,승차,42,33,35,54,47,58,62,66,79,87,81,106,101,114,118,117,116,2025-09-06
4,9,승차,32,43,47,63,57,63,58,85,90,81,78,84,106,117,108,111,118,2025-09-06
4,1,승차,39,37,51,70,71,58,65,68,85,82,89,95,105,98,111,126,131,2025-09-06
3,3,승차,33,40,62,48,71,67,67,74,86,87,85,99,79,114,110,107,119,2025-09-06
4,3,하차,34,45,37,48,48,70,70,82,85,86,102,91,101,108,104,109,124,2025-09-06
2,8,하차,25,42,53,53,58,63,72,82,77,81,78,105,91,103,122,130,119,2025-09-06
4,2,승차,41,46,54,54,65,59,72,87,78,85,82,103,103,92,99,132,108,2025-09-06
4,6,하차,43,31,46,55,67,68,67,78,73,81,88,97,105,101,100,109,125,2025-09-06
4,4,승차,37,47,49,64,60,65,73,72,72,87,91,103,102,100,127,123,103,2025-09-06
4,6,승차,46,53,43,52,59,45,55,64,88,84,79,88,99,85,120,108,130,2025-09-06
1,5,하차,40,41,42,60,66,56,69,64,56,96,73,88,97,109,110,123,113,2025-09-06
1,9,하차,47,42,59,50,63,55,68,86,87,97,92,99,101,104,120,113,118,2025-09-06
1,9,하차,34,48,48,51,65,57,62,80,86,81,91,101,108,99,106,140,109,2025-09-06
3,1,하차,45,41,71,55,55,75,60,61,76,107,91,89,118,122,121,112,106,2025-09-06
3,3,하차,45,42,36,54,52,68,61,76,91,79,98,98,92,91,107,114,126,2025-09-06
2,1,하차,42,37,52,43,67,67,73,88,70,86,101,111,100,96,117,117,126,2025-09-06
1,6,하차,38,32,59,58,55,70,79,59,67,86,89,93,102,92,111,111,134,2025-09-06
3,3,승차,36,49,51,51,53,66,82,74,71,101,86,96,107,105,128,94,119,2025-09-06
4,1,하차,45,50,55,62,65,68,62,87,74,74,94,99,97,127,85,105,114,2025-09-06
4,6,승차,36,45,43,47,69,74,71,70,73,80,97,117,102,110,110,123,122,2025-09-06
1,5,승차,35,52,39,45,54,79,72,75,74,84,100,83,113,101,133,106,111,2025-09-06
2,8,하차,36,30,43,45,50,57,82,81,97,77,77,85,101,106,80,100,106,2025-09-06
2,2,승차,30,45,47,57,70,80,58,75,77,97,75,101,99,93,104,101,108,2025-09-06
4,8,하차,36,49,41,53,61,57,74,82,77,74,80,107,127,108,96,118,111,2025-09-06
2,5,승차,34,42,51,57,61,74,74,57,103,72,76,99,95,93,110,109,133,2025-09-06
1,8,승차,38,43,44,51,74,71,63,83,93,83,99,100,115,83,100,124,83,2025-09-06
4,4,승차,29,38,47,45,73,57,74,88,81,80,99,97,114,99,114,93,116,2025-09-06
3,4,하차,45,50,33,50,60,62,65,69,77,85,100,107,103,113,107,119,125,2025-09-06
3,4,승차,54,50,58,63,64,60,70,77,77,87,105,99,99,111,118,127,140,2025-09-06
2,6,승차,34,43,38,48,51,60,73,90,77,78,103,94,89,114,105,112,118,2025-09-06
4,4,승차,39,50,50,53,61,78,71,97,69,84,84,120,104,103,100,109,120,2025-09-06
4,9,하차,33,41,58,59,60,75,74,58,68,82,87,93,99,109,102,118,111,2025-09-06
3,9,승차,44,42,71,66,61,61,67,79,82,77,100,111,102,102,102,102,129,2025-09-06
4,3,하차,26,45,53,57,59,50,67,75,78,70,94,88,118,108,109,102,111,2025-09-06
4,7,승차,34,37,43,54,52,71,75,94,74,80,110,80,110,88,118,107,120,2025-09-06
4,5,승차,39,51,60,50,64,58,77,89,66,91,106,102,92,113,102,110,108,2025-09-06
2,9,승차,41,53,60,56,69,59,66,82,72,89,77,92,102,101,110,107,132,2025-09-06
4,2,하차,38,46,48,55,51,54,65,90,89,85,86,104,108,123,121,109,126,2025-09-06
1,3,승차,43,37,57,54,54,62,75,79,79,63,99,84,96,92,103,110,123,2025-09-06
2,5,승차,37,40,45,62,69,62,60,64,75,99,106,98,88,100,115,115,117,2025-09-06
4,5,승차,37,46,52,50,55,66,78,76,81,92,88,97,80,105,109,114,133,2025-09-06
4,7,승차,38,49,52,56,60,58,73,63,70,87,102,88,96,109,122,129,130,2025-09-06
1,8,하차,50,44,43,52,68,69,70,60,70,75,98,93,106,110,108,122,112,2025-09-06
2,8,승차,40,51,44,62,52,63,55,72,73,99,87,99,102,111,120,133,136,2025-09-06
3,1,승차,27,48,56,50,61,64,69,82,78,97,91,104,102,106,117,122,119,2025-09-06
3,1,승차,31,38,47,61,56,63,65,82,80,80,86,96,115,97,110,117,117,2025-09-06
2,3,승차,37,49,62,49,48,70,66,63,62,86,86,96,87,111,115,111,124,2025-09-06
4,1,하차,43,33,55,58,69,60,73,73,77,86,103,87,97,92,115,114,121,2025-09-06
4,1,승차,46,46,50,55,64,69,65,75,78,71,95,91,100,100,126,106,131,2025-09-06
3,8,승차,36,40,47,55,55,59,57,74,84,77,95,101,99,95,119,112,106,2025-09-06
3,1,하차,32,42,41,55,45,73,71,61,74,91,87,101,101,108,116,108,114,2025-09-06
3,9,승차,29,40,53,58,56,74,72,72,78,102,81,96,110,104,107,143,122,2025-09-06
1,2,승차,37,34,49,51,57,69,72,60,90,67,84,87,87,109,113,96,135,2025-09-06
3,9,승차,43,42,56,54,67,58,70,85,73,80,88,99,101,101,103,130,121,2025-09-06
1,7,하차,37,32,53,64,63,69,73,71,69,69,92,113,84,97,133,125,128,2025-09-06
2,9,승차,40,43,60,60,63,56,71,84,78,71,90,101,96,122,110,96,123,2025-09-06
4,3,하차,43,42,47,65,62,79,75,68,85,92,83,93,111,108,104,100,116,2025-09-06
3,1,하차,37,36,57,65,67,61,83,73,80,88,83,89,102,87,108,119,105,2025-09-06
4,1,하차,36,47,47,64,45,75,73,78,78,89,84,75,96,95,120,111,105,2025-09-06
4,6,하차,33,76,50,61,62,79,85,58,76,88,118,109,109,111,118,125,110,2025-09-06
3,7,하차,44,42,49,54,66,59,73,65,59,80,86,110,89,111,107,111,104,2025-09-06
3,9,하차,51,46,39,44,61,66,78,83,69,74,94,83,86,103,121,114,112,2025-09-06
2,6,하차,41,48,64,59,69,47,77,67,100,106,100,98,102,118,91,111,131,2025-09-06
1,5,승차,40,53,51,64,61,73,63,78,75,78,77,90,106,115,94,122,126,2025-09-06
1,2,승차,41,35,40,43,59,67,69,90,87,99,76,111,85,101,128,106,130,2025-09-06
4,2,하차,27,55,48,44,50,55,73,82,85,76,83,97,90,120,98,102,133,2025-09-06
3,8,하차,46,47,56,58,55,59,73,71,76,73,73,94,95,98,108,106,124,2025-09-06
2,1,하차,51,47,50,54,50,70,71,59,103,94,84,76,101,108,106,111,101,2025-09-06
2,8,하차,30,64,41,51,66,61,67,74,88,80,98,92,120,102,99,123,130,2025-09-06
2,7,하차,44,37,49,57,57,74,60,76,71,82,81,123,90,92,121,121,107,2025-09-06
2,7,하차,39,51,45,58,64,58,81,73,68,90,92,96,89,106,95,100,128,2025-09-06
2,5,승차,35,40,56,51,41,75,76,64,70,79,101,96,100,92,130,123,114,2025-09-06
1,3,승차,34,42,59,56,61,64,71,80,88,90,80,93,94,120,121,102,126,2025-09-06
1,7,하차,30,53,46,47,68,87,78,60,75,88,82,99,116,99,125,100,129,2025-09-06
1,7,하차,47,40,47,57,59,64,62,58,76,97,90,95,99,118,114,127,90,2025-09-06
3,7,하차,50,37,54,46,73,59,84,67,85,91,92,101,118,125,115,100,129,2025-09-06
4,2,승차,41,41,48,56,59,74,65,83,83,82,98,72,100,119,100,120,148,2025-09-06
2,3,하차,34,61,43,56,64,73,79,72,72,85,96,85,105,98,108,118,112,2025-09-06
3,3,승차,34,41,51,48,70,55,88,67,84,91,93,97,113,105,114,103,111,2025-09-06
2,4,승차,41,44,56,52,61,44,62,76,80,79,90,99,98,104,117,110,103,2025-09-06
1,9,승차,35,42,39,56,50,50,61,80,65,78,81,100,105,94,118,113,126,2025-09-06
3,1,하차,41,44,55,60,51,64,74,55,80,73,76,98,74,103,121,115,120,2025-09-06
1,7,하차,28,34,52,46,64,66,56,75,77,86,85,83,110,104,95,116,102,2025-09-06
2,7,승차,35,48,50,50,55,75,70,82,99,87,81,86,114,96,108,107,126,2025-09-06
2,4,승차,46,38,44,60,60,67,75,78,77,87,91,90,89,99,106,127,109,2025-09-06
4,1,승차,49,50,62,55,48,62,78,78,68,90,78,95,98,95,121,129,123,2025-09-06
2,3,승차,38,55,48,59,70,85,74,76,63,97,85,87,88,102,113,111,124,2025-09-06
1,5,하차,41,44,55,54,50,62,72,81,74,90,89,104,110,99,114,126,136,2025-09-06
2,2,승차,49,53,50,48,73,69,69,74,66,83,75,105,94,109,117,109,122,2025-09-06
4,7,하차,42,52,52,58,49,73,70,76,74,85,99,83,83,119,130,111,126,2025-09-06
4,7,승차,38,41,42,54,48,58,76,64,89,64,84,107,106,128,112,120,115,2025-09-06
1,5,하차,47,41,65,57,55,61,63,76,77,100,67,105,101,108,116,116,102,2025-09-06
3,6,승차,35,40,51,63,66,72,54,82,88,72,109,106,100,113,108,128,123,2025-09-06
2,1,하차,43,44,49,63,50,70,72,85,78,85,92,80,92,119,116,110,102,2025-09-06
4,4,하차,46,39,53,57,54,70,67,60,94,71,80,102,100,118,121,122,112,2025-09-06
2,4,하차,37,47,51,53,51,75,67,60,82,83,84,83,115,85,101,107,104,2025-09-06
2,8,승차,37,38,43,54,76,74,66,68,92,85,98,99,116,123,109,103,130,2025-09-06
3,2,하차,31,42,51,51,56,62,63,67,77,87,91,98,91,102,105,111,125,2025-09-06
4,1,승차,41,54,57,56,62,71,69,73,80,79,85,103,97,114,115,129,114,2025-09-06
2,7,하차,35,43,51,43,74,60,61,67,77,76,96,81,107,109,103,105,128,2025-09-06
4,6,하차,36,42,53,56,58,54,70,72,80,80,97,82,91,88,109,118,99,2025-09-06
1,5,승차,32,46,36,55,51,62,89,68,76,73,106,93,100,93,102,131,114,2025-09-06
1,8,하차,48,49,49,64,54,62,61,68,82,88,92,104,94,97,106,123,115,2025-09-06
2,2,하차,38,43,50,65,56,49,65,91,87,82,101,100,107,91,103,107,92,2025-09-06
4,2,승차,26,42,49,56,45,65,86,84,87,96,88,90,107,119,91,107,103,2025-09-06
2,9,하차,37,42,68,53,50,58,75,99,74,92,89,80,93,118,101,116,110,2025-09-06
4,1,하차,39,49,52,51,63,43,53,84,90,72,94,101,111,83,108,111,116,2025-09-06
4,6,하차,43,50,45,45,60,66,61,65,68,80,92,92,101,96,110,112,133,2025-09-06
3,3,하차,31,37,49,61,80,86,77,74,84,86,91,96,101,111,115,105,113,2025-09-06
3,5,승차,36,50,50,55,49,67,63,66,73,101,92,101,108,98,105,109,128,2025-09-06
3,8,하차,30,49,60,52,58,64,70,87,92,79,80,92,118,109,115,112,94,2025-09-06
2,7,하차,41,53,47,56,78,72,73,74,70,81,90,85,118,100,112,132,123,2025-09-06
3,4,하차,35,37,51,66,69,65,65,67,85,84,102,100,86,104,108,114,122,2025-09-06
3,8,하차,46,57,62,59,59,62,63,94,81,89,87,114,99,117,101,102,118,2025-09-06
1,2,하차,32,50,52,76,68,81,74,77,72,84,82,91,109,122,104,128,124,2025-09-06
4,7,하차,35,42,54,60,44,58,71,84,76,95,97,96,102,115,101,109,100,2025-09-06
4,5,하차,42,48,54,64,67,58,76,78,82,82,101,102,123,105,101,121,99,2025-09-06
3,6,하차,39,39,48,61,53,61,68,84,70,86,76,108,90,101,100,135,121,2025-09-06
4,3,승차,40,28,52,55,55,62,85,79,80,100,84,88,82,108,119,89,134,2025-09-06
1,7,승차,29,51,55,49,57,64,50,77,85,83,91,82,86,110,105,111,135,2025-09-06
1,7,승차,42,49,55,51,54,56,58,70,73,86,90,76,97,104,81,123,113,2025-09-06
3,2,승차,45,46,47,67,57,57,73,85,105,82,100,100,106,127,107,128,110,2025-09-06
1,1,하차,32,47,57,47,63,52,87,85,81,84,91,82,91,94,93,118,118,2025-09-06
4,2,하차,39,63,45,57,68,79,73,80,83,91,107,94,113,94,103,111,138,2025-09-06
2,8,승차,29,53,55,62,63,71,78,64,81,91,98,109,109,121,127,118,120,2025-09-06
4,3,승차,44,42,46,49,70,68,83,50,77,71,92,103,92,104,99,134,125,2025-09-06
2,4,승차,44,47,42,57,64,69,83,73,79,90,91,92,97,106,106,107,115,2025-09-06
3,8,하차,46,51,48,73,54,78,82,78,74,76,81,78,97,106,113,106,106,2025-09-06
2,3,하차,39,40,66,55,70,68,65,70,86,93,98,107,104,92,116,92,113,2025-09-06
1,6,승차,48,58,43,52,58,69,79,63,73,79,94,90,94,108,100,131,108,2025-09-06
4,2,승차,40,38,47,49,60,68,70,76,78,87,83,88,114,102,113,97,121,2025-09-06
2,3,승차,46,48,57,54,44,66,66,81,96,90,86,98,101,112,120,134,117,2025-09-06
4,1,승차,40,60,67,52,55,76,71,80,63,84,79,97,88,99,115,116,129,2025-09-06
3,9,승차,36,38,49,55,65,60,70,65,82,94,92,94,98,114,116,113,129,2025-09-06
3,4,하차,53,43,59,47,55,72,74,83,61,76,90,101,117,102,98,132,112,2025-09-06
1,6,승차,37,57,67,62,52,67,73,77,84,84,99,75,108,127,112,98,111,2025-09-06
3,7,하차,40,40,49,43,81,68,73,85,85,77,75,94,80,118,110,124,128,2025-09-06
2,2,승차,34,38,58,57,68,63,68,66,69,74,100,93,98,105,110,102,129,2025-09-06
3,8,승차,35,39,43,54,62,64,64,84,79,69,99,92,107,107,118,115,125,2025-09-06
1,9,하차,41,48,42,39,70,74,75,81,77,89,97,100,96,103,114,103,129,2025-09-06
4,2,승차,44,48,75,39,67,73,69,66,62,84,73,124,100,96,101,117,110,2025-09-06
4,5,하차,58,46,43,59,71,61,58,83,76,91,78,91,95,102,102,105,117,2025-09-06
3,2,하차,37,51,47,76,73,78,54,73,96,101,79,111,110,93,122,135,132,2025-09-06
2,5,승차,49,43,50,50,59,62,72,93,76,83,94,93,104,94,119,118,139,2025-09-06
1,7,승차,32,38,57,47,71,71,68,81,96,83,90,86,101,105,95,127,119,2025-09-06
2,6,하차,41,45,46,52,50,75,72,74,85,86,87,90,124,101,121,111,112,2025-09-06
1,4,하차,41,42,55,61,56,55,71,82,70,81,79,90,115,113,89,114,102,2025-09-06
3,2,승차,45,61,51,57,61,68,59,63,72,81,75,89,80,99,118,115,123,2025-09-06
1,7,하차,38,47,40,63,70,74,71,68,98,105,91,85,100,104,111,125,124,2025-09-06
1,9,승차,39,43,44,69,59,63,87,57,90,70,89,87,86,121,100,107,123,2025-09-06
3,1,하차,48,42,38,56,54,75,62,77,85,107,91,103,86,86,105,150,120,2025-09-06
2,3,승차,37,55,53,45,63,61,71,76,83,80,88,100,82,108,85,114,117,2025-09-06
3,7,하차,33,43,44,50,62,53,68,64,86,84,102,93,112,98,112,127,134,2025-09-06
1,9,하차,36,43,47,58,68,71,77,76,74,81,91,99,105,127,107,93,119,2025-09-06
3,5,승차,39,42,44,65,67,52,69,71,80,84,92,92,120,92,103,114,135,2025-09-06
1,7,하차,34,44,46,59,77,74,57,56,85,76,100,88,121,91,119,119,131,2025-09-06
3,7,하차,40,46,55,53,57,75,73,75,74,75,93,100,105,99,109,128,134,2025-09-06
4,4,하차,50,47,37,51,69,58,81,79,77,90,118,88,100,113,92,123,113,2025-09-06
4,5,하차,51,39,39,66,64,59,77,96,82,90,96,76,120,99,111,113,120,2025-09-06
3,2,하차,31,44,42,43,70,63,77,76,77,90,83,107,91,114,98,117,121,2025-09-06
2,8,하차,32,36,43,52,50,69,79,85,92,85,99,99,107,87,104,130,123,2025-09-06
1,1,하차,36,39,56,53,63,55,63,67,67,81,100,101,98,98,109,121,123,2025-09-06
4,2,승차,40,49,49,53,57,72,70,77,80,79,99,110,83,103,115,133,113,2025-09-06
2,3,하차,34,41,44,51,51,63,71,79,85,98,89,88,90,122,110,102,118,2025-09-06
1,7,하차,41,51,51,50,63,68,65,66,68,79,94,88,97,87,109,98,129,2025-09-06
4,6,승차,34,38,51,49,52,70,60,78,83,70,92,90,114,110,104,127,112,2025-09-06
4,7,하차,41,45,52,56,74,60,63,86,92,70,100,96,114,107,119,133,111,2025-09-06
3,5,하차,55,49,41,41,47,60,68,75,83,79,86,89,85,109,124,125,125,2025-09-06
1,4,승차,44,40,46,59,50,56,84,79,80,92,97,102,120,81,117,115,126,2025-09-06
2,7,하차,42,50,50,55,65,70,59,73,97,96,83,98,97,99,97,109,123,2025-09-06
2,3,하차,38,40,53,54,52,69,66,83,80,84,85,85,107,104,104,112,113,2025-09-06
2,7,승차,39,42,34,57,67,67,79,83,76,87,103,99,104,103,111,120,118,2025-09-06
1,2,승차,32,50,44,50,66,69,65,85,88,97,85,80,91,121,115,104,134,2025-09-06
2,8,하차,32,37,51,46,74,77,73,58,70,93,86,103,77,108,107,100,124,2025-09-06
2,6,하차,45,41,54,45,64,65,70,84,82,85,93,83,111,101,104,120,127,2025-09-06
2,3,승차,36,38,58,58,61,67,53,85,86,80,97,93,84,126,101,110,119,2025-09-06
3,3,하차,38,38,55,49,71,65,68,67,81,73,99,102,111,98,99,137,112,2025-09-06
3,5,승차,43,38,55,50,59,70,70,72,71,93,101,93,98,108,113,126,118,2025-09-06
1,3,승차,44,48,63,67,65,54,79,73,87,87,84,102,99,112,113,128,98,2025-09-06
1,6,승차,50,52,36,57,44,62,76,62,80,73,75,111,98,90,114,103,138,2025-09-06
2,2,하차,36,40,53,48,50,63,80,75,59,94,105,80,107,101,112,106,116,2025-09-06
3,8,승차,48,47,43,46,62,75,54,82,90,71,95,89,111,133,104,106,118,2025-09-06
4,9,승차,34,48,55,59,52,50,64,80,79,80,90,98,103,109,121,129,119,2025-09-06
4,7,승차,32,45,60,53,57,76,62,67,71,85,97,94,114,91,129,121,110,2025-09-06
2,3,하차,40,46,53,50,68,67,73,85,78,86,95,95,96,119,114,106,128,2025-09-06
2,4,하차,45,42,57,46,54,61,90,63,91,71,88,83,99,100,100,112,121,2025-09-06
3,2,하차,48,41,52,55,57,72,65,69,83,80,81,78,96,109,110,121,121,2025-09-06
3,9,승차,41,40,46,53,75,60,73,61,80,84,92,95,111,93,104,119,128,2025-09-06
3,5,하차,35,49,56,64,67,67,77,67,91,89,89,92,108,94,105,116,118,2025-09-06
1,2,하차,44,52,55,58,57,68,67,75,91,69,90,83,104,116,116,107,119,2025-09-06
1,6,승차,37,44,55,47,55,72,71,73,64,82,95,99,89,95,96,116,118,2025-09-06
2,7,승차,42,45,38,59,53,75,67,74,86,95,87,88,100,80,105,90,111,2025-09-06
1,2,하차,47,64,43,63,61,53,68,91,92,90,86,86,96,99,118,123,127,2025-09-06
3,1,하차,35,45,42,51,76,67,62,81,64,81,103,77,115,85,104,110,116,2025-09-06
3,7,승차,28,41,54,49,57,67,77,63,79,83,82,104,93,98,117,113,127,2025-09-06
1,1,하차,38,48,59,46,70,62,78,81,57,71,94,91,94,122,114,124,105,2025-09-06
4,3,승차,36,41,56,49,65,62,67,74,64,80,94,116,93,125,108,120,143,2025-09-06
2,4,승차,39,45,47,50,53,69,68,73,80,89,71,101,96,130,132,118,113,2025-09-06
4,2,하차,31,50,44,57,51,72,43,78,79,68,100,89,76,107,110,106,139,2025-09-06
2,7,하차,47,46,48,63,57,54,72,80,88,87,77,102,96,117,108,117,110,2025-09-06
4,5,하차,46,50,59,56,52,79,65,82,73,97,83,95,97,117,110,122,113,2025-09-06
1,1,하차,40,35,44,64,65,61,70,70,73,80,107,101,96,106,133,108,117,2025-09-06
2,8,승차,40,39,50,44,61,72,60,75,71,93,80,114,101,94,117,95,117,2025-09-06
2,7,하차,42,47,49,60,80,67,66,62,77,99,88,91,108,114,88,106,109,2025-09-06
2,4,하차,47,53,60,57,69,72,76,69,88,86,69,91,101,103,116,113,117,2025-09-06
3,2,하차,34,46,43,53,48,75,67,75,61,86,88,90,97,98,106,116,112,2025-09-06
3,7,승차,35,36,43,62,59,78,75,73,71,82,112,92,100,114,125,120,133,2025-09-06
4,2,하차,36,36,47,60,62,60,80,69,87,79,85,88,113,124,102,90,108,2025-09-06
1,6,하차,34,47,54,48,61,66,69,68,94,82,91,95,110,108,101,111,104,2025-09-06
3,1,승차,54,34,47,56,52,66,63,72,76,85,89,88,89,112,96,120,123,2025-09-06
2,7,승차,41,41,46,43,48,79,67,83,84,98,95,80,108,108,112,119,126,2025-09-06
3,7,승차,21,49,47,60,66,52,69,78,68,70,96,98,103,105,111,124,129,2025-09-06
1,4,승차,42,48,54,51,52,64,80,72,89,77,103,102,99,118,126,109,137,2025-09-06
3,4,승차,41,49,45,57,61,61,66,74,96,91,95,103,83,116,112,113,129,2025-09-06
2,5,하차,32,38,52,51,73,56,80,87,86,91,97,90,108,120,112,98,122,2025-09-06
4,2,승차,44,47,54,54,54,60,69,54,79,77,91,114,112,103,121,122,104,2025-09-06
2,9,승차,38,50,44,54,72,63,67,66,65,101,86,85,106,93,112,104,125,2025-09-06
1,4,승차,45,40,54,59,57,69,66,74,78,91,76,109,87,114,114,116,128,2025-09-06
4,9,승차,43,35,57,58,50,57,64,66,74,106,89,84,75,99,104,111,137,2025-09-06
3,3,승차,38,56,43,55,57,69,62,70,89,87,95,107,100,129,113,105,107,2025-09-06
3,9,승차,38,44,50,48,68,66,67,81,80,88,84,97,94,101,109,118,117,2025-09-06
3,1,승차,48,41,44,61,65,55,60,72,84,81,73,98,98,115,129,106,108,2025-09-06
4,7,승차,32,41,44,71,61,72,62,72,85,85,86,93,102,93,101,104,136,2025-09-06
2,4,하차,34,55,36,64,54,70,70,78,85,88,73,87,102,122,118,117,117,2025-09-06
4,7,하차,29,44,42,65,67,59,61,68,81,82,97,94,98,115,98,96,119,2025-09-06
4,6,하차,36,50,67,41,58,75,73,82,86,94,92,106,83,109,115,123,119,2025-09-06
1,4,승차,57,39,51,53,56,56,68,87,98,89,94,79,103,132,96,114,120,2025-09-06
4,4,승차,48,41,36,56,67,68,72,70,82,89,95,101,99,89,114,125,127,2025-09-06
3,8,승차,41,40,64,53,45,54,77,66,89,78,81,91,107,112,107,119,121,2025-09-06
2,7,하차,37,56,52,52,66,60,84,79,76,79,94,92,99,109,114,109,127,2025-09-06
2,4,승차,43,31,52,59,65,72,78,88,91,98,86,89,99,112,102,118,124,2025-09-06
2,6,승차,35,39,46,68,68,41,74,84,88,72,96,102,96,88,114,127,106,2025-09-06
3,6,승차,44,42,51,49,59,62,73,73,75,86,91,86,96,99,125,120,108,2025-09-06
3,1,하차,34,47,48,47,54,58,63,83,67,83,81,110,102,120,100,133,126,2025-09-06
3,2,하차,32,45,49,51,67,80,68,68,69,88,88,102,94,105,130,122,125,2025-09-06
3,4,승차,35,33,41,51,60,67,68,79,85,94,94,84,104,110,105,111,124,2025-09-06
3,6,하차,44,46,51,58,52,63,76,102,69,71,83,92,109,119,124,124,132,2025-09-06
4,6,승차,38,45,61,63,43,62,73,76,80,71,89,107,98,120,112,119,119,2025-09-06
3,1,승차,40,43,55,64,58,74,53,70,88,85,82,97,132,121,145,109,108,2025-09-06
3,8,하차,31,38,50,54,64,62,55,90,80,74,105,119,100,112,115,105,127,2025-09-06
3,2,하차,39,57,50,46,40,53,54,81,62,89,77,78,87,111,97,100,124,2025-09-06
3,5,하차,45,35,47,70,51,72,58,75,83,84,90,74,91,108,114,112,129,2025-09-06
2,4,하차,47,35,56,57,53,66,67,83,87,81,94,95,107,115,109,116,111,2025-09-06
3,5,승차,28,48,58,48,62,71,64,77,79,84,74,78,103,92,114,118,116,2025-09-06
4,5,승차,39,57,53,46,73,69,53,80,94,68,88,123,93,109,121,141,146,2025-09-06
4,8,하차,54,51,54,49,66,67,92,82,93,91,82,101,110,117,96,109,126,2025-09-06
4,7,하차,39,48,58,58,67,62,71,72,67,99,97,85,97,113,108,122,133,2025-09-06
1,9,승차,41,43,51,66,50,76,70,72,82,76,86,86,107,109,138,104,104,2025-09-06
2,1,승차,41,33,50,64,60,65,60,70,66,91,95,95,96,112,88,119,107,2025-09-06
3,6,승차,45,58,57,46,58,65,68,84,80,93,110,90,89,106,114,117,129,2025-09-06
1,6,승차,50,43,54,55,62,66,76,83,82,82,92,103,82,104,108,123,132,2025-09-06
3,2,하차,44,44,50,47,62,69,79,63,89,76,73,92,106,85,119,123,120,2025-09-06
1,8,하차,42,41,57,58,63,71,88,79,88,89,105,95,102,109,122,92,144,2025-09-06
1,6,하차,44,44,51,49,70,58,75,77,94,85,92,78,103,84,107,107,118,2025-09-06
4,9,승차,38,50,59,82,54,72,77,87,85,92,91,99,112,117,97,117,119,2025-09-06
4,5,승차,35,53,46,58,60,67,66,63,95,84,107,109,94,112,120,120,125,2025-09-06
1,7,하차,33,49,46,43,60,52,56,82,77,89,86,103,103,98,128,120,119,2025-09-06
4,6,하차,44,46,42,63,61,70,60,87,75,85,83,92,99,113,96,109,133,2025-09-06
1,5,하차,38,44,55,53,63,79,67,77,75,79,72,95,99,102,122,121,111,2025-09-06
2,6,승차,45,42,51,49,48,53,89,63,77,76,75,97,77,113,95,117,121,2025-09-06
4,4,하차,39,40,63,55,70,59,81,76,87,85,82,91,110,106,109,108,115,2025-09-06
4,3,승차,35,43,57,53,63,70,63,70,68,83,85,67,112,123,113,117,127,2025-09-06
4,1,하차,50,56,56,67,62,58,71,83,92,73,93,90,127,121,117,124,127,2025-09-06
2,1,하차,32,59,43,58,44,54,56,76,65,89,89,108,82,97,96,107,111,2025-09-06
1,6,하차,44,40,34,55,62,74,72,86,76,82,75,86,100,100,106,117,115,2025-09-06
3,9,승차,48,40,50,50,65,67,64,65,77,77,71,107,89,108,118,110,120,2025-09-06
4,8,승차,39,43,46,60,67,62,75,69,99,72,91,81,99,98,109,107,106,2025-09-06
1,2,승차,43,35,62,40,46,51,67,80,88,77,97,100,96,101,112,109,125,2025-09-06
2,9,승차,41,46,56,56,54,67,76,63,98,92,108,92,94,97,120,110,123,2025-09-06
3,8,승차,39,49,53,57,62,70,64,78,70,68,82,120,104,133,97,122,129,2025-09-06
4,9,승차,39,40,47,48,62,74,92,93,87,74,87,77,104,106,124,126,103,2025-09-06
2,4,하차,43,38,48,57,60,63,48,81,78,94,94,74,101,94,94,121,121,2025-09-06
2,9,승차,44,48,43,63,52,50,71,81,81,77,104,89,112,110,100,95,139,2025-09-06
3,2,하차,40,48,52,60,51,61,81,75,100,96,103,108,97,115,118,109,120,2025-09-06
1,1,승차,50,46,40,57,59,67,74,73,79,77,97,105,84,104,106,127,118,2025-09-06
4,9,하차,34,45,49,60,78,55,67,84,78,89,109,92,103,95,125,109,123,2025-09-06
4,8,하차,31,44,50,48,68,70,63,80,74,88,88,75,107,93,109,106,107,2025-09-06
1,7,승차,38,42,47,50,59,55,67,66,69,89,79,81,110,120,132,119,135,2025-09-06
1,8,하차,40,40,54,64,49,57,52,64,76,71,89,99,95,117,126,106,124,2025-09-06
1,1,승차,35,46,52,63,72,70,71,65,78,91,101,99,103,112,115,113,135,2025-09-06
3,9,승차,38,45,59,63,56,71,65,89,100,78,77,85,92,115,117,96,114,2025-09-06
3,9,승차,38,43,51,62,65,53,63,69,73,75,84,113,113,103,122,133,125,2025-09-06
4,9,승차,34,40,56,48,63,68,84,84,78,92,86,117,97,101,107,104,113,2025-09-06
3,6,하차,46,46,43,43,58,65,76,94,83,80,100,104,101,91,116,121,100,2025-09-06
2,4,승차,46,56,47,52,71,61,68,74,87,76,82,97,93,92,101,117,104,2025-09-06
4,2,하차,36,35,45,61,69,58,69,67,82,109,99,72,100,100,137,96,103,2025-09-06
3,4,하차,42,48,46,49,50,62,58,70,80,96,97,97,108,107,109,119,128,2025-09-06
1,7,하차,35,53,49,47,64,61,84,64,77,98,104,87,95,105,99,112,116,2025-09-06
2,1,승차,49,34,50,57,46,66,58,74,69,81,84,110,96,116,119,102,115,2025-09-06
1,9,하차,34,41,55,51,54,72,77,72,84,94,88,89,107,116,110,106,127,2025-09-06
4,3,승차,45,39,52,59,59,72,75,81,84,83,102,94,103,106,129,132,105,2025-09-06
1,4,하차,33,44,44,55,50,58,70,73,87,60,88,90,101,119,117,114,127,2025-09-06
3,5,승차,36,43,47,66,58,66,64,93,82,85,80,91,96,104,135,137,142,2025-09-06
3,3,승차,38,46,47,44,73,50,58,70,93,75,85,78,106,93,111,100,105,2025-09-06
4,4,승차,43,36,49,52,64,64,62,71,79,97,82,91,101,118,111,123,120,2025-09-06
1,5,승차,41,33,53,44,61,64,69,68,83,85,94,107,105,116,107,119,107,2025-09-06
4,1,하차,44,41,52,46,62,53,55,76,84,97,79,114,88,114,128,118,123,2025-09-06
1,9,하차,36,45,44,59,60,80,64,70,78,90,96,82,99,101,103,121,109,2025-09-06
2,4,승차,44,39,52,53,51,63,56,80,80,88,69,72,94,113,104,88,94,2025-09-06
3,9,하차,46,49,50,67,62,66,60,66,86,87,104,116,104,113,117,128,111,2025-09-06
4,4,승차,53,53,48,53,64,76,60,79,81,94,90,96,106,115,97,107,98,2025-09-06
2,1,승차,35,50,63,53,55,73,69,80,87,74,99,87,100,110,109,94,100,2025-09-06
2,5,하차,45,37,46,66,62,66,57,81,65,71,79,102,87,113,118,100,115,2025-09-06
4,9,승차,47,48,59,60,60,72,64,82,83,80,97,85,101,107,98,119,129,2025-09-06
4,3,승차,36,44,58,61,51,78,82,76,80,81,106,103,103,90,124,122,128,2025-09-06
2,5,승차,37,47,67,63,62,59,63,83,73,86,77,101,96,117,119,109,104,2025-09-06
1,3,승차,41,48,49,61,59,59,77,69,84,76,90,83,91,96,120,118,124,2025-09-06
2,3,승차,23,37,43,60,63,62,77,88,83,88,102,105,82,99,116,126,115,2025-09-06
4,1,하차,43,54,55,54,57,68,69,69,89,91,78,91,92,115,90,110,129,2025-09-06
2,2,하차,40,48,52,46,65,53,77,73,67,71,77,88,103,102,121,130,116,2025-09-06
1,2,하차,35,54,71,41,53,71,86,85,80,77,102,83,109,90,100,100,113,2025-09-06
3,9,승차,34,50,59,52,45,77,70,62,80,71,97,87,98,107,132,113,112,2025-09-06
3,7,승차,30,53,55,72,55,70,77,76,89,71,74,88,90,107,109,106,128,2025-09-06
2,8,승차,40,39,40,54,63,74,68,91,74,87,78,73,95,119,105,134,111,2025-09-06
1,2,승차,30,41,61,44,40,75,82,79,79,85,82,109,118,104,122,114,119,2025-09-06
3,9,승차,41,35,48,62,55,59,63,72,67,75,73,98,98,132,109,121,126,2025-09-06
2,3,승차,35,51,46,55,59,59,57,73,66,74,91,100,117,125,130,134,106,2025-09-06
2,2,하차,36,42,60,48,52,57,69,79,78,93,99,85,105,86,80,114,118,2025-09-06
1,1,승차,32,51,43,49,60,68,61,87,64,93,85,95,77,93,99,106,127,2025-09-06
4,9,하차,43,35,54,53,59,58,64,85,82,65,90,94,114,112,121,103,127,2025-09-06
2,8,승차,42,48,53,54,56,70,78,72,78,71,67,92,90,108,106,109,106,2025-09-06
4,4,하차,37,73,53,54,66,76,77,68,75,90,94,75,95,98,124,114,123,2025-09-06
4,7,승차,40,54,56,59,62,62,71,81,84,108,91,108,102,110,110,121,115,2025-09-06
3,3,하차,33,43,58,60,59,75,67,79,99,78,69,88,117,89,108,125,123,2025-09-06
4,3,하차,38,48,44,52,69,62,66,72,80,84,85,100,113,92,116,116,113,2025-09-06
1,4,승차,35,37,35,61,56,62,78,77,86,105,87,110,101,96,100,128,127,2025-09-06
3,2,승차,29,44,48,62,59,79,67,68,74,89,83,111,97,99,99,106,120,2025-09-06
3,4,하차,49,43,44,63,55,54,66,71,78,83,92,94,108,109,105,103,116,2025-09-06
3,3,승차,28,57,62,65,69,50,77,72,81,90,83,92,93,115,123,114,123,2025-09-06
2,8,승차,34,48,72,50,61,67,66,89,91,87,76,90,99,80,104,105,108,2025-09-06
2,2,승차,44,49,56,66,56,68,58,74,76,91,71,96,102,97,100,137,110,2025-09-06
4,9,하차,46,42,55,49,63,68,74,83,67,80,107,104,107,101,98,108,105,2025-09-06
3,3,승차,40,42,46,74,53,51,77,81,90,79,79,88,97,91,104,130,113,2025-09-06
3,4,하차,42,42,59,44,55,66,61,78,86,82,107,111,106,94,126,124,123,2025-09-06
1,3,하차,43,47,67,57,53,61,73,76,85,80,74,86,112,112,105,108,114,2025-09-06
4,3,승차,50,41,55,67,65,61,72,82,79,83,98,96,115,111,126,149,118,2025-09-06
1,8,하차,39,47,56,59,41,57,69,82,70,93,80,83,107,110,114,125,127,2025-09-06
4,8,승차,37,34,59,62,57,53,60,76,75,87,83,103,119,107,111,137,110,2025-09-06
4,6,승차,34,47,60,50,65,64,82,86,76,84,99,99,100,107,101,112,135,2025-09-06
2,4,하차,41,45,49,48,54,71,89,80,100,64,85,92,100,102,111,120,132,2025-09-06
2,1,하차,36,40,43,53,63,77,70,74,72,73,83,89,95,114,82,110,134,2025-09-06
1,4,하차,41,39,48,55,64,65,75,63,76,95,98,97,100,111,112,102,124,2025-09-06
4,8,하차,47,50,56,64,49,57,54,90,70,84,103,87,94,93,112,118,141,2025-09-06
3,6,하차,35,45,44,66,70,69,79,68,91,84,84,83,95,97,111,114,113,2025-09-06
2,2,승차,44,48,56,54,44,55,64,66,85,85,81,76,99,100,103,139,132,2025-09-06
3,3,하차,42,43,43,46,55,66,72,66,70,87,96,92,93,79,118,106,107,2025-09-06
1,7,승차,46,43,42,62,57,74,69,79,72,74,86,94,105,101,127,123,121,2025-09-06
2,4,승차,39,45,47,51,71,70,69,52,81,98,87,117,77,94,84,124,124,2025-09-06
2,4,하차,46,44,45,58,52,65,80,72,81,82,87,88,93,116,122,118,136,2025-09-06
4,5,하차,34,41,43,54,51,50,75,92,89,85,88,100,93,125,111,130,133,2025-09-06
1,8,하차,38,37,50,60,69,77,78,79,72,89,87,96,73,91,109,97,132,2025-09-06
4,7,하차,38,54,42,65,72,67,78,76,93,81,90,102,85,117,91,126,130,2025-09-06
2,9,하차,47,34,46,62,64,54,71,73,68,76,90,101,94,95,112,104,101,2025-09-06
1,5,승차,37,47,60,52,75,57,74,63,85,81,100,89,100,106,118,91,119,2025-09-06
2,1,승차,49,43,52,56,61,69,47,75,78,94,96,87,100,95,109,105,105,2025-09-06
1,4,승차,42,55,54,63,75,82,63,88,82,88,86,95,103,84,107,130,129,2025-09-06
2,6,하차,34,41,47,58,68,73,84,78,68,72,112,111,98,89,101,95,131,2025-09-06
3,6,하차,43,35,39,58,68,60,66,90,83,72,95,85,82,100,108,105,117,2025-09-06
3,9,승차,37,39,52,49,51,75,74,69,96,93,81,93,91,104,102,124,117,2025-09-06
4,5,하차,32,49,47,60,47,54,78,65,84,93,107,86,109,83,114,115,118,2025-09-06
3,5,하차,43,43,48,58,58,57,51,73,95,87,104,104,81,107,101,109,113,2025-09-06
2,6,하차,40,48,54,60,66,59,70,82,75,66,96,104,103,106,84,112,113,2025-09-06
2,6,승차,34,47,47,56,57,52,68,73,77,86,87,93,96,98,117,122,129,2025-09-06
3,3,하차,47,49,45,53,58,62,66,82,84,84,94,99,115,111,90,115,107,2025-09-06
4,6,승차,34,38,47,53,64,70,69,88,64,95,103,91,110,103,110,110,110,2025-09-06
3,8,하차,37,58,58,49,70,80,82,80,79,78,81,88,92,107,127,100,124,2025-09-06
1,6,하차,38,52,48,62,57,51,65,65,90,82,95,85,107,123,82,118,119,2025-09-06
1,5,승차,44,48,46,43,57,54,77,78,80,102,75,80,99,115,113,105,106,2025-09-06
1,3,하차,37,41,51,59,56,68,70,89,84,93,84,113,104,101,98,122,112,2025-09-06
3,1,하차,36,35,46,53,60,72,79,73,75,65,77,95,105,96,106,104,143,2025-09-06
3,5,하차,44,34,55,53,68,70,63,79,72,100,73,114,108,123,122,97,127,2025-09-06
3,6,승차,37,35,42,57,57,72,68,79,93,73,91,101,97,107,116,112,131,2025-09-06
1,6,하차,42,45,45,52,67,78,69,81,61,85,106,99,103,97,122,123,118,2025-09-06
4,6,하차,28,57,50,55,61,79,63,62,84,74,81,83,87,103,110,113,119,2025-09-06
2,3,하차,32,51,41,65,67,63,70,71,86,83,96,88,91,104,123,93,122,2025-09-06
3,4,하차,35,37,56,56,66,74,74,72,79,102,91,76,102,92,109,124,120,2025-09-06
4,3,하차,36,53,53,54,62,67,77,78,69,100,102,83,114,102,117,99,117,2025-09-06
2,2,승차,36,50,53,57,52,63,82,86,83,81,96,93,96,107,113,129,107,2025-09-06
2,8,승차,36,48,50,48,67,60,77,69,61,84,88,82,84,109,127,111,130,2025-09-06
2,7,하차,40,37,59,60,56,58,59,66,80,78,99,100,86,100,102,93,112,2025-09-06
4,8,하차,39,47,57,51,50,61,87,76,70,75,96,97,85,98,107,106,110,2025-09-06
4,6,승차,48,46,37,50,53,70,81,71,74,88,84,104,87,106,117,102,100,2025-09-06
1,7,하차,34,40,48,54,51,60,65,86,83,69,91,98,92,100,101,130,109,2025-09-06
4,1,하차,42,34,53,48,51,79,78,69,65,81,92,88,105,92,98,111,127,2025-09-06
4,5,하차,41,45,50,67,58,58,66,70,80,99,94,86,87,102,106,131,94,2025-09-06
4,4,하차,52,44,47,57,57,67,56,86,73,76,94,104,86,105,87,116,122,2025-09-06
2,3,하차,36,55,41,56,65,60,81,74,90,84,100,85,109,115,91,98,124,2025-09-06
3,2,하차,32,33,36,63,52,62,60,97,73,81,82,88,94,121,115,106,106,2025-09-06
1,9,하차,46,40,56,53,42,59,70,86,82,81,99,96,85,98,111,114,142,2025-09-06
3,8,하차,50,42,55,48,70,68,62,81,75,105,86,97,101,91,114,134,120,2025-09-06
3,2,승차,41,61,47,63,67,56,69,70,68,96,102,84,105,121,120,100,131,2025-09-06
4,6,승차,49,42,46,56,59,79,46,68,80,79,94,96,87,101,103,130,111,2025-09-06
1,3,하차,39,44,37,46,54,68,76,57,85,106,87,113,103,86,113,107,121,2025-09-06
3,3,하차,39,46,53,60,69,63,69,74,91,81,77,91,100,115,126,129,114,2025-09-06
3,5,하차,46,43,57,58,73,73,87,86,92,77,85,97,92,110,102,123,135,2025-09-06
1,7,하차,52,51,46,62,55,55,75,75,97,81,76,103,99,111,95,105,117,2025-09-06
4,7,승차,50,54,52,56,52,60,65,78,74,81,85,89,94,101,112,111,119,2025-09-06
3,1,승차,43,40,48,47,57,77,72,67,80,84,90,92,99,109,103,123,111,2025-09-06
2,7,승차,37,45,45,67,49,67,63,74,80,82,85,93,89,103,111,127,110,2025-09-06
3,7,승차,44,39,40,48,55,73,67,73,94,73,100,81,110,101,106,132,133,2025-09-06
2,6,하차,43,57,45,47,69,73,69,64,88,69,81,113,86,103,123,123,130,2025-09-06
4,6,하차,38,44,54,45,57,64,78,67,74,72,86,87,112,106,118,129,117,2025-09-06
3,2,하차,48,41,47,53,58,66,62,84,69,69,96,92,109,108,117,112,103,2025-09-06
1,3,승차,43,50,54,35,66,57,65,82,85,79,90,80,101,108,102,106,126,2025-09-06
1,3,하차,46,42,49,58,47,62,58,79,83,78,87,102,109,104,120,89,123,2025-09-06
3,3,하차,44,40,58,62,52,60,59,60,77,68,87,91,96,133,101,131,118,2025-09-06
4,2,승차,33,43,45,48,61,62,61,78,81,104,91,95,89,88,110,125,128,2025-09-06
4,9,승차,36,46,53,56,70,77,61,71,84,81,95,87,103,109,127,119,120,2025-09-06
1,6,승차,31,44,50,55,66,62,68,66,69,80,91,87,79,119,119,113,120,2025-09-06
3,2,승차,46,38,51,52,55,60,64,53,82,87,77,87,97,100,111,121,122,2025-09-06
4,3,승차,43,44,72,54,57,64,84,98,80,83,90,82,84,108,101,112,123,2025-09-06
1,6,하차,37,44,54,52,70,65,70,59,73,72,97,91,92,104,115,119,114,2025-09-06
2,4,하차,46,40,48,49,57,59,70,67,78,88,88,106,108,104,104,101,126,2025-09-06
3,7,승차,38,38,60,48,72,75,66,81,86,76,99,85,106,101,122,137,123,2025-09-06
2,6,하차,37,38,57,37,70,81,91,74,77,89,89,96,118,94,119,91,118,2025-09-06
2,6,하차,46,53,49,58,62,62,64,71,75,85,90,76,98,95,95,119,120,2025-09-06
4,3,하차,32,55,51,61,52,50,69,88,74,87,83,109,88,78,116,110,134,2025-09-06
4,8,하차,45,44,52,68,69,58,76,95,79,92,84,98,109,112,126,97,110,2025-09-06
4,9,승차,45,35,59,52,53,53,68,72,88,68,100,92,110,98,93,122,135,2025-09-06
3,6,하차,28,51,51,52,61,78,79,65,77,98,86,98,100,96,97,100,112,2025-09-06
2,2,하차,36,51,57,50,58,68,70,78,94,84,103,95,104,107,103,108,120,2025-09-06
3,1,하차,38,56,57,62,62,63,86,104,81,76,85,83,96,101,108,124,115,2025-09-06
4,3,승차,47,43,55,52,51,69,71,76,82,82,60,102,104,128,122,113,127,2025-09-06
2,3,하차,30,42,44,67,65,69,76,81,78,91,80,105,85,104,113,113,122,2025-09-06
3,8,승차,47,60,59,55,67,60,74,69,74,77,92,94,106,107,125,114,116,2025-09-06
3,5,승차,39,49,43,60,61,62,73,68,83,97,77,105,101,109,119,111,124,2025-09-06
1,1,승차,35,40,53,62,54,48,59,62,68,88,79,114,105,111,123,116,118,2025-09-06
3,4,승차,33,52,46,61,72,67,69,82,98,79,84,85,107,116,103,104,118,2025-09-06
4,7,하차,35,42,48,45,60,69,68,86,89,86,92,78,111,116,114,123,111,2025-09-06
3,5,승차,42,47,57,43,53,72,71,70,75,78,83,101,94,102,131,105,113,2025-09-06
2,6,승차,29,44,45,53,68,62,87,83,68,96,88,92,128,94,109,92,128,2025-09-06
3,4,승차,38,65,59,61,60,64,77,73,67,80,83,88,116,113,97,107,126,2025-09-06
1,2,승차,40,45,56,49,62,76,75,98,86,61,92,90,93,106,98,128,105,2025-09-06
2,9,승차,38,41,51,56,55,58,70,88,90,78,91,92,91,110,122,113,107,2025-09-06
2,2,하차,39,38,58,52,64,62,65,72,87,76,81,91,82,101,122,103,149,2025-09-06
1,2,승차,38,36,66,39,58,71,81,76,75,77,98,91,88,102,93,97,103,2025-09-06
4,2,하차,46,57,51,61,49,69,85,74,73,77,79,102,91,100,120,125,107,2025-09-06
2,1,하차,45,34,44,53,60,55,69,78,74,92,95,91,92,103,107,105,121,2025-09-06
4,3,승차,45,46,63,59,81,71,65,82,76,102,66,104,106,95,114,132,119,2025-09-06
2,6,하차,41,37,59,56,40,59,64,76,79,84,90,91,110,106,91,117,107,2025-09-06
2,7,하차,52,45,46,42,62,61,75,60,78,96,71,86,89,117,114,115,117,2025-09-06
4,1,하차,44,49,36,66,56,58,69,74,89,100,84,91,98,92,134,114,125,2025-09-06
2,5,승차,32,48,48,63,70,65,63,77,79,75,88,104,108,93,128,96,107,2025-09-06
4,5,승차,39,52,50,64,76,75,62,62,73,91,88,88,100,105,95,105,123,2025-09-06
1,1,승차,38,41,42,60,62,65,79,73,87,86,85,120,80,112,104,120,116,2025-09-06
4,4,승차,25,49,56,58,60,68,74,66,77,86,103,82,119,131,132,113,117,2025-09-06
1,1,승차,47,47,56,55,56,58,66,72,95,75,94,92,88,106,109,113,118,2025-09-06
2,1,승차,35,49,48,51,59,66,63,81,63,75,108,98,126,103,112,101,105,2025-09-06
4,7,승차,36,42,41,61,71,57,63,75,90,103,83,105,96,105,106,99,119,2025-09-06
2,7,하차,26,48,46,47,53,77,59,75,84,73,78,85,94,117,105,95,139,2025-09-06
4,3,하차,37,61,43,72,62,66,68,75,77,90,84,99,88,121,107,122,122,2025-09-06
1,7,승차,42,58,52,60,62,63,79,74,74,87,94,87,92,109,106,111,120,2025-09-06
1,3,하차,34,41,62,52,51,70,78,67,84,74,85,106,103,107,111,110,121,2025-09-06
4,2,승차,52,50,44,51,57,60,74,64,73,89,99,114,119,106,109,125,98,2025-09-06
1,4,승차,40,63,58,61,49,58,80,86,87,85,90,92,98,98,128,117,123,2025-09-06
2,3,승차,40,45,55,53,50,52,86,90,85,99,86,100,106,108,104,122,115,2025-09-06
2,7,하차,39,51,56,57,49,79,68,92,83,73,94,100,114,108,90,142,123,2025-09-06
3,1,승차,40,43,53,51,41,57,73,81,84,77,76,98,105,108,118,109,141,2025-09-06
1,6,승차,51,41,50,55,72,67,63,75,78,86,96,103,95,97,144,124,115,2025-09-06
2,2,승차,34,51,44,47,59,73,72,61,81,92,96,107,94,127,116,125,132,2025-09-06
4,8,승차,39,36,68,43,54,64,71,81,69,92,89,107,114,87,100,109,110,2025-09-06
1,5,하차,37,43,33,52,60,75,71,72,76,88,94,98,90,112,110,113,126,2025-09-06
2,3,승차,33,41,47,51,55,75,65,69,82,80,113,104,105,106,120,96,125,2025-09-06
1,7,하차,42,52,47,53,48,58,84,54,100,85,79,83,113,104,129,133,110,2025-09-06
4,2,하차,42,64,49,50,38,70,62,64,90,74,82,94,98,122,111,120,129,2025-09-06
2,5,승차,44,42,45,59,59,73,73,91,74,90,81,103,110,109,125,104,105,2025-09-06
3,8,승차,38,57,42,54,52,56,89,83,59,85,91,110,103,93,117,123,104,2025-09-06
3,1,하차,31,47,55,51,46,80,62,75,91,84,101,97,103,98,111,113,111,2025-09-06
1,1,하차,28,43,57,57,61,75,67,69,64,84,88,105,116,100,108,123,110,2025-09-06
4,3,하차,35,43,45,48,69,51,74,87,98,96,95,113,102,94,101,109,110,2025-09-06
2,3,하차,35,35,52,46,67,51,77,65,92,80,72,109,96,94,137,121,136,2025-09-06
4,7,승차,45,49,53,48,62,65,71,71,96,87,73,97,99,107,115,112,111,2025-09-06
2,6,하차,42,48,43,50,50,65,68,65,94,101,95,83,80,115,115,109,121,2025-09-06
1,7,하차,49,51,50,32,61,72,70,51,78,78,85,88,90,98,101,117,133,2025-09-06
2,4,하차,39,38,63,56,65,55,75,71,79,94,77,81,113,100,98,116,120,2025-09-06
4,2,하차,40,48,63,58,58,53,62,75,74,80,101,100,93,116,102,133,127,2025-09-06
4,2,승차,42,48,41,48,60,60,59,74,76,87,92,99,95,102,102,133,115,2025-09-06
1,1,승차,45,39,68,61,53,87,75,88,73,98,91,84,83,90,124,125,113,2025-09-06
4,9,승차,28,47,47,57,49,66,67,73,73,86,108,102,107,87,108,111,97,2025-09-06
2,7,하차,44,44,39,53,64,64,75,81,89,83,78,91,100,99,104,142,106,2025-09-06
1,3,하차,40,40,36,56,59,63,65,76,67,89,79,85,103,101,124,105,144,2025-09-06
2,2,승차,43,44,50,58,68,67,66,82,81,81,90,99,112,116,127,111,123,2025-09-06
4,3,승차,31,52,56,64,55,75,77,70,80,95,85,76,96,110,108,110,134,2025-09-06
1,7,하차,40,47,43,53,66,70,63,68,107,98,94,81,108,98,96,121,149,2025-09-06
2,5,승차,36,54,52,53,58,58,68,78,75,79,87,97,95,132,115,110,126,2025-09-06
4,3,하차,33,44,40,52,63,79,77,67,80,72,92,94,93,111,126,109,113,2025-09-06
4,9,하차,48,40,43,44,61,67,80,69,76,98,106,94,102,108,113,107,127,2025-09-06
3,2,하차,39,41,50,64,45,57,74,78,74,89,109,113,123,124,102,99,124,2025-09-06
4,7,하차,39,51,40,61,71,64,91,60,90,81,65,75,104,110,111,109,130,2025-09-06
2,6,하차,27,42,57,56,64,78,84,75,71,85,101,107,119,111,105,128,130,2025-09-06
1,6,하차,43,57,52,49,67,53,71,66,75,100,98,102,102,116,112,120,128,2025-09-06
3,7,승차,44,49,55,51,65,81,72,78,79,88,104,97,99,111,116,135,139,2025-09-06
4,6,승차,48,44,51,53,60,68,75,82,82,98,96,100,95,106,109,119,135,2025-09-06
4,2,승차,45,42,65,42,69,79,71,84,84,89,91,93,88,91,103,88,126,2025-09-06
4,5,하차,35,41,40,55,71,79,68,79,78,80,82,95,102,106,108,124,125,2025-09-06
2,3,승차,43,41,50,58,69,67,63,75,89,91,93,94,81,115,101,123,115,2025-09-06
3,9,하차,32,42,44,53,49,68,70,82,71,77,80,104,106,104,99,137,103,2025-09-06
2,8,하차,52,33,57,59,66,52,70,67,77,104,85,76,106,110,105,109,112,2025-09-06
3,2,하차,41,37,49,57,62,63,75,74,101,96,92,88,92,119,122,111,119,2025-09-06
1,1,하차,46,47,44,48,70,65,67,73,71,89,97,92,89,116,120,131,105,2025-09-06
2,4,승차,43,50,41,47,63,68,73,78,76,71,87,103,92,104,124,121,110,2025-09-06
2,4,승차,32,38,29,48,79,57,79,80,68,78,84,91,108,97,111,113,124,2025-09-06
1,2,승차,39,47,50,60,52,64,73,66,77,86,86,101,106,123,101,114,132,2025-09-06
3,7,하차,40,49,49,55,60,61,68,71,81,77,89,93,101,94,113,125,120,2025-09-06
4,3,승차,39,53,46,54,51,77,58,69,84,97,93,101,102,110,115,117,134,2025-09-06
1,7,승차,55,60,50,62,59,55,82,73,85,86,84,94,99,98,113,116,97,2025-09-06
4,7,승차,39,48,60,52,50,61,68,72,63,94,95,85,104,103,129,100,132,2025-09-06
4,1,하차,41,43,36,70,66,68,67,72,62,92,97,81,104,94,94,121,128,2025-09-06
1,6,승차,47,42,52,55,54,63,72,71,68,93,82,107,102,106,110,127,112,2025-09-06
3,4,하차,41,39,37,57,53,76,66,65,83,87,93,76,100,99,102,111,143,2025-09-06
4,8,승차,56,43,52,56,58,60,77,94,88,109,94,96,97,99,109,113,115,2025-09-06
1,8,하차,38,51,46,56,57,67,89,67,70,102,88,75,104,115,98,113,118,2025-09-06
2,3,승차,53,48,51,50,61,83,82,77,93,73,102,95,102,95,103,110,116,2025-09-06
2,4,승차,49,32,57,59,62,78,59,78,70,100,82,94,87,130,108,113,114,2025-09-06
2,1,승차,41,37,62,49,51,67,72,71,82,100,94,107,103,93,120,108,132,2025-09-06
1,2,하차,46,50,64,41,59,66,66,76,92,88,100,78,78,113,116,118,126,2025-09-06
2,7,승차,39,34,48,61,57,60,71,73,82,84,91,110,91,115,101,122,126,2025-09-06
4,7,승차,39,39,64,49,62,58,70,86,68,78,83,90,102,107,111,116,112,2025-09-06
2,9,하차,36,56,55,55,72,68,54,73,67,98,102,99,89,107,113,98,114,2025-09-06
2,9,하차,37,51,57,55,54,57,69,74,84,76,108,91,104,116,99,110,110,2025-09-06
4,9,하차,36,43,44,48,61,75,86,82,78,90,92,91,105,96,117,127,122,2025-09-06
2,6,하차,39,42,53,57,51,71,73,82,70,97,79,95,105,102,131,121,117,2025-09-06
4,8,승차,47,38,61,45,59,61,76,82,79,95,84,99,107,94,102,126,122,2025-09-06
2,9,승차,34,47,59,63,51,59,61,70,86,82,80,83,92,104,114,100,119,2025-09-06
4,7,하차,36,54,47,64,62,85,81,73,69,75,93,93,97,100,95,128,117,2025-09-06
2,4,승차,38,49,57,57,59,77,57,78,82,94,95,104,116,105,107,107,152,2025-09-06
4,4,하차,40,41,45,56,57,64,67,73,75,81,93,84,94,97,125,122,129,2025-09-06
1,6,승차,41,53,55,55,58,60,61,79,82,71,91,80,96,132,96,120,135,2025-09-06
4,4,하차,45,54,46,51,59,62,74,76,73,105,92,111,122,90,111,104,121,2025-09-06
2,7,승차,40,48,44,57,56,61,70,84,69,87,83,85,94,122,120,102,116,2025-09-06
2,8,하차,42,44,57,40,65,66,77,72,71,98,75,78,90,116,110,144,120,2025-09-06
3,8,하차,47,47,56,56,65,58,74,72,66,94,93,71,77,91,93,117,128,2025-09-06
4,8,승차,33,32,41,52,68,59,70,83,82,87,86,102,104,94,129,131,125,2025-09-06
1,2,승차,43,45,39,45,63,62,78,69,75,85,79,90,97,117,99,112,106,2025-09-06
4,2,승차,42,51,51,65,66,59,89,83,89,85,87,112,96,108,117,163,134,2025-09-06
4,2,하차,34,43,48,50,66,58,69,71,85,86,91,95,109,110,107,128,126,2025-09-06
1,2,승차,47,44,54,60,72,54,62,78,88,102,92,101,101,102,115,113,101,2025-09-06
4,4,하차,41,36,56,55,61,65,61,81,92,71,85,94,92,89,101,104,120,2025-09-06
1,5,승차,39,42,52,53,60,65,62,88,72,83,97,94,107,110,115,110,121,2025-09-06
1,4,승차,43,52,61,60,47,62,71,66,87,83,91,91,106,98,96,123,125,2025-09-06
4,5,하차,51,43,50,64,55,68,76,86,91,96,86,109,91,108,113,108,140,2025-09-06
4,4,하차,39,60,43,68,64,73,76,74,80,71,92,94,100,100,107,91,128,2025-09-06
2,7,승차,43,55,55,73,53,60,50,68,81,81,93,82,111,117,116,135,124,2025-09-06
2,1,하차,41,51,48,54,71,72,85,70,84,79,95,89,102,110,97,111,119,2025-09-06
3,1,하차,41,51,56,58,76,57,71,73,61,83,104,88,96,97,118,121,128,2025-09-06
3,2,승차,44,48,61,67,59,68,81,95,64,76,80,89,100,105,111,117,127,2025-09-06
4,1,하차,36,47,55,73,63,69,58,77,76,86,79,97,80,113,111,127,115,2025-09-06
1,3,승차,39,44,59,60,52,70,76,79,79,78,100,109,87,94,102,111,120,2025-09-06
3,6,승차,38,36,48,57,68,63,83,81,89,84,95,88,109,98,116,119,102,2025-09-06
4,6,하차,37,43,58,54,66,75,84,65,82,97,77,101,90,103,102,104,119,2025-09-06
3,1,승차,44,42,49,51,61,69,90,89,68,74,93,95,107,95,100,100,132,2025-09-06
1,6,하차,37,44,49,59,52,61,68,73,68,73,99,84,93,96,125,117,116,2025-09-06
4,5,승차,29,55,45,60,65,61,65,80,83,102,92,89,105,120,109,97,120,2025-09-06
1,7,하차,46,52,56,64,51,57,85,81,86,86,85,83,100,125,88,108,133,2025-09-06
4,6,하차,45,29,43,50,48,71,60,90,86,95,83,83,115,103,119,117,116,2025-09-06
3,7,하차,38,34,50,67,62,62,63,84,84,85,85,106,115,126,105,95,135,2025-09-06
2,2,하차,55,43,46,52,54,70,56,73,84,78,91,101,92,116,105,115,130,2025-09-06
3,1,하차,33,46,45,61,55,77,62,86,88,88,87,98,102,99,109,108,111,2025-09-06
3,7,승차,42,41,43,54,59,65,86,88,80,79,108,103,109,93,114,113,119,2025-09-06
2,9,승차,41,44,60,49,49,68,82,82,106,91,78,100,100,117,105,95,129,2025-09-06
2,2,하차,39,53,56,64,54,54,73,73,82,78,97,98,84,92,119,119,151,2025-09-06
4,7,승차,30,32,51,47,55,56,69,59,71,98,93,93,106,111,105,92,110,2025-09-06
4,3,하차,53,48,50,47,65,58,64,68,89,88,98,98,110,89,104,113,98,2025-09-06
1,6,하차,43,49,42,48,57,71,76,89,73,79,94,92,105,109,107,116,122,2025-09-06
1,3,승차,38,39,53,58,70,66,68,69,69,102,89,98,102,93,140,129,131,2025-09-06
3,5,승차,33,54,56,52,74,65,62,78,80,74,101,103,79,90,104,124,123,2025-09-06
2,2,하차,38,45,56,51,68,75,82,83,65,94,81,93,101,113,101,117,141,2025-09-06
1,8,하차,34,41,46,61,61,68,69,68,70,83,85,90,87,101,125,131,122,2025-09-06
3,8,하차,38,48,39,60,58,68,74,97,91,87,82,94,101,121,117,121,110,2025-09-06
2,7,하차,38,38,68,56,65,54,77,80,88,83,76,105,108,121,118,95,118,2025-09-06
4,6,하차,40,50,41,53,56,78,85,83,93,87,96,100,101,115,124,110,133,2025-09-06
3,1,하차,41,52,58,48,54,59,56,74,82,75,94,94,90,89,106,114,121,2025-09-06
4,8,승차,37,42,56,42,62,70,68,53,77,85,75,78,98,115,102,112,116,2025-09-06
1,1,하차,41,47,41,51,60,83,66,88,80,83,89,77,101,114,104,95,121,2025-09-06
1,8,하차,37,42,46,44,43,64,55,75,83,90,91,105,122,107,113,111,132,2025-09-06
2,2,승차,47,45,46,47,70,82,66,65,80,82,87,97,108,115,126,120,133,2025-09-06
3,8,하차,43,39,47,58,59,65,58,72,77,82,104,106,104,101,110,109,100,2025-09-06
4,4,하차,43,44,53,45,53,68,65,77,91,82,91,96,119,119,103,104,104,2025-09-06
2,7,승차,47,34,47,51,54,63,81,74,91,87,85,91,117,112,116,129,101,2025-09-06
1,5,하차,48,46,47,50,70,71,75,78,85,104,102,91,114,95,126,122,132,2025-09-06
1,8,승차,44,39,38,53,64,61,63,64,80,71,83,96,100,110,82,111,148,2025-09-06
3,6,하차,53,39,51,51,46,63,74,57,95,97,85,81,101,97,116,110,133,2025-09-06
4,5,승차,31,47,65,54,66,69,70,82,84,104,98,76,104,104,115,111,112,2025-09-06
3,1,승차,41,36,41,66,71,78,73,83,83,91,96,103,90,105,105,89,132,2025-09-06
4,3,승차,36,48,52,58,55,62,81,74,82,65,77,103,100,123,94,120,117,2025-09-06
4,9,하차,33,45,60,51,48,65,67,75,75,69,75,85,106,84,117,110,135,2025-09-06
3,9,하차,36,51,42,56,63,79,74,60,83,93,82,86,93,90,96,109,121,2025-09-06
2,5,승차,44,38,60,60,64,60,59,74,84,73,99,92,103,100,96,118,113,2025-09-06
3,3,승차,40,33,47,66,53,55,78,74,65,83,72,92,98,132,120,110,111,2025-09-06
3,6,하차,42,42,42,44,44,53,71,75,80,82,90,82,91,105,113,124,117,2025-09-06
1,5,하차,35,53,54,56,59,57,63,80,87,88,106,94,114,95,106,111,117,2025-09-06
1,1,하차,43,41,60,57,59,73,67,68,75,73,103,108,105,104,116,113,125,2025-09-06
3,2,하차,36,43,57,51,61,71,69,84,64,76,83,114,118,122,119,119,103,2025-09-06
3,5,하차,40,42,49,50,63,62,60,70,95,86,88,82,98,111,113,108,129,2025-09-06
1,9,승차,48,48,55,63,63,77,81,74,69,93,82,101,117,108,119,119,118,2025-09-06
4,4,하차,44,43,59,56,60,65,71,59,80,79,96,105,88,108,112,103,119,2025-09-06
3,9,승차,37,47,64,44,68,61,81,82,85,103,87,100,103,106,115,120,137,2025-09-06
2,3,하차,57,39,55,45,72,76,63,72,89,93,77,97,92,103,89,102,102,2025-09-06
2,1,승차,37,48,52,52,52,62,61,80,89,90,79,110,104,115,147,139,123,2025-09-06
2,6,승차,40,39,51,54,63,43,76,93,77,76,104,105,84,102,109,106,115,2025-09-06
3,7,하차,40,43,53,54,68,61,74,77,93,102,88,90,114,100,107,125,95,2025-09-06
4,4,승차,48,34,45,45,53,69,58,79,81,88,104,99,100,92,102,123,115,2025-09-06
4,5,승차,41,48,58,61,67,79,68,80,82,84,89,97,109,116,104,116,100,2025-09-06
1,4,승차,40,38,50,43,48,65,68,85,85,82,99,105,91,95,95,113,114,2025-09-06
3,3,승차,27,40,42,51,59,52,73,72,90,74,89,105,104,124,100,118,126,2025-09-06
4,1,하차,28,43,37,54,51,77,84,73,81,93,95,90,115,88,100,127,128,2025-09-06
3,6,승차,39,50,54,83,56,62,66,70,81,74,112,102,126,100,99,103,129,2025-09-06
1,5,하차,43,45,53,69,59,59,71,66,65,87,97,81,86,134,121,103,124,2025-09-06
1,1,승차,35,47,42,56,48,81,67,88,78,83,92,83,91,130,112,115,104,2025-09-06
1,5,하차,39,52,54,57,64,66,91,68,79,77,80,111,105,110,113,114,121,2025-09-06
2,6,하차,54,40,50,56,71,79,63,70,79,81,103,81,99,117,122,119,120,2025-09-06
3,5,하차,46,44,54,59,60,52,94,67,79,79,88,100,95,72,87,102,116,2025-09-06
1,1,승차,47,37,57,57,81,69,92,73,77,82,81,101,106,95,116,113,118,2025-09-06
3,5,하차,47,50,59,48,57,59,58,74,80,84,76,95,101,123,119,118,111,2025-09-06
2,1,하차,38,54,48,55,60,75,55,74,73,92,90,105,101,132,131,110,124,2025-09-06
2,3,승차,37,38,44,65,62,60,68,73,73,75,97,92,105,118,119,120,119,2025-09-06
1,2,하차,28,48,54,57,59,67,72,72,85,75,109,82,89,111,127,118,99,2025-09-06
1,1,승차,39,59,61,68,54,50,65,67,82,86,101,78,109,125,116,104,133,2025-09-06
4,4,승차,42,45,40,55,63,62,83,84,87,73,78,81,96,96,98,130,135,2025-09-06
3,2,하차,44,46,43,58,51,63,66,88,77,96,91,105,103,112,99,107,112,2025-09-06
1,5,승차,55,38,51,63,60,63,57,72,70,87,99,102,96,94,104,121,117,2025-09-06
4,1,승차,35,48,42,68,51,73,68,97,93,89,111,95,81,106,100,101,122,2025-09-06
3,1,승차,52,55,45,62,59,50,61,74,85,83,84,104,120,88,111,109,125,2025-09-06
1,4,하차,39,44,53,55,60,56,74,92,75,75,84,85,98,106,95,112,118,2025-09-06
4,7,승차,52,44,37,51,57,57,81,71,65,67,85,85,94,94,94,120,108,2025-09-06
4,2,승차,33,41,54,54,68,60,71,79,75,86,97,102,113,118,138,109,108,2025-09-06
3,2,승차,40,42,57,53,57,66,62,76,81,87,76,83,91,101,103,118,118,2025-09-06
4,1,하차,40,38,50,66,56,72,69,73,108,84,107,100,85,97,122,126,128,2025-09-06
3,5,승차,38,58,48,55,56,70,62,68,82,81,97,112,84,103,121,98,118,2025-09-06
3,6,하차,29,32,53,53,62,55,73,87,99,94,99,90,112,124,102,114,123,2025-09-06
3,6,승차,37,46,45,58,66,64,68,92,80,86,82,97,95,130,120,103,120,2025-09-06
2,2,하차,37,48,52,51,52,50,53,69,75,94,95,98,97,109,109,129,128,2025-09-06
4,7,하차,44,48,56,60,66,74,72,74,85,82,94,101,88,108,93,103,105,2025-09-06
3,6,하차,38,38,55,51,58,52,82,60,82,72,94,95,91,95,112,117,115,2025-09-06
1,8,승차,44,34,42,55,73,70,63,74,69,100,71,88,100,113,116,110,111,2025-09-06
2,6,승차,42,46,47,50,61,79,78,58,70,81,89,99,98,105,99,96,109,2025-09-06
2,9,승차,43,35,51,47,47,60,72,70,91,95,82,94,91,102,97,110,134,2025-09-06
4,2,하차,40,46,49,56,71,47,62,66,83,79,98,104,87,107,115,119,129,2025-09-06
3,7,승차,34,47,50,46,62,45,80,61,84,88,86,81,106,110,108,120,153,2025-09-06
4,5,승차,42,38,48,67,59,61,76,68,84,93,89,85,99,106,117,114,99,2025-09-06
2,1,하차,50,48,46,46,63,62,67,65,78,90,77,104,95,109,103,116,129,2025-09-06
3,3,승차,43,40,44,73,46,62,72,57,84,88,93,85,86,109,122,114,133,2025-09-06
1,4,승차,37,52,57,60,48,70,71,65,76,82,88,97,95,85,106,121,100,2025-09-06
3,2,하차,35,43,55,56,59,69,71,74,77,90,84,93,99,90,102,132,126,2025-09-06
2,7,하차,39,34,55,46,63,50,66,81,77,86,82,106,98,106,99,122,126,2025-09-06
1,1,승차,43,49,42,62,69,72,47,73,87,91,103,107,107,97,95,136,126,2025-09-06
3,3,하차,34,43,69,58,61,63,84,69,65,78,95,91,90,111,98,95,119,2025-09-06
1,9,승차,35,58,49,53,51,68,70,84,74,110,98,80,88,112,104,113,130,2025-09-06
1,2,승차,32,44,57,61,60,61,64,58,76,93,90,101,103,99,108,112,123,2025-09-06
2,5,승차,35,57,58,60,59,66,73,84,72,83,82,83,98,115,114,103,122,2025-09-06
1,4,승차,45,41,56,56,48,61,87,79,69,88,86,86,105,96,111,102,127,2025-09-06
4,3,승차,37,49,45,46,59,73,83,72,79,65,100,104,104,103,116,93,121,2025-09-06
2,5,하차,41,45,49,75,59,67,73,58,84,85,109,76,94,98,128,126,129,2025-09-06
4,6,하차,45,43,48,54,44,73,66,74,81,89,106,90,91,125,127,123,121,2025-09-06
1,1,승차,38,46,51,49,66,60,73,93,87,102,90,89,95,104,109,115,135,2025-09-06
4,2,하차,41,54,61,55,63,71,64,83,90,88,84,82,85,115,110,111,128,2025-09-06
3,1,하차,37,38,56,51,59,65,55,61,97,90,86,99,93,112,117,114,129,2025-09-06
1,3,승차,42,38,57,47,65,67,74,66,83,83,85,88,111,100,106,115,127,2025-09-06
3,8,하차,49,42,51,52,49,55,68,86,94,79,104,111,121,91,104,115,113,2025-09-06
4,8,하차,39,47,41,54,64,60,75,59,77,100,97,83,92,108,118,113,112,2025-09-06
3,4,승차,44,56,45,57,50,68,62,71,74,78,104,99,109,86,94,128,113,2025-09-06
1,6,승차,32,47,42,52,54,67,67,66,74,91,77,84,97,121,110,108,108,2025-09-06
3,9,승차,52,46,52,64,50,78,84,78,85,84,95,80,97,115,87,111,138,2025-09-06
4,7,승차,37,37,42,48,59,67,64,80,86,79,83,109,97,124,100,122,111,2025-09-06
4,2,승차,36,58,43,57,51,66,80,85,81,95,87,101,114,112,110,118,107,2025-09-06
4,2,승차,36,60,57,47,42,62,57,88,70,76,91,82,75,97,110,102,125,2025-09-06
1,3,승차,27,27,46,39,72,56,76,71,81,84,82,109,109,111,106,118,113,2025-09-06
4,8,하차,40,48,44,39,68,68,62,76,94,101,99,108,111,106,97,129,129,2025-09-06
1,9,승차,47,40,49,53,65,65,66,67,74,92,84,97,116,120,108,134,103,2025-09-06
3,3,하차,37,42,47,64,52,66,73,74,62,79,89,91,107,121,120,116,115,2025-09-06
4,9,하차,37,41,51,55,70,71,64,63,72,105,75,87,98,120,115,116,122,2025-09-06
3,8,승차,37,46,46,57,64,51,64,67,84,89,90,86,102,105,96,111,105,2025-09-06
2,5,하차,45,45,64,49,61,60,63,66,94,83,79,99,91,96,106,125,124,2025-09-06
3,3,하차,37,53,46,44,60,65,66,70,84,85,101,94,95,116,111,115,131,2025-09-06
2,7,하차,40,55,54,57,60,67,71,74,76,72,101,90,91,101,110,125,112,2025-09-06
3,9,승차,31,44,50,60,64,68,74,78,74,100,111,85,92,100,107,114,104,2025-09-06
1,6,하차,42,44,53,48,58,64,67,72,76,87,92,84,98,94,103,118,110,2025-09-06
3,3,하차,35,44,54,45,58,75,67,81,70,97,83,94,92,99,112,108,130,2025-09-06
1,5,승차,42,40,65,60,55,70,75,64,92,83,76,97,84,101,108,114,108,2025-09-06
1,7,하차,40,46,53,51,49,67,56,61,92,86,77,93,98,102,114,109,121,2025-09-06
4,8,하차,43,50,44,54,62,53,75,82,57,84,88,83,97,94,133,129,122,2025-09-06
1,4,하차,43,46,49,44,60,53,79,63,89,83,100,97,106,114,124,109,113,2025-09-06
2,2,하차,38,39,44,43,62,80,72,78,91,96,100,121,113,106,118,122,129,2025-09-06
4,2,하차,44,39,46,42,60,70,63,77,77,96,89,91,91,114,102,120,128,2025-09-06
4,3,승차,36,46,51,57,70,65,86,74,86,80,86,104,85,112,119,114,130,2025-09-06
3,8,하차,41,43,50,59,51,67,58,70,74,81,85,102,94,107,105,116,122,2025-09-06
1,1,승차,53,53,56,68,62,65,67,103,74,101,77,101,104,120,100,124,99,2025-09-06
1,7,하차,49,39,57,53,59,67,72,95,88,89,96,108,96,103,112,120,117,2025-09-06
2,6,승차,33,40,35,58,57,57,64,80,97,77,108,103,106,103,117,114,123,2025-09-06
3,2,승차,40,59,47,52,42,70,65,70,71,87,86,85,80,86,113,131,126,2025-09-06
3,9,승차,33,52,43,56,46,52,62,76,99,90,78,89,105,113,108,111,125,2025-09-06
4,5,하차,35,48,54,61,61,59,65,65,89,105,99,98,91,103,103,97,118,2025-09-06
4,2,하차,36,41,49,60,65,63,66,77,66,71,82,92,91,116,117,112,126,2025-09-06
4,3,하차,38,49,51,56,61,67,73,87,77,95,91,113,103,113,93,123,121,2025-09-06
2,7,하차,32,45,46,73,43,58,68,89,77,73,91,84,124,103,99,110,131,2025-09-06
2,7,하차,34,53,58,54,56,80,73,93,78,82,90,100,79,123,102,102,123,2025-09-06
4,1,승차,44,49,44,49,48,58,75,67,74,85,102,95,110,102,109,130,101,2025-09-06
3,4,승차,37,50,38,54,57,66,71,84,83,95,77,95,97,105,101,116,130,2025-09-06
2,6,승차,27,48,50,48,62,72,71,71,86,86,85,96,95,113,101,111,109,2025-09-06
3,8,하차,36,46,50,46,72,79,75,66,69,92,91,95,97,98,108,131,108,2025-09-06
3,3,하차,36,38,41,65,65,54,56,78,71,85,92,93,100,83,112,115,120,2025-09-06
1,3,승차,27,54,50,69,49,78,81,74,65,81,97,84,100,97,89,135,122,2025-09-06
4,8,하차,50,52,48,56,58,54,75,64,71,78,82,75,83,104,118,114,110,2025-09-06
1,8,하차,42,45,47,47,50,63,61,77,84,90,73,98,73,102,101,121,118,2025-09-06
4,8,승차,43,46,51,62,58,58,82,74,80,90,89,111,93,111,111,91,127,2025-09-06
4,1,승차,38,36,58,51,55,62,79,73,71,91,115,97,96,122,107,127,151,2025-09-06
3,8,하차,40,43,60,58,66,60,74,69,67,71,101,87,102,109,117,118,103,2025-09-06
4,8,하차,37,44,56,44,64,67,81,81,73,77,88,100,107,91,97,103,137,2025-09-06
3,2,승차,43,45,49,51,58,64,63,71,87,81,79,104,102,78,102,131,129,2025-09-06
3,9,하차,22,52,43,45,66,63,75,61,87,94,79,81,91,88,122,95,126,2025-09-06
4,7,승차,35,51,47,52,60,67,68,83,69,84,89,102,75,105,136,101,121,2025-09-06
3,8,승차,31,56,55,44,65,70,72,70,79,85,92,90,112,100,102,102,116,2025-09-06
3,2,승차,50,55,53,61,62,81,57,75,72,74,98,103,85,103,104,130,106,2025-09-06
3,4,하차,42,56,36,55,67,66,70,70,82,75,97,98,111,116,118,120,117,2025-09-06
2,7,승차,36,34,58,48,67,68,63,82,72,90,81,98,92,103,97,106,108,2025-09-06
3,6,승차,42,52,47,67,69,78,67,89,91,78,94,85,107,115,101,109,132,2025-09-06
2,7,하차,38,65,51,51,70,56,74,74,83,89,90,92,106,105,115,116,119,2025-09-06
2,1,승차,38,46,60,52,60,53,71,72,67,81,109,105,97,101,118,99,129,2025-09-06
3,8,하차,47,40,45,48,69,59,77,81,68,97,77,88,92,109,100,129,144,2025-09-06
3,7,하차,42,46,41,58,61,58,80,75,90,90,89,69,89,111,107,124,153,2025-09-06
2,4,하차,40,42,37,49,58,77,75,74,88,83,91,93,107,110,114,118,123,2025-09-06
2,1,승차,51,40,42,65,67,67,78,57,77,102,87,111,102,105,99,106,130,2025-09-06
3,8,승차,40,39,49,53,63,71,83,70,76,75,85,93,88,98,120,115,113,2025-09-06
3,7,하차,33,39,51,48,71,69,73,78,95,69,85,91,96,96,110,106,106,2025-09-06
4,8,하차,42,52,44,59,63,66,82,75,74,84,94,80,107,100,113,118,108,2025-09-06
2,1,하차,37,52,46,44,45,81,77,71,76,81,96,90,102,109,111,124,158,2025-09-06
2,5,승차,32,36,49,55,68,72,64,84,83,101,87,100,87,102,99,123,124,2025-09-06
4,9,하차,46,43,54,44,64,61,68,83,73,69,96,91,98,109,115,113,127,2025-09-06
2,5,하차,44,41,49,57,58,64,47,57,69,91,96,75,91,102,127,116,129,2025-09-06
1,3,하차,52,47,49,65,64,73,73,83,61,76,76,90,104,111,107,131,103,2025-09-06
2,9,승차,37,54,49,61,58,54,57,73,75,118,97,78,77,99,127,109,124,2025-09-06
4,9,하차,36,43,47,62,75,53,74,70,93,77,97,84,81,116,118,107,117,2025-09-06
1,4,승차,35,34,50,57,49,85,68,69,82,74,93,88,102,108,89,122,114,2025-09-06
3,4,승차,44,51,56,53,50,65,59,79,81,71,100,82,101,94,126,116,104,2025-09-06
4,8,하차,36,41,54,71,45,63,74,75,74,96,101,98,112,97,100,130,117,2025-09-06
4,7,하차,39,58,46,55,63,73,57,89,80,74,104,78,114,114,117,111,122,2025-09-06
3,5,하차,43,53,42,55,43,77,73,84,76,95,82,89,102,102,145,121,130,2025-09-06
4,6,승차,36,46,45,41,49,65,70,77,75,92,86,91,113,111,106,125,92,2025-09-06
2,3,승차,27,57,56,49,52,61,70,81,75,103,84,100,104,105,126,111,129,2025-09-06
3,6,승차,51,45,55,52,60,56,76,83,76,105,81,94,89,108,127,129,131,2025-09-06
4,8,하차,36,46,61,56,62,60,77,76,97,85,82,76,85,105,110,111,125,2025-09-06
3,9,승차,49,50,57,40,57,59,75,72,95,102,96,90,109,97,110,110,111,2025-09-06
3,3,하차,33,44,53,52,56,60,67,72,81,91,97,90,100,105,115,107,124,2025-09-06
3,8,하차,37,43,50,68,57,58,68,71,82,80,94,108,100,99,116,129,124,2025-09-06
1,3,하차,35,45,49,62,45,73,65,90,90,76,92,82,87,102,92,117,121,2025-09-06
4,2,승차,32,42,42,54,71,70,70,70,74,76,87,102,107,116,95,115,114,2025-09-06
1,5,승차,42,30,45,51,58,64,75,74,86,85,82,99,97,101,108,122,129,2025-09-06
4,4,승차,38,34,44,55,59,60,60,72,84,102,79,116,117,103,104,113,114,2025-09-06
2,5,하차,31,43,52,51,56,55,65,72,77,99,90,76,101,116,124,104,115,2025-09-06
2,6,승차,55,46,58,69,59,71,77,69,75,84,76,93,92,104,96,111,133,2025-09-06
2,3,승차,36,38,57,57,59,69,66,59,75,84,96,73,87,94,104,121,130,2025-09-06
4,1,하차,31,61,44,39,59,75,73,61,92,89,83,86,113,113,122,115,125,2025-09-06
3,4,하차,36,34,48,64,47,57,66,73,76,86,107,106,109,116,102,111,129,2025-09-06
3,6,승차,32,46,45,46,60,66,80,65,72,83,82,96,106,104,114,134,113,2025-09-06
1,2,하차,37,42,39,56,65,51,67,67,74,82,93,97,92,95,118,128,115,2025-09-06
1,2,승차,38,48,52,58,77,59,73,74,87,92,93,100,105,121,88,92,121,2025-09-06
2,1,하차,33,45,56,54,64,64,61,77,85,86,72,95,100,114,103,117,128,2025-09-06
1,9,하차,40,44,70,60,59,70,79,87,80,83,84,112,104,106,118,129,140,2025-09-06
4,3,승차,38,49,50,57,65,61,77,67,88,78,93,112,110,89,106,127,114,2025-09-06
4,2,하차,44,42,39,66,61,56,55,89,74,72,73,94,106,99,102,110,119,2025-09-06
1,4,하차,44,52,44,58,50,52,77,78,77,73,81,107,107,115,103,103,111,2025-09-06
1,6,하차,37,51,61,55,56,81,61,76,75,81,98,96,120,115,105,110,120,2025-09-06
1,1,승차,42,38,47,54,69,59,58,73,83,74,86,93,99,96,108,111,132,2025-09-06
1,9,하차,41,47,36,42,63,63,82,86,90,101,96,105,90,106,110,121,123,2025-09-06
2,9,하차,52,48,48,65,54,74,71,65,84,81,83,89,104,120,126,113,115,2025-09-06
2,8,승차,49,36,50,54,60,56,65,71,66,87,90,98,98,80,106,127,136,2025-09-06
1,6,승차,43,35,49,55,54,61,68,80,68,87,94,99,109,93,105,144,111,2025-09-06
4,4,하차,32,45,56,46,72,72,84,77,75,80,92,110,98,110,95,111,112,2025-09-06
2,2,하차,34,34,46,55,63,84,63,73,65,78,72,111,128,106,105,120,117,2025-09-06
4,8,하차,39,38,51,46,58,55,53,71,101,74,88,97,102,101,112,99,113,2025-09-06
3,7,승차,42,47,42,54,49,75,61,67,88,84,97,91,96,100,118,113,116,2025-09-06
4,4,하차,30,46,53,54,59,52,70,84,85,89,85,99,102,95,134,129,129,2025-09-06
1,3,승차,35,44,43,59,57,71,83,71,87,101,90,101,89,127,86,107,129,2025-09-06
3,6,승차,36,34,46,50,69,63,63,71,88,85,77,97,93,114,111,117,129,2025-09-06
2,1,하차,52,47,61,71,52,65,61,78,65,92,102,104,116,96,124,110,126,2025-09-06
2,2,하차,42,37,43,59,51,66,68,64,75,92,86,91,87,100,108,116,131,2025-09-06
3,7,승차,45,53,51,60,51,63,71,68,88,98,98,99,91,105,105,121,129,2025-09-06
4,3,하차,53,46,38,64,69,60,67,74,78,75,83,96,98,111,116,99,121,2025-09-06
2,1,하차,42,42,50,60,69,73,75,78,93,87,89,90,105,96,109,118,127,2025-09-06
1,2,승차,39,54,48,60,56,58,73,70,77,86,97,96,101,100,90,112,122,2025-09-06
3,9,하차,40,55,52,66,50,66,62,57,83,86,93,99,97,120,117,102,135,2025-09-06
1,7,승차,44,55,54,65,50,64,87,70,61,92,106,77,119,103,123,120,122,2025-09-06
3,7,하차,42,53,53,57,63,70,50,87,71,80,93,96,88,106,118,124,127,2025-09-06
2,8,승차,38,48,51,43,54,76,62,69,91,90,96,92,92,120,126,99,119,2025-09-06
4,8,승차,28,47,57,50,85,67,62,77,67,107,93,82,96,86,117,96,124,2025-09-06
3,9,하차,37,39,52,56,61,75,56,79,82,75,89,102,92,107,122,122,118,2025-09-06
3,2,승차,43,49,60,50,56,68,77,95,74,75,97,98,104,108,121,113,122,2025-09-06
1,8,승차,45,58,63,61,59,48,64,67,74,91,87,110,102,105,111,93,116,2025-09-06
2,8,하차,40,39,56,51,74,70,61,81,78,88,96,93,95,99,101,109,128,2025-09-06
1,5,하차,46,40,51,75,64,73,67,68,83,88,76,91,113,104,114,122,114,2025-09-06
2,5,하차,47,41,52,62,78,57,76,80,93,82,83,88,110,110,113,107,122,2025-09-06
1,4,승차,43,48,45,61,64,56,64,76,88,79,94,105,99,126,113,119,108,2025-09-06
3,5,승차,42,37,42,60,64,55,66,78,72,89,96,87,119,92,134,128,125,2025-09-06
1,2,승차,29,42,42,52,61,69,49,76,73,80,90,97,110,106,107,115,135,2025-09-06
4,2,하차,44,47,53,53,74,48,80,74,75,87,107,84,112,112,101,111,120,2025-09-06
2,5,승차,40,45,48,39,43,63,66,72,75,80,85,96,86,98,89,111,137,2025-09-06
2,3,승차,31,37,69,63,56,68,68,85,79,91,86,111,103,105,119,90,119,2025-09-06
3,1,하차,45,49,50,53,42,83,73,89,89,88,93,93,108,101,126,88,108,2025-09-06
2,9,승차,33,42,45,53,68,64,77,74,62,67,94,101,101,85,104,113,126,2025-09-06
4,2,하차,32,47,56,52,52,63,66,66,91,80,86,113,103,107,114,100,101,2025-09-06
1,2,하차,34,50,48,45,63,70,67,81,89,103,81,90,115,112,118,100,120,2025-09-06
3,4,하차,50,42,59,50,54,62,72,75,77,94,73,87,128,98,107,120,123,2025-09-06
4,2,승차,41,49,49,48,50,60,74,86,82,89,86,88,117,98,122,104,109,2025-09-06
2,7,승차,44,41,49,50,51,74,66,73,77,82,110,100,112,111,115,117,115,2025-09-06
2,1,승차,46,52,44,51,62,66,73,83,71,98,79,82,106,110,100,116,128,2025-09-06
4,2,하차,40,42,50,58,67,75,64,77,62,101,96,92,101,107,119,124,112,2025-09-06
1,5,하차,35,41,51,63,54,61,81,78,77,80,105,117,99,115,116,110,128,2025-09-06
1,2,하차,43,44,46,53,64,66,68,72,77,77,78,99,98,97,102,104,139,2025-09-06
3,9,승차,54,49,45,58,70,44,69,77,78,72,76,117,111,106,87,128,114,2025-09-06
2,4,승차,51,40,64,35,59,68,65,66,88,89,79,92,86,105,108,109,128,2025-09-06
4,9,승차,47,39,37,46,47,57,68,71,70,96,96,86,88,96,103,110,135,2025-09-06
1,1,승차,40,44,61,64,69,69,71,79,80,91,98,95,110,122,124,97,132,2025-09-06
3,1,승차,43,48,62,63,44,72,62,69,95,90,94,114,102,106,111,112,132,2025-09-06
2,1,하차,41,46,41,53,52,66,76,71,60,79,86,85,96,112,101,112,100,2025-09-06
2,4,승차,40,49,29,70,56,69,76,82,78,75,90,103,107,110,120,104,137,2025-09-06
3,9,하차,40,38,52,44,66,68,73,70,72,104,92,90,98,106,108,111,109,2025-09-06
3,8,하차,53,36,41,54,61,61,67,82,72,85,85,77,107,96,95,123,117,2025-09-06
1,7,승차,45,48,57,52,64,64,56,57,75,71,100,86,105,90,104,118,125,2025-09-06
4,1,하차,37,48,60,48,59,68,71,84,77,81,81,106,128,97,120,112,127,2025-09-06
2,3,승차,37,40,52,51,60,68,75,79,86,73,93,85,111,113,112,95,134,2025-09-06
4,9,승차,41,38,36,51,48,66,69,86,74,89,93,79,101,116,117,113,126,2025-09-06
2,9,하차,29,41,39,53,51,63,69,73,74,97,84,96,105,103,114,128,101,2025-09-06
2,5,승차,36,49,66,46,52,58,69,74,73,88,92,81,93,100,114,117,120,2025-09-06
4,6,승차,38,44,49,71,63,73,79,86,96,92,92,102,101,121,118,124,108,2025-09-06
3,6,하차,30,53,45,57,54,78,68,88,72,88,101,98,102,107,116,137,103,2025-09-06
1,4,하차,36,50,47,58,62,74,71,77,58,94,92,100,106,105,90,112,127,2025-09-06
2,1,하차,42,38,52,40,69,86,71,80,75,83,81,93,96,113,110,101,102,2025-09-06
3,5,하차,46,48,53,49,71,52,62,73,74,101,96,80,97,101,101,113,132,2025-09-06
2,1,하차,43,45,54,54,54,65,69,80,89,71,86,100,88,111,108,114,116,2025-09-06
1,1,하차,37,40,51,64,55,79,71,72,73,98,74,114,96,110,102,118,125,2025-09-06
2,5,승차,46,55,50,41,52,55,82,94,66,100,83,82,86,99,95,83,118,2025-09-06
1,5,승차,51,39,58,50,54,65,69,59,73,82,89,103,88,114,107,109,140,2025-09-06
1,7,승차,41,43,57,47,79,83,66,59,80,96,83,96,105,97,107,98,108,2025-09-06
2,2,하차,38,39,43,62,58,62,70,61,79,79,84,96,103,134,114,141,116,2025-09-06
2,6,승차,40,40,64,65,68,62,73,85,65,83,100,86,97,115,109,125,127,2025-09-06
1,2,하차,38,43,52,59,67,65,75,74,94,95,84,88,111,111,114,99,142,2025-09-06
3,5,승차,39,57,40,54,58,52,88,69,77,86,95,109,94,104,120,117,117,2025-09-06
4,4,하차,41,57,54,67,51,57,70,70,71,77,90,90,114,120,102,122,107,2025-09-06
1,5,승차,36,38,48,74,65,77,62,78,77,104,95,85,101,110,112,119,120,2025-09-06
2,2,하차,41,44,52,68,73,68,67,75,88,84,86,99,98,94,103,98,111,2025-09-06
2,8,하차,44,43,45,50,56,55,71,84,83,75,93,87,76,112,111,119,145,2025-09-06
3,8,하차,45,43,47,55,67,62,80,74,84,75,76,102,101,118,105,110,96,2025-09-06
4,6,하차,34,41,55,63,65,55,63,64,92,78,78,99,108,118,106,120,118,2025-09-06
1,3,승차,32,38,50,48,43,55,56,70,81,83,109,94,83,96,97,109,131,2025-09-06
1,4,승차,43,44,52,58,46,51,61,61,68,102,117,104,91,111,102,122,117,2025-09-06
4,1,하차,43,49,57,69,59,58,56,82,80,87,69,88,82,94,106,117,108,2025-09-06
1,9,하차,34,58,52,51,57,69,92,77,73,85,97,82,92,102,116,116,142,2025-09-06
4,5,하차,42,41,54,57,55,42,77,70,84,77,92,95,106,106,114,127,118,2025-09-06
2,8,승차,38,49,31,60,57,63,71,71,81,79,91,103,80,112,100,101,136,2025-09-06
4,3,하차,43,54,47,55,57,68,73,66,77,89,86,91,93,106,109,110,120,2025-09-06
1,4,하차,38,45,63,71,53,83,80,72,72,84,102,103,87,98,107,133,114,2025-09-06
4,4,승차,34,42,58,54,49,58,74,65,75,75,94,95,103,104,117,97,102,2025-09-06
3,8,하차,34,35,43,57,49,68,70,73,73,96,103,103,100,115,102,116,120,2025-09-06
2,9,하차,29,43,34,57,59,72,86,71,85,82,100,107,79,93,102,127,119,2025-09-06
2,3,승차,40,49,69,43,58,58,64,82,79,85,90,113,98,111,90,116,108,2025-09-06
4,7,하차,38,45,51,58,64,59,68,80,79,91,101,98,96,82,103,116,102,2025-09-06
1,9,하차,43,50,53,53,74,87,69,63,69,65,87,78,113,84,93,109,120,2025-09-06
3,2,승차,50,51,37,58,84,72,73,81,85,79,101,95,121,118,101,109,130,2025-09-06
2,4,하차,31,46,48,63,57,59,62,67,78,105,80,111,109,104,94,120,100,2025-09-06
2,3,승차,46,42,56,51,57,64,78,70,71,91,84,99,90,113,111,119,129,2025-09-06
1,8,하차,44,42,49,55,52,77,65,78,86,71,83,87,99,92,102,93,109,2025-09-06
1,4,하차,28,33,61,53,62,65,74,82,83,111,96,91,95,106,113,120,127,2025-09-06
3,9,하차,36,52,42,45,65,67,59,91,74,89,85,104,91,113,108,118,109,2025-09-06
4,1,하차,43,38,49,53,70,80,81,71,86,79,113,103,90,97,118,101,119,2025-09-06
1,1,하차,47,43,52,61,49,58,67,79,83,92,107,83,116,108,115,118,104,2025-09-06
4,4,승차,45,39,51,60,63,56,69,84,84,67,76,80,87,98,111,107,126,2025-09-06
3,3,하차,35,36,55,63,47,67,71,69,76,86,71,95,84,104,101,123,136,2025-09-06
4,3,하차,41,47,57,55,58,69,62,61,85,85,80,102,107,108,112,123,119,2025-09-06
2,2,승차,39,42,44,62,57,51,63,77,78,75,92,94,82,114,108,131,127,2025-09-06
4,2,승차,32,43,45,63,53,58,64,79,77,95,78,117,96,103,118,107,111,2025-09-06
3,8,하차,38,50,42,52,56,66,57,75,73,85,89,95,118,116,118,121,117,2025-09-06
3,1,승차,37,52,34,40,53,55,78,72,71,82,89,93,97,121,111,119,126,2025-09-06
3,8,하차,39,51,48,58,68,74,73,88,88,107,85,81,110,110,97,98,131,2025-09-06
4,3,승차,53,43,59,52,52,68,59,79,73,72,108,82,122,108,98,112,137,2025-09-06
2,2,승차,33,41,38,66,62,69,69,70,81,91,88,98,89,103,116,124,125,2025-09-06
1,9,하차,46,54,59,52,57,62,83,72,82,93,93,98,101,105,116,112,108,2025-09-06
2,5,승차,40,60,56,45,53,65,61,77,89,95,94,95,99,93,112,105,118,2025-09-06
4,5,하차,31,26,56,51,56,64,70,68,90,87,94,87,102,89,125,130,143,2025-09-06
4,6,승차,46,40,59,60,58,69,69,68,93,91,84,103,104,88,107,129,108,2025-09-06
1,4,승차,44,52,47,61,66,79,49,88,76,88,87,97,80,103,105,109,114,2025-09-06
4,7,승차,38,46,41,54,61,60,66,71,56,82,101,89,107,91,126,128,129,2025-09-06
3,7,하차,42,36,58,56,56,63,66,88,54,103,105,99,85,102,118,137,119,2025-09-06
3,9,하차,35,53,50,41,48,58,75,85,77,91,80,83,106,101,100,116,118,2025-09-06
3,6,승차,41,55,55,58,61,68,69,71,72,91,83,106,111,96,124,101,118,2025-09-06
3,1,하차,41,45,51,44,57,64,74,55,85,83,86,90,110,102,120,92,107,2025-09-06
3,9,하차,45,43,62,64,85,52,70,77,82,86,89,110,90,86,126,122,107,2025-09-06
4,9,하차,51,65,68,55,52,79,86,80,92,83,100,121,96,88,111,105,116,2025-09-06
1,5,승차,43,39,61,50,53,65,68,67,65,87,93,91,112,104,119,110,97,2025-09-06
1,7,하차,33,49,46,65,75,60,63,83,89,87,99,90,125,118,120,107,111,2025-09-06
3,1,승차,36,55,51,49,58,55,58,61,89,82,101,104,111,120,103,119,129,2025-09-06
4,4,승차,55,41,41,60,47,63,70,95,88,79,83,106,81,119,123,101,138,2025-09-06
2,4,승차,42,46,51,63,63,64,60,56,63,109,89,91,109,123,128,116,109,2025-09-06
2,5,승차,31,46,45,39,50,65,65,69,89,78,101,109,101,112,100,102,117,2025-09-06
4,6,승차,40,40,47,54,64,68,63,76,78,81,96,109,104,106,104,112,105,2025-09-06
3,4,하차,44,37,50,60,75,43,53,75,90,81,97,89,98,98,120,113,125,2025-09-06
1,6,하차,49,57,49,52,57,71,69,75,76,82,81,108,110,108,92,101,108,2025-09-06
4,7,승차,27,52,39,56,65,57,63,90,67,96,93,87,106,100,130,118,119,2025-09-06
2,3,하차,30,45,60,55,62,64,71,76,83,81,97,94,122,90,101,110,110,2025-09-06
2,9,하차,38,35,36,67,55,71,72,78,73,96,85,112,94,107,109,110,151,2025-09-06
2,8,하차,46,28,49,56,62,75,66,80,83,83,86,85,87,127,101,119,127,2025-09-06
3,1,하차,37,54,50,44,57,49,71,65,64,71,102,87,93,93,114,119,117,2025-09-06
2,2,하차,41,53,49,55,59,62,73,71,66,79,100,107,101,104,110,110,117,2025-09-06
4,2,하차,27,45,50,63,67,73,72,80,79,97,93,108,112,111,114,113,148,2025-09-06
4,9,하차,40,44,62,47,62,62,62,86,73,83,90,99,102,114,121,104,106,2025-09-06
2,9,승차,36,54,50,53,64,68,56,62,69,86,80,92,91,97,111,118,117,2025-09-06
4,9,승차,47,50,52,55,62,67,79,89,80,97,77,79,95,113,110,118,119,2025-09-06
2,1,승차,47,36,46,51,55,62,72,63,80,86,89,100,97,91,98,123,115,2025-09-06
2,7,하차,32,52,43,52,55,60,82,68,80,95,89,104,101,100,102,125,128,2025-09-06
1,3,하차,39,47,57,60,74,76,69,91,74,84,81,109,79,103,103,98,139,2025-09-06
3,9,승차,56,39,49,49,61,70,61,77,91,75,90,94,100,105,86,122,117,2025-09-06
3,8,하차,44,56,56,77,61,62,77,80,74,101,97,85,86,117,116,92,116,2025-09-06
1,3,하차,38,47,45,60,64,75,63,66,101,96,82,98,93,104,107,113,114,2025-09-06
1,1,승차,42,54,40,54,67,80,72,74,92,93,91,106,120,142,113,110,116,2025-09-06
3,9,승차,34,42,42,62,68,52,73,72,83,75,94,89,103,90,111,122,129,2025-09-06
2,1,승차,43,42,57,52,55,48,87,76,90,78,79,88,112,112,107,128,113,2025-09-06
2,3,하차,45,38,45,54,57,60,85,71,83,83,101,93,92,89,129,124,143,2025-09-06
3,6,하차,37,44,50,52,73,68,67,66,80,81,94,108,105,114,103,113,127,2025-09-06
2,6,하차,27,49,41,54,60,68,62,76,74,97,83,100,90,102,106,111,110,2025-09-06
1,4,승차,50,34,43,55,58,53,77,81,86,82,101,109,110,105,97,110,129,2025-09-06
2,2,승차,37,51,58,46,67,64,61,77,67,69,76,99,103,97,100,114,137,2025-09-06
2,6,하차,40,40,53,52,64,75,59,64,85,105,96,92,109,116,117,110,123,2025-09-06
4,5,승차,38,40,54,78,55,71,65,84,78,77,75,79,91,117,126,121,123,2025-09-06
4,6,승차,44,32,46,64,61,66,73,57,80,84,87,95,80,103,123,112,122,2025-09-06
4,7,하차,43,35,39,65,68,51,71,88,69,72,85,88,103,116,104,106,104,2025-09-06
2,9,승차,38,41,44,53,63,63,79,63,84,100,101,102,107,123,123,117,128,2025-09-06
3,7,승차,50,46,59,50,54,58,61,76,64,84,90,102,90,103,91,124,131,2025-09-06
1,4,승차,39,47,41,66,61,68,63,70,87,84,96,100,104,93,87,132,116,2025-09-06
2,5,하차,47,28,47,50,67,63,77,75,95,102,94,107,82,97,104,126,123,2025-09-06
3,6,하차,35,33,51,49,61,71,78,67,69,97,90,84,111,85,110,111,121,2025-09-07
2,9,승차,48,45,43,58,66,79,55,72,79,80,97,99,96,119,104,127,128,2025-09-07
1,5,하차,40,42,46,53,57,74,71,73,80,83,86,97,102,81,113,106,120,2025-09-07
2,5,하차,45,43,43,70,58,48,59,82,73,78,80,83,80,102,105,114,132,2025-09-07
1,7,하차,42,52,39,52,65,70,65,86,81,77,86,100,99,105,107,105,124,2025-09-07
2,2,승차,42,42,51,56,77,79,62,57,87,70,88,86,103,96,100,108,124,2025-09-07
1,3,하차,38,48,54,64,56,71,67,84,75,82,84,107,108,96,111,116,120,2025-09-07
2,2,승차,41,49,50,45,59,61,65,80,84,100,87,90,80,99,122,102,125,2025-09-07
1,2,승차,40,54,38,45,62,65,78,81,87,79,92,97,110,113,103,101,115,2025-09-07
4,3,하차,39,52,47,41,53,78,61,79,88,72,86,88,93,98,117,119,136,2025-09-07
2,6,승차,46,42,52,53,68,61,63,79,80,74,92,104,84,108,100,90,121,2025-09-07
2,5,하차,53,39,48,43,50,58,66,99,74,73,83,104,102,103,117,102,113,2025-09-07
3,5,하차,43,46,44,53,69,70,60,79,82,70,103,89,99,105,109,134,109,2025-09-07
3,2,승차,25,52,47,51,58,72,66,65,71,83,92,103,95,101,104,120,95,2025-09-07
1,2,승차,45,53,52,50,59,62,60,78,80,79,94,106,93,105,124,111,128,2025-09-07
2,1,하차,40,55,55,48,61,60,71,74,86,86,90,92,69,102,102,102,130,2025-09-07
1,3,하차,24,55,44,38,56,66,52,70,72,86,97,86,86,94,110,106,107,2025-09-07
4,7,하차,45,40,51,66,68,60,76,82,83,100,87,86,99,104,96,127,118,2025-09-07
3,5,하차,38,36,55,59,57,63,67,91,79,99,90,90,97,106,109,130,124,2025-09-07
1,7,승차,28,43,56,63,64,58,69,89,84,94,93,82,101,104,104,106,121,2025-09-07
1,9,승차,58,45,37,50,61,63,70,68,82,70,109,98,80,116,119,109,122,2025-09-07
3,6,승차,41,37,46,53,64,64,73,71,76,75,90,115,107,119,112,113,129,2025-09-07
2,2,하차,49,41,58,65,65,74,68,65,76,74,87,99,122,100,108,100,116,2025-09-07
1,1,승차,35,60,53,57,61,66,65,99,77,98,68,94,100,112,100,133,132,2025-09-07
3,1,승차,40,41,47,57,60,59,74,92,72,103,80,89,103,110,118,101,134,2025-09-07
2,9,승차,40,52,51,61,57,69,75,75,64,90,82,87,105,104,91,127,121,2025-09-07
4,6,승차,44,48,43,50,61,61,66,75,97,82,88,109,114,95,101,116,117,2025-09-07
3,6,하차,46,44,51,46,53,67,71,62,100,96,86,101,112,107,131,120,120,2025-09-07
1,4,승차,43,50,50,56,66,60,69,86,66,73,86,109,96,105,106,118,107,2025-09-07
4,2,승차,43,41,42,50,57,60,58,80,73,91,96,102,107,118,110,119,124,2025-09-07
2,3,승차,44,53,50,42,53,57,68,68,71,88,99,88,114,95,117,123,106,2025-09-07
2,3,승차,45,41,55,49,58,60,57,80,79,86,87,90,104,124,118,86,109,2025-09-07
3,8,하차,34,43,53,42,54,68,66,64,67,86,97,106,97,101,94,99,109,2025-09-07
3,6,하차,43,49,49,39,63,69,57,80,77,72,66,88,108,121,108,114,123,2025-09-07
3,7,승차,36,40,52,64,65,65,80,83,80,88,88,93,98,115,106,122,144,2025-09-07
2,9,하차,34,43,56,44,68,56,69,75,65,92,70,103,108,79,108,142,131,2025-09-07
4,1,하차,46,49,46,49,58,62,53,84,80,78,91,102,124,110,116,110,118,2025-09-07
2,2,하차,26,40,38,53,66,60,70,87,94,64,96,112,87,105,103,111,129,2025-09-07
1,9,하차,36,37,42,44,59,76,52,72,87,76,97,97,106,109,107,122,146,2025-09-07
2,5,승차,48,43,54,58,60,75,62,76,86,69,92,82,115,97,119,128,133,2025-09-07
1,4,하차,37,50,52,46,62,87,67,83,80,83,89,103,102,103,117,128,108,2025-09-07
4,1,하차,47,46,47,56,72,56,75,78,89,85,79,104,102,114,96,115,142,2025-09-07
3,9,승차,38,52,53,53,58,57,59,78,82,85,109,83,99,102,101,104,114,2025-09-07
3,9,승차,54,39,41,48,52,66,77,61,90,84,109,92,99,111,114,127,108,2025-09-07
2,4,승차,45,47,59,60,52,58,74,74,68,77,81,100,87,103,116,121,137,2025-09-07
3,9,승차,46,37,48,58,63,62,67,64,75,75,90,91,97,103,108,116,117,2025-09-07
4,1,하차,51,50,46,60,70,67,58,81,72,86,87,116,93,107,102,118,111,2025-09-07
3,5,승차,35,37,56,59,62,51,67,63,83,81,102,103,81,110,123,103,117,2025-09-07
2,1,하차,28,44,51,55,60,70,70,79,89,93,98,87,104,126,111,121,118,2025-09-07
4,4,하차,40,44,44,53,50,55,69,79,84,76,74,91,94,100,111,99,116,2025-09-07
1,5,승차,34,52,58,53,59,73,76,62,89,88,83,100,116,110,105,116,121,2025-09-07
2,3,승차,49,46,42,51,53,62,54,65,81,86,94,101,102,108,108,121,152,2025-09-07
1,2,하차,39,59,51,49,71,86,72,85,84,83,92,77,111,114,98,117,138,2025-09-07
4,6,하차,33,36,47,59,67,80,67,63,93,81,94,82,93,100,92,107,111,2025-09-07
2,3,승차,39,48,67,49,45,69,72,78,72,74,102,81,97,112,113,124,122,2025-09-07
2,1,승차,40,33,32,53,54,66,85,77,70,95,110,91,90,106,128,108,139,2025-09-07
4,5,승차,44,30,53,58,48,61,70,69,93,90,79,110,98,102,117,103,119,2025-09-07
3,2,하차,48,61,49,63,55,71,69,87,86,88,100,88,98,110,108,141,130,2025-09-07
2,2,하차,38,39,50,52,58,64,70,73,77,86,102,103,108,90,103,109,100,2025-09-07
2,4,승차,42,50,57,54,56,63,77,76,63,77,86,93,113,93,113,104,124,2025-09-07
1,4,하차,38,43,55,51,58,66,67,84,79,94,104,99,111,93,94,100,120,2025-09-07
3,4,승차,38,45,48,54,55,74,63,77,83,76,80,86,99,90,112,126,112,2025-09-07
1,7,하차,31,44,54,60,57,67,64,80,81,85,77,71,93,117,122,128,121,2025-09-07
1,1,하차,43,46,51,58,52,56,62,64,79,89,101,95,98,104,103,116,120,2025-09-07
3,8,승차,51,37,55,55,67,82,62,62,86,74,104,91,94,123,106,104,115,2025-09-07
3,9,승차,36,51,55,65,66,64,67,68,78,83,100,97,110,99,122,121,126,2025-09-07
4,6,승차,42,48,44,45,65,60,62,69,78,82,92,104,101,116,116,120,131,2025-09-07
3,4,하차,50,48,55,60,64,75,66,83,86,83,90,105,95,98,126,125,123,2025-09-07
2,6,하차,39,45,48,49,46,65,61,73,72,100,90,97,99,93,101,119,125,2025-09-07
3,7,승차,42,52,52,46,55,56,63,70,86,83,87,83,103,90,105,126,124,2025-09-07
4,6,하차,42,49,40,54,69,43,60,75,77,82,98,86,96,101,112,109,127,2025-09-07
4,1,승차,45,45,52,51,60,69,72,73,82,93,86,103,83,106,114,130,120,2025-09-07
4,5,하차,47,47,43,51,70,75,54,82,78,105,91,109,100,103,116,118,123,2025-09-07
3,8,승차,40,41,59,49,53,68,58,69,79,92,89,89,107,95,120,128,104,2025-09-07
3,8,하차,31,59,39,44,61,67,74,67,80,87,81,101,97,107,118,119,128,2025-09-07
1,9,하차,40,43,48,62,68,62,65,72,78,84,93,91,85,106,106,115,126,2025-09-07
1,4,하차,45,45,53,57,63,57,85,82,76,76,81,100,97,112,114,110,124,2025-09-07
2,6,하차,46,52,44,62,76,71,61,77,72,85,86,89,95,112,100,138,118,2025-09-07
1,7,승차,50,52,45,71,43,70,59,75,69,76,85,95,102,115,100,145,114,2025-09-07
2,5,하차,33,42,48,53,64,55,76,63,93,90,107,93,85,111,117,114,123,2025-09-07
4,8,승차,42,46,49,57,58,68,58,83,79,94,93,95,103,99,98,113,134,2025-09-07
1,3,승차,38,43,64,50,68,68,72,87,85,98,75,107,92,95,94,112,117,2025-09-07
3,8,승차,48,42,47,51,52,59,82,64,97,106,74,101,111,100,116,118,115,2025-09-07
1,5,승차,32,40,49,49,54,65,75,57,81,75,108,97,102,130,108,113,121,2025-09-07
2,1,하차,45,55,46,55,65,64,74,68,72,88,91,100,88,96,114,100,120,2025-09-07
1,6,승차,38,52,54,51,64,67,66,78,71,78,112,98,103,128,113,124,112,2025-09-07
4,2,하차,37,39,50,54,56,55,71,77,82,81,81,94,93,90,121,108,108,2025-09-07
3,7,하차,38,56,37,60,64,59,63,74,77,66,89,94,91,98,103,112,107,2025-09-07
2,9,하차,42,47,46,49,50,78,54,70,77,75,69,92,99,104,122,134,116,2025-09-07
3,3,하차,35,54,42,51,69,62,56,64,88,91,103,89,101,105,98,119,125,2025-09-07
3,4,승차,36,47,55,56,66,56,76,81,83,80,78,90,110,109,92,104,122,2025-09-07
2,4,하차,44,54,38,54,57,59,82,65,65,76,71,94,93,92,99,121,122,2025-09-07
3,4,승차,47,32,47,60,53,50,60,65,90,75,98,77,106,114,108,114,121,2025-09-07
3,3,하차,38,45,57,68,75,67,62,71,69,76,75,95,83,100,116,105,116,2025-09-07
1,5,하차,39,45,55,51,63,65,63,75,76,67,90,85,120,101,101,113,121,2025-09-07
3,9,승차,48,51,55,56,66,75,63,83,100,92,100,92,104,112,98,124,102,2025-09-07
3,8,하차,35,56,54,46,58,69,59,68,80,79,92,76,99,97,109,116,110,2025-09-07
3,2,하차,50,32,53,54,61,66,70,72,92,80,96,93,101,104,111,106,141,2025-09-07
3,9,하차,31,48,42,55,52,65,78,77,72,66,86,91,93,126,119,126,101,2025-09-07
2,2,하차,43,46,58,70,52,62,74,74,83,91,100,99,111,81,105,124,124,2025-09-07
4,7,하차,46,45,49,53,60,60,52,74,104,94,92,97,111,103,104,125,119,2025-09-07
1,5,승차,35,47,49,56,53,72,82,69,94,85,92,92,85,95,91,111,118,2025-09-07
3,7,하차,31,37,44,54,55,68,66,77,81,101,86,104,102,105,108,114,143,2025-09-07
3,5,하차,40,41,50,46,50,55,71,68,78,91,89,91,89,100,120,113,117,2025-09-07
2,6,승차,33,45,48,43,46,64,58,79,73,74,78,101,93,100,114,115,114,2025-09-07
4,8,하차,42,40,55,53,65,68,55,75,69,91,83,86,114,84,110,123,120,2025-09-07
3,1,승차,40,43,58,53,55,63,68,61,80,73,89,86,81,90,138,114,130,2025-09-07
2,1,하차,41,54,47,58,55,59,78,79,69,79,80,102,86,110,113,112,98,2025-09-07
1,5,하차,36,34,54,61,54,65,71,88,92,72,110,99,97,111,119,127,144,2025-09-07
1,1,승차,35,43,48,49,56,60,59,66,70,86,87,101,110,110,113,118,124,2025-09-07
3,3,하차,47,43,58,52,57,59,100,69,87,94,81,99,108,119,93,91,124,2025-09-07
3,9,하차,37,42,54,56,71,69,80,73,72,86,83,97,92,101,109,130,114,2025-09-07
4,7,승차,40,38,53,43,69,64,71,73,89,93,104,86,120,105,111,111,130,2025-09-07
4,6,승차,36,41,57,51,65,79,61,84,66,89,90,82,104,107,110,141,119,2025-09-07
3,8,하차,49,45,35,69,60,58,56,68,78,84,93,86,99,105,127,115,122,2025-09-07
2,8,승차,47,43,43,51,39,77,68,79,71,79,88,101,91,102,98,100,125,2025-09-07
4,6,하차,35,45,51,50,60,72,69,79,66,87,88,92,93,114,114,122,128,2025-09-07
3,4,승차,48,35,70,49,63,58,83,76,84,84,75,98,107,96,139,120,121,2025-09-07
4,4,하차,41,35,42,59,57,78,67,84,66,82,81,93,86,113,110,119,118,2025-09-07
3,4,승차,41,36,42,67,57,66,65,94,97,85,94,92,97,95,105,117,124,2025-09-07
1,6,승차,41,51,59,61,45,64,77,79,88,97,89,71,111,105,96,106,108,2025-09-07
3,1,승차,37,33,47,46,70,74,56,73,77,103,90,96,90,115,111,112,101,2025-09-07
1,2,승차,35,46,57,56,57,62,73,77,81,74,89,84,104,103,137,116,122,2025-09-07
4,6,승차,29,43,57,51,45,63,78,90,75,84,95,108,88,110,115,125,117,2025-09-07
3,1,승차,42,56,50,65,68,59,72,67,82,74,111,90,114,120,113,102,122,2025-09-07
4,9,승차,43,44,39,58,57,64,67,78,82,81,92,94,99,106,121,135,119,2025-09-07
1,6,승차,38,42,55,41,51,48,77,72,80,87,91,87,106,111,112,115,108,2025-09-07
3,7,승차,46,40,50,64,70,75,86,72,68,84,92,98,92,109,110,100,118,2025-09-07
4,1,하차,31,40,53,45,60,66,83,66,80,75,84,79,95,111,124,130,122,2025-09-07
1,8,승차,37,62,54,54,63,70,67,84,72,88,88,98,96,114,120,105,121,2025-09-07
4,5,하차,27,51,48,59,62,72,68,69,81,75,92,93,103,93,124,112,107,2025-09-07
2,5,승차,36,39,48,57,61,60,80,83,87,82,91,107,125,94,118,123,103,2025-09-07
1,6,하차,42,49,54,50,58,64,78,73,98,78,108,106,115,102,97,122,126,2025-09-07
1,7,하차,55,54,53,47,66,70,58,78,87,102,82,100,111,102,107,115,115,2025-09-07
1,7,승차,53,48,57,59,55,54,77,67,85,76,87,75,106,110,107,123,114,2025-09-07
3,5,승차,50,61,52,49,56,70,57,83,79,81,97,97,98,126,122,114,135,2025-09-07
3,1,하차,41,45,60,47,44,63,65,62,66,68,73,85,90,100,108,117,113,2025-09-07
3,9,하차,36,38,61,61,60,76,75,71,75,78,93,92,98,107,97,121,111,2025-09-07
2,6,승차,34,41,51,50,58,69,69,75,81,82,90,108,97,103,113,121,113,2025-09-07
2,9,승차,31,39,52,57,76,64,64,70,91,83,83,74,94,96,99,119,120,2025-09-07
1,4,승차,43,49,50,49,49,70,68,74,74,73,105,77,112,108,101,90,141,2025-09-07
2,2,하차,35,53,57,51,49,69,72,84,91,94,88,86,102,100,101,130,142,2025-09-07
4,3,승차,31,51,43,58,70,70,77,75,76,82,82,83,96,120,117,107,102,2025-09-07
1,4,승차,43,41,46,74,64,58,88,74,84,78,100,110,100,123,123,98,125,2025-09-07
1,8,승차,52,38,55,60,68,61,70,62,70,74,90,104,90,106,103,120,123,2025-09-07
4,3,승차,52,44,53,60,85,70,60,62,83,82,79,94,102,115,113,109,126,2025-09-07
1,8,승차,42,50,49,42,60,64,70,63,86,81,105,112,86,92,115,122,136,2025-09-07
2,6,하차,38,47,58,56,55,61,62,82,77,94,89,96,112,101,115,102,133,2025-09-07
3,4,하차,27,46,39,68,65,77,72,81,87,82,87,103,99,110,127,109,124,2025-09-07
4,7,승차,37,44,38,54,68,53,73,77,80,86,95,88,101,93,119,117,121,2025-09-07
2,5,승차,29,41,50,53,73,68,78,85,82,89,84,102,91,106,125,98,137,2025-09-07
4,5,하차,43,58,44,67,55,59,76,71,89,95,88,90,91,96,107,121,134,2025-09-07
4,9,승차,48,47,50,58,56,59,64,70,77,80,81,90,85,103,122,83,106,2025-09-07
1,3,하차,41,28,47,53,64,60,67,69,69,81,90,108,96,116,116,118,145,2025-09-07
1,4,승차,43,53,52,53,57,58,74,85,77,94,87,117,88,104,110,122,114,2025-09-07
2,5,하차,42,32,55,53,61,62,57,56,81,88,96,112,111,94,109,117,124,2025-09-07
4,1,하차,40,48,50,62,60,70,74,74,78,89,88,103,90,114,107,121,135,2025-09-07
1,7,승차,41,51,60,48,53,87,82,87,102,79,82,98,103,99,102,122,118,2025-09-07
1,8,하차,43,58,49,53,62,49,85,78,75,81,92,107,110,103,116,112,119,2025-09-07
4,6,승차,35,42,57,40,76,72,63,61,89,78,79,91,87,113,111,102,153,2025-09-07
2,9,하차,54,39,53,63,47,63,76,87,89,86,93,97,101,110,116,124,123,2025-09-07
2,3,승차,42,41,62,54,74,58,54,58,83,76,101,83,86,109,113,117,123,2025-09-07
4,2,승차,40,32,60,46,61,55,64,67,87,90,73,102,122,117,105,117,124,2025-09-07
2,5,승차,39,41,53,58,49,69,66,92,65,93,103,97,120,119,102,120,127,2025-09-07
1,9,하차,31,37,58,53,63,62,58,79,85,77,92,86,99,95,109,125,125,2025-09-07
4,1,승차,43,36,51,66,55,54,78,88,78,73,94,90,102,103,110,95,127,2025-09-07
1,1,승차,38,50,53,58,64,63,59,69,69,88,96,96,117,105,130,107,119,2025-09-07
3,3,승차,37,48,53,53,73,94,68,88,76,84,113,88,92,100,109,109,116,2025-09-07
3,3,하차,37,43,41,70,46,55,82,71,75,73,108,76,128,109,91,129,113,2025-09-07
2,5,승차,42,45,30,61,76,55,76,86,70,95,91,82,102,87,128,117,135,2025-09-07
3,4,하차,40,29,47,59,59,58,66,69,78,72,97,92,93,109,123,96,108,2025-09-07
1,6,하차,41,38,50,55,48,58,61,84,85,74,90,82,86,107,142,124,111,2025-09-07
3,8,하차,52,48,61,58,56,62,59,86,74,74,98,93,89,95,120,121,132,2025-09-07
1,8,승차,29,46,42,68,58,73,63,63,74,101,81,81,96,105,101,111,122,2025-09-07
2,4,승차,30,32,53,46,59,57,66,62,79,86,80,99,92,124,103,114,134,2025-09-07
2,1,하차,38,41,50,51,55,71,76,77,79,89,92,86,100,101,95,104,118,2025-09-07
1,7,승차,31,41,58,50,62,65,63,90,85,82,78,91,99,120,103,128,110,2025-09-07
3,6,승차,46,34,49,67,60,67,82,70,93,67,102,99,106,94,99,126,132,2025-09-07
2,5,하차,58,32,54,57,56,65,73,73,65,78,98,80,97,91,107,123,131,2025-09-07
4,4,하차,49,52,48,48,59,53,82,79,77,70,80,99,100,101,109,107,132,2025-09-07
2,6,승차,35,32,45,55,55,54,66,84,76,93,86,85,100,110,103,118,117,2025-09-07
3,8,하차,38,44,52,56,59,70,77,78,76,91,103,87,79,132,102,115,108,2025-09-07
4,6,승차,46,58,36,63,66,64,68,71,80,78,96,105,93,95,106,101,121,2025-09-07
3,3,하차,47,33,53,46,57,60,84,64,86,75,81,81,111,108,118,108,130,2025-09-07
1,9,승차,40,48,53,67,60,60,78,76,78,73,83,104,104,96,109,110,134,2025-09-07
4,3,승차,42,44,47,58,65,57,72,84,70,77,100,89,89,101,105,114,132,2025-09-07
3,4,하차,42,43,47,60,57,70,62,67,72,85,99,96,89,116,106,126,133,2025-09-07
4,5,승차,32,40,48,61,60,57,79,62,68,99,101,93,110,104,105,101,124,2025-09-07
3,2,승차,35,45,42,44,66,60,59,85,63,89,85,98,101,91,100,115,114,2025-09-07
4,2,하차,34,40,49,58,54,57,72,60,74,109,93,90,95,88,108,120,128,2025-09-07
3,6,승차,41,38,53,56,61,63,69,74,89,90,93,90,101,111,83,133,121,2025-09-07
1,2,승차,37,38,53,53,43,73,65,73,75,77,84,112,120,112,100,120,123,2025-09-07
4,1,승차,51,41,48,76,47,68,71,77,76,83,83,91,110,99,129,121,121,2025-09-07
4,8,하차,44,52,56,62,45,76,67,79,75,86,76,108,95,105,126,114,131,2025-09-07
4,1,하차,38,52,51,47,56,67,75,84,80,75,99,95,111,107,112,125,108,2025-09-07
4,6,하차,39,39,49,59,55,76,87,67,84,87,92,93,114,107,110,111,99,2025-09-07
1,1,하차,41,43,52,60,51,60,66,63,73,118,106,106,101,95,111,108,135,2025-09-07
4,8,하차,44,47,64,58,76,68,68,81,92,99,91,88,101,98,122,109,135,2025-09-07
2,5,승차,38,43,56,54,50,73,54,82,80,90,101,104,105,102,86,115,115,2025-09-07
1,3,승차,44,33,49,64,57,57,69,74,66,85,89,74,99,102,108,113,131,2025-09-07
2,5,승차,38,42,49,62,70,60,81,89,63,85,78,99,74,87,113,99,119,2025-09-07
4,1,하차,42,44,40,56,76,61,66,57,97,80,94,97,102,84,100,106,116,2025-09-07
3,1,승차,44,46,47,59,56,71,69,68,84,99,67,72,101,116,95,148,146,2025-09-07
2,4,하차,40,37,44,49,50,72,70,68,76,84,97,88,100,104,106,121,127,2025-09-07
4,9,승차,44,47,55,49,61,61,67,67,83,103,91,103,95,109,106,109,106,2025-09-07
2,9,하차,38,51,50,55,64,60,77,80,81,83,83,91,103,110,117,127,124,2025-09-07
4,1,승차,44,47,41,55,49,58,63,83,79,87,90,97,111,129,110,118,123,2025-09-07
4,3,승차,37,43,56,49,48,83,54,69,89,82,84,115,117,113,128,110,126,2025-09-07
4,4,하차,40,45,39,58,54,59,80,84,87,81,84,100,103,108,108,141,115,2025-09-07
3,2,승차,51,45,49,50,57,68,77,80,88,72,94,92,108,102,113,109,127,2025-09-07
2,7,승차,38,43,47,50,65,63,81,86,87,87,77,99,87,110,126,97,108,2025-09-07
1,3,하차,35,45,47,51,64,67,65,76,84,85,91,91,123,110,121,114,136,2025-09-07
1,1,승차,44,55,70,55,52,61,63,74,77,81,87,102,94,114,107,105,138,2025-09-07
1,1,승차,51,50,53,54,63,71,87,73,75,80,93,83,118,96,109,126,119,2025-09-07
1,3,하차,49,41,58,55,58,74,76,62,81,84,94,83,96,96,116,108,126,2025-09-07
4,6,하차,38,47,48,49,46,51,73,83,67,86,89,92,94,98,109,106,107,2025-09-07
2,4,하차,52,50,53,56,58,67,63,71,86,83,100,84,109,109,95,128,103,2025-09-07
2,1,하차,30,40,50,57,53,62,62,84,79,86,95,98,90,105,119,114,122,2025-09-07
3,7,하차,34,62,51,44,49,50,71,59,68,87,105,99,97,107,90,99,119,2025-09-07
2,2,승차,30,28,58,60,79,70,85,79,77,96,79,95,96,89,117,123,129,2025-09-07
2,5,하차,36,53,49,50,51,52,67,82,71,86,78,88,87,112,102,112,119,2025-09-07
2,8,하차,43,50,47,47,67,51,69,85,94,96,101,99,99,108,109,102,136,2025-09-07
3,7,승차,37,50,51,58,52,62,66,87,93,96,88,86,95,108,103,115,116,2025-09-07
1,8,승차,26,50,43,56,65,75,78,78,65,104,108,95,93,97,112,121,108,2025-09-07
2,6,승차,60,53,48,60,46,62,65,63,75,86,91,100,113,109,108,107,115,2025-09-07
3,7,승차,39,46,52,52,46,61,67,67,71,69,99,110,95,103,93,131,118,2025-09-07
3,9,승차,40,50,51,69,79,72,85,69,77,75,104,94,99,91,108,104,110,2025-09-07
4,6,하차,45,51,60,48,58,78,61,74,65,102,78,106,95,115,119,122,125,2025-09-07
3,9,승차,41,39,54,42,79,71,64,78,70,94,82,104,100,83,106,102,132,2025-09-07
1,2,하차,50,47,55,51,60,82,73,71,69,106,83,116,100,101,97,107,118,2025-09-07
2,2,승차,31,54,47,59,52,59,70,82,76,93,106,92,108,111,119,103,112,2025-09-07
3,2,하차,38,42,37,56,59,79,86,80,77,100,85,119,80,97,110,104,115,2025-09-07
1,6,승차,32,34,52,50,60,71,83,66,80,95,75,114,94,120,103,103,122,2025-09-07
3,2,하차,43,41,43,48,51,57,85,82,75,93,74,86,89,92,115,100,120,2025-09-07
3,3,하차,33,33,43,59,57,77,78,65,86,97,80,90,81,103,126,87,120,2025-09-07
3,8,하차,34,55,43,55,58,58,75,76,70,89,90,92,105,80,119,119,114,2025-09-07
3,8,하차,41,48,60,55,62,57,66,74,83,100,98,87,96,109,115,117,112,2025-09-07
3,4,하차,36,38,47,52,49,83,70,80,93,77,87,104,101,115,106,113,124,2025-09-07
1,9,하차,49,44,61,58,57,66,72,78,76,78,104,93,87,118,98,142,113,2025-09-07
2,8,하차,43,54,52,47,62,65,74,68,66,81,89,89,110,125,104,119,139,2025-09-07
2,1,하차,34,38,49,51,53,79,65,66,77,89,84,99,116,116,124,118,124,2025-09-07
2,8,하차,49,46,35,50,58,76,68,87,82,87,81,103,83,100,118,117,115,2025-09-07
2,1,하차,52,39,41,59,69,66,85,87,92,97,91,103,109,117,110,133,118,2025-09-07
1,4,승차,43,38,45,61,64,57,63,78,78,88,86,88,106,114,114,112,129,2025-09-07
4,6,하차,50,52,41,61,69,65,79,66,77,81,84,95,97,105,119,119,112,2025-09-07
4,7,하차,37,49,49,54,56,70,76,65,77,80,98,86,89,105,97,146,131,2025-09-07
1,4,승차,35,39,56,54,79,54,62,67,107,72,93,109,96,116,131,108,127,2025-09-07
1,8,하차,51,44,51,54,48,64,65,65,66,77,99,85,98,124,113,105,116,2025-09-07
3,8,하차,40,35,51,63,51,70,61,81,73,72,96,79,108,87,105,122,125,2025-09-07
3,9,승차,46,43,49,46,43,87,64,66,83,94,95,88,100,100,100,106,137,2025-09-07
3,6,승차,38,51,53,45,51,54,70,69,89,96,107,100,94,102,129,115,103,2025-09-07
2,4,하차,35,45,50,54,55,60,59,87,80,91,85,101,100,97,108,113,116,2025-09-07
3,2,승차,38,42,41,51,51,77,67,66,80,84,85,86,107,91,111,117,100,2025-09-07
4,7,하차,47,49,47,70,71,62,80,73,70,86,93,89,107,113,106,115,137,2025-09-07
2,3,하차,30,31,50,44,64,76,62,84,73,75,115,93,93,87,96,110,141,2025-09-07
3,3,하차,45,44,51,65,66,64,80,84,70,97,106,95,101,97,121,113,123,2025-09-07
2,3,승차,37,60,35,38,54,81,65,81,70,89,96,101,104,102,121,87,111,2025-09-07
4,4,하차,43,44,46,60,46,76,72,89,88,102,71,73,97,113,123,136,122,2025-09-07
3,2,하차,44,38,56,54,64,70,71,64,92,96,82,91,98,118,113,123,109,2025-09-07
4,5,승차,55,44,53,44,60,57,73,59,81,103,90,100,100,103,92,117,118,2025-09-07
4,3,하차,31,43,48,58,58,59,67,80,78,89,98,87,84,98,117,115,118,2025-09-07
4,5,하차,48,49,47,49,58,66,76,82,83,82,94,101,123,111,106,121,117,2025-09-07
3,7,하차,48,42,38,59,73,69,51,85,74,87,85,96,90,103,114,110,113,2025-09-07
1,9,하차,39,43,39,53,41,68,69,60,92,107,76,107,99,103,107,145,125,2025-09-07
3,2,하차,42,47,53,57,63,65,68,70,91,97,88,91,117,114,126,118,106,2025-09-07
4,9,하차,34,44,47,66,57,70,90,60,97,90,86,108,96,87,123,120,122,2025-09-07
3,6,승차,26,37,40,65,58,70,64,85,75,88,81,96,115,93,120,118,114,2025-09-07
4,6,하차,52,55,47,61,69,58,65,73,81,100,81,91,123,103,103,108,136,2025-09-07
1,3,하차,36,38,58,47,48,60,76,65,80,75,74,79,106,120,107,139,137,2025-09-07
2,9,승차,46,55,45,44,57,58,70,70,67,77,113,76,100,97,108,104,133,2025-09-07
1,4,하차,47,40,47,53,70,58,62,73,78,71,88,90,89,86,104,98,125,2025-09-07
1,5,하차,41,46,46,69,52,59,72,78,76,76,93,81,100,120,99,124,117,2025-09-07
2,3,승차,38,48,50,58,74,62,71,75,71,99,93,93,99,117,105,123,136,2025-09-07
3,5,승차,35,47,54,57,49,74,68,79,90,98,92,85,85,87,103,108,118,2025-09-07
2,8,승차,30,58,44,53,61,73,65,84,86,81,89,102,108,115,110,107,94,2025-09-07
3,8,승차,47,64,49,63,63,59,60,72,74,90,99,120,103,122,102,112,106,2025-09-07
3,8,승차,47,44,54,40,56,71,63,86,63,97,96,91,104,105,112,116,126,2025-09-07
4,6,승차,43,37,54,43,71,77,78,76,79,76,86,102,94,107,88,128,104,2025-09-07
4,1,승차,38,56,46,54,64,64,72,69,75,112,91,103,104,86,117,128,106,2025-09-07
2,6,하차,39,49,53,61,66,53,68,77,93,94,71,102,111,118,91,119,121,2025-09-07
1,7,하차,36,53,52,51,59,58,62,70,92,98,78,87,98,112,109,136,115,2025-09-07
2,9,하차,46,47,50,67,54,61,73,82,79,70,90,97,84,108,106,124,111,2025-09-07
3,8,승차,31,52,49,52,62,59,68,73,79,86,90,110,89,106,108,110,123,2025-09-07
4,8,하차,31,52,38,55,52,81,67,83,81,84,93,99,109,104,89,106,137,2025-09-07
2,7,승차,28,47,45,44,51,62,62,78,81,91,84,92,95,105,99,130,102,2025-09-07
2,2,하차,38,40,45,63,54,70,75,70,81,82,97,82,110,117,104,99,108,2025-09-07
4,1,하차,42,44,60,48,46,54,64,63,83,87,102,98,100,112,132,136,118,2025-09-07
4,2,하차,35,47,58,56,62,72,68,64,84,77,86,106,107,96,113,98,119,2025-09-07
4,6,하차,22,54,52,58,65,53,57,84,86,84,110,88,98,117,103,110,130,2025-09-07
3,2,승차,41,45,51,63,68,63,71,67,77,81,84,95,115,125,110,105,121,2025-09-07
4,4,승차,38,50,50,44,49,57,61,69,70,82,96,91,95,91,91,112,113,2025-09-07
1,3,하차,43,48,46,50,56,88,70,89,73,90,92,94,100,105,102,110,84,2025-09-07
2,6,승차,46,44,48,53,52,57,69,69,82,60,95,84,108,116,133,113,117,2025-09-07
4,8,승차,42,36,52,65,74,63,56,71,76,85,102,92,102,96,114,140,118,2025-09-07
4,6,하차,29,36,47,62,73,81,66,73,81,84,82,109,94,104,106,120,113,2025-09-07
3,2,승차,30,41,45,76,61,63,72,67,80,88,76,83,108,107,138,101,128,2025-09-07
3,5,승차,46,49,50,49,47,52,65,78,90,84,84,89,97,89,123,124,104,2025-09-07
2,6,승차,27,46,45,66,59,66,63,61,84,86,84,92,121,106,102,115,118,2025-09-07
1,9,승차,36,48,59,57,50,70,75,65,74,75,80,125,109,99,109,109,118,2025-09-07
2,6,하차,42,59,45,54,59,71,53,75,73,89,96,103,97,99,104,110,143,2025-09-07
4,5,하차,41,44,39,51,68,49,58,88,78,77,93,114,82,89,125,99,125,2025-09-07
1,1,승차,37,57,41,60,59,66,66,72,78,71,87,108,118,95,110,94,122,2025-09-07
1,5,하차,41,49,53,57,64,72,59,81,89,92,78,104,75,104,109,116,118,2025-09-07
1,5,하차,36,60,50,64,62,64,69,80,67,87,92,97,107,90,112,109,129,2025-09-07
1,6,하차,35,38,57,54,72,65,61,84,78,81,82,89,100,108,89,122,111,2025-09-07
2,7,승차,31,46,47,46,44,54,66,58,81,80,82,97,107,113,105,127,110,2025-09-07
3,4,승차,35,36,43,60,50,73,63,87,65,79,89,102,102,77,96,102,121,2025-09-07
3,7,하차,50,40,47,55,55,64,67,87,81,87,106,90,111,108,114,124,113,2025-09-07
4,5,하차,50,46,43,56,63,50,68,70,82,90,95,101,103,98,95,115,139,2025-09-07
3,6,승차,32,44,44,59,59,73,75,75,70,86,75,114,107,97,109,111,109,2025-09-07
3,4,하차,38,53,59,68,51,66,60,67,71,67,86,89,98,99,120,107,114,2025-09-07
3,8,승차,29,44,58,64,67,61,68,71,82,97,87,94,102,105,98,122,118,2025-09-07
3,9,하차,39,46,53,56,57,50,72,76,91,84,82,97,94,104,127,126,102,2025-09-07
4,2,승차,37,49,54,67,70,65,69,87,78,73,88,102,102,108,121,111,124,2025-09-07
2,4,승차,48,38,40,49,58,57,72,75,78,72,86,86,108,88,121,115,112,2025-09-07
1,8,승차,39,50,42,52,61,57,69,54,68,89,98,96,97,100,99,110,119,2025-09-07
3,8,승차,50,38,57,60,66,58,71,65,81,80,98,85,111,107,101,104,131,2025-09-07
2,9,하차,43,50,46,47,58,58,59,81,97,65,83,90,93,90,121,134,116,2025-09-07
3,3,승차,40,48,49,42,55,57,59,75,73,80,85,110,108,107,93,133,115,2025-09-07
3,1,하차,33,48,50,58,55,70,79,83,67,93,113,84,99,85,105,118,111,2025-09-07
1,9,승차,36,35,57,51,61,66,77,73,84,92,80,87,124,111,112,139,104,2025-09-07
1,1,승차,43,48,42,54,68,67,68,66,78,91,92,92,95,98,114,104,128,2025-09-07
1,3,하차,41,43,43,65,48,69,78,76,82,100,89,90,106,121,112,103,145,2025-09-07
3,3,하차,45,41,64,46,61,55,88,79,75,82,98,97,98,113,118,132,124,2025-09-07
3,9,하차,37,51,48,44,52,85,83,85,93,84,98,90,101,102,111,118,127,2025-09-07
3,1,승차,39,45,49,74,58,62,66,76,73,90,75,83,102,107,108,99,163,2025-09-07
1,7,승차,42,53,44,38,50,87,76,64,92,94,83,91,94,134,128,118,124,2025-09-07
4,2,하차,42,56,49,60,84,66,62,82,93,80,89,96,120,105,116,120,115,2025-09-07
2,7,승차,31,41,65,52,61,56,72,71,81,75,91,108,97,108,120,100,127,2025-09-07
4,1,하차,37,41,46,65,79,65,66,71,86,87,100,90,97,95,98,112,125,2025-09-07
3,8,승차,33,42,52,46,72,70,74,80,89,110,89,105,107,103,113,118,130,2025-09-07
3,2,승차,45,51,45,58,54,73,65,77,79,93,81,91,97,116,101,98,110,2025-09-07
4,3,승차,47,42,46,56,56,76,68,89,90,91,96,101,102,113,122,116,125,2025-09-07
3,8,하차,58,51,46,44,61,70,60,79,80,93,80,95,105,107,122,127,118,2025-09-07
2,3,승차,40,42,53,55,50,59,73,68,83,89,96,88,104,97,101,122,111,2025-09-07
3,1,하차,45,38,50,56,57,66,81,69,82,80,92,85,98,129,118,99,112,2025-09-07
2,9,하차,47,43,44,47,68,61,80,86,82,99,87,92,86,88,109,120,119,2025-09-07
4,8,승차,36,48,44,50,69,73,71,81,80,98,84,118,96,93,109,126,124,2025-09-07
4,4,하차,51,52,52,49,42,57,81,75,83,82,81,96,102,104,100,102,128,2025-09-07
3,8,하차,50,46,50,65,62,69,70,76,81,79,122,88,113,101,122,108,131,2025-09-07
2,5,승차,45,42,42,67,63,66,63,64,84,86,79,82,95,115,98,107,128,2025-09-07
3,3,하차,33,50,40,52,61,66,76,69,78,88,102,90,111,102,99,123,128,2025-09-07
1,1,하차,48,48,51,59,73,65,79,77,69,78,86,110,98,111,106,146,125,2025-09-07
1,5,승차,38,49,52,51,58,83,56,70,71,77,85,117,115,113,104,124,132,2025-09-07
1,6,승차,43,48,54,52,55,68,77,67,75,78,88,87,92,115,115,95,118,2025-09-07
1,4,승차,38,45,44,53,61,66,73,86,84,78,82,92,82,110,115,109,118,2025-09-07
3,7,하차,36,44,57,55,59,68,65,88,81,86,94,82,101,111,86,118,122,2025-09-07
1,3,하차,31,42,63,54,47,73,71,83,81,84,93,104,85,110,115,102,135,2025-09-07
2,7,승차,40,36,43,48,61,70,66,72,75,80,107,80,106,97,134,120,103,2025-09-07
4,1,하차,42,57,60,56,68,72,85,65,76,84,104,101,104,112,107,120,110,2025-09-07
4,7,승차,40,57,59,44,56,78,74,73,77,74,96,105,112,111,105,125,110,2025-09-07
1,1,승차,46,44,46,57,47,76,74,87,74,104,97,85,84,106,120,106,131,2025-09-07
1,1,승차,41,37,47,48,63,69,62,56,90,76,94,102,99,104,129,110,125,2025-09-07
1,2,하차,43,39,57,63,77,75,69,95,83,88,86,116,101,114,100,110,133,2025-09-07
3,2,하차,36,39,40,47,61,74,64,76,87,88,90,94,107,124,102,105,115,2025-09-07
4,4,승차,30,52,49,61,54,77,62,71,79,70,92,100,90,127,102,118,121,2025-09-07
1,1,승차,39,49,51,49,54,61,70,95,78,85,76,93,105,93,101,115,121,2025-09-07
2,4,하차,48,57,44,32,52,67,67,81,78,91,87,92,85,88,118,104,111,2025-09-07
1,2,승차,41,40,56,40,57,52,54,74,77,88,74,97,104,101,100,139,130,2025-09-07
4,4,하차,36,44,52,57,71,47,79,70,82,86,94,109,101,123,125,116,108,2025-09-07
1,4,승차,39,34,51,52,59,63,66,77,62,94,100,109,110,88,107,110,107,2025-09-07
4,9,승차,42,38,52,62,57,75,70,75,91,88,71,95,85,86,97,114,139,2025-09-07
1,9,하차,38,41,50,60,77,85,76,80,71,97,76,81,102,108,96,121,123,2025-09-07
2,1,하차,30,38,44,53,69,60,63,78,78,78,79,79,100,102,116,114,125,2025-09-07
1,5,하차,56,45,50,57,58,71,58,68,81,64,106,100,99,102,94,135,108,2025-09-07
2,7,하차,46,53,39,74,52,70,57,67,59,95,92,91,86,115,99,109,132,2025-09-07
2,4,하차,42,38,41,57,54,68,76,80,83,83,70,74,87,100,125,123,131,2025-09-07
1,5,승차,43,41,56,61,49,53,58,73,81,82,104,117,88,96,103,102,121,2025-09-07
2,2,승차,36,48,45,46,58,53,65,77,81,71,83,93,93,116,107,120,134,2025-09-07
3,3,하차,50,44,46,60,61,64,72,64,86,93,83,79,76,105,104,115,127,2025-09-07
1,7,하차,38,33,46,48,64,77,68,69,79,79,89,101,104,111,104,123,120,2025-09-07
1,7,승차,35,42,47,51,65,62,71,75,89,74,97,108,109,119,116,111,134,2025-09-07
2,4,승차,38,46,56,58,46,66,80,86,73,104,111,95,96,113,115,125,101,2025-09-07
2,1,하차,45,47,48,51,61,61,73,85,91,77,94,102,110,111,131,105,92,2025-09-07
1,1,하차,40,40,53,52,59,64,64,81,96,98,94,100,98,109,122,113,124,2025-09-07
3,4,승차,38,43,38,60,56,73,56,58,76,69,94,90,115,99,102,122,100,2025-09-07
2,4,하차,49,42,49,59,68,67,66,68,75,88,79,89,102,95,99,106,118,2025-09-07
2,6,승차,36,47,49,56,58,57,74,90,58,106,95,88,111,99,115,124,111,2025-09-07
4,7,승차,42,44,43,52,62,54,70,71,93,78,92,86,95,105,85,116,124,2025-09-07
3,9,하차,36,41,52,45,48,64,71,81,71,104,81,76,97,92,109,140,129,2025-09-07
3,9,승차,44,42,55,63,57,57,89,89,76,88,74,104,97,89,93,122,120,2025-09-07
1,5,승차,41,44,41,60,62,69,75,75,71,88,90,95,94,110,109,109,125,2025-09-07
3,3,승차,44,39,48,62,69,51,68,66,79,76,90,84,101,113,119,127,131,2025-09-07
1,3,하차,49,49,50,42,63,64,64,73,97,84,106,79,103,108,116,107,135,2025-09-07
4,6,승차,49,36,59,50,65,64,64,80,85,79,98,99,111,120,85,113,111,2025-09-07
3,1,하차,42,40,59,62,61,77,70,72,79,86,89,105,99,101,95,108,131,2025-09-07
2,7,승차,26,41,34,50,54,61,80,78,92,84,97,86,87,118,115,119,122,2025-09-07
4,3,승차,31,47,55,48,58,67,78,77,79,63,84,96,99,94,118,100,124,2025-09-07
1,5,승차,38,37,46,61,51,57,66,74,79,88,95,80,103,116,117,112,116,2025-09-07
4,7,승차,41,43,53,47,44,69,65,80,77,79,93,88,114,98,114,113,128,2025-09-07
1,7,승차,49,42,55,45,44,65,67,61,94,95,88,87,87,103,107,117,116,2025-09-07
4,9,하차,36,45,54,49,57,73,72,80,68,86,92,81,93,99,119,104,135,2025-09-07
1,1,하차,46,55,53,56,56,78,73,68,94,100,95,79,96,105,103,115,122,2025-09-07
3,3,승차,41,46,54,57,72,74,71,72,73,103,79,111,90,98,93,122,109,2025-09-07
2,9,하차,33,51,50,59,56,66,80,66,67,70,112,102,110,103,117,91,115,2025-09-07
1,8,하차,48,49,37,47,65,58,90,71,87,93,83,81,94,112,110,120,124,2025-09-07
4,2,승차,40,54,54,45,67,70,76,70,101,100,76,78,101,109,114,109,96,2025-09-07
1,8,하차,35,41,51,57,68,62,69,69,82,89,83,86,87,106,108,107,125,2025-09-07
1,8,하차,35,32,41,48,52,50,70,68,91,88,93,97,113,112,124,105,118,2025-09-07
1,2,하차,28,45,47,52,63,58,65,90,82,83,92,97,97,98,123,128,119,2025-09-07
4,8,하차,36,48,44,45,57,73,66,73,73,102,83,97,110,117,113,93,120,2025-09-07
2,3,승차,45,52,57,51,67,73,73,82,69,75,76,87,107,130,102,118,136,2025-09-07
3,7,하차,42,51,57,49,70,73,64,65,72,96,94,87,107,100,106,99,104,2025-09-07
2,9,승차,34,53,57,64,65,81,64,68,76,86,103,87,89,99,94,134,134,2025-09-07
1,4,승차,40,42,56,61,59,65,74,64,61,91,84,74,113,99,112,114,115,2025-09-07
4,6,하차,44,48,52,53,58,77,76,68,76,88,85,95,99,110,115,122,136,2025-09-07
2,9,승차,43,46,41,59,57,64,62,76,88,88,86,117,99,105,101,115,121,2025-09-07
1,5,하차,37,39,64,57,71,57,66,77,83,85,82,110,108,92,110,109,113,2025-09-07
3,1,승차,40,34,55,47,67,49,77,71,82,69,83,101,113,90,109,110,126,2025-09-07
3,3,하차,45,35,47,56,56,67,57,61,87,78,105,110,88,124,105,107,121,2025-09-07
3,9,하차,39,49,47,66,53,66,82,62,81,93,92,101,102,103,103,129,110,2025-09-07
1,3,승차,41,44,58,54,69,61,72,78,84,84,93,108,102,83,120,112,123,2025-09-07
4,2,하차,39,39,38,61,65,75,63,74,81,89,98,89,87,114,103,111,127,2025-09-07
2,4,하차,39,55,44,54,50,64,76,62,75,96,99,95,89,114,113,113,129,2025-09-07
3,5,하차,34,37,62,46,53,68,82,82,69,93,87,94,94,110,118,97,111,2025-09-07
1,7,하차,29,46,48,47,56,55,61,72,68,91,86,87,90,115,117,106,115,2025-09-07
1,7,승차,49,57,39,59,66,64,62,64,75,83,104,108,117,85,117,121,138,2025-09-07
2,9,승차,36,37,48,65,46,60,60,82,83,74,86,114,108,122,107,122,131,2025-09-07
3,8,승차,40,46,49,49,44,65,73,77,94,91,86,103,107,103,102,106,116,2025-09-07
1,2,하차,32,39,56,55,51,50,60,72,79,85,92,96,93,118,103,107,118,2025-09-07
2,8,승차,37,53,61,66,61,67,63,71,82,86,81,99,83,124,98,118,128,2025-09-07
4,8,하차,43,42,39,55,49,63,60,67,74,73,90,99,94,114,98,131,129,2025-09-07
4,5,하차,51,57,49,58,54,69,68,84,81,81,82,89,93,104,122,100,107,2025-09-07
4,3,하차,34,45,55,49,55,55,84,64,70,77,97,107,98,107,117,117,100,2025-09-07
3,9,승차,50,41,43,70,62,48,78,68,73,88,76,89,104,104,104,113,129,2025-09-07
2,7,승차,55,45,54,50,57,67,61,59,77,78,104,96,91,123,133,108,114,2025-09-07
2,1,승차,44,50,38,57,55,61,68,80,77,84,93,87,101,116,116,112,138,2025-09-07
1,8,승차,46,40,41,50,61,73,62,77,79,98,75,90,116,110,108,112,117,2025-09-07
1,5,하차,37,36,59,65,90,60,65,82,70,94,88,86,104,117,110,111,143,2025-09-07
1,6,승차,39,47,54,66,72,67,58,76,89,84,92,86,90,90,101,114,124,2025-09-07
2,9,승차,51,49,50,53,78,56,74,71,73,76,85,93,113,88,122,129,116,2025-09-07
1,8,승차,39,42,58,70,62,71,65,66,80,88,93,94,103,120,109,122,134,2025-09-07
2,3,승차,41,44,46,52,51,65,64,75,79,99,86,98,96,111,103,92,122,2025-09-07
2,5,하차,35,35,52,52,58,58,67,72,89,77,74,82,93,106,103,119,122,2025-09-07
4,4,승차,36,46,39,51,54,62,65,70,69,88,82,105,112,94,112,113,121,2025-09-07
1,1,승차,47,46,57,47,51,63,67,78,57,82,85,103,96,100,120,121,133,2025-09-07
4,5,승차,43,52,48,57,69,56,77,87,89,69,88,70,101,116,107,106,112,2025-09-07
3,7,하차,45,48,57,49,55,59,65,85,83,100,107,99,106,104,107,94,129,2025-09-07
3,1,승차,37,51,59,59,58,65,63,71,70,83,97,89,91,119,94,127,131,2025-09-07
3,4,승차,30,40,45,52,59,63,77,80,88,67,74,105,82,117,109,131,127,2025-09-07
2,6,승차,46,45,55,38,61,63,74,91,83,89,71,92,96,106,121,113,119,2025-09-07
2,9,하차,50,47,47,56,61,56,92,72,79,81,93,87,105,116,106,118,118,2025-09-07
2,8,하차,41,36,58,63,77,73,70,78,81,81,106,90,103,86,112,125,113,2025-09-07
1,2,승차,45,55,55,55,60,50,63,66,91,88,91,87,112,105,110,125,125,2025-09-07
4,3,승차,46,49,42,56,56,78,55,57,88,77,79,111,114,96,113,120,129,2025-09-07
2,5,하차,38,40,49,61,63,56,57,87,71,90,98,103,84,107,109,105,110,2025-09-07
4,7,하차,37,39,39,56,59,53,69,74,108,90,97,98,107,94,123,119,123,2025-09-07
4,3,하차,36,46,47,59,58,72,77,55,83,78,82,97,119,106,115,101,124,2025-09-07
4,7,하차,33,41,52,48,65,62,66,89,90,86,90,94,107,102,118,128,105,2025-09-07
1,5,하차,25,44,50,63,56,54,82,92,63,80,87,95,90,119,98,90,99,2025-09-07
1,6,승차,47,43,42,60,52,60,79,56,76,87,91,79,110,120,102,100,128,2025-09-07
3,6,승차,20,40,37,54,47,57,58,77,77,90,89,89,93,101,93,121,123,2025-09-07
3,4,승차,49,44,56,71,68,68,85,68,86,91,87,94,101,99,108,113,109,2025-09-07
4,8,승차,38,40,50,51,69,58,72,59,90,82,81,97,98,94,113,118,101,2025-09-07
3,9,하차,45,52,51,66,51,64,83,89,85,80,76,84,101,117,134,99,125,2025-09-07
4,2,하차,31,38,62,57,67,65,72,74,91,78,99,106,95,110,120,115,120,2025-09-07
1,9,하차,35,52,54,55,59,65,78,59,90,77,86,97,126,102,133,118,139,2025-09-07
1,4,하차,33,42,48,66,55,58,68,67,67,71,97,91,107,117,121,115,126,2025-09-07
1,6,하차,43,38,36,51,59,76,65,59,90,95,90,92,91,128,121,108,107,2025-09-07
2,7,승차,35,45,53,72,64,72,81,53,82,88,92,102,87,88,107,122,115,2025-09-07
4,4,승차,27,42,46,65,56,55,72,76,82,87,76,94,91,106,113,112,112,2025-09-07
1,8,승차,32,42,42,52,59,61,68,78,78,94,97,105,89,105,112,117,119,2025-09-07
4,8,승차,41,36,53,57,57,69,75,88,70,88,96,112,111,94,89,104,120,2025-09-07
3,1,승차,42,38,44,49,65,54,66,65,92,98,86,104,99,92,108,133,114,2025-09-07
3,8,하차,34,42,54,38,56,83,68,86,87,98,103,97,94,117,127,110,117,2025-09-07
1,3,하차,42,43,49,58,57,60,87,74,71,84,89,91,125,98,97,123,98,2025-09-07
4,5,하차,26,52,41,53,68,68,80,90,74,77,86,96,98,101,116,124,119,2025-09-07
1,8,하차,51,41,49,61,63,68,67,81,92,82,76,91,71,112,126,118,127,2025-09-07
3,6,하차,41,49,63,59,64,55,68,77,85,96,81,97,104,105,97,128,130,2025-09-07
1,4,승차,37,39,49,57,53,65,64,78,78,100,101,94,101,105,121,123,137,2025-09-07
4,4,승차,40,45,47,56,57,72,86,82,84,76,83,83,79,88,100,116,118,2025-09-07
3,4,승차,40,49,44,61,59,65,71,79,96,101,90,80,100,104,127,112,114,2025-09-07
2,6,하차,35,36,56,56,70,66,79,82,86,85,67,81,90,119,111,119,113,2025-09-07
3,7,하차,39,55,51,49,55,60,67,87,74,86,100,83,112,125,109,101,105,2025-09-07
2,5,하차,33,43,57,64,58,73,61,75,68,96,77,98,111,102,110,123,107,2025-09-07
1,8,하차,49,41,52,65,56,67,76,79,73,80,81,104,101,118,131,110,123,2025-09-07
1,7,승차,34,49,57,54,51,79,80,77,67,84,91,102,99,89,99,124,115,2025-09-07
4,8,하차,47,36,57,56,62,79,86,81,88,83,87,82,96,110,113,117,101,2025-09-07
2,4,승차,44,43,34,72,64,64,73,67,81,74,90,101,108,104,116,115,100,2025-09-07
1,8,하차,25,50,60,66,62,58,78,72,84,79,83,99,97,105,125,108,124,2025-09-07
2,6,승차,37,40,48,58,65,70,72,55,77,85,90,103,94,94,128,104,120,2025-09-07
1,3,하차,46,43,44,60,80,60,82,74,84,81,86,93,107,111,123,104,134,2025-09-07
3,8,하차,45,50,52,61,57,55,69,56,79,78,102,83,104,110,115,110,99,2025-09-07
1,7,승차,45,46,52,66,59,77,63,81,77,90,87,81,107,94,97,112,126,2025-09-07
4,5,승차,31,47,63,52,71,65,75,69,90,100,96,79,96,98,104,124,121,2025-09-07
3,4,하차,37,46,47,57,58,77,56,73,76,72,83,82,92,102,105,116,109,2025-09-07
4,1,승차,46,43,54,59,57,65,72,83,86,80,75,94,95,98,115,107,115,2025-09-07
3,3,하차,39,43,59,58,62,72,86,65,77,95,86,97,112,113,113,108,116,2025-09-07
2,2,하차,37,37,60,59,54,63,75,61,68,70,96,93,107,100,109,93,108,2025-09-07
4,8,승차,53,41,38,53,57,64,63,79,93,96,79,107,91,117,120,118,117,2025-09-07
1,8,하차,41,55,42,51,70,75,72,91,71,98,85,125,107,113,107,126,141,2025-09-07
2,5,하차,46,44,56,47,58,72,55,71,78,101,72,95,99,104,102,116,123,2025-09-07
1,5,승차,49,41,54,51,69,68,57,76,83,76,94,91,112,109,121,124,129,2025-09-07
3,4,하차,48,40,63,69,61,58,59,62,83,82,88,91,90,103,102,118,123,2025-09-07
3,1,하차,38,44,44,46,32,58,76,66,77,75,97,111,103,108,119,104,129,2025-09-07
1,1,하차,29,46,54,65,54,49,58,70,75,94,98,96,92,119,131,107,112,2025-09-07
1,6,하차,52,44,44,60,60,73,59,67,83,111,94,78,103,115,121,115,116,2025-09-07
2,4,승차,35,32,49,43,53,76,73,74,91,100,84,84,102,120,106,116,137,2025-09-07
1,4,승차,36,38,49,59,65,68,66,76,77,64,68,107,86,114,82,100,127,2025-09-07
4,3,승차,32,54,54,56,52,64,76,64,75,82,82,103,100,101,105,114,114,2025-09-07
4,9,하차,34,47,42,38,66,70,67,67,78,75,88,114,86,104,113,106,127,2025-09-07
1,3,승차,45,53,50,51,41,62,71,80,71,61,90,96,96,112,99,125,120,2025-09-07
4,8,승차,36,40,57,45,62,58,67,78,81,87,99,93,96,114,112,125,133,2025-09-07
1,2,승차,32,40,54,60,57,69,75,65,80,97,88,71,83,99,116,98,102,2025-09-07
2,4,하차,32,47,48,69,53,57,78,70,75,89,90,97,106,96,119,115,115,2025-09-07
4,1,승차,37,39,46,51,51,68,72,78,79,110,105,79,96,82,119,127,129,2025-09-07
4,5,승차,44,47,54,54,66,51,92,77,71,79,74,78,94,95,108,106,98,2025-09-07
1,2,하차,46,59,55,53,61,63,64,74,74,86,80,92,95,105,123,97,120,2025-09-07
4,1,하차,33,48,45,67,54,72,70,67,82,91,83,109,103,103,108,117,140,2025-09-07
3,1,하차,42,41,43,52,64,78,74,70,85,91,80,94,103,86,124,114,101,2025-09-07
2,2,하차,37,53,40,51,70,66,69,75,76,78,95,94,104,124,96,127,107,2025-09-07
2,5,하차,43,52,43,53,64,64,70,74,79,107,85,85,106,114,110,102,117,2025-09-07
4,9,하차,32,46,50,64,63,53,73,89,102,101,70,97,86,118,113,106,113,2025-09-07
4,6,승차,44,36,49,51,56,75,77,80,71,77,94,92,96,106,126,125,132,2025-09-07
3,4,승차,39,52,40,51,51,72,72,83,62,89,95,102,110,106,92,119,130,2025-09-07
3,3,하차,50,53,45,61,58,66,85,61,72,91,93,87,93,102,106,122,120,2025-09-07
4,8,하차,36,44,50,51,56,52,81,82,82,87,79,99,114,103,91,107,107,2025-09-07
4,3,승차,36,60,36,57,59,64,73,63,68,91,82,95,97,90,111,101,122,2025-09-07
3,1,하차,33,50,47,46,59,62,79,60,85,68,87,103,109,91,100,138,127,2025-09-07
1,4,하차,42,46,44,55,69,69,71,79,73,86,91,94,86,111,101,113,125,2025-09-07
3,5,승차,33,52,57,49,56,54,77,77,67,82,100,92,103,107,115,124,121,2025-09-07
1,5,하차,33,47,51,52,55,64,61,87,90,71,97,101,100,100,109,108,107,2025-09-07
2,5,하차,45,56,41,55,59,69,67,63,100,72,99,87,99,101,113,115,82,2025-09-07
2,8,승차,43,43,47,53,53,68,68,86,95,86,97,83,102,116,116,103,119,2025-09-07
3,8,승차,39,49,45,49,47,66,70,91,86,78,94,96,101,111,108,131,121,2025-09-07
1,4,승차,39,38,51,63,71,62,54,76,82,90,69,91,101,118,119,96,117,2025-09-07
3,9,승차,52,61,57,53,67,47,57,78,84,84,72,102,95,107,109,97,125,2025-09-07
3,1,승차,36,43,41,73,59,71,73,78,93,90,87,83,88,116,110,123,127,2025-09-07
1,5,하차,33,53,55,60,64,71,67,74,80,91,104,81,92,106,122,96,112,2025-09-07
3,5,하차,40,42,46,59,58,73,55,73,72,76,104,99,88,78,106,105,139,2025-09-07
2,5,하차,39,45,55,56,67,66,73,87,67,78,89,102,92,90,98,114,140,2025-09-07
4,8,하차,39,43,49,51,61,63,76,68,77,77,114,86,102,106,113,96,119,2025-09-07
4,9,하차,40,41,46,59,63,69,68,68,66,74,85,88,98,107,86,94,118,2025-09-07
3,3,승차,49,47,45,53,49,62,50,77,87,77,96,93,104,115,116,109,132,2025-09-07
1,9,하차,31,48,56,54,57,74,73,57,81,85,85,76,97,93,122,120,130,2025-09-07
1,8,하차,36,46,58,61,54,58,69,70,76,82,90,80,82,118,108,117,111,2025-09-07
2,3,하차,38,54,58,52,60,60,83,71,91,83,105,96,102,88,110,104,119,2025-09-07
1,2,하차,39,37,51,53,60,53,63,75,81,86,76,85,108,111,109,127,123,2025-09-07
1,4,하차,43,41,45,64,70,53,77,59,86,86,88,93,111,96,114,115,107,2025-09-07
2,2,승차,34,42,49,56,67,62,72,69,86,83,86,93,114,108,103,120,116,2025-09-07
3,4,하차,30,40,45,65,64,47,58,84,79,98,80,91,112,114,101,109,135,2025-09-07
4,5,하차,49,37,52,64,55,76,69,71,75,71,107,97,98,98,104,122,119,2025-09-07
2,2,하차,38,43,44,53,64,67,70,95,69,87,81,75,109,97,132,112,123,2025-09-07
3,8,하차,33,43,46,66,65,71,74,86,92,85,102,92,115,130,129,130,119,2025-09-07
2,1,하차,35,40,53,65,62,59,65,89,80,89,76,109,90,115,118,114,141,2025-09-07
3,3,하차,36,40,42,50,63,66,80,74,72,80,88,101,98,128,107,123,134,2025-09-07
2,7,승차,35,53,49,50,54,53,81,76,83,80,85,95,111,108,108,124,128,2025-09-07
3,1,하차,33,40,46,62,66,81,65,73,86,83,95,92,111,94,103,117,113,2025-09-07
2,2,승차,46,60,44,60,58,63,52,78,85,80,112,92,113,127,109,95,120,2025-09-07
3,3,승차,54,42,50,48,56,66,56,76,89,85,94,89,90,91,110,117,118,2025-09-07
2,2,하차,31,45,58,56,55,67,73,75,78,73,95,92,99,97,115,122,121,2025-09-07
4,2,하차,39,36,45,53,52,56,68,76,87,71,79,101,101,95,128,129,107,2025-09-07
4,6,하차,33,45,52,55,50,55,84,58,54,80,111,87,102,103,120,111,115,2025-09-07
1,7,승차,44,39,58,54,57,61,70,83,76,87,99,85,107,106,112,108,136,2025-09-07
3,6,하차,41,46,66,44,64,64,91,74,86,74,103,97,115,92,118,108,112,2025-09-07
2,6,하차,27,52,49,48,61,61,65,70,81,100,89,98,102,113,109,126,125,2025-09-07
3,9,하차,57,38,47,51,58,56,62,72,84,76,95,124,110,114,135,114,129,2025-09-07
4,8,승차,47,46,43,52,72,74,66,80,88,94,111,110,108,101,111,128,111,2025-09-07
3,8,승차,42,55,51,53,66,58,73,88,66,72,84,81,104,88,109,109,117,2025-09-07
2,6,하차,33,47,54,36,70,60,66,77,74,91,95,87,108,101,105,101,134,2025-09-07
3,5,승차,54,42,48,60,58,63,56,88,72,75,84,86,88,126,101,93,134,2025-09-07
2,9,하차,37,42,52,38,51,79,64,86,91,93,101,83,103,98,107,115,112,2025-09-07
4,2,승차,35,54,57,75,61,70,70,82,75,87,88,75,102,111,118,114,115,2025-09-07
4,7,하차,44,43,53,54,50,69,55,74,78,84,85,89,88,104,100,110,114,2025-09-07
4,6,승차,41,36,52,68,50,60,69,64,80,86,104,84,96,111,114,110,115,2025-09-07
1,7,하차,27,50,54,49,67,62,70,87,91,98,76,96,112,112,114,104,129,2025-09-07
4,4,하차,39,35,48,59,49,83,64,88,93,73,78,109,98,99,120,136,106,2025-09-07
3,9,승차,34,47,40,58,54,75,82,70,75,95,98,82,86,96,107,118,127,2025-09-07
1,7,승차,35,43,49,48,42,80,69,83,89,76,99,97,93,95,119,140,126,2025-09-07
4,2,승차,37,42,53,61,60,69,70,71,74,90,90,128,111,108,104,97,124,2025-09-07
3,4,승차,33,39,51,56,65,53,78,59,83,77,94,91,98,109,120,117,100,2025-09-07
3,5,승차,43,50,50,51,72,63,63,78,75,82,79,89,98,103,120,118,129,2025-09-07
3,2,하차,40,44,49,51,60,71,77,78,91,83,74,80,78,116,110,107,133,2025-09-07
2,8,하차,42,45,41,61,53,57,76,71,96,80,92,109,93,97,123,117,125,2025-09-07
1,1,승차,34,40,52,54,61,57,50,69,77,96,99,97,93,105,118,107,112,2025-09-07
3,3,하차,43,46,59,63,48,70,76,74,85,89,84,90,106,123,85,113,110,2025-09-07
2,1,하차,40,42,50,47,52,72,67,68,73,91,92,98,85,124,113,115,112,2025-09-07
4,5,승차,43,48,42,55,46,61,84,65,77,84,90,93,101,92,122,118,136,2025-09-07
3,8,하차,55,52,53,46,69,57,63,73,64,99,85,103,105,102,107,121,111,2025-09-07
2,7,하차,36,50,47,61,70,79,65,88,81,87,100,89,91,105,120,122,106,2025-09-07
3,9,승차,48,34,53,57,66,63,77,91,80,88,99,87,107,102,122,102,116,2025-09-07
1,2,승차,52,47,62,55,56,74,86,74,89,79,82,89,103,111,109,133,122,2025-09-07
1,8,하차,47,41,42,47,61,67,77,86,78,89,91,86,107,105,112,118,131,2025-09-07
4,8,승차,33,32,50,57,57,67,72,81,88,69,86,96,111,106,112,104,113,2025-09-07
3,6,하차,49,45,44,54,50,50,70,69,82,74,81,81,109,118,106,110,112,2025-09-07
2,3,승차,40,52,53,57,54,63,66,81,67,83,79,87,112,107,125,120,97,2025-09-07
4,2,승차,33,50,50,57,55,45,64,76,86,75,82,82,109,109,111,113,127,2025-09-07
3,8,승차,45,38,45,58,47,79,61,77,82,100,100,78,101,106,109,100,115,2025-09-07
4,6,승차,36,48,57,61,55,57,85,93,81,69,91,98,74,106,133,99,152,2025-09-07
2,4,하차,47,45,43,61,50,66,62,78,85,86,97,80,87,118,114,103,111,2025-09-07
4,5,승차,44,42,54,68,58,58,59,77,90,102,96,98,104,104,114,120,114,2025-09-07
4,5,승차,38,51,44,52,58,65,83,86,69,78,89,90,104,99,105,107,118,2025-09-07
4,9,하차,48,44,41,57,59,68,79,76,70,90,89,97,115,97,109,117,124,2025-09-07
3,9,하차,41,53,51,50,73,64,74,69,69,84,86,97,106,97,114,108,118,2025-09-07
2,8,하차,40,59,53,53,57,69,70,70,87,96,90,86,98,104,117,109,108,2025-09-07
1,8,하차,24,48,52,59,61,59,72,71,76,91,82,91,98,110,126,104,129,2025-09-07
3,2,승차,55,50,50,47,71,64,74,80,87,91,105,99,102,103,114,114,121,2025-09-07
1,3,하차,47,36,43,51,57,73,77,69,89,94,94,97,109,105,100,122,137,2025-09-07
1,8,승차,35,51,48,68,65,62,65,84,75,91,80,98,97,101,113,100,137,2025-09-07
3,5,하차,41,49,46,55,56,67,77,75,65,77,92,80,90,88,106,109,112,2025-09-07
3,7,승차,48,42,48,51,47,71,62,76,60,70,97,100,99,97,116,127,129,2025-09-07
2,8,하차,54,45,57,57,65,59,79,91,71,88,98,102,125,106,121,104,126,2025-09-07
2,6,승차,37,43,60,51,55,65,63,76,84,81,91,102,88,97,125,124,129,2025-09-07
4,5,승차,48,34,59,34,61,59,67,72,66,85,91,117,102,109,119,103,107,2025-09-07
1,8,하차,40,42,52,50,46,64,63,71,61,83,91,103,99,94,102,117,106,2025-09-07
2,1,승차,46,47,43,51,56,75,77,78,81,87,91,98,113,87,87,103,121,2025-09-07
4,1,승차,54,50,45,50,51,67,68,69,74,89,85,96,100,112,108,120,117,2025-09-07
2,1,승차,33,55,54,60,70,69,64,84,72,86,92,106,95,94,92,126,115,2025-09-07
3,3,승차,35,31,43,58,78,75,64,71,75,73,94,100,102,111,126,113,119,2025-09-07
2,6,하차,45,39,53,58,63,74,78,79,73,76,102,95,105,91,112,121,116,2025-09-07
1,6,승차,30,41,42,46,61,70,71,74,84,91,93,76,101,112,116,120,127,2025-09-07
2,5,승차,34,53,42,62,52,59,72,71,70,68,86,77,123,114,110,113,123,2025-09-07
1,7,하차,43,43,39,47,71,68,78,69,74,69,106,100,93,110,113,95,130,2025-09-07
3,5,하차,38,47,53,67,59,61,76,75,78,78,95,102,88,104,114,115,128,2025-09-07
1,2,하차,43,39,42,43,63,52,75,68,79,84,90,103,96,101,109,116,110,2025-09-07
2,4,승차,34,52,53,53,65,68,69,76,99,71,96,105,100,112,110,133,113,2025-09-07
4,1,승차,36,54,46,44,53,78,68,84,80,94,86,102,86,91,122,129,115,2025-09-07
3,7,하차,36,40,47,53,56,64,75,83,60,80,105,108,101,108,108,134,118,2025-09-07
2,4,승차,36,46,50,47,59,70,76,60,79,97,92,98,82,120,115,102,112,2025-09-07
3,4,하차,40,44,45,61,65,77,57,68,70,95,104,115,106,97,99,108,114,2025-09-07
3,4,승차,37,52,47,52,67,63,73,80,80,70,93,84,103,100,108,106,135,2025-09-07
2,3,하차,33,51,52,48,55,66,68,78,79,85,98,107,95,107,104,133,133,2025-09-07
2,8,승차,30,43,50,55,63,65,61,75,69,78,88,111,128,123,124,117,121,2025-09-07
4,4,하차,34,38,45,61,48,54,72,85,69,88,89,81,102,111,118,98,132,2025-09-07
3,8,승차,42,38,48,43,51,78,74,77,82,82,77,98,93,112,110,119,98,2025-09-07
3,9,하차,43,53,49,51,61,62,73,74,78,90,80,77,102,111,113,124,138,2025-09-07
2,1,승차,44,43,60,56,59,53,67,68,68,96,104,102,120,111,106,116,112,2025-09-07
1,4,승차,31,44,52,50,63,66,65,83,74,103,103,82,93,127,100,111,113,2025-09-07
2,6,승차,33,46,53,59,70,66,71,67,68,87,69,98,111,111,132,104,111,2025-09-07
3,8,하차,40,41,41,53,64,58,55,68,66,85,90,90,100,110,111,111,132,2025-09-07
2,6,승차,43,57,53,65,61,74,73,65,72,85,99,102,106,112,131,105,100,2025-09-07
4,6,승차,30,52,57,60,64,57,86,80,84,84,75,94,107,109,116,111,107,2025-09-07
1,4,승차,38,44,38,55,63,71,66,73,61,93,87,96,87,124,124,130,120,2025-09-07
2,9,하차,44,40,59,47,45,79,72,81,76,83,100,98,87,89,90,118,112,2025-09-07
4,7,승차,50,44,47,65,46,61,64,63,76,87,100,88,96,115,117,97,119,2025-09-07
3,6,하차,45,47,55,50,54,63,75,74,81,93,95,95,115,98,112,129,126,2025-09-07
2,1,승차,39,49,34,53,53,72,82,95,73,73,81,124,103,105,124,131,128,2025-09-07
3,2,하차,45,41,37,47,58,55,69,68,94,83,89,73,92,78,116,90,116,2025-09-07
4,6,하차,45,43,45,48,57,74,74,90,77,80,94,88,96,100,112,102,109,2025-09-07
3,1,승차,35,55,54,39,56,75,70,86,81,92,101,110,96,105,113,120,119,2025-09-07
4,5,하차,39,53,47,50,59,61,53,77,85,86,83,72,112,102,116,122,103,2025-09-07
4,1,하차,50,32,47,61,64,73,60,81,73,92,79,94,103,125,123,99,106,2025-09-07
4,3,승차,32,60,52,51,55,71,90,70,74,112,97,111,81,102,93,118,120,2025-09-07
2,7,하차,42,52,47,52,65,71,54,85,74,83,87,98,98,104,100,110,110,2025-09-07
3,5,하차,51,52,60,67,80,56,64,99,75,89,89,106,108,110,117,109,119,2025-09-07
3,1,하차,33,45,49,74,54,66,85,92,94,94,81,116,98,109,106,117,120,2025-09-07
1,1,하차,29,46,50,65,62,73,76,74,89,84,100,106,108,102,107,126,117,2025-09-07
1,8,승차,49,40,33,64,67,72,86,55,80,98,83,86,99,118,121,105,132,2025-09-07
1,9,하차,35,44,56,57,58,58,72,70,80,100,101,108,102,107,89,117,128,2025-09-07
1,7,하차,36,44,43,53,62,70,66,79,88,96,95,88,97,116,110,121,129,2025-09-07
3,3,승차,32,47,48,58,55,58,70,67,72,86,86,106,103,95,102,127,123,2025-09-07
4,6,승차,39,44,39,47,61,78,75,82,80,86,83,88,111,117,108,114,122,2025-09-07
4,3,하차,33,42,53,52,71,79,65,70,79,77,94,90,112,123,110,113,128,2025-09-07
2,4,승차,46,53,53,52,61,68,85,86,66,84,86,94,103,95,114,134,107,2025-09-07
4,4,승차,35,41,47,48,53,55,74,68,73,97,86,88,70,95,117,107,116,2025-09-07
3,3,승차,44,40,53,46,80,64,86,75,89,83,78,93,105,111,114,128,138,2025-09-07
3,6,승차,45,46,39,41,74,52,75,74,77,69,82,102,107,93,118,96,112,2025-09-07
3,5,승차,30,33,49,50,48,60,57,58,63,92,102,97,112,104,89,121,139,2025-09-07
2,9,승차,48,42,64,52,51,64,87,60,63,82,91,100,100,105,113,107,111,2025-09-07
1,9,승차,56,42,54,50,57,55,56,66,75,80,88,102,92,102,120,113,132,2025-09-07
4,3,승차,49,52,51,54,62,43,101,95,72,101,80,91,94,104,112,114,124,2025-09-07
3,9,승차,41,45,49,52,54,57,68,84,87,77,85,83,94,115,109,130,118,2025-09-07
3,3,하차,32,42,52,51,67,62,65,79,73,79,92,95,109,120,101,128,113,2025-09-07
1,4,하차,39,47,55,46,65,60,68,69,67,87,84,95,99,107,112,107,123,2025-09-07
3,1,하차,41,50,40,47,52,70,58,89,89,97,100,93,84,113,101,122,113,2025-09-07
4,5,하차,31,39,40,46,46,62,58,59,70,88,92,98,85,108,100,111,111,2025-09-07
2,9,하차,44,39,49,72,64,68,84,65,78,97,100,90,92,88,106,118,134,2025-09-07
3,2,승차,36,51,45,54,61,56,67,80,88,86,79,112,110,119,112,106,114,2025-09-07
4,4,승차,43,43,48,48,58,61,86,72,66,81,86,90,84,104,111,108,118,2025-09-07
3,2,하차,32,41,45,45,64,59,64,77,85,100,94,83,110,90,106,137,133,2025-09-07
1,8,하차,37,54,58,57,64,64,66,76,69,87,105,86,105,110,102,83,127,2025-09-07
3,9,승차,32,48,60,70,49,58,76,66,95,109,70,99,109,121,121,95,99,2025-09-07
3,3,하차,48,35,54,60,71,62,83,88,83,90,81,106,111,127,96,100,121,2025-09-07
2,9,승차,39,43,65,46,68,61,77,67,83,81,76,86,87,126,123,127,136,2025-09-07
1,6,하차,51,39,57,50,60,64,74,86,75,86,99,112,76,123,107,103,116,2025-09-07
1,6,승차,38,52,53,53,75,69,64,75,91,78,70,90,94,91,99,112,119,2025-09-07
2,7,하차,49,62,55,48,51,63,67,85,82,104,91,97,93,119,109,131,129,2025-09-07
3,5,승차,33,39,49,55,51,68,79,82,84,71,88,86,107,103,111,124,118,2025-09-07
4,6,하차,46,30,46,55,59,65,68,75,80,73,93,75,114,97,100,117,103,2025-09-07
1,1,하차,43,55,53,72,47,59,74,84,80,96,102,95,112,108,126,113,125,2025-09-07
1,3,승차,44,50,56,66,72,65,83,63,76,81,95,90,81,109,108,108,128,2025-09-07
3,9,승차,43,33,48,60,66,65,61,95,77,92,91,96,108,125,113,121,114,2025-09-07
3,5,하차,33,44,48,50,59,63,59,68,79,92,71,98,86,113,113,104,129,2025-09-07
1,5,하차,42,55,39,41,72,61,64,73,79,79,92,79,93,126,117,127,118,2025-09-07
3,8,승차,33,58,42,63,56,64,64,75,77,91,83,104,113,82,109,105,103,2025-09-07
4,2,승차,40,47,41,45,55,76,64,81,90,79,74,102,120,86,123,118,99,2025-09-07
1,7,승차,51,39,52,51,59,67,73,88,99,89,89,115,108,94,114,125,141,2025-09-07
4,9,하차,40,34,55,54,41,62,80,64,81,94,90,100,80,102,138,120,124,2025-09-07
4,7,하차,42,51,32,46,63,65,71,91,74,82,76,99,103,95,107,127,126,2025-09-07
3,5,승차,46,45,56,53,62,67,56,84,66,89,86,79,104,96,103,103,115,2025-09-07
4,6,하차,50,43,55,64,58,57,62,81,96,80,86,84,103,104,113,111,111,2025-09-07
3,4,하차,40,47,52,53,61,65,74,77,78,83,88,93,93,93,104,114,125,2025-09-07
2,7,승차,44,42,44,60,51,55,70,75,86,85,81,85,101,99,123,111,116,2025-09-07
3,1,하차,41,43,49,61,61,59,75,68,76,73,81,103,103,107,107,110,133,2025-09-07
4,4,승차,45,43,44,78,47,68,55,78,69,80,78,90,99,102,113,110,118,2025-09-07
2,3,승차,39,58,57,55,79,68,77,59,90,82,97,86,106,103,115,110,111,2025-09-07
3,4,하차,29,38,51,72,61,65,73,83,78,111,106,104,104,95,98,87,116,2025-09-07
4,1,하차,44,47,43,44,63,73,68,69,81,70,80,104,85,98,116,113,131,2025-09-07
1,2,승차,45,52,43,60,59,66,67,72,78,91,112,95,110,119,103,124,106,2025-09-07
1,9,승차,42,39,52,67,62,69,65,80,90,80,112,102,92,111,100,126,100,2025-09-07
3,7,승차,28,44,49,55,54,70,74,76,109,65,105,96,97,98,113,107,117,2025-09-07
3,6,하차,40,43,51,65,56,76,74,77,75,97,87,90,99,91,100,117,122,2025-09-07
1,2,승차,38,50,61,43,56,72,72,80,70,75,91,87,109,101,107,123,122,2025-09-07
4,1,승차,43,42,57,63,55,69,73,87,103,80,80,94,85,98,94,108,109,2025-09-07
4,2,승차,52,32,48,52,71,63,79,88,80,84,76,85,96,106,99,109,111,2025-09-07
4,7,승차,48,22,39,55,65,73,75,68,72,65,85,77,104,105,109,120,109,2025-09-07
3,2,하차,42,47,50,44,69,70,75,66,74,92,78,91,94,102,108,107,111,2025-09-07
2,3,하차,40,55,46,48,60,61,61,84,78,99,101,105,86,107,99,125,109,2025-09-07
2,8,승차,43,41,45,64,68,67,88,91,83,100,103,94,117,94,109,123,126,2025-09-07
2,7,하차,45,36,52,41,74,50,60,102,97,86,94,87,94,104,101,110,115,2025-09-07
2,9,하차,46,50,52,52,64,54,56,78,81,80,78,99,99,93,114,99,124,2025-09-07
2,4,하차,42,43,49,70,61,79,76,69,64,88,94,92,118,116,104,129,122,2025-09-07
3,7,승차,38,43,47,46,60,60,81,70,86,83,95,87,117,89,109,109,135,2025-09-07
3,1,하차,43,47,59,53,54,64,73,77,85,86,93,89,94,104,107,124,124,2025-09-07
2,2,하차,43,36,48,53,63,72,56,60,83,83,94,90,105,120,118,118,133,2025-09-07
3,7,승차,41,51,67,52,40,73,57,65,79,78,85,89,102,132,109,106,117,2025-09-07
3,2,승차,37,52,50,45,58,48,75,93,77,86,90,88,84,111,95,112,119,2025-09-07
2,6,하차,30,43,45,54,62,59,55,74,74,113,87,97,85,106,112,112,115,2025-09-07
4,9,하차,45,42,45,49,57,60,68,57,85,77,103,88,79,105,103,112,119,2025-09-07
3,5,승차,37,50,52,60,54,58,72,59,87,72,74,90,96,102,118,112,121,2025-09-07
4,7,승차,52,52,49,52,52,63,64,63,69,81,88,113,93,107,114,113,131,2025-09-07
3,1,승차,41,45,52,51,70,72,69,73,95,100,86,97,105,105,100,130,125,2025-09-07
3,8,승차,40,45,42,56,63,72,58,71,82,78,92,90,113,95,106,101,135,2025-09-07
2,9,하차,31,56,36,56,64,63,74,84,65,83,77,102,93,111,99,117,131,2025-09-07
3,5,승차,43,40,59,56,67,69,81,71,90,87,76,98,118,114,102,105,120,2025-09-07
1,6,하차,39,56,37,57,81,69,61,71,77,86,94,96,88,100,102,110,128,2025-09-07
1,8,하차,47,51,66,52,63,61,70,70,75,71,108,88,104,97,110,126,134,2025-09-07
2,4,하차,48,48,56,63,60,61,80,86,82,86,82,95,98,112,117,113,136,2025-09-07
4,2,승차,36,49,54,59,51,71,72,80,84,71,85,94,110,103,110,111,108,2025-09-07
4,8,승차,54,50,48,57,53,61,68,63,89,85,102,96,99,109,104,120,118,2025-09-07
4,2,하차,37,47,40,66,59,64,60,73,94,85,95,93,97,84,121,114,120,2025-09-07
1,5,하차,33,40,52,55,67,61,76,71,87,96,78,101,102,102,106,123,128,2025-09-07
4,6,하차,40,57,41,57,80,64,70,71,68,94,88,106,84,112,114,120,128,2025-09-07
4,5,하차,47,44,49,68,58,65,56,73,76,90,73,99,102,95,88,106,133,2025-09-07
2,6,하차,30,48,42,55,76,71,78,55,67,90,104,92,118,96,136,115,131,2025-09-07
4,6,승차,46,34,47,59,60,64,71,90,74,100,83,95,104,92,114,105,133,2025-09-07
1,3,승차,39,63,58,58,59,54,68,73,92,76,77,120,98,112,120,110,138,2025-09-07
1,3,승차,40,30,51,61,74,72,87,72,82,77,88,88,97,115,112,123,108,2025-09-07
1,9,하차,42,48,54,53,57,64,66,59,79,80,71,105,91,108,100,142,116,2025-09-07
2,3,하차,47,45,49,49,60,60,54,74,80,86,96,89,105,107,112,139,106,2025-09-07
2,3,승차,32,38,58,50,69,55,71,70,87,107,76,102,99,92,108,113,120,2025-09-07
3,2,승차,44,50,46,46,60,57,74,87,84,102,98,99,96,91,116,125,123,2025-09-07
4,7,하차,37,50,49,56,67,47,97,73,79,70,76,83,103,112,117,105,123,2025-09-07
2,4,승차,27,36,53,30,73,63,76,75,86,86,82,99,89,116,114,116,119,2025-09-07
1,1,승차,44,43,49,63,61,69,79,75,76,87,76,78,84,94,109,106,144,2025-09-07
1,6,승차,34,35,44,39,50,59,62,73,63,88,85,119,98,109,104,116,122,2025-09-07
2,5,하차,37,56,45,58,49,75,60,68,78,85,106,96,93,109,126,111,114,2025-09-07
2,2,하차,40,38,63,53,64,62,62,72,82,71,84,81,97,112,111,120,119,2025-09-07
2,6,승차,50,34,50,56,59,67,92,88,89,82,100,113,109,87,131,114,103,2025-09-07
3,1,하차,26,45,37,58,62,67,67,69,84,75,101,77,83,104,108,113,123,2025-09-07
1,3,승차,37,59,52,62,52,58,74,78,72,93,82,85,100,100,93,112,124,2025-09-07
3,4,승차,33,49,49,66,42,67,68,85,82,91,91,88,122,118,96,125,110,2025-09-07
3,3,하차,34,44,53,61,53,70,57,81,92,79,92,103,83,99,113,107,107,2025-09-07
4,6,하차,44,45,40,58,59,64,84,84,68,89,80,103,114,123,112,101,121,2025-09-07
1,4,하차,44,37,54,55,44,63,64,64,92,82,88,94,83,120,116,127,111,2025-09-07
1,1,승차,45,52,53,58,48,68,61,81,66,93,99,82,85,118,130,113,128,2025-09-07
2,5,승차,31,45,39,61,68,53,85,79,88,88,98,114,97,109,100,120,105,2025-09-07
2,5,승차,34,38,57,47,56,54,79,67,85,75,102,105,114,99,98,130,126,2025-09-07
4,9,하차,44,49,39,55,58,63,65,82,52,86,82,93,130,117,102,107,116,2025-09-07
3,8,승차,49,47,53,53,56,65,66,58,86,83,99,105,99,95,119,110,126,2025-09-07
2,8,승차,40,43,47,54,61,80,57,79,90,78,95,91,90,103,101,120,106,2025-09-07
2,5,승차,35,37,50,53,64,75,74,70,90,76,95,92,86,99,108,112,117,2025-09-07
1,8,승차,30,41,42,46,52,64,76,69,87,81,81,84,103,106,105,117,108,2025-09-07
1,7,하차,42,45,37,53,66,60,79,70,77,70,79,83,95,102,113,139,123,2025-09-07
2,1,하차,51,38,58,51,54,60,73,59,95,80,99,91,90,110,115,129,132,2025-09-07
1,7,하차,53,45,46,59,51,73,67,73,86,80,79,98,74,101,98,105,138,2025-09-07
4,8,승차,42,33,36,52,56,64,63,73,79,92,96,79,92,97,121,119,107,2025-09-07
2,3,승차,45,56,56,50,56,89,82,84,79,99,78,84,115,101,98,109,103,2025-09-07
1,9,승차,35,36,54,51,49,51,67,76,70,77,105,94,85,105,103,123,106,2025-09-07
4,8,하차,43,59,49,63,47,54,58,77,77,71,86,84,97,93,87,104,119,2025-09-07
1,2,하차,41,38,46,48,68,66,76,84,86,89,89,81,91,103,106,121,116,2025-09-07
1,6,하차,43,43,55,56,56,62,68,73,74,78,86,79,93,112,98,124,117,2025-09-07
1,4,하차,52,40,46,55,51,66,82,72,83,70,86,101,91,113,115,113,105,2025-09-07
2,3,하차,40,45,53,48,63,57,66,80,71,75,81,79,101,99,113,110,109,2025-09-07
3,6,승차,43,55,51,57,53,67,57,81,95,93,99,99,107,96,108,119,131,2025-09-07
1,9,하차,35,41,48,60,71,74,81,78,90,81,89,99,102,97,128,114,132,2025-09-07
4,2,하차,38,41,44,62,75,65,77,57,81,77,89,83,110,101,107,113,114,2025-09-07
2,5,하차,35,40,44,49,42,50,68,94,92,97,94,94,88,127,91,120,124,2025-09-07
2,6,승차,42,43,48,53,56,65,72,83,78,102,85,97,88,97,118,130,107,2025-09-07
4,4,하차,35,47,56,69,59,72,75,73,78,104,84,97,73,112,95,132,128,2025-09-07
1,7,하차,40,40,48,58,65,64,61,71,94,76,95,82,117,122,122,107,118,2025-09-07
3,2,하차,41,42,45,50,53,63,61,76,65,83,83,72,89,109,112,101,120,2025-09-07
1,7,승차,42,44,42,53,70,49,56,66,70,83,81,112,106,91,127,113,132,2025-09-07
4,2,승차,48,52,59,57,56,66,57,81,81,101,77,107,95,95,122,116,118,2025-09-07
2,1,하차,35,50,54,49,49,78,68,94,70,85,77,98,105,110,115,117,143,2025-09-07
3,5,하차,34,56,47,59,68,54,77,78,82,99,111,93,98,100,112,114,141,2025-09-07
2,2,하차,40,44,53,58,52,63,60,81,73,89,83,115,103,84,125,116,114,2025-09-07
4,8,하차,38,57,55,53,45,61,59,76,91,84,106,94,77,104,105,102,141,2025-09-07
1,8,승차,35,49,56,56,56,64,69,68,90,86,95,92,102,106,104,122,106,2025-09-07
3,1,하차,35,44,47,49,54,61,83,74,87,77,91,99,94,82,116,142,135,2025-09-07
2,4,승차,49,51,48,60,59,70,74,79,82,84,96,88,112,91,107,128,110,2025-09-07
2,9,하차,43,52,47,57,67,79,66,93,75,80,79,118,86,100,116,119,136,2025-09-07
2,5,승차,40,39,73,44,65,54,64,82,81,86,84,109,88,109,104,131,135,2025-09-07
1,6,승차,40,36,57,48,72,63,71,75,71,88,94,89,103,113,89,123,112,2025-09-07
3,3,하차,42,36,37,50,55,68,74,64,95,99,83,95,118,97,109,116,114,2025-09-07
1,5,승차,42,57,60,59,44,70,71,57,81,78,98,105,96,117,100,102,118,2025-09-07
1,1,하차,38,55,37,52,73,72,66,68,81,73,76,105,83,113,108,107,113,2025-09-07
1,8,승차,37,52,40,48,74,65,75,81,72,75,108,84,100,106,95,114,124,2025-09-07
4,6,승차,25,40,42,62,68,77,85,70,75,71,89,115,98,120,117,132,121,2025-09-07
4,2,하차,49,48,53,56,65,53,55,73,72,80,75,83,91,121,105,107,115,2025-09-07
4,4,하차,36,42,50,43,56,64,71,82,88,95,104,92,100,108,115,132,113,2025-09-07
3,4,승차,38,45,40,55,61,62,64,87,90,94,78,96,101,120,106,126,124,2025-09-07
1,9,승차,49,54,38,67,63,64,72,78,80,94,99,93,100,108,117,146,106,2025-09-07
1,9,하차,38,57,52,65,56,63,63,74,84,83,100,122,103,114,109,116,125,2025-09-07
4,5,하차,46,46,46,58,58,66,78,82,82,76,92,79,94,109,125,111,124,2025-09-07
1,3,하차,36,42,45,56,53,65,63,64,84,91,91,80,96,106,107,106,145,2025-09-07
1,1,승차,50,46,38,50,60,65,67,73,74,90,79,108,102,107,112,123,114,2025-09-07
2,6,하차,35,46,63,55,64,67,72,93,76,80,93,85,87,111,99,131,117,2025-09-07
1,8,하차,29,43,44,62,59,62,63,89,69,92,85,89,108,99,127,107,118,2025-09-07
2,1,승차,41,54,58,56,61,62,75,74,83,62,97,100,88,106,115,115,137,2025-09-07
1,1,하차,43,38,56,47,61,72,77,84,90,85,86,81,106,100,119,106,104,2025-09-07
3,7,하차,45,41,54,42,57,71,72,83,82,95,86,90,108,94,118,124,113,2025-09-07
4,7,하차,31,55,56,47,52,68,69,72,83,90,93,106,99,97,104,104,126,2025-09-07
2,2,하차,50,49,52,47,56,56,69,78,84,72,99,105,95,96,107,117,110,2025-09-07
4,3,승차,42,49,45,60,68,60,75,71,87,84,102,88,87,93,119,116,107,2025-09-07
2,2,하차,47,50,45,60,61,52,81,66,75,87,92,89,90,113,101,121,122,2025-09-07
2,6,하차,41,42,66,64,48,74,73,75,81,92,97,99,100,96,114,143,124,2025-09-07
2,8,하차,34,44,49,57,55,64,58,88,88,83,91,90,82,126,112,133,118,2025-09-07
3,8,하차,39,44,57,71,64,60,52,72,93,78,102,88,91,97,103,95,128,2025-09-07
1,1,하차,46,46,42,47,40,71,68,90,91,84,101,82,97,97,110,94,146,2025-09-07
2,9,하차,35,40,62,64,73,49,70,86,76,100,91,88,95,104,101,133,110,2025-09-07
3,8,승차,45,53,48,55,71,68,63,76,78,89,88,115,98,90,108,116,123,2025-09-07
2,9,승차,38,48,45,50,60,64,75,70,69,89,76,102,114,94,113,124,134,2025-09-07
1,9,승차,29,38,51,53,64,58,61,64,73,81,76,95,103,124,108,109,107,2025-09-07
2,6,하차,43,53,48,37,51,63,70,72,102,71,83,93,96,108,124,120,107,2025-09-07
3,3,하차,43,35,54,43,65,50,67,82,74,90,85,103,87,108,131,116,131,2025-09-07
1,1,하차,40,41,52,45,57,68,57,77,95,98,89,99,93,101,132,110,99,2025-09-07
3,8,승차,35,42,54,54,59,60,60,74,85,100,94,96,90,102,102,120,111,2025-09-07
1,3,하차,34,50,51,52,62,49,71,86,70,84,86,89,94,97,114,110,134,2025-09-07
1,7,승차,39,56,64,48,53,71,74,79,85,85,89,78,111,96,111,100,112,2025-09-07
4,6,하차,53,51,51,68,60,65,66,78,83,90,82,96,110,97,91,105,129,2025-09-07
4,3,하차,41,46,49,59,56,62,56,73,85,78,97,90,96,109,104,99,129,2025-09-07
4,6,승차,53,52,56,57,52,66,76,81,80,80,89,92,100,87,103,120,115,2025-09-07
1,3,승차,38,35,66,56,54,69,67,73,68,71,84,104,107,104,99,121,126,2025-09-07
2,9,승차,39,37,49,48,71,55,77,49,85,86,95,93,97,99,92,112,136,2025-09-07
3,1,승차,35,43,42,58,49,71,59,61,77,77,92,96,100,90,118,118,128,2025-09-07
3,8,승차,56,50,60,55,75,62,66,75,87,92,99,79,101,128,116,122,117,2025-09-07
3,5,승차,43,38,59,68,60,53,62,81,63,106,85,95,123,94,115,122,118,2025-09-07
4,4,하차,34,57,57,60,74,69,67,77,73,102,72,93,100,114,124,129,102,2025-09-07
1,1,승차,39,35,55,64,53,68,64,78,72,65,110,101,86,109,102,108,124,2025-09-07
4,9,하차,51,34,47,52,62,53,74,73,73,76,84,114,102,118,106,116,132,2025-09-07
2,9,하차,40,39,62,42,61,70,62,74,97,77,79,95,87,104,101,114,114,2025-09-07
1,5,하차,60,53,45,56,54,68,77,67,88,91,82,88,119,89,112,118,101,2025-09-07
3,9,하차,33,37,47,51,53,71,65,76,81,79,101,96,99,86,95,121,127,2025-09-07
4,9,하차,37,48,58,43,53,75,49,66,71,87,103,94,114,112,114,110,114,2025-09-07
4,7,승차,43,51,45,49,63,60,80,82,74,92,89,87,96,89,107,109,124,2025-09-07
2,8,승차,51,31,54,46,59,74,65,85,70,74,86,90,93,112,111,111,113,2025-09-07
2,1,승차,38,52,53,50,63,62,64,75,78,88,89,90,103,95,108,95,114,2025-09-07
4,4,하차,32,58,37,46,65,51,67,69,95,88,79,91,95,110,88,92,139,2025-09-07
2,4,승차,32,37,53,46,51,56,70,66,92,77,84,89,100,106,112,117,127,2025-09-07
3,9,하차,38,39,59,59,64,65,60,73,69,75,79,74,107,107,104,107,132,2025-09-07
2,3,하차,36,50,46,47,53,47,57,71,99,62,92,96,91,106,86,104,108,2025-09-07
2,1,하차,34,40,50,56,52,47,74,72,80,91,99,96,116,111,103,124,103,2025-09-07
4,5,하차,48,38,48,51,46,61,82,85,74,67,75,91,101,116,119,118,112,2025-09-07
4,7,승차,46,51,51,59,66,70,71,78,76,80,94,103,101,96,107,117,141,2025-09-07
1,4,승차,48,38,45,49,65,53,76,88,82,81,100,91,101,113,123,131,117,2025-09-07
1,9,승차,35,53,49,39,59,60,72,82,78,65,85,100,89,95,120,102,126,2025-09-07
4,6,승차,46,46,51,55,72,57,60,83,75,84,106,85,92,120,108,113,117,2025-09-07
2,6,승차,37,45,55,45,56,76,62,73,75,78,80,98,96,98,106,95,111,2025-09-07
2,3,하차,41,41,51,37,57,52,75,74,80,77,83,91,75,95,99,129,109,2025-09-07
1,5,승차,31,57,54,39,56,55,78,85,79,84,88,106,114,99,110,98,120,2025-09-07
1,6,하차,44,40,56,70,49,56,68,73,85,89,97,107,107,102,107,118,111,2025-09-07
1,4,하차,40,41,54,52,70,62,65,76,65,61,80,87,96,93,126,121,121,2025-09-07
3,3,하차,41,60,52,48,53,76,68,72,75,90,90,94,96,89,115,100,121,2025-09-07
3,5,승차,35,34,52,52,62,66,77,75,76,68,86,83,114,109,119,127,140,2025-09-07
1,7,하차,38,42,43,56,63,55,69,85,71,74,87,98,107,105,84,108,96,2025-09-07
2,6,하차,46,31,45,53,51,67,59,69,77,95,96,100,91,93,126,114,139,2025-09-07
1,2,승차,31,35,57,67,74,58,71,66,70,75,89,93,108,100,110,111,119,2025-09-07
3,1,하차,36,48,45,47,61,74,66,74,85,93,86,98,98,114,113,102,127,2025-09-07
2,5,하차,45,53,58,64,58,80,73,68,81,96,102,105,98,108,109,112,99,2025-09-07
3,5,하차,38,60,42,44,54,71,72,66,93,82,94,113,88,108,130,119,107,2025-09-07
2,6,승차,37,48,55,55,67,51,71,67,76,80,100,87,109,105,103,128,118,2025-09-07
3,3,하차,28,49,49,64,68,59,75,82,80,77,84,103,103,110,120,96,113,2025-09-07
2,1,하차,28,42,45,57,69,80,83,67,68,77,97,76,89,109,107,104,131,2025-09-07
2,4,승차,37,51,63,42,73,49,84,83,68,90,100,104,94,102,97,131,118,2025-09-07
2,4,승차,36,32,43,51,64,60,71,71,84,67,85,97,96,92,125,111,110,2025-09-07
2,2,하차,37,48,45,59,65,57,61,71,86,91,103,82,107,109,98,111,111,2025-09-07
4,8,승차,51,49,46,52,64,48,66,81,77,104,107,100,104,127,116,108,119,2025-09-07
3,6,승차,55,39,50,55,56,52,72,76,90,98,91,108,107,99,115,125,114,2025-09-07
3,3,승차,40,42,66,63,60,69,60,67,85,86,86,88,96,113,122,91,136,2025-09-07
4,1,승차,44,45,54,70,62,81,74,75,84,80,96,96,88,98,93,130,139,2025-09-07
2,3,승차,32,39,54,55,69,89,54,75,82,96,91,108,89,79,106,114,115,2025-09-07
2,8,승차,53,51,56,51,54,67,86,75,92,90,97,93,114,101,92,97,129,2025-09-07
3,4,승차,36,34,54,59,63,57,58,74,60,101,83,81,88,102,117,100,89,2025-09-07
4,3,하차,41,35,55,58,69,50,66,73,99,60,92,86,103,110,107,135,111,2025-09-07
2,4,승차,34,43,59,55,62,86,88,65,83,79,78,109,104,113,112,114,106,2025-09-07
2,4,승차,56,38,52,59,40,50,69,63,99,86,75,97,110,117,135,105,111,2025-09-07
2,2,승차,37,36,52,59,55,48,82,75,65,83,80,79,89,82,108,110,119,2025-09-07
1,4,하차,34,41,60,46,52,68,64,75,75,88,94,101,93,107,106,101,117,2025-09-07
4,9,승차,32,36,57,38,64,73,92,67,106,92,96,87,94,103,92,136,123,2025-09-07
2,4,승차,37,49,59,56,77,84,65,76,83,90,81,105,100,110,110,125,114,2025-09-07
1,1,하차,48,47,49,50,64,83,94,76,84,89,82,95,99,113,100,119,119,2025-09-07
4,1,승차,29,48,53,48,59,62,64,66,80,83,95,101,110,106,96,99,124,2025-09-07
2,1,하차,39,42,47,63,53,56,63,81,83,84,93,92,113,95,108,115,125,2025-09-07
3,5,하차,53,48,55,51,63,69,64,82,81,71,82,87,100,97,113,127,113,2025-09-07
1,6,승차,45,46,44,53,61,62,67,76,79,86,82,98,138,80,111,117,96,2025-09-07
1,6,하차,29,48,42,48,61,82,67,82,99,86,103,94,112,116,109,105,123,2025-09-07
2,6,승차,50,45,53,67,71,52,73,64,84,79,89,107,84,100,115,112,127,2025-09-07
2,9,승차,35,39,61,52,49,55,62,76,80,73,96,86,109,113,124,129,123,2025-09-07
1,1,하차,35,51,48,49,57,70,76,70,73,94,82,106,96,98,125,106,119,2025-09-07
3,6,하차,36,41,52,62,72,78,64,76,71,89,85,84,95,107,112,105,119,2025-09-07
3,8,승차,34,33,35,56,66,67,53,82,81,83,72,97,91,108,135,103,132,2025-09-07
4,8,승차,52,51,45,56,61,61,88,75,62,103,84,91,98,108,111,125,121,2025-09-07
2,3,하차,44,50,43,58,52,65,63,86,77,83,92,96,90,111,100,116,124,2025-09-07
3,5,승차,39,53,43,45,67,78,60,68,83,84,94,75,85,118,107,96,122,2025-09-07
4,4,승차,41,34,47,63,57,72,76,75,70,80,78,94,104,110,90,103,121,2025-09-07
3,1,승차,42,42,53,69,62,65,68,61,83,81,104,93,98,112,112,105,109,2025-09-07
2,9,하차,44,53,53,57,58,71,75,82,81,83,82,85,84,93,130,116,124,2025-09-07
4,5,승차,43,36,64,50,56,61,82,68,77,83,91,100,99,105,106,115,121,2025-09-07
4,2,승차,42,48,60,50,68,55,66,79,83,87,95,87,94,111,104,106,97,2025-09-07
4,2,승차,42,55,60,40,55,75,62,78,72,77,95,100,111,93,118,125,119,2025-09-07
3,7,하차,52,40,51,65,58,71,75,63,75,97,90,84,101,100,99,122,119,2025-09-07
2,4,하차,45,55,54,59,56,64,65,77,68,90,100,77,106,94,110,103,113,2025-09-07
4,1,하차,48,62,47,62,56,53,75,72,78,93,85,94,82,105,99,130,123,2025-09-07
1,5,승차,40,44,55,71,50,64,82,82,79,84,95,100,87,102,127,123,125,2025-09-07
2,2,하차,40,43,51,54,55,75,72,69,80,81,88,90,104,114,129,93,121,2025-09-07
1,7,승차,53,38,56,55,60,74,64,66,78,104,95,93,108,124,121,131,114,2025-09-07
1,9,하차,42,46,52,58,83,63,72,82,79,93,92,77,103,107,120,131,110,2025-09-07
4,1,승차,31,44,43,63,60,52,78,60,89,85,92,99,98,103,104,114,104,2025-09-07
4,2,하차,41,36,52,62,62,62,78,73,81,76,81,112,95,98,106,127,114,2025-09-07
3,6,승차,36,53,45,60,62,52,60,57,81,88,79,83,106,102,96,133,109,2025-09-07
3,8,승차,46,52,39,44,68,52,79,68,68,85,79,96,91,98,104,113,109,2025-09-07
3,7,하차,51,37,38,47,71,68,81,86,73,70,101,86,101,95,113,103,106,2025-09-07
2,9,승차,52,51,47,43,60,58,73,86,81,72,73,93,96,96,91,127,130,2025-09-07
3,2,하차,37,43,50,54,64,68,70,72,91,87,77,98,109,105,126,107,132,2025-09-07
1,9,하차,28,39,50,50,63,59,73,97,81,81,89,95,98,97,109,116,117,2025-09-07
3,4,승차,36,46,39,63,49,65,68,77,89,86,109,98,112,101,99,117,127,2025-09-07
4,3,승차,40,43,54,55,58,51,69,71,83,90,87,89,93,113,98,128,100,2025-09-07
3,7,하차,44,49,53,53,49,68,85,62,69,99,107,85,97,92,83,117,103,2025-09-07
2,5,하차,36,50,44,55,60,67,64,81,90,87,92,75,120,103,116,111,125,2025-09-07
2,5,하차,35,50,39,53,65,55,71,83,59,78,98,85,97,109,116,112,122,2025-09-07
1,2,승차,39,46,46,74,52,54,63,69,85,91,88,90,97,97,129,140,126,2025-09-07
2,6,하차,36,31,54,48,58,62,63,74,81,87,89,101,113,115,117,133,134,2025-09-07
3,6,승차,32,36,49,55,75,77,64,66,72,82,76,101,92,91,107,114,110,2025-09-07
4,4,승차,37,41,39,56,67,53,80,79,75,95,81,91,92,90,99,118,121,2025-09-07
2,5,하차,42,44,50,48,67,61,73,86,74,97,75,109,97,118,115,117,132,2025-09-07
1,7,하차,29,42,44,64,56,63,65,70,78,80,84,97,89,131,111,124,131,2025-09-07
3,8,승차,49,43,48,56,56,60,85,71,80,71,93,98,87,102,111,112,121,2025-09-07
1,6,승차,39,44,46,59,62,71,62,69,104,90,101,105,105,98,121,114,129,2025-09-07
2,5,승차,45,44,51,52,56,71,71,84,79,82,87,94,83,106,112,105,123,2025-09-07
2,3,승차,42,52,54,63,55,61,77,82,79,76,85,95,90,108,106,111,139,2025-09-07
1,7,하차,37,39,35,56,48,64,73,84,94,85,78,95,105,114,119,128,122,2025-09-07
3,8,승차,41,41,46,56,70,65,65,84,75,79,83,98,88,101,108,111,131,2025-09-07
2,3,하차,36,39,38,55,54,74,63,62,96,80,90,78,87,107,113,120,114,2025-09-07
4,5,하차,35,55,55,46,71,71,67,72,85,78,93,94,98,92,120,131,128,2025-09-07
2,2,하차,46,56,41,55,71,67,68,67,100,77,84,92,94,106,100,112,111,2025-09-07
3,4,승차,29,37,50,46,65,67,79,79,81,104,106,77,95,97,106,136,137,2025-09-07
2,4,승차,30,44,53,51,64,67,64,79,74,80,97,98,96,110,120,122,97,2025-09-07
1,8,하차,45,48,54,57,62,61,70,68,83,81,102,110,96,115,115,112,129,2025-09-07
2,3,하차,47,43,57,54,56,66,76,72,98,80,91,89,97,109,100,127,97,2025-09-07
2,5,하차,36,41,36,57,61,64,74,71,76,94,83,106,91,110,89,125,121,2025-09-07
3,5,하차,39,42,47,63,60,50,73,63,93,82,97,101,103,102,109,125,129,2025-09-07
1,2,승차,40,50,47,50,64,56,66,64,69,98,97,85,98,106,112,127,139,2025-09-07
3,9,하차,33,52,65,61,61,78,71,73,79,99,97,85,97,107,114,118,123,2025-09-07
2,4,승차,39,47,55,47,52,66,73,67,84,70,78,97,96,98,107,113,115,2025-09-07
4,9,승차,50,44,55,59,67,68,67,63,98,75,104,84,105,106,107,114,108,2025-09-07
2,9,승차,37,47,49,50,58,71,66,65,76,83,85,101,107,99,113,107,120,2025-09-07
3,2,승차,36,36,38,73,72,67,77,76,84,88,94,83,95,117,131,105,113,2025-09-07
4,9,하차,46,41,57,43,56,69,78,57,77,101,88,86,102,114,109,122,118,2025-09-07
3,9,승차,49,51,57,52,67,72,66,62,81,87,96,103,107,115,106,111,131,2025-09-07
3,2,하차,49,39,45,44,60,59,62,89,81,70,93,101,114,92,120,126,135,2025-09-07
1,6,승차,35,46,54,70,56,66,84,75,81,83,95,98,110,104,112,114,121,2025-09-07
4,9,하차,39,61,66,49,49,64,57,73,83,91,90,93,102,115,111,102,120,2025-09-07
2,4,하차,39,41,39,39,52,74,55,67,77,81,104,96,92,101,112,117,109,2025-09-07
3,2,하차,46,45,41,59,58,72,58,81,78,84,73,93,92,104,107,101,129,2025-09-07
2,7,하차,48,32,55,58,59,69,87,78,75,92,70,89,98,95,100,133,124,2025-09-07
1,9,하차,33,57,50,51,56,75,68,70,82,80,85,81,104,113,143,111,111,2025-09-07
1,6,승차,38,48,56,50,61,70,62,74,78,73,107,83,105,109,110,107,126,2025-09-07
4,4,하차,34,42,52,48,65,66,73,69,72,90,70,98,106,95,100,113,122,2025-09-07
1,1,승차,29,35,60,47,38,61,56,67,83,86,90,98,99,120,122,124,138,2025-09-07
1,4,하차,40,61,44,52,52,55,74,58,77,92,91,95,102,110,106,119,139,2025-09-07
2,3,승차,38,47,45,62,62,72,68,83,81,83,67,85,89,111,127,108,106,2025-09-07
1,7,승차,31,51,67,58,49,77,86,77,79,90,90,95,120,101,98,114,127,2025-09-07
1,5,승차,36,46,46,56,59,64,70,78,86,80,100,113,96,82,103,118,106,2025-09-07
3,3,하차,42,49,55,46,55,70,83,90,96,104,70,92,98,122,125,119,112,2025-09-07
1,2,승차,51,52,61,54,64,53,69,70,76,86,93,80,94,95,131,110,142,2025-09-07
3,2,하차,37,34,56,47,49,64,63,67,61,83,94,83,101,107,117,114,142,2025-09-07
1,5,하차,39,40,49,56,62,75,63,68,69,87,89,69,103,108,82,105,106,2025-09-07
1,8,승차,38,41,60,63,48,73,71,65,86,82,84,85,87,127,100,127,144,2025-09-07
4,8,승차,47,43,40,51,64,74,73,82,86,76,102,92,94,100,110,126,97,2025-09-07
4,5,하차,42,46,39,47,59,72,64,58,99,88,100,101,101,105,120,101,115,2025-09-07
3,2,하차,38,43,40,53,58,71,77,80,76,76,76,84,104,99,106,95,116,2025-09-07
1,4,하차,40,38,57,43,58,81,63,78,72,96,68,92,98,107,108,100,121,2025-09-07
2,7,하차,30,49,53,70,62,68,68,57,79,71,86,104,86,113,92,107,118,2025-09-07
4,6,하차,32,41,52,46,60,58,70,73,88,114,94,92,130,101,107,100,130,2025-09-07
2,7,하차,44,47,62,60,50,68,74,81,80,88,80,92,96,112,105,133,126,2025-09-07
4,5,승차,43,47,60,60,54,57,74,72,96,82,97,84,84,109,97,139,102,2025-09-07
4,2,하차,32,49,48,68,52,52,58,82,87,80,84,87,100,117,107,120,140,2025-09-07
1,8,하차,51,48,52,59,70,59,76,82,79,86,82,98,102,105,126,121,119,2025-09-07
4,2,승차,40,49,42,58,63,68,69,71,74,69,76,92,102,88,116,120,130,2025-09-07
2,8,승차,46,34,44,48,88,73,61,68,92,83,75,99,93,91,105,120,111,2025-09-07
4,7,승차,30,36,37,58,58,57,94,70,65,64,110,104,107,109,107,104,124,2025-09-07
3,3,하차,36,36,50,57,71,68,57,85,69,75,90,98,83,104,111,112,124,2025-09-07
1,4,승차,38,40,64,56,53,75,76,66,65,81,75,101,92,116,128,130,124,2025-09-07
1,7,승차,54,43,55,58,51,66,69,62,98,92,90,108,96,105,88,106,130,2025-09-07
3,4,하차,27,52,46,56,71,73,66,80,89,85,76,96,100,89,109,110,120,2025-09-07
3,9,하차,53,42,46,48,63,70,69,79,87,86,90,91,104,106,110,124,112,2025-09-07
3,7,하차,30,48,49,55,42,72,67,67,78,78,97,89,92,112,107,120,118,2025-09-07
4,1,하차,38,50,50,57,60,60,83,74,87,89,82,85,103,103,103,133,144,2025-09-07
1,1,승차,36,33,56,54,64,58,82,58,91,82,87,108,109,107,103,119,115,2025-09-07
3,4,하차,33,32,54,69,67,62,68,84,84,76,74,116,96,105,104,120,119,2025-09-07
4,9,승차,33,49,48,57,85,53,71,74,76,81,75,97,92,100,95,78,114,2025-09-07
3,4,하차,46,54,49,46,68,57,82,95,74,93,86,90,98,97,97,124,142,2025-09-07
2,5,승차,43,40,52,56,58,66,67,76,81,75,91,87,103,112,116,126,108,2025-09-07
2,1,하차,26,53,46,60,68,69,67,68,79,84,113,86,112,101,119,125,120,2025-09-07
1,2,하차,41,57,55,48,66,63,76,81,92,86,87,86,106,99,110,128,107,2025-09-07
4,4,하차,44,40,53,55,73,67,66,68,78,75,81,79,120,114,119,99,122,2025-09-07
2,4,승차,34,52,44,56,57,54,71,89,75,76,83,108,102,112,126,106,88,2025-09-07
2,6,승차,45,33,59,52,73,68,62,86,77,71,98,79,96,100,76,115,114,2025-09-07
4,6,승차,37,47,41,51,62,61,71,64,90,73,91,85,95,90,101,126,123,2025-09-07
3,8,하차,57,58,47,59,63,60,54,79,102,87,96,123,111,113,114,139,110,2025-09-07
4,9,승차,38,48,51,56,73,58,77,74,88,77,113,83,94,85,104,113,128,2025-09-07
3,1,하차,40,53,41,56,59,66,78,64,89,90,93,121,92,103,115,113,121,2025-09-07
2,1,하차,37,53,41,66,66,47,71,76,76,87,82,85,94,92,124,94,115,2025-09-07
2,6,하차,40,40,53,57,60,58,60,84,80,89,101,89,123,96,115,128,118,2025-09-07
2,4,승차,42,45,43,48,62,49,70,70,76,84,100,81,85,104,107,128,132,2025-09-07
1,4,하차,32,53,45,63,53,63,68,89,92,84,97,94,98,105,115,137,121,2025-09-07
1,1,승차,37,47,59,65,53,64,72,78,70,75,106,106,104,103,88,114,114,2025-09-07
1,9,하차,40,50,58,60,50,73,66,76,74,89,98,101,95,102,101,103,125,2025-09-07
4,3,하차,41,52,50,61,48,63,58,76,76,85,78,91,103,107,124,116,132,2025-09-07
2,5,하차,35,38,38,54,65,69,77,89,74,85,91,84,109,107,125,118,117,2025-09-07
2,1,승차,34,45,62,50,51,64,71,74,72,91,94,89,95,99,80,111,109,2025-09-07
4,8,승차,39,57,56,49,59,58,75,87,88,94,87,114,87,102,97,105,125,2025-09-07
1,3,하차,36,42,60,61,64,66,66,70,81,81,77,95,91,104,119,113,133,2025-09-07
4,1,승차,40,42,41,58,61,51,55,80,67,98,76,95,108,111,103,109,130,2025-09-07
1,6,승차,41,42,43,59,82,49,71,93,78,95,82,99,107,97,97,115,127,2025-09-07
2,1,하차,33,37,51,52,80,56,62,57,85,93,100,83,93,109,102,100,118,2025-09-07
3,3,하차,24,47,40,54,54,65,66,96,88,68,91,125,111,109,111,100,127,2025-09-07
1,5,승차,30,43,43,62,62,73,73,82,83,108,88,99,95,113,106,110,114,2025-09-07
2,4,하차,37,46,54,50,65,71,66,81,70,74,101,121,108,113,97,119,113,2025-09-07
2,7,하차,29,45,39,52,63,53,76,83,96,92,83,103,104,98,117,109,110,2025-09-07
3,6,승차,27,52,45,47,68,63,72,66,86,95,90,92,106,106,116,121,108,2025-09-07
2,3,승차,33,41,53,48,57,52,72,88,72,86,82,99,98,98,130,107,117,2025-09-07
2,8,하차,59,36,55,61,53,63,87,97,69,101,101,106,102,100,130,117,128,2025-09-07
1,8,승차,37,35,53,57,60,67,65,71,94,93,80,86,107,132,109,96,111,2025-09-07
1,2,승차,48,52,60,64,63,76,80,73,106,80,99,101,95,119,104,112,141,2025-09-07
3,7,하차,44,41,54,46,45,70,70,69,79,81,93,108,94,90,109,132,117,2025-09-07
3,1,하차,54,41,39,52,55,56,76,74,85,92,85,120,94,96,89,110,128,2025-09-07
2,2,하차,40,46,49,49,59,71,60,88,77,84,79,94,112,110,110,112,107,2025-09-07
1,8,하차,29,48,42,61,62,68,64,87,66,84,100,84,104,112,112,131,115,2025-09-07
3,1,승차,44,47,58,72,60,69,78,82,80,81,81,85,107,102,107,113,136,2025-09-07
3,2,승차,30,53,54,71,66,70,73,80,94,92,96,87,85,90,116,119,126,2025-09-07
4,1,하차,51,37,57,62,61,68,68,82,81,89,99,94,116,100,110,121,111,2025-09-07
3,5,하차,44,44,45,43,48,69,63,78,82,95,95,95,99,129,102,107,114,2025-09-07
2,7,하차,34,62,62,56,51,60,82,81,90,85,86,107,93,105,133,91,95,2025-09-07
1,6,하차,52,41,42,51,57,52,73,77,79,74,90,100,107,93,120,108,114,2025-09-07
3,6,승차,36,57,55,58,62,60,63,80,84,63,86,77,93,107,116,121,105,2025-09-07
4,6,승차,34,49,42,51,74,69,61,81,90,77,80,97,106,109,125,120,107,2025-09-07
1,8,하차,42,48,52,60,47,75,69,64,87,90,100,100,100,110,120,110,123,2025-09-07
3,5,하차,43,34,48,49,54,51,61,82,70,85,88,104,90,91,118,112,132,2025-09-07
4,7,승차,44,41,47,58,51,74,56,67,80,94,105,98,89,97,117,129,124,2025-09-07
3,3,승차,25,37,40,57,55,66,58,64,78,89,96,97,113,122,125,136,143,2025-09-07
1,9,승차,50,39,64,54,51,66,61,75,85,70,101,106,92,106,118,112,104,2025-09-07
1,3,승차,43,41,36,55,57,60,59,77,94,90,74,93,103,114,104,111,133,2025-09-07
1,6,하차,46,54,55,62,56,48,69,88,68,83,84,77,100,104,111,120,131,2025-09-07
2,3,승차,37,42,47,49,68,70,75,70,71,90,93,100,104,96,118,123,118,2025-09-07
3,1,승차,37,50,51,65,57,71,63,83,67,93,92,90,93,109,89,116,118,2025-09-07
2,1,승차,40,49,46,60,61,64,77,90,85,85,87,93,86,104,114,120,127,2025-09-07
1,3,하차,31,58,46,62,56,79,71,70,80,86,97,99,98,106,123,92,116,2025-09-07
4,4,하차,38,39,57,55,57,63,72,83,56,85,91,90,106,112,94,113,117,2025-09-07
3,2,승차,34,37,44,57,64,62,71,76,72,76,77,104,80,107,129,127,117,2025-09-07
2,9,승차,36,41,50,55,56,55,83,66,79,96,92,101,115,86,110,98,117,2025-09-07
3,8,하차,47,47,52,56,57,61,56,62,83,72,82,78,98,95,108,121,117,2025-09-07
4,3,하차,42,37,51,63,55,65,84,63,66,89,74,109,87,105,110,108,100,2025-09-07
2,7,승차,38,36,48,46,61,80,69,73,77,87,92,83,85,110,120,121,102,2025-09-07
1,4,하차,32,39,63,52,61,75,83,65,73,83,95,97,100,95,93,111,112,2025-09-07
2,5,승차,43,50,63,72,71,69,60,75,71,84,80,82,112,102,98,115,132,2025-09-07
3,4,하차,34,44,45,49,70,65,72,85,78,75,79,95,99,94,97,114,123,2025-09-07
3,9,승차,42,45,50,56,56,70,73,88,85,86,94,102,107,84,105,114,114,2025-09-07
3,7,승차,36,45,43,57,62,62,80,67,91,86,102,87,96,101,112,114,129,2025-09-07
3,4,하차,41,37,44,53,69,75,56,68,94,88,97,87,112,110,100,114,104,2025-09-07
1,8,승차,29,32,54,81,58,62,65,93,78,85,105,84,103,125,114,120,134,2025-09-07
2,2,하차,38,50,66,68,70,57,75,73,59,86,81,81,96,78,118,114,112,2025-09-07
1,7,하차,42,40,52,43,62,60,63,82,81,89,98,99,99,92,120,102,116,2025-09-07
1,1,하차,29,53,48,56,51,76,71,63,75,81,76,102,106,106,92,120,103,2025-09-07
1,8,승차,42,47,50,55,67,70,81,76,74,95,68,105,122,113,141,115,137,2025-09-07
3,6,승차,43,42,43,68,55,58,72,76,78,76,78,105,103,103,92,133,112,2025-09-07
3,5,승차,50,53,53,60,62,60,59,80,82,87,88,86,101,119,105,110,117,2025-09-07
3,9,하차,53,50,61,54,43,53,71,79,71,83,94,100,115,93,100,114,115,2025-09-07
2,9,승차,40,53,58,61,49,53,69,75,87,78,90,92,94,102,120,123,132,2025-09-07
4,3,승차,49,52,45,53,56,72,71,97,65,88,98,92,90,117,118,118,112,2025-09-07
3,9,승차,48,47,43,55,62,67,70,68,80,91,91,93,93,110,122,119,115,2025-09-07
2,9,승차,41,39,52,51,49,74,78,61,73,79,79,103,99,102,116,103,123,2025-09-07
3,2,하차,45,50,54,52,49,69,81,66,78,100,103,77,107,92,119,120,117,2025-09-07
3,5,승차,34,50,53,44,59,78,83,80,84,82,93,109,124,102,105,106,110,2025-09-07
1,2,하차,45,42,47,53,71,63,89,72,87,84,74,76,84,93,101,112,128,2025-09-07
1,1,하차,42,40,55,68,60,60,79,71,85,86,98,99,111,105,104,96,125,2025-09-07
1,7,하차,42,40,44,53,59,73,67,60,84,80,98,88,109,118,94,114,127,2025-09-07
2,4,하차,39,53,38,61,61,83,66,79,95,86,114,102,98,118,110,121,126,2025-09-07
4,5,승차,43,55,56,52,68,71,66,70,87,85,68,93,110,119,119,103,123,2025-09-07
4,4,승차,32,56,36,55,64,69,80,91,106,88,94,96,108,101,119,106,90,2025-09-07
2,6,승차,42,51,48,49,70,63,66,81,79,87,89,104,111,115,101,105,103,2025-09-07
3,2,하차,32,47,49,50,56,64,77,70,69,83,96,108,99,112,120,118,123,2025-09-07
2,8,승차,39,47,49,55,54,74,87,78,89,89,75,84,113,93,109,116,107,2025-09-07
3,4,하차,43,33,54,53,70,79,70,64,67,85,94,97,87,95,109,121,112,2025-09-07
2,8,승차,46,47,38,55,60,69,61,92,64,78,88,99,92,109,94,119,115,2025-09-07
2,3,승차,36,39,45,64,47,56,85,63,75,70,98,83,95,97,115,115,137,2025-09-07
2,5,승차,38,35,56,59,58,71,79,80,88,82,99,97,108,93,116,149,122,2025-09-07
4,3,하차,28,40,46,64,70,59,67,74,90,85,81,86,96,94,111,111,107,2025-09-07
1,7,승차,44,46,55,67,73,59,84,74,79,80,80,95,115,109,109,140,124,2025-09-07
2,3,하차,47,31,37,51,53,53,69,82,67,94,77,101,104,109,94,117,121,2025-09-07
4,8,하차,40,37,60,50,39,80,67,89,91,71,94,93,91,126,115,110,104,2025-09-07
1,9,하차,36,49,59,47,57,69,75,73,79,90,113,111,97,101,102,137,123,2025-09-07
1,2,승차,52,26,50,62,53,58,68,79,99,91,87,106,106,104,88,123,135,2025-09-07
2,3,승차,33,42,60,53,65,62,64,83,67,97,87,71,115,92,103,134,131,2025-09-07
3,7,하차,38,32,50,68,65,69,61,68,76,97,94,96,123,111,111,114,122,2025-09-07
3,5,하차,42,40,51,59,60,47,80,72,87,77,91,105,106,98,113,125,113,2025-09-07
3,7,하차,38,39,42,47,64,66,65,92,87,76,92,99,87,101,114,108,133,2025-09-07
2,2,하차,41,45,53,56,67,52,78,62,74,85,95,117,101,102,99,109,114,2025-09-07
3,4,하차,40,45,69,48,68,73,58,78,78,84,91,92,105,87,120,131,102,2025-09-07
4,1,승차,40,38,45,60,60,67,70,65,81,74,98,104,106,95,117,99,115,2025-09-07
4,5,승차,33,54,46,56,62,62,65,88,76,75,101,92,107,111,103,116,137,2025-09-07
4,8,승차,41,46,40,60,49,54,62,76,64,88,86,80,98,103,103,124,130,2025-09-07
4,1,하차,36,40,72,60,50,55,78,83,64,77,98,103,114,123,104,91,122,2025-09-07
1,7,하차,46,49,55,46,57,55,67,71,72,84,100,93,108,115,112,106,127,2025-09-07
4,7,승차,44,43,36,54,40,74,65,74,74,72,94,105,106,117,100,122,103,2025-09-07
3,7,승차,42,43,44,48,57,66,75,75,79,89,86,103,101,108,110,112,107,2025-09-07
2,1,하차,41,40,37,61,49,69,77,76,77,96,104,85,99,118,103,109,126,2025-09-07
3,3,하차,40,52,41,45,53,58,78,84,88,75,84,107,101,101,110,99,126,2025-09-07
4,2,하차,42,41,43,60,61,70,78,65,77,95,94,92,98,136,106,132,110,2025-09-07
1,5,승차,36,46,41,52,59,61,66,68,77,91,94,82,89,119,112,144,103,2025-09-07
4,2,하차,46,45,45,41,63,55,74,83,71,86,95,98,126,93,110,115,117,2025-09-07
2,5,하차,35,37,45,48,67,69,69,66,76,91,90,106,111,108,106,117,137,2025-09-07
3,5,하차,39,37,53,50,61,83,91,92,92,101,98,83,113,112,117,87,131,2025-09-07
2,4,승차,49,37,52,55,47,70,67,72,80,86,86,92,99,92,119,121,122,2025-09-07
2,7,하차,43,54,48,48,67,76,75,70,86,92,108,100,104,133,92,125,117,2025-09-07
2,6,승차,38,45,59,50,65,78,75,71,82,79,88,98,117,97,91,108,147,2025-09-07
3,2,하차,32,26,52,60,58,80,55,78,70,88,81,85,79,118,107,121,110,2025-09-07
4,4,하차,49,54,52,57,67,74,78,87,86,94,72,89,94,99,120,105,108,2025-09-07
2,7,승차,40,47,40,68,57,64,76,82,79,78,88,96,97,112,112,114,115,2025-09-07
3,9,하차,39,41,41,58,59,66,60,84,87,73,91,105,104,102,122,111,114,2025-09-07
1,9,승차,47,54,50,55,60,77,68,65,88,88,80,93,95,92,116,113,119,2025-09-07
3,3,하차,50,31,43,36,55,73,58,71,85,69,89,105,113,110,98,122,92,2025-09-07
1,1,승차,49,46,44,56,64,79,64,67,83,82,81,94,99,111,109,121,101,2025-09-07
3,9,하차,36,46,50,55,50,70,67,71,77,79,84,98,122,97,114,99,127,2025-09-07
4,8,승차,40,48,41,50,56,76,77,74,75,91,103,90,95,99,118,96,132,2025-09-07
2,7,승차,48,52,40,52,62,60,84,73,86,84,98,102,101,106,109,122,130,2025-09-07
4,6,하차,36,44,36,56,57,58,72,72,66,76,100,98,115,92,102,119,115,2025-09-07
3,7,승차,39,46,46,60,61,66,65,74,67,84,80,95,107,101,98,123,111,2025-09-07
2,9,하차,45,46,40,52,63,71,65,71,88,85,87,94,88,113,125,121,137,2025-09-07
1,6,승차,52,35,45,52,57,75,78,82,75,86,94,99,107,95,118,96,113,2025-09-07
3,3,하차,42,47,41,61,58,53,66,87,75,96,91,102,89,115,119,104,117,2025-09-07
2,3,하차,33,46,51,48,75,74,88,63,78,95,91,94,100,116,105,123,110,2025-09-07
1,4,하차,35,56,57,55,58,59,76,77,70,96,85,95,130,98,109,117,126,2025-09-07
1,8,하차,41,37,44,45,59,68,85,78,99,91,75,98,79,102,121,120,114,2025-09-07
4,9,승차,41,38,47,50,47,49,82,66,86,75,99,93,95,95,96,142,116,2025-09-07
3,8,하차,40,34,45,39,54,57,72,84,87,102,87,81,106,96,111,121,118,2025-09-07
1,2,하차,40,47,52,74,55,66,84,89,82,61,94,92,99,90,116,116,123,2025-09-07
2,4,하차,39,42,45,42,60,69,69,79,84,82,90,95,86,101,112,128,136,2025-09-07
1,4,하차,37,50,42,63,66,60,53,62,64,72,93,100,104,120,93,118,102,2025-09-07
1,2,하차,36,53,46,73,51,55,80,73,74,92,83,100,107,95,112,137,108,2025-09-07
4,8,승차,42,52,61,65,48,62,65,86,72,81,99,93,88,121,99,95,109,2025-09-07
4,3,하차,30,49,60,59,49,61,67,76,77,91,85,82,87,107,118,129,139,2025-09-07
2,2,승차,50,47,51,62,54,71,74,68,71,92,76,98,91,102,112,123,124,2025-09-07
4,7,승차,32,46,43,52,78,75,52,65,76,91,95,100,97,112,81,119,115,2025-09-07
1,1,하차,51,66,50,46,64,73,77,75,75,73,72,82,98,116,128,113,105,2025-09-07
1,6,하차,40,48,50,59,64,74,60,86,81,85,88,96,107,122,115,107,115,2025-09-07
4,3,승차,42,48,66,53,76,50,69,65,83,90,80,93,85,104,88,144,127,2025-09-07
1,3,승차,41,36,52,58,68,62,69,76,80,72,87,91,88,100,114,89,115,2025-09-07
1,5,승차,45,47,59,61,70,73,66,80,84,83,93,87,98,113,135,87,125,2025-09-07
2,3,하차,50,44,49,50,56,68,75,70,82,77,84,110,91,102,116,113,120,2025-09-07
4,4,승차,39,37,44,57,53,58,64,70,94,71,72,101,92,118,99,119,105,2025-09-07
1,3,승차,35,51,53,55,52,74,79,89,98,93,83,77,102,83,109,138,103,2025-09-07
4,7,하차,31,45,54,48,69,75,62,75,69,87,98,78,107,99,128,103,140,2025-09-07
2,3,승차,44,46,40,46,55,53,63,58,66,78,90,88,98,109,116,138,120,2025-09-07
4,4,하차,43,54,43,47,58,73,84,91,90,87,90,91,112,110,106,97,131,2025-09-07
1,2,승차,42,36,45,76,56,64,73,69,80,75,94,98,84,101,127,108,113,2025-09-07
4,2,하차,49,42,50,61,67,68,57,86,66,84,113,109,95,98,113,106,136,2025-09-07
1,9,승차,29,38,44,56,57,67,64,81,74,72,92,108,81,108,112,113,110,2025-09-07
1,1,하차,38,30,59,57,56,59,72,66,76,88,87,76,84,110,98,112,117,2025-09-07
1,1,하차,32,47,49,51,62,64,75,69,76,86,105,96,95,88,113,104,129,2025-09-07
2,1,승차,36,41,35,52,54,57,70,73,77,94,92,96,102,109,102,115,128,2025-09-07
4,3,하차,33,50,43,59,57,65,61,92,77,78,73,92,95,136,135,125,114,2025-09-07
2,2,승차,30,56,46,52,58,78,59,76,84,73,90,106,97,102,108,127,117,2025-09-07
4,3,하차,47,56,55,51,56,55,63,81,102,96,93,97,83,105,89,131,131,2025-09-07
2,5,하차,46,46,60,55,48,66,60,84,82,78,85,89,99,100,133,125,132,2025-09-07
3,9,하차,38,46,52,53,62,54,61,82,91,81,98,93,93,102,123,142,124,2025-09-07
1,2,하차,37,46,41,53,57,57,73,76,64,63,107,81,106,104,126,105,116,2025-09-07
1,1,하차,41,44,60,63,55,60,68,83,74,83,85,115,111,98,115,105,105,2025-09-07
2,6,하차,27,44,53,63,56,72,80,82,79,85,88,90,89,103,98,107,111,2025-09-07
3,3,하차,45,51,40,43,72,69,81,72,89,86,96,101,98,102,97,116,109,2025-09-07
1,7,승차,42,45,55,68,46,69,68,89,76,89,78,99,84,109,120,108,126,2025-09-07
4,6,승차,53,45,55,60,65,70,67,70,84,85,88,84,114,103,109,120,126,2025-09-07
2,7,하차,40,35,57,51,50,71,77,80,68,96,78,88,82,107,106,106,121,2025-09-07
1,5,하차,43,40,58,59,57,65,69,64,100,102,93,71,84,118,104,109,110,2025-09-07
1,1,하차,45,50,55,58,45,68,62,62,80,91,102,96,80,105,118,131,113,2025-09-07
2,3,승차,46,38,49,38,56,69,69,72,77,87,81,94,109,98,88,119,110,2025-09-07
2,3,하차,45,34,43,47,56,75,78,74,75,77,104,95,112,110,90,92,136,2025-09-07
4,7,승차,41,56,50,59,59,73,78,83,80,105,87,89,100,107,102,111,109,2025-09-07
4,3,하차,31,51,54,44,54,49,68,74,69,73,93,84,106,114,134,106,124,2025-09-07
1,5,하차,39,42,47,51,70,61,69,76,76,66,85,97,95,117,122,118,146,2025-09-07
1,4,하차,32,48,46,39,58,50,77,65,80,95,89,114,104,114,116,123,122,2025-09-07
2,4,하차,35,48,54,53,66,77,82,85,85,93,84,112,97,130,101,130,115,2025-09-07
1,7,하차,46,49,50,59,49,67,71,80,69,74,98,114,107,105,106,127,133,2025-09-07
1,1,승차,32,34,51,62,59,68,76,72,93,83,103,99,106,103,89,109,104,2025-09-07
2,7,하차,36,45,50,72,59,79,63,83,82,92,88,98,104,101,109,114,121,2025-09-07
1,8,승차,45,50,46,56,63,60,92,77,96,92,105,88,94,100,112,104,112,2025-09-07
1,3,승차,32,43,48,47,44,83,80,83,85,88,98,107,124,98,98,130,96,2025-09-07
3,3,하차,40,42,61,60,55,64,57,82,71,66,77,106,114,109,104,133,130,2025-09-07
4,4,하차,33,41,44,58,45,77,69,75,78,71,103,87,86,100,100,132,129,2025-09-07
2,6,하차,36,50,39,66,56,59,72,74,77,96,102,97,106,101,116,117,113,2025-09-07
3,7,승차,37,33,52,43,54,64,64,82,79,91,95,101,99,107,92,106,107,2025-09-07
4,1,승차,37,49,59,58,60,68,74,73,76,85,80,87,98,124,109,129,129,2025-09-07
4,4,승차,44,40,45,56,61,70,67,75,93,84,78,90,105,104,98,102,123,2025-09-07
4,7,하차,40,35,51,71,53,63,69,80,73,88,95,98,101,116,104,134,122,2025-09-07
3,2,승차,48,47,56,49,59,75,55,73,66,87,91,106,113,106,121,128,122,2025-09-07
3,1,승차,33,45,40,48,51,52,87,84,78,82,81,98,90,83,104,119,101,2025-09-07
4,1,승차,41,39,51,63,54,70,68,74,80,95,89,104,88,103,108,129,101,2025-09-07
1,6,하차,41,46,46,51,73,50,74,83,79,75,85,89,81,103,97,132,106,2025-09-07
1,5,승차,35,43,57,50,56,69,80,60,66,79,88,104,92,117,101,114,126,2025-09-07
3,1,승차,35,42,57,70,52,72,87,86,79,77,98,96,100,113,103,106,120,2025-09-07
3,3,하차,39,45,51,54,46,63,69,69,82,83,88,107,112,95,112,99,138,2025-09-07
3,7,하차,49,46,56,58,57,77,85,72,72,84,99,107,106,111,112,112,110,2025-09-07
4,9,하차,35,41,36,59,60,64,82,80,79,85,89,105,93,108,113,111,126,2025-09-07
1,9,승차,36,32,43,58,76,63,67,69,72,67,77,93,104,101,106,125,138,2025-09-07
3,6,승차,47,41,50,59,67,53,69,74,102,82,91,108,75,103,112,132,111,2025-09-07
3,3,승차,44,37,46,49,64,65,86,70,78,95,81,74,106,106,107,97,107,2025-09-07
2,1,하차,34,46,63,58,51,54,64,71,95,88,86,80,117,91,116,136,124,2025-09-07
4,3,승차,41,47,50,50,57,73,67,75,59,99,82,87,106,121,111,114,131,2025-09-07
2,2,하차,42,60,45,62,52,54,64,69,87,89,93,95,100,106,107,113,135,2025-09-07
1,5,하차,31,44,56,57,58,67,82,88,83,84,86,114,91,100,105,100,126,2025-09-07
2,8,승차,32,49,59,60,55,66,66,79,89,69,97,92,99,113,113,116,106,2025-09-07
2,5,승차,41,37,62,46,57,78,68,85,72,90,103,100,89,107,124,111,113,2025-09-07
2,1,승차,39,40,58,66,60,71,79,75,87,77,85,106,122,109,102,102,130,2025-09-07
4,3,하차,43,58,57,52,52,52,62,80,84,104,83,91,99,101,111,115,111,2025-09-07
1,5,하차,40,35,51,64,54,76,79,75,89,86,90,92,100,89,116,113,134,2025-09-07
2,7,승차,40,37,52,64,58,51,67,84,86,91,98,106,93,107,125,110,143,2025-09-07
4,5,하차,47,50,58,47,63,76,66,79,83,96,95,73,93,106,134,117,120,2025-09-07
1,5,승차,45,46,57,59,75,70,70,73,87,87,91,96,95,93,117,114,125,2025-09-07
3,7,승차,45,53,56,58,55,69,72,70,93,104,84,107,84,93,118,109,120,2025-09-07
2,8,승차,40,50,38,64,65,71,78,59,71,100,81,93,93,114,112,112,101,2025-09-07
1,8,하차,50,44,53,48,61,46,73,82,76,71,98,84,100,108,110,131,129,2025-09-07
2,7,하차,46,33,47,49,51,67,70,77,92,84,94,115,105,114,107,122,133,2025-09-07
3,3,승차,44,51,50,60,49,67,62,72,82,92,82,92,101,96,117,117,119,2025-09-07
1,2,승차,36,48,44,53,69,67,57,81,88,90,80,111,104,107,117,110,108,2025-09-07
4,1,하차,43,51,43,54,52,56,59,76,86,79,88,116,116,108,114,105,106,2025-09-07
1,6,승차,33,44,56,45,59,53,73,75,68,81,91,102,107,106,115,115,126,2025-09-07
4,9,하차,44,36,40,62,52,59,61,94,74,87,80,87,103,107,101,128,121,2025-09-07
1,3,승차,41,34,56,54,56,63,54,72,103,86,92,87,110,105,95,119,144,2025-09-07
4,5,하차,53,59,50,54,76,47,70,83,71,92,63,76,101,98,105,110,125,2025-09-07
3,9,승차,38,40,58,54,62,61,62,69,76,80,83,89,87,105,99,111,131,2025-09-07
3,9,하차,39,50,43,70,46,70,74,83,80,87,88,80,95,109,101,108,135,2025-09-07
3,7,승차,37,54,32,49,67,58,79,88,79,92,96,82,98,99,131,138,122,2025-09-07
1,4,하차,43,36,52,58,64,60,71,91,83,79,91,101,92,102,101,120,120,2025-09-07
3,2,하차,33,41,54,34,57,59,84,70,77,111,85,100,96,91,101,132,118,2025-09-07
2,2,하차,40,52,46,49,58,55,54,60,72,84,72,101,99,120,108,112,110,2025-09-07
3,4,하차,37,39,48,41,54,67,52,81,84,88,95,94,98,100,104,115,97,2025-09-07
4,1,승차,41,47,68,58,64,63,80,59,76,76,76,99,89,105,119,112,124,2025-09-07
4,4,하차,34,64,54,75,55,57,66,65,63,78,110,91,109,94,99,120,134,2025-09-07
4,6,하차,38,52,63,56,65,75,72,69,77,84,94,83,101,107,103,115,116,2025-09-07
1,6,승차,37,52,43,61,44,63,55,72,76,78,95,97,87,88,110,98,111,2025-09-07
2,7,하차,40,49,50,45,68,55,60,70,77,86,93,103,103,105,100,102,114,2025-09-07
3,5,승차,48,42,42,55,50,49,68,87,97,85,71,106,113,95,120,118,105,2025-09-07
2,9,하차,36,42,46,55,57,52,72,94,63,81,102,107,91,108,98,103,125,2025-09-07
2,2,하차,48,42,40,54,50,74,57,62,79,88,89,106,89,126,107,102,114,2025-09-07
4,2,하차,46,47,47,47,63,72,70,79,104,77,81,90,96,113,122,97,94,2025-09-07
4,4,하차,31,39,58,53,69,69,58,92,76,73,86,101,91,104,101,112,109,2025-09-07
4,4,하차,49,44,45,56,67,76,75,65,95,76,85,96,111,104,119,124,133,2025-09-07
1,4,하차,32,44,46,55,67,59,77,79,79,85,99,96,93,117,106,112,118,2025-09-07
2,1,승차,32,52,56,53,58,65,61,75,85,83,101,86,100,94,127,118,113,2025-09-07
2,4,승차,45,48,43,53,48,68,63,82,78,71,94,85,104,85,108,114,99,2025-09-07
1,5,하차,41,34,53,50,61,63,80,77,77,83,72,91,84,111,102,124,122,2025-09-07
1,9,하차,37,49,41,66,60,57,71,58,79,84,84,100,106,103,108,117,121,2025-09-07
1,3,승차,41,52,59,63,56,63,76,68,75,85,71,82,97,98,103,110,130,2025-09-07
2,3,승차,48,58,38,47,57,54,79,64,77,86,76,82,105,111,104,105,127,2025-09-07
2,5,하차,43,36,51,54,65,67,67,76,83,92,77,83,110,95,108,108,124,2025-09-07
4,6,하차,30,52,53,63,45,71,84,67,74,90,101,109,89,104,100,124,128,2025-09-07
4,3,하차,43,41,51,55,67,64,70,56,96,73,83,109,96,97,106,123,134,2025-09-07
2,1,하차,35,53,61,65,53,66,57,71,87,90,67,101,91,107,119,110,114,2025-09-07
4,8,하차,34,38,55,53,67,61,57,56,74,81,85,93,112,100,111,111,129,2025-09-07
1,1,하차,35,43,45,53,52,67,76,73,83,79,84,94,101,115,105,102,109,2025-09-07
3,2,승차,33,50,57,48,59,71,65,76,90,83,95,89,111,115,108,92,106,2025-09-07
4,3,하차,50,47,53,68,68,63,80,87,73,80,90,94,96,110,106,111,109,2025-09-07
2,6,하차,35,52,62,53,50,53,83,72,88,81,94,90,96,105,87,105,120,2025-09-07
4,4,승차,46,56,57,54,56,62,79,64,81,80,83,81,109,98,103,100,117,2025-09-07
4,4,승차,33,50,55,59,57,77,86,66,66,79,110,115,102,70,102,132,124,2025-09-07
4,9,승차,38,47,52,65,49,57,65,80,68,100,79,94,105,110,101,130,122,2025-09-07
3,6,승차,36,45,58,53,75,68,78,79,87,84,76,107,103,101,109,115,91,2025-09-07
1,2,하차,30,43,46,54,50,61,71,72,74,82,104,90,92,101,118,106,125,2025-09-07
2,7,승차,34,31,49,56,62,63,74,84,80,57,96,94,113,131,133,104,130,2025-09-07
3,3,승차,40,37,52,54,61,67,74,76,84,83,90,86,95,117,92,115,108,2025-09-07
2,9,하차,37,48,45,54,51,61,57,80,86,80,91,69,109,92,100,119,126,2025-09-07
2,6,승차,40,49,47,75,60,73,75,81,66,93,94,97,115,91,107,89,126,2025-09-07
2,8,승차,44,42,54,61,72,68,81,75,82,97,105,123,109,117,105,115,125,2025-09-07
3,1,하차,40,45,50,74,40,61,66,86,80,84,88,103,103,88,112,122,112,2025-09-07
1,2,하차,36,56,59,43,77,59,75,77,91,87,87,86,102,123,116,109,124,2025-09-07
2,6,하차,47,48,36,54,75,69,65,72,81,74,91,111,116,85,105,126,120,2025-09-07
1,3,하차,38,46,47,56,51,60,57,74,77,98,87,96,115,103,102,108,102,2025-09-07
1,1,하차,49,52,50,66,56,68,86,58,70,85,88,82,86,112,106,115,126,2025-09-07
4,6,하차,33,38,53,43,60,75,71,81,71,76,79,100,105,118,123,103,117,2025-09-07
3,5,하차,37,44,50,57,60,61,69,67,91,88,89,91,116,102,96,129,113,2025-09-07
3,9,승차,38,43,48,52,64,68,66,78,83,94,79,83,105,91,101,106,108,2025-09-07
4,6,승차,44,49,44,50,60,84,76,79,93,92,75,74,99,115,103,122,134,2025-09-07
4,5,하차,42,43,45,43,62,90,72,79,93,87,96,119,89,115,86,119,125,2025-09-07
1,1,승차,44,42,62,52,71,66,61,58,94,93,98,85,107,115,92,113,122,2025-09-07
2,1,하차,46,44,41,54,65,53,82,70,84,89,97,107,120,72,125,112,133,2025-09-07
3,1,승차,33,53,47,58,70,79,87,77,81,65,80,95,93,116,115,131,119,2025-09-07
2,7,하차,50,55,52,51,64,70,58,70,77,79,90,90,101,104,123,115,112,2025-09-07
2,6,승차,36,48,55,42,58,69,76,70,97,73,85,90,81,102,102,115,115,2025-09-07
4,5,하차,35,41,50,52,63,51,63,77,82,85,88,80,97,91,109,120,112,2025-09-07
2,4,승차,51,44,61,60,63,76,84,66,59,66,93,86,83,116,104,105,116,2025-09-07
1,8,하차,38,53,59,64,55,70,58,87,63,80,81,93,105,94,118,102,135,2025-09-07
4,8,승차,40,47,54,56,72,63,85,61,83,59,78,99,107,105,123,107,127,2025-09-07
2,5,승차,45,42,52,46,57,69,74,73,86,83,86,103,111,88,106,107,111,2025-09-07
4,4,하차,46,52,41,55,52,61,63,81,69,102,91,88,102,88,101,105,126,2025-09-07
1,2,승차,43,35,48,41,66,63,67,82,76,83,109,91,94,106,107,120,134,2025-09-07
1,7,승차,48,39,54,46,54,65,80,75,85,88,79,109,90,109,114,112,113,2025-09-07
2,5,승차,30,39,39,54,54,60,70,85,79,80,99,93,105,95,114,117,123,2025-09-07
4,3,승차,33,39,50,48,64,51,69,74,76,91,98,107,97,104,107,105,124,2025-09-07
2,9,승차,34,50,57,46,50,64,67,66,79,84,94,96,121,125,91,106,121,2025-09-07
2,9,하차,30,44,51,33,46,81,77,69,77,90,95,100,94,125,114,109,138,2025-09-07
4,8,하차,41,51,44,47,55,81,70,74,92,77,93,102,100,90,92,118,102,2025-09-07
2,1,승차,36,36,51,72,64,80,58,69,82,88,75,92,90,120,102,107,111,2025-09-07
1,3,하차,49,58,48,61,67,67,62,67,91,87,106,88,75,107,125,119,108,2025-09-07
4,2,승차,50,41,51,60,63,65,81,77,76,94,89,107,97,128,130,110,98,2025-09-07
4,4,하차,34,51,42,65,62,83,70,66,91,94,83,105,117,98,111,117,117,2025-09-07
4,2,승차,51,49,47,49,67,63,75,67,60,95,80,98,105,104,114,110,136,2025-09-07
4,8,승차,34,46,53,56,69,59,67,71,63,75,92,97,101,118,96,116,97,2025-09-07
2,1,승차,34,53,40,59,68,58,62,77,86,103,92,86,100,97,106,121,105,2025-09-07
2,4,승차,37,46,54,57,54,60,73,65,79,80,108,77,97,102,107,102,129,2025-09-07
1,5,하차,40,46,44,67,66,73,68,79,68,79,97,104,105,90,119,111,137,2025-09-07
3,4,하차,37,36,73,48,65,47,71,79,71,79,83,92,114,77,104,116,117,2025-09-07
3,8,하차,43,38,48,56,59,74,78,75,99,98,78,99,92,104,103,106,130,2025-09-07
1,2,승차,29,40,54,64,60,67,75,82,70,80,83,73,98,91,108,111,104,2025-09-07
3,9,하차,41,45,51,70,64,54,71,67,100,87,82,103,94,95,106,123,129,2025-09-07
1,2,하차,37,42,58,51,63,70,74,79,74,79,90,109,114,90,105,125,125,2025-09-07
2,2,승차,56,40,35,52,49,70,83,80,72,75,77,85,93,94,109,127,131,2025-09-07
4,2,승차,38,61,56,62,63,66,73,71,78,83,90,103,86,109,106,116,120,2025-09-07
4,8,승차,38,45,59,61,49,63,68,82,84,78,102,107,104,99,109,124,123,2025-09-07
2,3,하차,32,45,45,59,67,55,82,75,87,87,82,79,98,112,114,110,110,2025-09-07
4,8,하차,40,47,41,45,56,63,89,55,74,87,85,98,104,89,97,108,135,2025-09-07
4,7,승차,36,60,32,73,55,68,68,94,76,90,105,93,99,118,91,105,114,2025-09-07
3,4,하차,48,46,52,69,83,67,71,81,65,86,108,97,103,106,106,114,107,2025-09-07
2,7,승차,40,47,59,57,66,89,75,77,90,89,78,89,97,100,109,125,126,2025-09-07
3,8,하차,47,41,51,48,58,74,74,67,73,78,91,88,88,106,111,120,118,2025-09-07
3,6,승차,44,49,47,50,72,75,80,69,79,79,100,87,105,91,130,105,127,2025-09-07
4,6,하차,42,39,59,53,62,62,73,68,75,90,84,99,92,109,104,122,122,2025-09-07
4,3,하차,35,45,53,53,73,60,61,60,81,93,93,80,113,125,111,113,123,2025-09-07
2,5,하차,41,41,54,45,59,82,60,68,90,96,112,88,111,107,110,105,136,2025-09-07
4,2,승차,27,47,66,57,65,66,72,77,75,89,86,112,111,113,94,108,133,2025-09-07
4,5,승차,43,58,55,53,63,65,59,75,93,73,84,96,95,106,110,130,129,2025-09-07
2,5,승차,33,41,52,64,61,54,83,73,77,95,85,82,96,103,112,127,120,2025-09-07
4,7,하차,41,41,66,52,60,62,52,55,76,83,105,95,102,101,121,113,126,2025-09-07
3,4,승차,36,43,46,62,71,75,70,71,70,78,92,90,108,104,99,121,133,2025-09-07
2,6,하차,32,48,57,52,63,81,69,68,77,83,86,93,121,107,106,113,118,2025-09-07
4,9,승차,44,46,47,55,50,63,73,67,85,87,104,92,78,89,115,122,110,2025-09-07
1,4,승차,35,39,58,58,57,53,69,78,86,83,76,81,123,114,95,115,114,2025-09-07
2,6,하차,45,39,51,66,72,67,84,79,101,71,94,100,114,98,112,118,120,2025-09-07
2,9,하차,32,50,39,51,53,74,78,87,82,82,90,93,114,99,112,117,131,2025-09-07
1,1,승차,47,42,54,49,55,77,72,67,69,78,78,106,98,120,117,123,121,2025-09-07
4,8,승차,21,48,45,47,69,69,94,88,70,70,86,94,104,115,97,118,125,2025-09-07
4,1,하차,37,48,48,70,61,65,69,84,82,91,74,88,111,98,103,118,137,2025-09-07
2,4,하차,38,47,40,60,68,56,76,92,78,77,99,96,91,101,92,110,125,2025-09-07
2,3,승차,51,46,44,52,57,53,78,58,87,77,76,90,119,110,112,109,106,2025-09-07
4,4,하차,37,50,47,47,67,62,66,67,83,61,106,104,118,99,124,108,130,2025-09-07
4,7,승차,45,53,48,54,60,77,70,76,71,84,78,92,96,107,120,117,136,2025-09-07
3,9,승차,41,43,53,60,69,79,73,75,63,85,85,96,111,114,121,114,105,2025-09-07
2,9,승차,44,50,49,60,58,63,55,76,69,75,95,96,96,98,96,115,96,2025-09-07
2,1,하차,44,58,47,59,52,66,62,80,70,76,89,85,78,100,95,114,123,2025-09-07
1,1,승차,41,45,50,54,64,67,79,90,91,92,69,83,100,100,111,104,139,2025-09-07
